tensor_path,label,label_int,dataset,source_video,n_frames,img_size
NoFights/RWF_2000_Val_NonFight_45.pt,NoFights,0,RWF_2000,RWF_2000/val/Val_NonFight/Val_NonFight_45.avi,16,224
NoFights/RWF_2000_Val_NonFight_131.pt,NoFights,0,RWF_2000,RWF_2000/val/Val_NonFight/Val_NonFight_131.avi,16,224
NoFights/RWF_2000_Val_NonFight_194.pt,NoFights,0,RWF_2000,RWF_2000/val/Val_NonFight/Val_NonFight_194.avi,16,224
NoFights/RWF_2000_Val_NonFight_190.pt,NoFights,0,RWF_2000,RWF_2000/val/Val_NonFight/Val_NonFight_190.avi,16,224
NoFights/RWF_2000_Val_NonFight_167.pt,NoFights,0,RWF_2000,RWF_2000/val/Val_NonFight/Val_NonFight_167.avi,16,224
NoFights/RWF_2000_Val_NonFight_139.pt,NoFights,0,RWF_2000,RWF_2000/val/Val_NonFight/Val_NonFight_139.avi,16,224
NoFights/RWF_2000_Val_NonFight_113.pt,NoFights,0,RWF_2000,RWF_2000/val/Val_NonFight/Val_NonFight_113.avi,16,224
NoFights/RWF_2000_Val_NonFight_114.pt,NoFights,0,RWF_2000,RWF_2000/val/Val_NonFight/Val_NonFight_114.avi,16,224
NoFights/RWF_2000_Val_NonFight_44.pt,NoFights,0,RWF_2000,RWF_2000/val/Val_NonFight/Val_NonFight_44.avi,16,224
NoFights/RWF_2000_Val_NonFight_96.pt,NoFights,0,RWF_2000,RWF_2000/val/Val_NonFight/Val_NonFight_96.avi,16,224
NoFights/RWF_2000_Val_NonFight_73.pt,NoFights,0,RWF_2000,RWF_2000/val/Val_NonFight/Val_NonFight_73.avi,16,224
NoFights/RWF_2000_Val_NonFight_123.pt,NoFights,0,RWF_2000,RWF_2000/val/Val_NonFight/Val_NonFight_123.avi,16,224
NoFights/RWF_2000_Val_NonFight_67.pt,NoFights,0,RWF_2000,RWF_2000/val/Val_NonFight/Val_NonFight_67.avi,16,224
NoFights/RWF_2000_Val_NonFight_119.pt,NoFights,0,RWF_2000,RWF_2000/val/Val_NonFight/Val_NonFight_119.avi,16,224
NoFights/RWF_2000_Val_NonFight_59.pt,NoFights,0,RWF_2000,RWF_2000/val/Val_NonFight/Val_NonFight_59.avi,16,224
NoFights/RWF_2000_Val_NonFight_111.pt,NoFights,0,RWF_2000,RWF_2000/val/Val_NonFight/Val_NonFight_111.avi,16,224
NoFights/RWF_2000_Val_NonFight_144.pt,NoFights,0,RWF_2000,RWF_2000/val/Val_NonFight/Val_NonFight_144.avi,16,224
NoFights/RWF_2000_Val_NonFight_24.pt,NoFights,0,RWF_2000,RWF_2000/val/Val_NonFight/Val_NonFight_24.avi,16,224
NoFights/RWF_2000_Val_NonFight_78.pt,NoFights,0,RWF_2000,RWF_2000/val/Val_NonFight/Val_NonFight_78.avi,16,224
NoFights/RWF_2000_Val_NonFight_65.pt,NoFights,0,RWF_2000,RWF_2000/val/Val_NonFight/Val_NonFight_65.avi,16,224
NoFights/RWF_2000_Val_NonFight_31.pt,NoFights,0,RWF_2000,RWF_2000/val/Val_NonFight/Val_NonFight_31.avi,16,224
NoFights/RWF_2000_Val_NonFight_52.pt,NoFights,0,RWF_2000,RWF_2000/val/Val_NonFight/Val_NonFight_52.avi,16,224
NoFights/RWF_2000_Val_NonFight_89.pt,NoFights,0,RWF_2000,RWF_2000/val/Val_NonFight/Val_NonFight_89.avi,16,224
NoFights/RWF_2000_Val_NonFight_42.pt,NoFights,0,RWF_2000,RWF_2000/val/Val_NonFight/Val_NonFight_42.avi,16,224
NoFights/RWF_2000_Val_NonFight_50.pt,NoFights,0,RWF_2000,RWF_2000/val/Val_NonFight/Val_NonFight_50.avi,16,224
NoFights/RWF_2000_Val_NonFight_181.pt,NoFights,0,RWF_2000,RWF_2000/val/Val_NonFight/Val_NonFight_181.avi,16,224
NoFights/RWF_2000_Val_NonFight_137.pt,NoFights,0,RWF_2000,RWF_2000/val/Val_NonFight/Val_NonFight_137.avi,16,224
NoFights/RWF_2000_Val_NonFight_104.pt,NoFights,0,RWF_2000,RWF_2000/val/Val_NonFight/Val_NonFight_104.avi,16,224
NoFights/RWF_2000_Val_NonFight_74.pt,NoFights,0,RWF_2000,RWF_2000/val/Val_NonFight/Val_NonFight_74.avi,16,224
NoFights/RWF_2000_Val_NonFight_117.pt,NoFights,0,RWF_2000,RWF_2000/val/Val_NonFight/Val_NonFight_117.avi,16,224
NoFights/RWF_2000_Val_NonFight_158.pt,NoFights,0,RWF_2000,RWF_2000/val/Val_NonFight/Val_NonFight_158.avi,16,224
NoFights/RWF_2000_Val_NonFight_106.pt,NoFights,0,RWF_2000,RWF_2000/val/Val_NonFight/Val_NonFight_106.avi,16,224
NoFights/RWF_2000_Val_NonFight_109.pt,NoFights,0,RWF_2000,RWF_2000/val/Val_NonFight/Val_NonFight_109.avi,16,224
NoFights/RWF_2000_Val_NonFight_98.pt,NoFights,0,RWF_2000,RWF_2000/val/Val_NonFight/Val_NonFight_98.avi,16,224
NoFights/RWF_2000_Val_NonFight_173.pt,NoFights,0,RWF_2000,RWF_2000/val/Val_NonFight/Val_NonFight_173.avi,16,224
NoFights/RWF_2000_Val_NonFight_183.pt,NoFights,0,RWF_2000,RWF_2000/val/Val_NonFight/Val_NonFight_183.avi,16,224
NoFights/RWF_2000_Val_NonFight_61.pt,NoFights,0,RWF_2000,RWF_2000/val/Val_NonFight/Val_NonFight_61.avi,16,224
NoFights/RWF_2000_Val_NonFight_165.pt,NoFights,0,RWF_2000,RWF_2000/val/Val_NonFight/Val_NonFight_165.avi,16,224
NoFights/RWF_2000_Val_NonFight_122.pt,NoFights,0,RWF_2000,RWF_2000/val/Val_NonFight/Val_NonFight_122.avi,16,224
NoFights/RWF_2000_Val_NonFight_60.pt,NoFights,0,RWF_2000,RWF_2000/val/Val_NonFight/Val_NonFight_60.avi,16,224
NoFights/RWF_2000_Val_NonFight_198.pt,NoFights,0,RWF_2000,RWF_2000/val/Val_NonFight/Val_NonFight_198.avi,16,224
NoFights/RWF_2000_Val_NonFight_100.pt,NoFights,0,RWF_2000,RWF_2000/val/Val_NonFight/Val_NonFight_100.avi,16,224
NoFights/RWF_2000_Val_NonFight_120.pt,NoFights,0,RWF_2000,RWF_2000/val/Val_NonFight/Val_NonFight_120.avi,16,224
NoFights/RWF_2000_Val_NonFight_176.pt,NoFights,0,RWF_2000,RWF_2000/val/Val_NonFight/Val_NonFight_176.avi,16,224
NoFights/RWF_2000_Val_NonFight_162.pt,NoFights,0,RWF_2000,RWF_2000/val/Val_NonFight/Val_NonFight_162.avi,16,224
NoFights/RWF_2000_Val_NonFight_170.pt,NoFights,0,RWF_2000,RWF_2000/val/Val_NonFight/Val_NonFight_170.avi,16,224
NoFights/RWF_2000_Val_NonFight_86.pt,NoFights,0,RWF_2000,RWF_2000/val/Val_NonFight/Val_NonFight_86.avi,16,224
NoFights/RWF_2000_Val_NonFight_58.pt,NoFights,0,RWF_2000,RWF_2000/val/Val_NonFight/Val_NonFight_58.avi,16,224
NoFights/RWF_2000_Val_NonFight_172.pt,NoFights,0,RWF_2000,RWF_2000/val/Val_NonFight/Val_NonFight_172.avi,16,224
NoFights/RWF_2000_Val_NonFight_97.pt,NoFights,0,RWF_2000,RWF_2000/val/Val_NonFight/Val_NonFight_97.avi,16,224
NoFights/RWF_2000_Val_NonFight_161.pt,NoFights,0,RWF_2000,RWF_2000/val/Val_NonFight/Val_NonFight_161.avi,16,224
NoFights/RWF_2000_Val_NonFight_82.pt,NoFights,0,RWF_2000,RWF_2000/val/Val_NonFight/Val_NonFight_82.avi,16,224
NoFights/RWF_2000_Val_NonFight_102.pt,NoFights,0,RWF_2000,RWF_2000/val/Val_NonFight/Val_NonFight_102.avi,16,224
NoFights/RWF_2000_Val_NonFight_157.pt,NoFights,0,RWF_2000,RWF_2000/val/Val_NonFight/Val_NonFight_157.avi,16,224
NoFights/RWF_2000_Val_NonFight_91.pt,NoFights,0,RWF_2000,RWF_2000/val/Val_NonFight/Val_NonFight_91.avi,16,224
NoFights/RWF_2000_Val_NonFight_152.pt,NoFights,0,RWF_2000,RWF_2000/val/Val_NonFight/Val_NonFight_152.avi,16,224
NoFights/RWF_2000_Val_NonFight_150.pt,NoFights,0,RWF_2000,RWF_2000/val/Val_NonFight/Val_NonFight_150.avi,16,224
NoFights/RWF_2000_Val_NonFight_80.pt,NoFights,0,RWF_2000,RWF_2000/val/Val_NonFight/Val_NonFight_80.avi,16,224
NoFights/RWF_2000_Val_NonFight_182.pt,NoFights,0,RWF_2000,RWF_2000/val/Val_NonFight/Val_NonFight_182.avi,16,224
NoFights/RWF_2000_Val_NonFight_154.pt,NoFights,0,RWF_2000,RWF_2000/val/Val_NonFight/Val_NonFight_154.avi,16,224
NoFights/RWF_2000_Val_NonFight_136.pt,NoFights,0,RWF_2000,RWF_2000/val/Val_NonFight/Val_NonFight_136.avi,16,224
NoFights/RWF_2000_Val_NonFight_196.pt,NoFights,0,RWF_2000,RWF_2000/val/Val_NonFight/Val_NonFight_196.avi,16,224
NoFights/RWF_2000_Val_NonFight_156.pt,NoFights,0,RWF_2000,RWF_2000/val/Val_NonFight/Val_NonFight_156.avi,16,224
NoFights/RWF_2000_Val_NonFight_149.pt,NoFights,0,RWF_2000,RWF_2000/val/Val_NonFight/Val_NonFight_149.avi,16,224
NoFights/RWF_2000_Val_NonFight_163.pt,NoFights,0,RWF_2000,RWF_2000/val/Val_NonFight/Val_NonFight_163.avi,16,224
NoFights/RWF_2000_Val_NonFight_195.pt,NoFights,0,RWF_2000,RWF_2000/val/Val_NonFight/Val_NonFight_195.avi,16,224
NoFights/RWF_2000_Val_NonFight_126.pt,NoFights,0,RWF_2000,RWF_2000/val/Val_NonFight/Val_NonFight_126.avi,16,224
NoFights/RWF_2000_Val_NonFight_189.pt,NoFights,0,RWF_2000,RWF_2000/val/Val_NonFight/Val_NonFight_189.avi,16,224
NoFights/RWF_2000_Val_NonFight_186.pt,NoFights,0,RWF_2000,RWF_2000/val/Val_NonFight/Val_NonFight_186.avi,16,224
NoFights/RWF_2000_Val_NonFight_124.pt,NoFights,0,RWF_2000,RWF_2000/val/Val_NonFight/Val_NonFight_124.avi,16,224
NoFights/RWF_2000_Val_NonFight_141.pt,NoFights,0,RWF_2000,RWF_2000/val/Val_NonFight/Val_NonFight_141.avi,16,224
NoFights/RWF_2000_Val_NonFight_192.pt,NoFights,0,RWF_2000,RWF_2000/val/Val_NonFight/Val_NonFight_192.avi,16,224
NoFights/RWF_2000_Val_NonFight_138.pt,NoFights,0,RWF_2000,RWF_2000/val/Val_NonFight/Val_NonFight_138.avi,16,224
NoFights/RWF_2000_Val_NonFight_118.pt,NoFights,0,RWF_2000,RWF_2000/val/Val_NonFight/Val_NonFight_118.avi,16,224
NoFights/RWF_2000_Val_NonFight_175.pt,NoFights,0,RWF_2000,RWF_2000/val/Val_NonFight/Val_NonFight_175.avi,16,224
NoFights/RWF_2000_Val_NonFight_168.pt,NoFights,0,RWF_2000,RWF_2000/val/Val_NonFight/Val_NonFight_168.avi,16,224
NoFights/RWF_2000_Val_NonFight_108.pt,NoFights,0,RWF_2000,RWF_2000/val/Val_NonFight/Val_NonFight_108.avi,16,224
NoFights/RWF_2000_Val_NonFight_146.pt,NoFights,0,RWF_2000,RWF_2000/val/Val_NonFight/Val_NonFight_146.avi,16,224
NoFights/RWF_2000_Val_NonFight_132.pt,NoFights,0,RWF_2000,RWF_2000/val/Val_NonFight/Val_NonFight_132.avi,16,224
NoFights/RWF_2000_Val_NonFight_155.pt,NoFights,0,RWF_2000,RWF_2000/val/Val_NonFight/Val_NonFight_155.avi,16,224
NoFights/RWF_2000_Val_NonFight_142.pt,NoFights,0,RWF_2000,RWF_2000/val/Val_NonFight/Val_NonFight_142.avi,16,224
NoFights/RWF_2000_Val_NonFight_193.pt,NoFights,0,RWF_2000,RWF_2000/val/Val_NonFight/Val_NonFight_193.avi,16,224
NoFights/RWF_2000_Val_NonFight_151.pt,NoFights,0,RWF_2000,RWF_2000/val/Val_NonFight/Val_NonFight_151.avi,16,224
NoFights/RWF_2000_Val_NonFight_197.pt,NoFights,0,RWF_2000,RWF_2000/val/Val_NonFight/Val_NonFight_197.avi,16,224
NoFights/RWF_2000_Val_NonFight_159.pt,NoFights,0,RWF_2000,RWF_2000/val/Val_NonFight/Val_NonFight_159.avi,16,224
NoFights/RWF_2000_Val_NonFight_130.pt,NoFights,0,RWF_2000,RWF_2000/val/Val_NonFight/Val_NonFight_130.avi,16,224
NoFights/RWF_2000_Val_NonFight_178.pt,NoFights,0,RWF_2000,RWF_2000/val/Val_NonFight/Val_NonFight_178.avi,16,224
NoFights/RWF_2000_Val_NonFight_140.pt,NoFights,0,RWF_2000,RWF_2000/val/Val_NonFight/Val_NonFight_140.avi,16,224
NoFights/RWF_2000_Val_NonFight_147.pt,NoFights,0,RWF_2000,RWF_2000/val/Val_NonFight/Val_NonFight_147.avi,16,224
NoFights/RWF_2000_Val_NonFight_184.pt,NoFights,0,RWF_2000,RWF_2000/val/Val_NonFight/Val_NonFight_184.avi,16,224
NoFights/RWF_2000_Val_NonFight_160.pt,NoFights,0,RWF_2000,RWF_2000/val/Val_NonFight/Val_NonFight_160.avi,16,224
NoFights/RWF_2000_Val_NonFight_153.pt,NoFights,0,RWF_2000,RWF_2000/val/Val_NonFight/Val_NonFight_153.avi,16,224
NoFights/RWF_2000_Val_NonFight_187.pt,NoFights,0,RWF_2000,RWF_2000/val/Val_NonFight/Val_NonFight_187.avi,16,224
NoFights/RWF_2000_Val_NonFight_185.pt,NoFights,0,RWF_2000,RWF_2000/val/Val_NonFight/Val_NonFight_185.avi,16,224
NoFights/RWF_2000_Val_NonFight_180.pt,NoFights,0,RWF_2000,RWF_2000/val/Val_NonFight/Val_NonFight_180.avi,16,224
NoFights/RWF_2000_Val_NonFight_171.pt,NoFights,0,RWF_2000,RWF_2000/val/Val_NonFight/Val_NonFight_171.avi,16,224
NoFights/RWF_2000_Val_NonFight_199.pt,NoFights,0,RWF_2000,RWF_2000/val/Val_NonFight/Val_NonFight_199.avi,16,224
NoFights/RWF_2000_Val_NonFight_191.pt,NoFights,0,RWF_2000,RWF_2000/val/Val_NonFight/Val_NonFight_191.avi,16,224
Fights/RWF_2000_Val_Fight_116.pt,Fights,1,RWF_2000,RWF_2000/val/Val_Fight/Val_Fight_116.avi,16,224
Fights/RWF_2000_Val_Fight_113.pt,Fights,1,RWF_2000,RWF_2000/val/Val_Fight/Val_Fight_113.avi,16,224
Fights/RWF_2000_Val_Fight_112.pt,Fights,1,RWF_2000,RWF_2000/val/Val_Fight/Val_Fight_112.avi,16,224
Fights/RWF_2000_Val_Fight_77.pt,Fights,1,RWF_2000,RWF_2000/val/Val_Fight/Val_Fight_77.avi,16,224
Fights/RWF_2000_Val_Fight_90.pt,Fights,1,RWF_2000,RWF_2000/val/Val_Fight/Val_Fight_90.avi,16,224
Fights/RWF_2000_Val_Fight_146.pt,Fights,1,RWF_2000,RWF_2000/val/Val_Fight/Val_Fight_146.avi,16,224
Fights/RWF_2000_Val_Fight_184.pt,Fights,1,RWF_2000,RWF_2000/val/Val_Fight/Val_Fight_184.avi,16,224
Fights/RWF_2000_Val_Fight_195.pt,Fights,1,RWF_2000,RWF_2000/val/Val_Fight/Val_Fight_195.avi,16,224
Fights/RWF_2000_Val_Fight_129.pt,Fights,1,RWF_2000,RWF_2000/val/Val_Fight/Val_Fight_129.avi,16,224
Fights/RWF_2000_Val_Fight_134.pt,Fights,1,RWF_2000,RWF_2000/val/Val_Fight/Val_Fight_134.avi,16,224
Fights/RWF_2000_Val_Fight_151.pt,Fights,1,RWF_2000,RWF_2000/val/Val_Fight/Val_Fight_151.avi,16,224
Fights/RWF_2000_Val_Fight_48.pt,Fights,1,RWF_2000,RWF_2000/val/Val_Fight/Val_Fight_48.avi,16,224
Fights/RWF_2000_Val_Fight_164.pt,Fights,1,RWF_2000,RWF_2000/val/Val_Fight/Val_Fight_164.avi,16,224
Fights/RWF_2000_Val_Fight_29.pt,Fights,1,RWF_2000,RWF_2000/val/Val_Fight/Val_Fight_29.avi,16,224
Fights/RWF_2000_Val_Fight_58.pt,Fights,1,RWF_2000,RWF_2000/val/Val_Fight/Val_Fight_58.avi,16,224
Fights/RWF_2000_Val_Fight_136.pt,Fights,1,RWF_2000,RWF_2000/val/Val_Fight/Val_Fight_136.avi,16,224
Fights/RWF_2000_Val_Fight_85.pt,Fights,1,RWF_2000,RWF_2000/val/Val_Fight/Val_Fight_85.avi,16,224
Fights/RWF_2000_Val_Fight_162.pt,Fights,1,RWF_2000,RWF_2000/val/Val_Fight/Val_Fight_162.avi,16,224
Fights/RWF_2000_Val_Fight_177.pt,Fights,1,RWF_2000,RWF_2000/val/Val_Fight/Val_Fight_177.avi,16,224
Fights/RWF_2000_Val_Fight_38.pt,Fights,1,RWF_2000,RWF_2000/val/Val_Fight/Val_Fight_38.avi,16,224
Fights/RWF_2000_Val_Fight_40.pt,Fights,1,RWF_2000,RWF_2000/val/Val_Fight/Val_Fight_40.avi,16,224
Fights/RWF_2000_Val_Fight_178.pt,Fights,1,RWF_2000,RWF_2000/val/Val_Fight/Val_Fight_178.avi,16,224
Fights/RWF_2000_Val_Fight_161.pt,Fights,1,RWF_2000,RWF_2000/val/Val_Fight/Val_Fight_161.avi,16,224
Fights/RWF_2000_Val_Fight_140.pt,Fights,1,RWF_2000,RWF_2000/val/Val_Fight/Val_Fight_140.avi,16,224
Fights/RWF_2000_Val_Fight_175.pt,Fights,1,RWF_2000,RWF_2000/val/Val_Fight/Val_Fight_175.avi,16,224
Fights/RWF_2000_Val_Fight_30.pt,Fights,1,RWF_2000,RWF_2000/val/Val_Fight/Val_Fight_30.avi,16,224
Fights/RWF_2000_Val_Fight_28.pt,Fights,1,RWF_2000,RWF_2000/val/Val_Fight/Val_Fight_28.avi,16,224
Fights/RWF_2000_Val_Fight_189.pt,Fights,1,RWF_2000,RWF_2000/val/Val_Fight/Val_Fight_189.avi,16,224
Fights/RWF_2000_Val_Fight_127.pt,Fights,1,RWF_2000,RWF_2000/val/Val_Fight/Val_Fight_127.avi,16,224
Fights/RWF_2000_Val_Fight_98.pt,Fights,1,RWF_2000,RWF_2000/val/Val_Fight/Val_Fight_98.avi,16,224
Fights/RWF_2000_Val_Fight_45.pt,Fights,1,RWF_2000,RWF_2000/val/Val_Fight/Val_Fight_45.avi,16,224
Fights/RWF_2000_Val_Fight_57.pt,Fights,1,RWF_2000,RWF_2000/val/Val_Fight/Val_Fight_57.avi,16,224
Fights/RWF_2000_Val_Fight_160.pt,Fights,1,RWF_2000,RWF_2000/val/Val_Fight/Val_Fight_160.avi,16,224
Fights/RWF_2000_Val_Fight_67.pt,Fights,1,RWF_2000,RWF_2000/val/Val_Fight/Val_Fight_67.avi,16,224
Fights/RWF_2000_Val_Fight_49.pt,Fights,1,RWF_2000,RWF_2000/val/Val_Fight/Val_Fight_49.avi,16,224
Fights/RWF_2000_Val_Fight_157.pt,Fights,1,RWF_2000,RWF_2000/val/Val_Fight/Val_Fight_157.avi,16,224
Fights/RWF_2000_Val_Fight_179.pt,Fights,1,RWF_2000,RWF_2000/val/Val_Fight/Val_Fight_179.avi,16,224
Fights/RWF_2000_Val_Fight_79.pt,Fights,1,RWF_2000,RWF_2000/val/Val_Fight/Val_Fight_79.avi,16,224
Fights/RWF_2000_Val_Fight_196.pt,Fights,1,RWF_2000,RWF_2000/val/Val_Fight/Val_Fight_196.avi,16,224
Fights/RWF_2000_Val_Fight_180.pt,Fights,1,RWF_2000,RWF_2000/val/Val_Fight/Val_Fight_180.avi,16,224
Fights/RWF_2000_Val_Fight_130.pt,Fights,1,RWF_2000,RWF_2000/val/Val_Fight/Val_Fight_130.avi,16,224
Fights/RWF_2000_Val_Fight_83.pt,Fights,1,RWF_2000,RWF_2000/val/Val_Fight/Val_Fight_83.avi,16,224
Fights/RWF_2000_Val_Fight_61.pt,Fights,1,RWF_2000,RWF_2000/val/Val_Fight/Val_Fight_61.avi,16,224
Fights/RWF_2000_Val_Fight_56.pt,Fights,1,RWF_2000,RWF_2000/val/Val_Fight/Val_Fight_56.avi,16,224
Fights/RWF_2000_Val_Fight_84.pt,Fights,1,RWF_2000,RWF_2000/val/Val_Fight/Val_Fight_84.avi,16,224
Fights/RWF_2000_Val_Fight_187.pt,Fights,1,RWF_2000,RWF_2000/val/Val_Fight/Val_Fight_187.avi,16,224
Fights/RWF_2000_Val_Fight_142.pt,Fights,1,RWF_2000,RWF_2000/val/Val_Fight/Val_Fight_142.avi,16,224
Fights/RWF_2000_Val_Fight_131.pt,Fights,1,RWF_2000,RWF_2000/val/Val_Fight/Val_Fight_131.avi,16,224
Fights/RWF_2000_Val_Fight_139.pt,Fights,1,RWF_2000,RWF_2000/val/Val_Fight/Val_Fight_139.avi,16,224
Fights/RWF_2000_Val_Fight_64.pt,Fights,1,RWF_2000,RWF_2000/val/Val_Fight/Val_Fight_64.avi,16,224
Fights/RWF_2000_Val_Fight_65.pt,Fights,1,RWF_2000,RWF_2000/val/Val_Fight/Val_Fight_65.avi,16,224
Fights/RWF_2000_Val_Fight_107.pt,Fights,1,RWF_2000,RWF_2000/val/Val_Fight/Val_Fight_107.avi,16,224
Fights/RWF_2000_Val_Fight_155.pt,Fights,1,RWF_2000,RWF_2000/val/Val_Fight/Val_Fight_155.avi,16,224
Fights/RWF_2000_Val_Fight_88.pt,Fights,1,RWF_2000,RWF_2000/val/Val_Fight/Val_Fight_88.avi,16,224
Fights/RWF_2000_Val_Fight_135.pt,Fights,1,RWF_2000,RWF_2000/val/Val_Fight/Val_Fight_135.avi,16,224
Fights/RWF_2000_Val_Fight_100.pt,Fights,1,RWF_2000,RWF_2000/val/Val_Fight/Val_Fight_100.avi,16,224
Fights/RWF_2000_Val_Fight_137.pt,Fights,1,RWF_2000,RWF_2000/val/Val_Fight/Val_Fight_137.avi,16,224
Fights/RWF_2000_Val_Fight_197.pt,Fights,1,RWF_2000,RWF_2000/val/Val_Fight/Val_Fight_197.avi,16,224
Fights/RWF_2000_Val_Fight_128.pt,Fights,1,RWF_2000,RWF_2000/val/Val_Fight/Val_Fight_128.avi,16,224
Fights/RWF_2000_Val_Fight_123.pt,Fights,1,RWF_2000,RWF_2000/val/Val_Fight/Val_Fight_123.avi,16,224
Fights/RWF_2000_Val_Fight_126.pt,Fights,1,RWF_2000,RWF_2000/val/Val_Fight/Val_Fight_126.avi,16,224
Fights/RWF_2000_Val_Fight_185.pt,Fights,1,RWF_2000,RWF_2000/val/Val_Fight/Val_Fight_185.avi,16,224
Fights/RWF_2000_Val_Fight_163.pt,Fights,1,RWF_2000,RWF_2000/val/Val_Fight/Val_Fight_163.avi,16,224
Fights/RWF_2000_Val_Fight_118.pt,Fights,1,RWF_2000,RWF_2000/val/Val_Fight/Val_Fight_118.avi,16,224
Fights/RWF_2000_Val_Fight_124.pt,Fights,1,RWF_2000,RWF_2000/val/Val_Fight/Val_Fight_124.avi,16,224
Fights/RWF_2000_Val_Fight_191.pt,Fights,1,RWF_2000,RWF_2000/val/Val_Fight/Val_Fight_191.avi,16,224
Fights/RWF_2000_Val_Fight_156.pt,Fights,1,RWF_2000,RWF_2000/val/Val_Fight/Val_Fight_156.avi,16,224
Fights/RWF_2000_Val_Fight_198.pt,Fights,1,RWF_2000,RWF_2000/val/Val_Fight/Val_Fight_198.avi,16,224
Fights/RWF_2000_Val_Fight_170.pt,Fights,1,RWF_2000,RWF_2000/val/Val_Fight/Val_Fight_170.avi,16,224
Fights/RWF_2000_Val_Fight_182.pt,Fights,1,RWF_2000,RWF_2000/val/Val_Fight/Val_Fight_182.avi,16,224
Fights/RWF_2000_Val_Fight_94.pt,Fights,1,RWF_2000,RWF_2000/val/Val_Fight/Val_Fight_94.avi,16,224
Fights/RWF_2000_Val_Fight_106.pt,Fights,1,RWF_2000,RWF_2000/val/Val_Fight/Val_Fight_106.avi,16,224
Fights/RWF_2000_Val_Fight_165.pt,Fights,1,RWF_2000,RWF_2000/val/Val_Fight/Val_Fight_165.avi,16,224
Fights/RWF_2000_Val_Fight_147.pt,Fights,1,RWF_2000,RWF_2000/val/Val_Fight/Val_Fight_147.avi,16,224
Fights/RWF_2000_Val_Fight_159.pt,Fights,1,RWF_2000,RWF_2000/val/Val_Fight/Val_Fight_159.avi,16,224
Fights/RWF_2000_Val_Fight_174.pt,Fights,1,RWF_2000,RWF_2000/val/Val_Fight/Val_Fight_174.avi,16,224
Fights/RWF_2000_Val_Fight_167.pt,Fights,1,RWF_2000,RWF_2000/val/Val_Fight/Val_Fight_167.avi,16,224
Fights/RWF_2000_Val_Fight_168.pt,Fights,1,RWF_2000,RWF_2000/val/Val_Fight/Val_Fight_168.avi,16,224
Fights/RWF_2000_Val_Fight_110.pt,Fights,1,RWF_2000,RWF_2000/val/Val_Fight/Val_Fight_110.avi,16,224
Fights/RWF_2000_Val_Fight_122.pt,Fights,1,RWF_2000,RWF_2000/val/Val_Fight/Val_Fight_122.avi,16,224
Fights/RWF_2000_Val_Fight_119.pt,Fights,1,RWF_2000,RWF_2000/val/Val_Fight/Val_Fight_119.avi,16,224
Fights/RWF_2000_Val_Fight_193.pt,Fights,1,RWF_2000,RWF_2000/val/Val_Fight/Val_Fight_193.avi,16,224
Fights/RWF_2000_Val_Fight_145.pt,Fights,1,RWF_2000,RWF_2000/val/Val_Fight/Val_Fight_145.avi,16,224
Fights/RWF_2000_Val_Fight_192.pt,Fights,1,RWF_2000,RWF_2000/val/Val_Fight/Val_Fight_192.avi,16,224
Fights/RWF_2000_Val_Fight_169.pt,Fights,1,RWF_2000,RWF_2000/val/Val_Fight/Val_Fight_169.avi,16,224
Fights/RWF_2000_Val_Fight_133.pt,Fights,1,RWF_2000,RWF_2000/val/Val_Fight/Val_Fight_133.avi,16,224
Fights/RWF_2000_Val_Fight_143.pt,Fights,1,RWF_2000,RWF_2000/val/Val_Fight/Val_Fight_143.avi,16,224
Fights/RWF_2000_Val_Fight_186.pt,Fights,1,RWF_2000,RWF_2000/val/Val_Fight/Val_Fight_186.avi,16,224
Fights/RWF_2000_Val_Fight_166.pt,Fights,1,RWF_2000,RWF_2000/val/Val_Fight/Val_Fight_166.avi,16,224
Fights/RWF_2000_Val_Fight_148.pt,Fights,1,RWF_2000,RWF_2000/val/Val_Fight/Val_Fight_148.avi,16,224
Fights/RWF_2000_Val_Fight_158.pt,Fights,1,RWF_2000,RWF_2000/val/Val_Fight/Val_Fight_158.avi,16,224
Fights/RWF_2000_Val_Fight_154.pt,Fights,1,RWF_2000,RWF_2000/val/Val_Fight/Val_Fight_154.avi,16,224
Fights/RWF_2000_Val_Fight_190.pt,Fights,1,RWF_2000,RWF_2000/val/Val_Fight/Val_Fight_190.avi,16,224
Fights/RWF_2000_Val_Fight_173.pt,Fights,1,RWF_2000,RWF_2000/val/Val_Fight/Val_Fight_173.avi,16,224
Fights/RWF_2000_Val_Fight_183.pt,Fights,1,RWF_2000,RWF_2000/val/Val_Fight/Val_Fight_183.avi,16,224
Fights/RWF_2000_Val_Fight_194.pt,Fights,1,RWF_2000,RWF_2000/val/Val_Fight/Val_Fight_194.avi,16,224
Fights/RWF_2000_Val_Fight_199.pt,Fights,1,RWF_2000,RWF_2000/val/Val_Fight/Val_Fight_199.avi,16,224
NoFights/RWF_2000_Train_NonFight_785.pt,NoFights,0,RWF_2000,RWF_2000/train/Train_NonFight/Train_NonFight_785.avi,16,224
NoFights/RWF_2000_Train_NonFight_99.pt,NoFights,0,RWF_2000,RWF_2000/train/Train_NonFight/Train_NonFight_99.avi,16,224
NoFights/RWF_2000_Train_NonFight_598.pt,NoFights,0,RWF_2000,RWF_2000/train/Train_NonFight/Train_NonFight_598.avi,16,224
NoFights/RWF_2000_Train_NonFight_333.pt,NoFights,0,RWF_2000,RWF_2000/train/Train_NonFight/Train_NonFight_333.avi,16,224
NoFights/RWF_2000_Train_NonFight_531.pt,NoFights,0,RWF_2000,RWF_2000/train/Train_NonFight/Train_NonFight_531.avi,16,224
NoFights/RWF_2000_Train_NonFight_358.pt,NoFights,0,RWF_2000,RWF_2000/train/Train_NonFight/Train_NonFight_358.avi,16,224
NoFights/RWF_2000_Train_NonFight_714.pt,NoFights,0,RWF_2000,RWF_2000/train/Train_NonFight/Train_NonFight_714.avi,16,224
NoFights/RWF_2000_Train_NonFight_693.pt,NoFights,0,RWF_2000,RWF_2000/train/Train_NonFight/Train_NonFight_693.avi,16,224
NoFights/RWF_2000_Train_NonFight_296.pt,NoFights,0,RWF_2000,RWF_2000/train/Train_NonFight/Train_NonFight_296.avi,16,224
NoFights/RWF_2000_Train_NonFight_244.pt,NoFights,0,RWF_2000,RWF_2000/train/Train_NonFight/Train_NonFight_244.avi,16,224
NoFights/RWF_2000_Train_NonFight_210.pt,NoFights,0,RWF_2000,RWF_2000/train/Train_NonFight/Train_NonFight_210.avi,16,224
NoFights/RWF_2000_Train_NonFight_423.pt,NoFights,0,RWF_2000,RWF_2000/train/Train_NonFight/Train_NonFight_423.avi,16,224
NoFights/RWF_2000_Train_NonFight_190.pt,NoFights,0,RWF_2000,RWF_2000/train/Train_NonFight/Train_NonFight_190.avi,16,224
NoFights/RWF_2000_Train_NonFight_176.pt,NoFights,0,RWF_2000,RWF_2000/train/Train_NonFight/Train_NonFight_176.avi,16,224
NoFights/RWF_2000_Train_NonFight_528.pt,NoFights,0,RWF_2000,RWF_2000/train/Train_NonFight/Train_NonFight_528.avi,16,224
NoFights/RWF_2000_Train_NonFight_447.pt,NoFights,0,RWF_2000,RWF_2000/train/Train_NonFight/Train_NonFight_447.avi,16,224
NoFights/RWF_2000_Train_NonFight_451.pt,NoFights,0,RWF_2000,RWF_2000/train/Train_NonFight/Train_NonFight_451.avi,16,224
NoFights/RWF_2000_Train_NonFight_611.pt,NoFights,0,RWF_2000,RWF_2000/train/Train_NonFight/Train_NonFight_611.avi,16,224
NoFights/RWF_2000_Train_NonFight_69.pt,NoFights,0,RWF_2000,RWF_2000/train/Train_NonFight/Train_NonFight_69.avi,16,224
NoFights/RWF_2000_Train_NonFight_55.pt,NoFights,0,RWF_2000,RWF_2000/train/Train_NonFight/Train_NonFight_55.avi,16,224
NoFights/RWF_2000_Train_NonFight_330.pt,NoFights,0,RWF_2000,RWF_2000/train/Train_NonFight/Train_NonFight_330.avi,16,224
NoFights/RWF_2000_Train_NonFight_365.pt,NoFights,0,RWF_2000,RWF_2000/train/Train_NonFight/Train_NonFight_365.avi,16,224
NoFights/RWF_2000_Train_NonFight_230.pt,NoFights,0,RWF_2000,RWF_2000/train/Train_NonFight/Train_NonFight_230.avi,16,224
NoFights/RWF_2000_Train_NonFight_679.pt,NoFights,0,RWF_2000,RWF_2000/train/Train_NonFight/Train_NonFight_679.avi,16,224
NoFights/RWF_2000_Train_NonFight_268.pt,NoFights,0,RWF_2000,RWF_2000/train/Train_NonFight/Train_NonFight_268.avi,16,224
NoFights/RWF_2000_Train_NonFight_288.pt,NoFights,0,RWF_2000,RWF_2000/train/Train_NonFight/Train_NonFight_288.avi,16,224
NoFights/RWF_2000_Train_NonFight_546.pt,NoFights,0,RWF_2000,RWF_2000/train/Train_NonFight/Train_NonFight_546.avi,16,224
NoFights/RWF_2000_Train_NonFight_179.pt,NoFights,0,RWF_2000,RWF_2000/train/Train_NonFight/Train_NonFight_179.avi,16,224
NoFights/RWF_2000_Train_NonFight_440.pt,NoFights,0,RWF_2000,RWF_2000/train/Train_NonFight/Train_NonFight_440.avi,16,224
NoFights/RWF_2000_Train_NonFight_143.pt,NoFights,0,RWF_2000,RWF_2000/train/Train_NonFight/Train_NonFight_143.avi,16,224
NoFights/RWF_2000_Train_NonFight_680.pt,NoFights,0,RWF_2000,RWF_2000/train/Train_NonFight/Train_NonFight_680.avi,16,224
NoFights/RWF_2000_Train_NonFight_426.pt,NoFights,0,RWF_2000,RWF_2000/train/Train_NonFight/Train_NonFight_426.avi,16,224
NoFights/RWF_2000_Train_NonFight_73.pt,NoFights,0,RWF_2000,RWF_2000/train/Train_NonFight/Train_NonFight_73.avi,16,224
NoFights/RWF_2000_Train_NonFight_307.pt,NoFights,0,RWF_2000,RWF_2000/train/Train_NonFight/Train_NonFight_307.avi,16,224
NoFights/RWF_2000_Train_NonFight_335.pt,NoFights,0,RWF_2000,RWF_2000/train/Train_NonFight/Train_NonFight_335.avi,16,224
NoFights/RWF_2000_Train_NonFight_392.pt,NoFights,0,RWF_2000,RWF_2000/train/Train_NonFight/Train_NonFight_392.avi,16,224
NoFights/RWF_2000_Train_NonFight_585.pt,NoFights,0,RWF_2000,RWF_2000/train/Train_NonFight/Train_NonFight_585.avi,16,224
NoFights/RWF_2000_Train_NonFight_129.pt,NoFights,0,RWF_2000,RWF_2000/train/Train_NonFight/Train_NonFight_129.avi,16,224
NoFights/RWF_2000_Train_NonFight_599.pt,NoFights,0,RWF_2000,RWF_2000/train/Train_NonFight/Train_NonFight_599.avi,16,224
NoFights/RWF_2000_Train_NonFight_786.pt,NoFights,0,RWF_2000,RWF_2000/train/Train_NonFight/Train_NonFight_786.avi,16,224
NoFights/RWF_2000_Train_NonFight_283.pt,NoFights,0,RWF_2000,RWF_2000/train/Train_NonFight/Train_NonFight_283.avi,16,224
NoFights/RWF_2000_Train_NonFight_163.pt,NoFights,0,RWF_2000,RWF_2000/train/Train_NonFight/Train_NonFight_163.avi,16,224
NoFights/RWF_2000_Train_NonFight_419.pt,NoFights,0,RWF_2000,RWF_2000/train/Train_NonFight/Train_NonFight_419.avi,16,224
NoFights/RWF_2000_Train_NonFight_781.pt,NoFights,0,RWF_2000,RWF_2000/train/Train_NonFight/Train_NonFight_781.avi,16,224
NoFights/RWF_2000_Train_NonFight_721.pt,NoFights,0,RWF_2000,RWF_2000/train/Train_NonFight/Train_NonFight_721.avi,16,224
NoFights/RWF_2000_Train_NonFight_724.pt,NoFights,0,RWF_2000,RWF_2000/train/Train_NonFight/Train_NonFight_724.avi,16,224
NoFights/RWF_2000_Train_NonFight_491.pt,NoFights,0,RWF_2000,RWF_2000/train/Train_NonFight/Train_NonFight_491.avi,16,224
NoFights/RWF_2000_Train_NonFight_548.pt,NoFights,0,RWF_2000,RWF_2000/train/Train_NonFight/Train_NonFight_548.avi,16,224
NoFights/RWF_2000_Train_NonFight_435.pt,NoFights,0,RWF_2000,RWF_2000/train/Train_NonFight/Train_NonFight_435.avi,16,224
NoFights/RWF_2000_Train_NonFight_506.pt,NoFights,0,RWF_2000,RWF_2000/train/Train_NonFight/Train_NonFight_506.avi,16,224
NoFights/RWF_2000_Train_NonFight_295.pt,NoFights,0,RWF_2000,RWF_2000/train/Train_NonFight/Train_NonFight_295.avi,16,224
NoFights/RWF_2000_Train_NonFight_726.pt,NoFights,0,RWF_2000,RWF_2000/train/Train_NonFight/Train_NonFight_726.avi,16,224
NoFights/RWF_2000_Train_NonFight_416.pt,NoFights,0,RWF_2000,RWF_2000/train/Train_NonFight/Train_NonFight_416.avi,16,224
NoFights/RWF_2000_Train_NonFight_572.pt,NoFights,0,RWF_2000,RWF_2000/train/Train_NonFight/Train_NonFight_572.avi,16,224
NoFights/RWF_2000_Train_NonFight_642.pt,NoFights,0,RWF_2000,RWF_2000/train/Train_NonFight/Train_NonFight_642.avi,16,224
NoFights/RWF_2000_Train_NonFight_733.pt,NoFights,0,RWF_2000,RWF_2000/train/Train_NonFight/Train_NonFight_733.avi,16,224
NoFights/RWF_2000_Train_NonFight_274.pt,NoFights,0,RWF_2000,RWF_2000/train/Train_NonFight/Train_NonFight_274.avi,16,224
NoFights/RWF_2000_Train_NonFight_745.pt,NoFights,0,RWF_2000,RWF_2000/train/Train_NonFight/Train_NonFight_745.avi,16,224
NoFights/RWF_2000_Train_NonFight_359.pt,NoFights,0,RWF_2000,RWF_2000/train/Train_NonFight/Train_NonFight_359.avi,16,224
NoFights/RWF_2000_Train_NonFight_144.pt,NoFights,0,RWF_2000,RWF_2000/train/Train_NonFight/Train_NonFight_144.avi,16,224
NoFights/RWF_2000_Train_NonFight_318.pt,NoFights,0,RWF_2000,RWF_2000/train/Train_NonFight/Train_NonFight_318.avi,16,224
NoFights/RWF_2000_Train_NonFight_140.pt,NoFights,0,RWF_2000,RWF_2000/train/Train_NonFight/Train_NonFight_140.avi,16,224
NoFights/RWF_2000_Train_NonFight_605.pt,NoFights,0,RWF_2000,RWF_2000/train/Train_NonFight/Train_NonFight_605.avi,16,224
NoFights/RWF_2000_Train_NonFight_511.pt,NoFights,0,RWF_2000,RWF_2000/train/Train_NonFight/Train_NonFight_511.avi,16,224
NoFights/RWF_2000_Train_NonFight_702.pt,NoFights,0,RWF_2000,RWF_2000/train/Train_NonFight/Train_NonFight_702.avi,16,224
NoFights/RWF_2000_Train_NonFight_666.pt,NoFights,0,RWF_2000,RWF_2000/train/Train_NonFight/Train_NonFight_666.avi,16,224
NoFights/RWF_2000_Train_NonFight_248.pt,NoFights,0,RWF_2000,RWF_2000/train/Train_NonFight/Train_NonFight_248.avi,16,224
NoFights/RWF_2000_Train_NonFight_192.pt,NoFights,0,RWF_2000,RWF_2000/train/Train_NonFight/Train_NonFight_192.avi,16,224
NoFights/RWF_2000_Train_NonFight_130.pt,NoFights,0,RWF_2000,RWF_2000/train/Train_NonFight/Train_NonFight_130.avi,16,224
NoFights/RWF_2000_Train_NonFight_118.pt,NoFights,0,RWF_2000,RWF_2000/train/Train_NonFight/Train_NonFight_118.avi,16,224
NoFights/RWF_2000_Train_NonFight_257.pt,NoFights,0,RWF_2000,RWF_2000/train/Train_NonFight/Train_NonFight_257.avi,16,224
NoFights/RWF_2000_Train_NonFight_164.pt,NoFights,0,RWF_2000,RWF_2000/train/Train_NonFight/Train_NonFight_164.avi,16,224
NoFights/RWF_2000_Train_NonFight_746.pt,NoFights,0,RWF_2000,RWF_2000/train/Train_NonFight/Train_NonFight_746.avi,16,224
NoFights/RWF_2000_Train_NonFight_357.pt,NoFights,0,RWF_2000,RWF_2000/train/Train_NonFight/Train_NonFight_357.avi,16,224
NoFights/RWF_2000_Train_NonFight_677.pt,NoFights,0,RWF_2000,RWF_2000/train/Train_NonFight/Train_NonFight_677.avi,16,224
NoFights/RWF_2000_Train_NonFight_596.pt,NoFights,0,RWF_2000,RWF_2000/train/Train_NonFight/Train_NonFight_596.avi,16,224
NoFights/RWF_2000_Train_NonFight_673.pt,NoFights,0,RWF_2000,RWF_2000/train/Train_NonFight/Train_NonFight_673.avi,16,224
NoFights/RWF_2000_Train_NonFight_103.pt,NoFights,0,RWF_2000,RWF_2000/train/Train_NonFight/Train_NonFight_103.avi,16,224
NoFights/RWF_2000_Train_NonFight_184.pt,NoFights,0,RWF_2000,RWF_2000/train/Train_NonFight/Train_NonFight_184.avi,16,224
NoFights/RWF_2000_Train_NonFight_304.pt,NoFights,0,RWF_2000,RWF_2000/train/Train_NonFight/Train_NonFight_304.avi,16,224
NoFights/RWF_2000_Train_NonFight_124.pt,NoFights,0,RWF_2000,RWF_2000/train/Train_NonFight/Train_NonFight_124.avi,16,224
NoFights/RWF_2000_Train_NonFight_92.pt,NoFights,0,RWF_2000,RWF_2000/train/Train_NonFight/Train_NonFight_92.avi,16,224
NoFights/RWF_2000_Train_NonFight_303.pt,NoFights,0,RWF_2000,RWF_2000/train/Train_NonFight/Train_NonFight_303.avi,16,224
NoFights/RWF_2000_Train_NonFight_407.pt,NoFights,0,RWF_2000,RWF_2000/train/Train_NonFight/Train_NonFight_407.avi,16,224
NoFights/RWF_2000_Train_NonFight_647.pt,NoFights,0,RWF_2000,RWF_2000/train/Train_NonFight/Train_NonFight_647.avi,16,224
NoFights/RWF_2000_Train_NonFight_182.pt,NoFights,0,RWF_2000,RWF_2000/train/Train_NonFight/Train_NonFight_182.avi,16,224
NoFights/RWF_2000_Train_NonFight_538.pt,NoFights,0,RWF_2000,RWF_2000/train/Train_NonFight/Train_NonFight_538.avi,16,224
NoFights/RWF_2000_Train_NonFight_453.pt,NoFights,0,RWF_2000,RWF_2000/train/Train_NonFight/Train_NonFight_453.avi,16,224
NoFights/RWF_2000_Train_NonFight_509.pt,NoFights,0,RWF_2000,RWF_2000/train/Train_NonFight/Train_NonFight_509.avi,16,224
NoFights/RWF_2000_Train_NonFight_718.pt,NoFights,0,RWF_2000,RWF_2000/train/Train_NonFight/Train_NonFight_718.avi,16,224
NoFights/RWF_2000_Train_NonFight_734.pt,NoFights,0,RWF_2000,RWF_2000/train/Train_NonFight/Train_NonFight_734.avi,16,224
NoFights/RWF_2000_Train_NonFight_302.pt,NoFights,0,RWF_2000,RWF_2000/train/Train_NonFight/Train_NonFight_302.avi,16,224
NoFights/RWF_2000_Train_NonFight_553.pt,NoFights,0,RWF_2000,RWF_2000/train/Train_NonFight/Train_NonFight_553.avi,16,224
NoFights/RWF_2000_Train_NonFight_555.pt,NoFights,0,RWF_2000,RWF_2000/train/Train_NonFight/Train_NonFight_555.avi,16,224
NoFights/RWF_2000_Train_NonFight_350.pt,NoFights,0,RWF_2000,RWF_2000/train/Train_NonFight/Train_NonFight_350.avi,16,224
NoFights/RWF_2000_Train_NonFight_476.pt,NoFights,0,RWF_2000,RWF_2000/train/Train_NonFight/Train_NonFight_476.avi,16,224
NoFights/RWF_2000_Train_NonFight_678.pt,NoFights,0,RWF_2000,RWF_2000/train/Train_NonFight/Train_NonFight_678.avi,16,224
NoFights/RWF_2000_Train_NonFight_308.pt,NoFights,0,RWF_2000,RWF_2000/train/Train_NonFight/Train_NonFight_308.avi,16,224
NoFights/RWF_2000_Train_NonFight_448.pt,NoFights,0,RWF_2000,RWF_2000/train/Train_NonFight/Train_NonFight_448.avi,16,224
NoFights/RWF_2000_Train_NonFight_240.pt,NoFights,0,RWF_2000,RWF_2000/train/Train_NonFight/Train_NonFight_240.avi,16,224
NoFights/RWF_2000_Train_NonFight_317.pt,NoFights,0,RWF_2000,RWF_2000/train/Train_NonFight/Train_NonFight_317.avi,16,224
NoFights/RWF_2000_Train_NonFight_452.pt,NoFights,0,RWF_2000,RWF_2000/train/Train_NonFight/Train_NonFight_452.avi,16,224
NoFights/RWF_2000_Train_NonFight_557.pt,NoFights,0,RWF_2000,RWF_2000/train/Train_NonFight/Train_NonFight_557.avi,16,224
NoFights/RWF_2000_Train_NonFight_414.pt,NoFights,0,RWF_2000,RWF_2000/train/Train_NonFight/Train_NonFight_414.avi,16,224
NoFights/RWF_2000_Train_NonFight_366.pt,NoFights,0,RWF_2000,RWF_2000/train/Train_NonFight/Train_NonFight_366.avi,16,224
NoFights/RWF_2000_Train_NonFight_616.pt,NoFights,0,RWF_2000,RWF_2000/train/Train_NonFight/Train_NonFight_616.avi,16,224
NoFights/RWF_2000_Train_NonFight_640.pt,NoFights,0,RWF_2000,RWF_2000/train/Train_NonFight/Train_NonFight_640.avi,16,224
NoFights/RWF_2000_Train_NonFight_141.pt,NoFights,0,RWF_2000,RWF_2000/train/Train_NonFight/Train_NonFight_141.avi,16,224
NoFights/RWF_2000_Train_NonFight_652.pt,NoFights,0,RWF_2000,RWF_2000/train/Train_NonFight/Train_NonFight_652.avi,16,224
NoFights/RWF_2000_Train_NonFight_696.pt,NoFights,0,RWF_2000,RWF_2000/train/Train_NonFight/Train_NonFight_696.avi,16,224
NoFights/RWF_2000_Train_NonFight_189.pt,NoFights,0,RWF_2000,RWF_2000/train/Train_NonFight/Train_NonFight_189.avi,16,224
NoFights/RWF_2000_Train_NonFight_443.pt,NoFights,0,RWF_2000,RWF_2000/train/Train_NonFight/Train_NonFight_443.avi,16,224
NoFights/RWF_2000_Train_NonFight_323.pt,NoFights,0,RWF_2000,RWF_2000/train/Train_NonFight/Train_NonFight_323.avi,16,224
NoFights/RWF_2000_Train_NonFight_146.pt,NoFights,0,RWF_2000,RWF_2000/train/Train_NonFight/Train_NonFight_146.avi,16,224
NoFights/RWF_2000_Train_NonFight_424.pt,NoFights,0,RWF_2000,RWF_2000/train/Train_NonFight/Train_NonFight_424.avi,16,224
NoFights/RWF_2000_Train_NonFight_722.pt,NoFights,0,RWF_2000,RWF_2000/train/Train_NonFight/Train_NonFight_722.avi,16,224
NoFights/RWF_2000_Train_NonFight_196.pt,NoFights,0,RWF_2000,RWF_2000/train/Train_NonFight/Train_NonFight_196.avi,16,224
NoFights/RWF_2000_Train_NonFight_602.pt,NoFights,0,RWF_2000,RWF_2000/train/Train_NonFight/Train_NonFight_602.avi,16,224
NoFights/RWF_2000_Train_NonFight_181.pt,NoFights,0,RWF_2000,RWF_2000/train/Train_NonFight/Train_NonFight_181.avi,16,224
NoFights/RWF_2000_Train_NonFight_748.pt,NoFights,0,RWF_2000,RWF_2000/train/Train_NonFight/Train_NonFight_748.avi,16,224
NoFights/RWF_2000_Train_NonFight_305.pt,NoFights,0,RWF_2000,RWF_2000/train/Train_NonFight/Train_NonFight_305.avi,16,224
NoFights/RWF_2000_Train_NonFight_201.pt,NoFights,0,RWF_2000,RWF_2000/train/Train_NonFight/Train_NonFight_201.avi,16,224
NoFights/RWF_2000_Train_NonFight_381.pt,NoFights,0,RWF_2000,RWF_2000/train/Train_NonFight/Train_NonFight_381.avi,16,224
NoFights/RWF_2000_Train_NonFight_258.pt,NoFights,0,RWF_2000,RWF_2000/train/Train_NonFight/Train_NonFight_258.avi,16,224
NoFights/RWF_2000_Train_NonFight_481.pt,NoFights,0,RWF_2000,RWF_2000/train/Train_NonFight/Train_NonFight_481.avi,16,224
NoFights/RWF_2000_Train_NonFight_669.pt,NoFights,0,RWF_2000,RWF_2000/train/Train_NonFight/Train_NonFight_669.avi,16,224
NoFights/RWF_2000_Train_NonFight_254.pt,NoFights,0,RWF_2000,RWF_2000/train/Train_NonFight/Train_NonFight_254.avi,16,224
NoFights/RWF_2000_Train_NonFight_229.pt,NoFights,0,RWF_2000,RWF_2000/train/Train_NonFight/Train_NonFight_229.avi,16,224
NoFights/RWF_2000_Train_NonFight_744.pt,NoFights,0,RWF_2000,RWF_2000/train/Train_NonFight/Train_NonFight_744.avi,16,224
NoFights/RWF_2000_Train_NonFight_500.pt,NoFights,0,RWF_2000,RWF_2000/train/Train_NonFight/Train_NonFight_500.avi,16,224
NoFights/RWF_2000_Train_NonFight_510.pt,NoFights,0,RWF_2000,RWF_2000/train/Train_NonFight/Train_NonFight_510.avi,16,224
NoFights/RWF_2000_Train_NonFight_185.pt,NoFights,0,RWF_2000,RWF_2000/train/Train_NonFight/Train_NonFight_185.avi,16,224
NoFights/RWF_2000_Train_NonFight_620.pt,NoFights,0,RWF_2000,RWF_2000/train/Train_NonFight/Train_NonFight_620.avi,16,224
NoFights/RWF_2000_Train_NonFight_193.pt,NoFights,0,RWF_2000,RWF_2000/train/Train_NonFight/Train_NonFight_193.avi,16,224
NoFights/RWF_2000_Train_NonFight_467.pt,NoFights,0,RWF_2000,RWF_2000/train/Train_NonFight/Train_NonFight_467.avi,16,224
NoFights/RWF_2000_Train_NonFight_252.pt,NoFights,0,RWF_2000,RWF_2000/train/Train_NonFight/Train_NonFight_252.avi,16,224
NoFights/RWF_2000_Train_NonFight_436.pt,NoFights,0,RWF_2000,RWF_2000/train/Train_NonFight/Train_NonFight_436.avi,16,224
NoFights/RWF_2000_Train_NonFight_218.pt,NoFights,0,RWF_2000,RWF_2000/train/Train_NonFight/Train_NonFight_218.avi,16,224
NoFights/RWF_2000_Train_NonFight_664.pt,NoFights,0,RWF_2000,RWF_2000/train/Train_NonFight/Train_NonFight_664.avi,16,224
NoFights/RWF_2000_Train_NonFight_390.pt,NoFights,0,RWF_2000,RWF_2000/train/Train_NonFight/Train_NonFight_390.avi,16,224
NoFights/RWF_2000_Train_NonFight_478.pt,NoFights,0,RWF_2000,RWF_2000/train/Train_NonFight/Train_NonFight_478.avi,16,224
NoFights/RWF_2000_Train_NonFight_657.pt,NoFights,0,RWF_2000,RWF_2000/train/Train_NonFight/Train_NonFight_657.avi,16,224
NoFights/RWF_2000_Train_NonFight_250.pt,NoFights,0,RWF_2000,RWF_2000/train/Train_NonFight/Train_NonFight_250.avi,16,224
NoFights/RWF_2000_Train_NonFight_675.pt,NoFights,0,RWF_2000,RWF_2000/train/Train_NonFight/Train_NonFight_675.avi,16,224
NoFights/RWF_2000_Train_NonFight_444.pt,NoFights,0,RWF_2000,RWF_2000/train/Train_NonFight/Train_NonFight_444.avi,16,224
NoFights/RWF_2000_Train_NonFight_213.pt,NoFights,0,RWF_2000,RWF_2000/train/Train_NonFight/Train_NonFight_213.avi,16,224
NoFights/RWF_2000_Train_NonFight_541.pt,NoFights,0,RWF_2000,RWF_2000/train/Train_NonFight/Train_NonFight_541.avi,16,224
NoFights/RWF_2000_Train_NonFight_398.pt,NoFights,0,RWF_2000,RWF_2000/train/Train_NonFight/Train_NonFight_398.avi,16,224
NoFights/RWF_2000_Train_NonFight_625.pt,NoFights,0,RWF_2000,RWF_2000/train/Train_NonFight/Train_NonFight_625.avi,16,224
NoFights/RWF_2000_Train_NonFight_758.pt,NoFights,0,RWF_2000,RWF_2000/train/Train_NonFight/Train_NonFight_758.avi,16,224
NoFights/RWF_2000_Train_NonFight_484.pt,NoFights,0,RWF_2000,RWF_2000/train/Train_NonFight/Train_NonFight_484.avi,16,224
NoFights/RWF_2000_Train_NonFight_235.pt,NoFights,0,RWF_2000,RWF_2000/train/Train_NonFight/Train_NonFight_235.avi,16,224
NoFights/RWF_2000_Train_NonFight_363.pt,NoFights,0,RWF_2000,RWF_2000/train/Train_NonFight/Train_NonFight_363.avi,16,224
NoFights/RWF_2000_Train_NonFight_237.pt,NoFights,0,RWF_2000,RWF_2000/train/Train_NonFight/Train_NonFight_237.avi,16,224
NoFights/RWF_2000_Train_NonFight_566.pt,NoFights,0,RWF_2000,RWF_2000/train/Train_NonFight/Train_NonFight_566.avi,16,224
NoFights/RWF_2000_Train_NonFight_352.pt,NoFights,0,RWF_2000,RWF_2000/train/Train_NonFight/Train_NonFight_352.avi,16,224
NoFights/RWF_2000_Train_NonFight_672.pt,NoFights,0,RWF_2000,RWF_2000/train/Train_NonFight/Train_NonFight_672.avi,16,224
NoFights/RWF_2000_Train_NonFight_430.pt,NoFights,0,RWF_2000,RWF_2000/train/Train_NonFight/Train_NonFight_430.avi,16,224
NoFights/RWF_2000_Train_NonFight_717.pt,NoFights,0,RWF_2000,RWF_2000/train/Train_NonFight/Train_NonFight_717.avi,16,224
NoFights/RWF_2000_Train_NonFight_603.pt,NoFights,0,RWF_2000,RWF_2000/train/Train_NonFight/Train_NonFight_603.avi,16,224
NoFights/RWF_2000_Train_NonFight_609.pt,NoFights,0,RWF_2000,RWF_2000/train/Train_NonFight/Train_NonFight_609.avi,16,224
NoFights/RWF_2000_Train_NonFight_322.pt,NoFights,0,RWF_2000,RWF_2000/train/Train_NonFight/Train_NonFight_322.avi,16,224
NoFights/RWF_2000_Train_NonFight_581.pt,NoFights,0,RWF_2000,RWF_2000/train/Train_NonFight/Train_NonFight_581.avi,16,224
NoFights/RWF_2000_Train_NonFight_683.pt,NoFights,0,RWF_2000,RWF_2000/train/Train_NonFight/Train_NonFight_683.avi,16,224
NoFights/RWF_2000_Train_NonFight_730.pt,NoFights,0,RWF_2000,RWF_2000/train/Train_NonFight/Train_NonFight_730.avi,16,224
NoFights/RWF_2000_Train_NonFight_282.pt,NoFights,0,RWF_2000,RWF_2000/train/Train_NonFight/Train_NonFight_282.avi,16,224
NoFights/RWF_2000_Train_NonFight_289.pt,NoFights,0,RWF_2000,RWF_2000/train/Train_NonFight/Train_NonFight_289.avi,16,224
NoFights/RWF_2000_Train_NonFight_342.pt,NoFights,0,RWF_2000,RWF_2000/train/Train_NonFight/Train_NonFight_342.avi,16,224
NoFights/RWF_2000_Train_NonFight_202.pt,NoFights,0,RWF_2000,RWF_2000/train/Train_NonFight/Train_NonFight_202.avi,16,224
NoFights/RWF_2000_Train_NonFight_613.pt,NoFights,0,RWF_2000,RWF_2000/train/Train_NonFight/Train_NonFight_613.avi,16,224
NoFights/RWF_2000_Train_NonFight_285.pt,NoFights,0,RWF_2000,RWF_2000/train/Train_NonFight/Train_NonFight_285.avi,16,224
NoFights/RWF_2000_Train_NonFight_351.pt,NoFights,0,RWF_2000,RWF_2000/train/Train_NonFight/Train_NonFight_351.avi,16,224
NoFights/RWF_2000_Train_NonFight_588.pt,NoFights,0,RWF_2000,RWF_2000/train/Train_NonFight/Train_NonFight_588.avi,16,224
NoFights/RWF_2000_Train_NonFight_393.pt,NoFights,0,RWF_2000,RWF_2000/train/Train_NonFight/Train_NonFight_393.avi,16,224
NoFights/RWF_2000_Train_NonFight_340.pt,NoFights,0,RWF_2000,RWF_2000/train/Train_NonFight/Train_NonFight_340.avi,16,224
NoFights/RWF_2000_Train_NonFight_446.pt,NoFights,0,RWF_2000,RWF_2000/train/Train_NonFight/Train_NonFight_446.avi,16,224
NoFights/RWF_2000_Train_NonFight_595.pt,NoFights,0,RWF_2000,RWF_2000/train/Train_NonFight/Train_NonFight_595.avi,16,224
NoFights/RWF_2000_Train_NonFight_608.pt,NoFights,0,RWF_2000,RWF_2000/train/Train_NonFight/Train_NonFight_608.avi,16,224
NoFights/RWF_2000_Train_NonFight_552.pt,NoFights,0,RWF_2000,RWF_2000/train/Train_NonFight/Train_NonFight_552.avi,16,224
NoFights/RWF_2000_Train_NonFight_508.pt,NoFights,0,RWF_2000,RWF_2000/train/Train_NonFight/Train_NonFight_508.avi,16,224
NoFights/RWF_2000_Train_NonFight_749.pt,NoFights,0,RWF_2000,RWF_2000/train/Train_NonFight/Train_NonFight_749.avi,16,224
NoFights/RWF_2000_Train_NonFight_299.pt,NoFights,0,RWF_2000,RWF_2000/train/Train_NonFight/Train_NonFight_299.avi,16,224
NoFights/RWF_2000_Train_NonFight_312.pt,NoFights,0,RWF_2000,RWF_2000/train/Train_NonFight/Train_NonFight_312.avi,16,224
NoFights/RWF_2000_Train_NonFight_501.pt,NoFights,0,RWF_2000,RWF_2000/train/Train_NonFight/Train_NonFight_501.avi,16,224
NoFights/RWF_2000_Train_NonFight_559.pt,NoFights,0,RWF_2000,RWF_2000/train/Train_NonFight/Train_NonFight_559.avi,16,224
NoFights/RWF_2000_Train_NonFight_742.pt,NoFights,0,RWF_2000,RWF_2000/train/Train_NonFight/Train_NonFight_742.avi,16,224
NoFights/RWF_2000_Train_NonFight_540.pt,NoFights,0,RWF_2000,RWF_2000/train/Train_NonFight/Train_NonFight_540.avi,16,224
NoFights/RWF_2000_Train_NonFight_544.pt,NoFights,0,RWF_2000,RWF_2000/train/Train_NonFight/Train_NonFight_544.avi,16,224
NoFights/RWF_2000_Train_NonFight_455.pt,NoFights,0,RWF_2000,RWF_2000/train/Train_NonFight/Train_NonFight_455.avi,16,224
NoFights/RWF_2000_Train_NonFight_593.pt,NoFights,0,RWF_2000,RWF_2000/train/Train_NonFight/Train_NonFight_593.avi,16,224
NoFights/RWF_2000_Train_NonFight_567.pt,NoFights,0,RWF_2000,RWF_2000/train/Train_NonFight/Train_NonFight_567.avi,16,224
NoFights/RWF_2000_Train_NonFight_754.pt,NoFights,0,RWF_2000,RWF_2000/train/Train_NonFight/Train_NonFight_754.avi,16,224
NoFights/RWF_2000_Train_NonFight_536.pt,NoFights,0,RWF_2000,RWF_2000/train/Train_NonFight/Train_NonFight_536.avi,16,224
NoFights/RWF_2000_Train_NonFight_658.pt,NoFights,0,RWF_2000,RWF_2000/train/Train_NonFight/Train_NonFight_658.avi,16,224
NoFights/RWF_2000_Train_NonFight_328.pt,NoFights,0,RWF_2000,RWF_2000/train/Train_NonFight/Train_NonFight_328.avi,16,224
NoFights/RWF_2000_Train_NonFight_736.pt,NoFights,0,RWF_2000,RWF_2000/train/Train_NonFight/Train_NonFight_736.avi,16,224
NoFights/RWF_2000_Train_NonFight_463.pt,NoFights,0,RWF_2000,RWF_2000/train/Train_NonFight/Train_NonFight_463.avi,16,224
NoFights/RWF_2000_Train_NonFight_325.pt,NoFights,0,RWF_2000,RWF_2000/train/Train_NonFight/Train_NonFight_325.avi,16,224
NoFights/RWF_2000_Train_NonFight_313.pt,NoFights,0,RWF_2000,RWF_2000/train/Train_NonFight/Train_NonFight_313.avi,16,224
NoFights/RWF_2000_Train_NonFight_661.pt,NoFights,0,RWF_2000,RWF_2000/train/Train_NonFight/Train_NonFight_661.avi,16,224
NoFights/RWF_2000_Train_NonFight_784.pt,NoFights,0,RWF_2000,RWF_2000/train/Train_NonFight/Train_NonFight_784.avi,16,224
NoFights/RWF_2000_Train_NonFight_434.pt,NoFights,0,RWF_2000,RWF_2000/train/Train_NonFight/Train_NonFight_434.avi,16,224
NoFights/RWF_2000_Train_NonFight_655.pt,NoFights,0,RWF_2000,RWF_2000/train/Train_NonFight/Train_NonFight_655.avi,16,224
NoFights/RWF_2000_Train_NonFight_634.pt,NoFights,0,RWF_2000,RWF_2000/train/Train_NonFight/Train_NonFight_634.avi,16,224
NoFights/RWF_2000_Train_NonFight_301.pt,NoFights,0,RWF_2000,RWF_2000/train/Train_NonFight/Train_NonFight_301.avi,16,224
NoFights/RWF_2000_Train_NonFight_271.pt,NoFights,0,RWF_2000,RWF_2000/train/Train_NonFight/Train_NonFight_271.avi,16,224
NoFights/RWF_2000_Train_NonFight_413.pt,NoFights,0,RWF_2000,RWF_2000/train/Train_NonFight/Train_NonFight_413.avi,16,224
NoFights/RWF_2000_Train_NonFight_537.pt,NoFights,0,RWF_2000,RWF_2000/train/Train_NonFight/Train_NonFight_537.avi,16,224
NoFights/RWF_2000_Train_NonFight_462.pt,NoFights,0,RWF_2000,RWF_2000/train/Train_NonFight/Train_NonFight_462.avi,16,224
NoFights/RWF_2000_Train_NonFight_694.pt,NoFights,0,RWF_2000,RWF_2000/train/Train_NonFight/Train_NonFight_694.avi,16,224
NoFights/RWF_2000_Train_NonFight_518.pt,NoFights,0,RWF_2000,RWF_2000/train/Train_NonFight/Train_NonFight_518.avi,16,224
NoFights/RWF_2000_Train_NonFight_671.pt,NoFights,0,RWF_2000,RWF_2000/train/Train_NonFight/Train_NonFight_671.avi,16,224
NoFights/RWF_2000_Train_NonFight_728.pt,NoFights,0,RWF_2000,RWF_2000/train/Train_NonFight/Train_NonFight_728.avi,16,224
NoFights/RWF_2000_Train_NonFight_294.pt,NoFights,0,RWF_2000,RWF_2000/train/Train_NonFight/Train_NonFight_294.avi,16,224
NoFights/RWF_2000_Train_NonFight_505.pt,NoFights,0,RWF_2000,RWF_2000/train/Train_NonFight/Train_NonFight_505.avi,16,224
NoFights/RWF_2000_Train_NonFight_344.pt,NoFights,0,RWF_2000,RWF_2000/train/Train_NonFight/Train_NonFight_344.avi,16,224
NoFights/RWF_2000_Train_NonFight_309.pt,NoFights,0,RWF_2000,RWF_2000/train/Train_NonFight/Train_NonFight_309.avi,16,224
NoFights/RWF_2000_Train_NonFight_370.pt,NoFights,0,RWF_2000,RWF_2000/train/Train_NonFight/Train_NonFight_370.avi,16,224
NoFights/RWF_2000_Train_NonFight_562.pt,NoFights,0,RWF_2000,RWF_2000/train/Train_NonFight/Train_NonFight_562.avi,16,224
NoFights/RWF_2000_Train_NonFight_275.pt,NoFights,0,RWF_2000,RWF_2000/train/Train_NonFight/Train_NonFight_275.avi,16,224
NoFights/RWF_2000_Train_NonFight_769.pt,NoFights,0,RWF_2000,RWF_2000/train/Train_NonFight/Train_NonFight_769.avi,16,224
NoFights/RWF_2000_Train_NonFight_755.pt,NoFights,0,RWF_2000,RWF_2000/train/Train_NonFight/Train_NonFight_755.avi,16,224
NoFights/RWF_2000_Train_NonFight_517.pt,NoFights,0,RWF_2000,RWF_2000/train/Train_NonFight/Train_NonFight_517.avi,16,224
NoFights/RWF_2000_Train_NonFight_665.pt,NoFights,0,RWF_2000,RWF_2000/train/Train_NonFight/Train_NonFight_665.avi,16,224
NoFights/RWF_2000_Train_NonFight_461.pt,NoFights,0,RWF_2000,RWF_2000/train/Train_NonFight/Train_NonFight_461.avi,16,224
NoFights/RWF_2000_Train_NonFight_692.pt,NoFights,0,RWF_2000,RWF_2000/train/Train_NonFight/Train_NonFight_692.avi,16,224
NoFights/RWF_2000_Train_NonFight_662.pt,NoFights,0,RWF_2000,RWF_2000/train/Train_NonFight/Train_NonFight_662.avi,16,224
NoFights/RWF_2000_Train_NonFight_554.pt,NoFights,0,RWF_2000,RWF_2000/train/Train_NonFight/Train_NonFight_554.avi,16,224
NoFights/RWF_2000_Train_NonFight_660.pt,NoFights,0,RWF_2000,RWF_2000/train/Train_NonFight/Train_NonFight_660.avi,16,224
NoFights/RWF_2000_Train_NonFight_775.pt,NoFights,0,RWF_2000,RWF_2000/train/Train_NonFight/Train_NonFight_775.avi,16,224
NoFights/RWF_2000_Train_NonFight_614.pt,NoFights,0,RWF_2000,RWF_2000/train/Train_NonFight/Train_NonFight_614.avi,16,224
NoFights/RWF_2000_Train_NonFight_739.pt,NoFights,0,RWF_2000,RWF_2000/train/Train_NonFight/Train_NonFight_739.avi,16,224
NoFights/RWF_2000_Train_NonFight_523.pt,NoFights,0,RWF_2000,RWF_2000/train/Train_NonFight/Train_NonFight_523.avi,16,224
NoFights/RWF_2000_Train_NonFight_354.pt,NoFights,0,RWF_2000,RWF_2000/train/Train_NonFight/Train_NonFight_354.avi,16,224
NoFights/RWF_2000_Train_NonFight_558.pt,NoFights,0,RWF_2000,RWF_2000/train/Train_NonFight/Train_NonFight_558.avi,16,224
NoFights/RWF_2000_Train_NonFight_560.pt,NoFights,0,RWF_2000,RWF_2000/train/Train_NonFight/Train_NonFight_560.avi,16,224
NoFights/RWF_2000_Train_NonFight_584.pt,NoFights,0,RWF_2000,RWF_2000/train/Train_NonFight/Train_NonFight_584.avi,16,224
NoFights/RWF_2000_Train_NonFight_782.pt,NoFights,0,RWF_2000,RWF_2000/train/Train_NonFight/Train_NonFight_782.avi,16,224
NoFights/RWF_2000_Train_NonFight_787.pt,NoFights,0,RWF_2000,RWF_2000/train/Train_NonFight/Train_NonFight_787.avi,16,224
NoFights/RWF_2000_Train_NonFight_670.pt,NoFights,0,RWF_2000,RWF_2000/train/Train_NonFight/Train_NonFight_670.avi,16,224
NoFights/RWF_2000_Train_NonFight_778.pt,NoFights,0,RWF_2000,RWF_2000/train/Train_NonFight/Train_NonFight_778.avi,16,224
NoFights/RWF_2000_Train_NonFight_502.pt,NoFights,0,RWF_2000,RWF_2000/train/Train_NonFight/Train_NonFight_502.avi,16,224
NoFights/RWF_2000_Train_NonFight_547.pt,NoFights,0,RWF_2000,RWF_2000/train/Train_NonFight/Train_NonFight_547.avi,16,224
NoFights/RWF_2000_Train_NonFight_622.pt,NoFights,0,RWF_2000,RWF_2000/train/Train_NonFight/Train_NonFight_622.avi,16,224
NoFights/RWF_2000_Train_NonFight_347.pt,NoFights,0,RWF_2000,RWF_2000/train/Train_NonFight/Train_NonFight_347.avi,16,224
NoFights/RWF_2000_Train_NonFight_360.pt,NoFights,0,RWF_2000,RWF_2000/train/Train_NonFight/Train_NonFight_360.avi,16,224
NoFights/RWF_2000_Train_NonFight_774.pt,NoFights,0,RWF_2000,RWF_2000/train/Train_NonFight/Train_NonFight_774.avi,16,224
NoFights/RWF_2000_Train_NonFight_373.pt,NoFights,0,RWF_2000,RWF_2000/train/Train_NonFight/Train_NonFight_373.avi,16,224
NoFights/RWF_2000_Train_NonFight_516.pt,NoFights,0,RWF_2000,RWF_2000/train/Train_NonFight/Train_NonFight_516.avi,16,224
NoFights/RWF_2000_Train_NonFight_437.pt,NoFights,0,RWF_2000,RWF_2000/train/Train_NonFight/Train_NonFight_437.avi,16,224
NoFights/RWF_2000_Train_NonFight_411.pt,NoFights,0,RWF_2000,RWF_2000/train/Train_NonFight/Train_NonFight_411.avi,16,224
NoFights/RWF_2000_Train_NonFight_796.pt,NoFights,0,RWF_2000,RWF_2000/train/Train_NonFight/Train_NonFight_796.avi,16,224
NoFights/RWF_2000_Train_NonFight_659.pt,NoFights,0,RWF_2000,RWF_2000/train/Train_NonFight/Train_NonFight_659.avi,16,224
NoFights/RWF_2000_Train_NonFight_402.pt,NoFights,0,RWF_2000,RWF_2000/train/Train_NonFight/Train_NonFight_402.avi,16,224
NoFights/RWF_2000_Train_NonFight_638.pt,NoFights,0,RWF_2000,RWF_2000/train/Train_NonFight/Train_NonFight_638.avi,16,224
NoFights/RWF_2000_Train_NonFight_695.pt,NoFights,0,RWF_2000,RWF_2000/train/Train_NonFight/Train_NonFight_695.avi,16,224
NoFights/RWF_2000_Train_NonFight_751.pt,NoFights,0,RWF_2000,RWF_2000/train/Train_NonFight/Train_NonFight_751.avi,16,224
NoFights/RWF_2000_Train_NonFight_499.pt,NoFights,0,RWF_2000,RWF_2000/train/Train_NonFight/Train_NonFight_499.avi,16,224
NoFights/RWF_2000_Train_NonFight_604.pt,NoFights,0,RWF_2000,RWF_2000/train/Train_NonFight/Train_NonFight_604.avi,16,224
NoFights/RWF_2000_Train_NonFight_668.pt,NoFights,0,RWF_2000,RWF_2000/train/Train_NonFight/Train_NonFight_668.avi,16,224
NoFights/RWF_2000_Train_NonFight_568.pt,NoFights,0,RWF_2000,RWF_2000/train/Train_NonFight/Train_NonFight_568.avi,16,224
NoFights/RWF_2000_Train_NonFight_456.pt,NoFights,0,RWF_2000,RWF_2000/train/Train_NonFight/Train_NonFight_456.avi,16,224
NoFights/RWF_2000_Train_NonFight_507.pt,NoFights,0,RWF_2000,RWF_2000/train/Train_NonFight/Train_NonFight_507.avi,16,224
NoFights/RWF_2000_Train_NonFight_656.pt,NoFights,0,RWF_2000,RWF_2000/train/Train_NonFight/Train_NonFight_656.avi,16,224
NoFights/RWF_2000_Train_NonFight_485.pt,NoFights,0,RWF_2000,RWF_2000/train/Train_NonFight/Train_NonFight_485.avi,16,224
NoFights/RWF_2000_Train_NonFight_545.pt,NoFights,0,RWF_2000,RWF_2000/train/Train_NonFight/Train_NonFight_545.avi,16,224
NoFights/RWF_2000_Train_NonFight_533.pt,NoFights,0,RWF_2000,RWF_2000/train/Train_NonFight/Train_NonFight_533.avi,16,224
NoFights/RWF_2000_Train_NonFight_577.pt,NoFights,0,RWF_2000,RWF_2000/train/Train_NonFight/Train_NonFight_577.avi,16,224
NoFights/RWF_2000_Train_NonFight_676.pt,NoFights,0,RWF_2000,RWF_2000/train/Train_NonFight/Train_NonFight_676.avi,16,224
NoFights/RWF_2000_Train_NonFight_624.pt,NoFights,0,RWF_2000,RWF_2000/train/Train_NonFight/Train_NonFight_624.avi,16,224
NoFights/RWF_2000_Train_NonFight_418.pt,NoFights,0,RWF_2000,RWF_2000/train/Train_NonFight/Train_NonFight_418.avi,16,224
NoFights/RWF_2000_Train_NonFight_757.pt,NoFights,0,RWF_2000,RWF_2000/train/Train_NonFight/Train_NonFight_757.avi,16,224
NoFights/RWF_2000_Train_NonFight_578.pt,NoFights,0,RWF_2000,RWF_2000/train/Train_NonFight/Train_NonFight_578.avi,16,224
NoFights/RWF_2000_Train_NonFight_731.pt,NoFights,0,RWF_2000,RWF_2000/train/Train_NonFight/Train_NonFight_731.avi,16,224
NoFights/RWF_2000_Train_NonFight_529.pt,NoFights,0,RWF_2000,RWF_2000/train/Train_NonFight/Train_NonFight_529.avi,16,224
NoFights/RWF_2000_Train_NonFight_431.pt,NoFights,0,RWF_2000,RWF_2000/train/Train_NonFight/Train_NonFight_431.avi,16,224
NoFights/RWF_2000_Train_NonFight_465.pt,NoFights,0,RWF_2000,RWF_2000/train/Train_NonFight/Train_NonFight_465.avi,16,224
NoFights/RWF_2000_Train_NonFight_772.pt,NoFights,0,RWF_2000,RWF_2000/train/Train_NonFight/Train_NonFight_772.avi,16,224
NoFights/RWF_2000_Train_NonFight_409.pt,NoFights,0,RWF_2000,RWF_2000/train/Train_NonFight/Train_NonFight_409.avi,16,224
NoFights/RWF_2000_Train_NonFight_635.pt,NoFights,0,RWF_2000,RWF_2000/train/Train_NonFight/Train_NonFight_635.avi,16,224
NoFights/RWF_2000_Train_NonFight_480.pt,NoFights,0,RWF_2000,RWF_2000/train/Train_NonFight/Train_NonFight_480.avi,16,224
NoFights/RWF_2000_Train_NonFight_623.pt,NoFights,0,RWF_2000,RWF_2000/train/Train_NonFight/Train_NonFight_623.avi,16,224
NoFights/RWF_2000_Train_NonFight_401.pt,NoFights,0,RWF_2000,RWF_2000/train/Train_NonFight/Train_NonFight_401.avi,16,224
NoFights/RWF_2000_Train_NonFight_417.pt,NoFights,0,RWF_2000,RWF_2000/train/Train_NonFight/Train_NonFight_417.avi,16,224
NoFights/RWF_2000_Train_NonFight_530.pt,NoFights,0,RWF_2000,RWF_2000/train/Train_NonFight/Train_NonFight_530.avi,16,224
NoFights/RWF_2000_Train_NonFight_674.pt,NoFights,0,RWF_2000,RWF_2000/train/Train_NonFight/Train_NonFight_674.avi,16,224
NoFights/RWF_2000_Train_NonFight_780.pt,NoFights,0,RWF_2000,RWF_2000/train/Train_NonFight/Train_NonFight_780.avi,16,224
NoFights/RWF_2000_Train_NonFight_762.pt,NoFights,0,RWF_2000,RWF_2000/train/Train_NonFight/Train_NonFight_762.avi,16,224
NoFights/RWF_2000_Train_NonFight_421.pt,NoFights,0,RWF_2000,RWF_2000/train/Train_NonFight/Train_NonFight_421.avi,16,224
NoFights/RWF_2000_Train_NonFight_697.pt,NoFights,0,RWF_2000,RWF_2000/train/Train_NonFight/Train_NonFight_697.avi,16,224
NoFights/RWF_2000_Train_NonFight_615.pt,NoFights,0,RWF_2000,RWF_2000/train/Train_NonFight/Train_NonFight_615.avi,16,224
NoFights/RWF_2000_Train_NonFight_427.pt,NoFights,0,RWF_2000,RWF_2000/train/Train_NonFight/Train_NonFight_427.avi,16,224
NoFights/RWF_2000_Train_NonFight_569.pt,NoFights,0,RWF_2000,RWF_2000/train/Train_NonFight/Train_NonFight_569.avi,16,224
NoFights/RWF_2000_Train_NonFight_400.pt,NoFights,0,RWF_2000,RWF_2000/train/Train_NonFight/Train_NonFight_400.avi,16,224
NoFights/RWF_2000_Train_NonFight_701.pt,NoFights,0,RWF_2000,RWF_2000/train/Train_NonFight/Train_NonFight_701.avi,16,224
NoFights/RWF_2000_Train_NonFight_420.pt,NoFights,0,RWF_2000,RWF_2000/train/Train_NonFight/Train_NonFight_420.avi,16,224
NoFights/RWF_2000_Train_NonFight_783.pt,NoFights,0,RWF_2000,RWF_2000/train/Train_NonFight/Train_NonFight_783.avi,16,224
NoFights/RWF_2000_Train_NonFight_477.pt,NoFights,0,RWF_2000,RWF_2000/train/Train_NonFight/Train_NonFight_477.avi,16,224
NoFights/RWF_2000_Train_NonFight_765.pt,NoFights,0,RWF_2000,RWF_2000/train/Train_NonFight/Train_NonFight_765.avi,16,224
NoFights/RWF_2000_Train_NonFight_767.pt,NoFights,0,RWF_2000,RWF_2000/train/Train_NonFight/Train_NonFight_767.avi,16,224
NoFights/RWF_2000_Train_NonFight_761.pt,NoFights,0,RWF_2000,RWF_2000/train/Train_NonFight/Train_NonFight_761.avi,16,224
NoFights/RWF_2000_Train_NonFight_580.pt,NoFights,0,RWF_2000,RWF_2000/train/Train_NonFight/Train_NonFight_580.avi,16,224
NoFights/RWF_2000_Train_NonFight_648.pt,NoFights,0,RWF_2000,RWF_2000/train/Train_NonFight/Train_NonFight_648.avi,16,224
NoFights/RWF_2000_Train_NonFight_631.pt,NoFights,0,RWF_2000,RWF_2000/train/Train_NonFight/Train_NonFight_631.avi,16,224
NoFights/RWF_2000_Train_NonFight_713.pt,NoFights,0,RWF_2000,RWF_2000/train/Train_NonFight/Train_NonFight_713.avi,16,224
NoFights/RWF_2000_Train_NonFight_542.pt,NoFights,0,RWF_2000,RWF_2000/train/Train_NonFight/Train_NonFight_542.avi,16,224
NoFights/RWF_2000_Train_NonFight_482.pt,NoFights,0,RWF_2000,RWF_2000/train/Train_NonFight/Train_NonFight_482.avi,16,224
NoFights/RWF_2000_Train_NonFight_565.pt,NoFights,0,RWF_2000,RWF_2000/train/Train_NonFight/Train_NonFight_565.avi,16,224
NoFights/RWF_2000_Train_NonFight_479.pt,NoFights,0,RWF_2000,RWF_2000/train/Train_NonFight/Train_NonFight_479.avi,16,224
NoFights/RWF_2000_Train_NonFight_705.pt,NoFights,0,RWF_2000,RWF_2000/train/Train_NonFight/Train_NonFight_705.avi,16,224
NoFights/RWF_2000_Train_NonFight_519.pt,NoFights,0,RWF_2000,RWF_2000/train/Train_NonFight/Train_NonFight_519.avi,16,224
NoFights/RWF_2000_Train_NonFight_498.pt,NoFights,0,RWF_2000,RWF_2000/train/Train_NonFight/Train_NonFight_498.avi,16,224
NoFights/RWF_2000_Train_NonFight_725.pt,NoFights,0,RWF_2000,RWF_2000/train/Train_NonFight/Train_NonFight_725.avi,16,224
NoFights/RWF_2000_Train_NonFight_649.pt,NoFights,0,RWF_2000,RWF_2000/train/Train_NonFight/Train_NonFight_649.avi,16,224
NoFights/RWF_2000_Train_NonFight_766.pt,NoFights,0,RWF_2000,RWF_2000/train/Train_NonFight/Train_NonFight_766.avi,16,224
NoFights/RWF_2000_Train_NonFight_497.pt,NoFights,0,RWF_2000,RWF_2000/train/Train_NonFight/Train_NonFight_497.avi,16,224
NoFights/RWF_2000_Train_NonFight_617.pt,NoFights,0,RWF_2000,RWF_2000/train/Train_NonFight/Train_NonFight_617.avi,16,224
NoFights/RWF_2000_Train_NonFight_535.pt,NoFights,0,RWF_2000,RWF_2000/train/Train_NonFight/Train_NonFight_535.avi,16,224
NoFights/RWF_2000_Train_NonFight_682.pt,NoFights,0,RWF_2000,RWF_2000/train/Train_NonFight/Train_NonFight_682.avi,16,224
NoFights/RWF_2000_Train_NonFight_556.pt,NoFights,0,RWF_2000,RWF_2000/train/Train_NonFight/Train_NonFight_556.avi,16,224
NoFights/RWF_2000_Train_NonFight_591.pt,NoFights,0,RWF_2000,RWF_2000/train/Train_NonFight/Train_NonFight_591.avi,16,224
NoFights/RWF_2000_Train_NonFight_532.pt,NoFights,0,RWF_2000,RWF_2000/train/Train_NonFight/Train_NonFight_532.avi,16,224
NoFights/RWF_2000_Train_NonFight_643.pt,NoFights,0,RWF_2000,RWF_2000/train/Train_NonFight/Train_NonFight_643.avi,16,224
NoFights/RWF_2000_Train_NonFight_641.pt,NoFights,0,RWF_2000,RWF_2000/train/Train_NonFight/Train_NonFight_641.avi,16,224
NoFights/RWF_2000_Train_NonFight_574.pt,NoFights,0,RWF_2000,RWF_2000/train/Train_NonFight/Train_NonFight_574.avi,16,224
NoFights/RWF_2000_Train_NonFight_653.pt,NoFights,0,RWF_2000,RWF_2000/train/Train_NonFight/Train_NonFight_653.avi,16,224
NoFights/RWF_2000_Train_NonFight_627.pt,NoFights,0,RWF_2000,RWF_2000/train/Train_NonFight/Train_NonFight_627.avi,16,224
NoFights/RWF_2000_Train_NonFight_526.pt,NoFights,0,RWF_2000,RWF_2000/train/Train_NonFight/Train_NonFight_526.avi,16,224
NoFights/RWF_2000_Train_NonFight_520.pt,NoFights,0,RWF_2000,RWF_2000/train/Train_NonFight/Train_NonFight_520.avi,16,224
NoFights/RWF_2000_Train_NonFight_492.pt,NoFights,0,RWF_2000,RWF_2000/train/Train_NonFight/Train_NonFight_492.avi,16,224
NoFights/RWF_2000_Train_NonFight_582.pt,NoFights,0,RWF_2000,RWF_2000/train/Train_NonFight/Train_NonFight_582.avi,16,224
NoFights/RWF_2000_Train_NonFight_738.pt,NoFights,0,RWF_2000,RWF_2000/train/Train_NonFight/Train_NonFight_738.avi,16,224
NoFights/RWF_2000_Train_NonFight_621.pt,NoFights,0,RWF_2000,RWF_2000/train/Train_NonFight/Train_NonFight_621.avi,16,224
NoFights/RWF_2000_Train_NonFight_575.pt,NoFights,0,RWF_2000,RWF_2000/train/Train_NonFight/Train_NonFight_575.avi,16,224
NoFights/RWF_2000_Train_NonFight_524.pt,NoFights,0,RWF_2000,RWF_2000/train/Train_NonFight/Train_NonFight_524.avi,16,224
NoFights/RWF_2000_Train_NonFight_651.pt,NoFights,0,RWF_2000,RWF_2000/train/Train_NonFight/Train_NonFight_651.avi,16,224
NoFights/RWF_2000_Train_NonFight_601.pt,NoFights,0,RWF_2000,RWF_2000/train/Train_NonFight/Train_NonFight_601.avi,16,224
NoFights/RWF_2000_Train_NonFight_737.pt,NoFights,0,RWF_2000,RWF_2000/train/Train_NonFight/Train_NonFight_737.avi,16,224
NoFights/RWF_2000_Train_NonFight_792.pt,NoFights,0,RWF_2000,RWF_2000/train/Train_NonFight/Train_NonFight_792.avi,16,224
NoFights/RWF_2000_Train_NonFight_747.pt,NoFights,0,RWF_2000,RWF_2000/train/Train_NonFight/Train_NonFight_747.avi,16,224
NoFights/RWF_2000_Train_NonFight_771.pt,NoFights,0,RWF_2000,RWF_2000/train/Train_NonFight/Train_NonFight_771.avi,16,224
NoFights/RWF_2000_Train_NonFight_773.pt,NoFights,0,RWF_2000,RWF_2000/train/Train_NonFight/Train_NonFight_773.avi,16,224
NoFights/RWF_2000_Train_NonFight_790.pt,NoFights,0,RWF_2000,RWF_2000/train/Train_NonFight/Train_NonFight_790.avi,16,224
NoFights/RWF_2000_Train_NonFight_630.pt,NoFights,0,RWF_2000,RWF_2000/train/Train_NonFight/Train_NonFight_630.avi,16,224
NoFights/RWF_2000_Train_NonFight_594.pt,NoFights,0,RWF_2000,RWF_2000/train/Train_NonFight/Train_NonFight_594.avi,16,224
NoFights/RWF_2000_Train_NonFight_619.pt,NoFights,0,RWF_2000,RWF_2000/train/Train_NonFight/Train_NonFight_619.avi,16,224
NoFights/RWF_2000_Train_NonFight_550.pt,NoFights,0,RWF_2000,RWF_2000/train/Train_NonFight/Train_NonFight_550.avi,16,224
NoFights/RWF_2000_Train_NonFight_629.pt,NoFights,0,RWF_2000,RWF_2000/train/Train_NonFight/Train_NonFight_629.avi,16,224
NoFights/RWF_2000_Train_NonFight_700.pt,NoFights,0,RWF_2000,RWF_2000/train/Train_NonFight/Train_NonFight_700.avi,16,224
NoFights/RWF_2000_Train_NonFight_699.pt,NoFights,0,RWF_2000,RWF_2000/train/Train_NonFight/Train_NonFight_699.avi,16,224
NoFights/RWF_2000_Train_NonFight_589.pt,NoFights,0,RWF_2000,RWF_2000/train/Train_NonFight/Train_NonFight_589.avi,16,224
NoFights/RWF_2000_Train_NonFight_710.pt,NoFights,0,RWF_2000,RWF_2000/train/Train_NonFight/Train_NonFight_710.avi,16,224
NoFights/RWF_2000_Train_NonFight_763.pt,NoFights,0,RWF_2000,RWF_2000/train/Train_NonFight/Train_NonFight_763.avi,16,224
NoFights/RWF_2000_Train_NonFight_698.pt,NoFights,0,RWF_2000,RWF_2000/train/Train_NonFight/Train_NonFight_698.avi,16,224
NoFights/RWF_2000_Train_NonFight_741.pt,NoFights,0,RWF_2000,RWF_2000/train/Train_NonFight/Train_NonFight_741.avi,16,224
NoFights/RWF_2000_Train_NonFight_712.pt,NoFights,0,RWF_2000,RWF_2000/train/Train_NonFight/Train_NonFight_712.avi,16,224
NoFights/RWF_2000_Train_NonFight_753.pt,NoFights,0,RWF_2000,RWF_2000/train/Train_NonFight/Train_NonFight_753.avi,16,224
NoFights/RWF_2000_Train_NonFight_686.pt,NoFights,0,RWF_2000,RWF_2000/train/Train_NonFight/Train_NonFight_686.avi,16,224
NoFights/RWF_2000_Train_NonFight_681.pt,NoFights,0,RWF_2000,RWF_2000/train/Train_NonFight/Train_NonFight_681.avi,16,224
NoFights/RWF_2000_Train_NonFight_586.pt,NoFights,0,RWF_2000,RWF_2000/train/Train_NonFight/Train_NonFight_586.avi,16,224
NoFights/RWF_2000_Train_NonFight_776.pt,NoFights,0,RWF_2000,RWF_2000/train/Train_NonFight/Train_NonFight_776.avi,16,224
NoFights/RWF_2000_Train_NonFight_600.pt,NoFights,0,RWF_2000,RWF_2000/train/Train_NonFight/Train_NonFight_600.avi,16,224
NoFights/RWF_2000_Train_NonFight_684.pt,NoFights,0,RWF_2000,RWF_2000/train/Train_NonFight/Train_NonFight_684.avi,16,224
NoFights/RWF_2000_Train_NonFight_690.pt,NoFights,0,RWF_2000,RWF_2000/train/Train_NonFight/Train_NonFight_690.avi,16,224
NoFights/RWF_2000_Train_NonFight_703.pt,NoFights,0,RWF_2000,RWF_2000/train/Train_NonFight/Train_NonFight_703.avi,16,224
NoFights/RWF_2000_Train_NonFight_756.pt,NoFights,0,RWF_2000,RWF_2000/train/Train_NonFight/Train_NonFight_756.avi,16,224
NoFights/RWF_2000_Train_NonFight_793.pt,NoFights,0,RWF_2000,RWF_2000/train/Train_NonFight/Train_NonFight_793.avi,16,224
NoFights/RWF_2000_Train_NonFight_607.pt,NoFights,0,RWF_2000,RWF_2000/train/Train_NonFight/Train_NonFight_607.avi,16,224
NoFights/RWF_2000_Train_NonFight_709.pt,NoFights,0,RWF_2000,RWF_2000/train/Train_NonFight/Train_NonFight_709.avi,16,224
NoFights/RWF_2000_Train_NonFight_650.pt,NoFights,0,RWF_2000,RWF_2000/train/Train_NonFight/Train_NonFight_650.avi,16,224
NoFights/RWF_2000_Train_NonFight_720.pt,NoFights,0,RWF_2000,RWF_2000/train/Train_NonFight/Train_NonFight_720.avi,16,224
NoFights/RWF_2000_Train_NonFight_706.pt,NoFights,0,RWF_2000,RWF_2000/train/Train_NonFight/Train_NonFight_706.avi,16,224
NoFights/RWF_2000_Train_NonFight_719.pt,NoFights,0,RWF_2000,RWF_2000/train/Train_NonFight/Train_NonFight_719.avi,16,224
NoFights/RWF_2000_Train_NonFight_685.pt,NoFights,0,RWF_2000,RWF_2000/train/Train_NonFight/Train_NonFight_685.avi,16,224
NoFights/RWF_2000_Train_NonFight_760.pt,NoFights,0,RWF_2000,RWF_2000/train/Train_NonFight/Train_NonFight_760.avi,16,224
NoFights/RWF_2000_Train_NonFight_708.pt,NoFights,0,RWF_2000,RWF_2000/train/Train_NonFight/Train_NonFight_708.avi,16,224
NoFights/RWF_2000_Train_NonFight_691.pt,NoFights,0,RWF_2000,RWF_2000/train/Train_NonFight/Train_NonFight_691.avi,16,224
NoFights/RWF_2000_Train_NonFight_689.pt,NoFights,0,RWF_2000,RWF_2000/train/Train_NonFight/Train_NonFight_689.avi,16,224
NoFights/RWF_2000_Train_NonFight_799.pt,NoFights,0,RWF_2000,RWF_2000/train/Train_NonFight/Train_NonFight_799.avi,16,224
NoFights/RWF_2000_Train_NonFight_777.pt,NoFights,0,RWF_2000,RWF_2000/train/Train_NonFight/Train_NonFight_777.avi,16,224
NoFights/RWF_2000_Train_NonFight_759.pt,NoFights,0,RWF_2000,RWF_2000/train/Train_NonFight/Train_NonFight_759.avi,16,224
NoFights/RWF_2000_Train_NonFight_797.pt,NoFights,0,RWF_2000,RWF_2000/train/Train_NonFight/Train_NonFight_797.avi,16,224
NoFights/RWF_2000_Train_NonFight_729.pt,NoFights,0,RWF_2000,RWF_2000/train/Train_NonFight/Train_NonFight_729.avi,16,224
NoFights/RWF_2000_Train_NonFight_764.pt,NoFights,0,RWF_2000,RWF_2000/train/Train_NonFight/Train_NonFight_764.avi,16,224
NoFights/RWF_2000_Train_NonFight_735.pt,NoFights,0,RWF_2000,RWF_2000/train/Train_NonFight/Train_NonFight_735.avi,16,224
NoFights/RWF_2000_Train_NonFight_768.pt,NoFights,0,RWF_2000,RWF_2000/train/Train_NonFight/Train_NonFight_768.avi,16,224
NoFights/RWF_2000_Train_NonFight_727.pt,NoFights,0,RWF_2000,RWF_2000/train/Train_NonFight/Train_NonFight_727.avi,16,224
NoFights/RWF_2000_Train_NonFight_750.pt,NoFights,0,RWF_2000,RWF_2000/train/Train_NonFight/Train_NonFight_750.avi,16,224
NoFights/RWF_2000_Train_NonFight_779.pt,NoFights,0,RWF_2000,RWF_2000/train/Train_NonFight/Train_NonFight_779.avi,16,224
NoFights/RWF_2000_Train_NonFight_711.pt,NoFights,0,RWF_2000,RWF_2000/train/Train_NonFight/Train_NonFight_711.avi,16,224
NoFights/RWF_2000_Train_NonFight_788.pt,NoFights,0,RWF_2000,RWF_2000/train/Train_NonFight/Train_NonFight_788.avi,16,224
NoFights/RWF_2000_Train_NonFight_752.pt,NoFights,0,RWF_2000,RWF_2000/train/Train_NonFight/Train_NonFight_752.avi,16,224
NoFights/RWF_2000_Train_NonFight_795.pt,NoFights,0,RWF_2000,RWF_2000/train/Train_NonFight/Train_NonFight_795.avi,16,224
NoFights/RWF_2000_Train_NonFight_791.pt,NoFights,0,RWF_2000,RWF_2000/train/Train_NonFight/Train_NonFight_791.avi,16,224
NoFights/RWF_2000_Train_NonFight_794.pt,NoFights,0,RWF_2000,RWF_2000/train/Train_NonFight/Train_NonFight_794.avi,16,224
NoFights/RWF_2000_Train_NonFight_770.pt,NoFights,0,RWF_2000,RWF_2000/train/Train_NonFight/Train_NonFight_770.avi,16,224
NoFights/RWF_2000_Train_NonFight_789.pt,NoFights,0,RWF_2000,RWF_2000/train/Train_NonFight/Train_NonFight_789.avi,16,224
NoFights/RWF_2000_Train_NonFight_798.pt,NoFights,0,RWF_2000,RWF_2000/train/Train_NonFight/Train_NonFight_798.avi,16,224
Fights/RWF_2000_Train_Fight_433.pt,Fights,1,RWF_2000,RWF_2000/train/Train_Fight/Train_Fight_433.avi,16,224
Fights/RWF_2000_Train_Fight_235.pt,Fights,1,RWF_2000,RWF_2000/train/Train_Fight/Train_Fight_235.avi,16,224
Fights/RWF_2000_Train_Fight_30.pt,Fights,1,RWF_2000,RWF_2000/train/Train_Fight/Train_Fight_30.avi,16,224
Fights/RWF_2000_Train_Fight_470.pt,Fights,1,RWF_2000,RWF_2000/train/Train_Fight/Train_Fight_470.avi,16,224
Fights/RWF_2000_Train_Fight_327.pt,Fights,1,RWF_2000,RWF_2000/train/Train_Fight/Train_Fight_327.avi,16,224
Fights/RWF_2000_Train_Fight_774.pt,Fights,1,RWF_2000,RWF_2000/train/Train_Fight/Train_Fight_774.avi,16,224
Fights/RWF_2000_Train_Fight_465.pt,Fights,1,RWF_2000,RWF_2000/train/Train_Fight/Train_Fight_465.avi,16,224
Fights/RWF_2000_Train_Fight_580.pt,Fights,1,RWF_2000,RWF_2000/train/Train_Fight/Train_Fight_580.avi,16,224
Fights/RWF_2000_Train_Fight_297.pt,Fights,1,RWF_2000,RWF_2000/train/Train_Fight/Train_Fight_297.avi,16,224
Fights/RWF_2000_Train_Fight_734.pt,Fights,1,RWF_2000,RWF_2000/train/Train_Fight/Train_Fight_734.avi,16,224
Fights/RWF_2000_Train_Fight_463.pt,Fights,1,RWF_2000,RWF_2000/train/Train_Fight/Train_Fight_463.avi,16,224
Fights/RWF_2000_Train_Fight_720.pt,Fights,1,RWF_2000,RWF_2000/train/Train_Fight/Train_Fight_720.avi,16,224
Fights/RWF_2000_Train_Fight_105.pt,Fights,1,RWF_2000,RWF_2000/train/Train_Fight/Train_Fight_105.avi,16,224
Fights/RWF_2000_Train_Fight_125.pt,Fights,1,RWF_2000,RWF_2000/train/Train_Fight/Train_Fight_125.avi,16,224
Fights/RWF_2000_Train_Fight_701.pt,Fights,1,RWF_2000,RWF_2000/train/Train_Fight/Train_Fight_701.avi,16,224
Fights/RWF_2000_Train_Fight_80.pt,Fights,1,RWF_2000,RWF_2000/train/Train_Fight/Train_Fight_80.avi,16,224
Fights/RWF_2000_Train_Fight_744.pt,Fights,1,RWF_2000,RWF_2000/train/Train_Fight/Train_Fight_744.avi,16,224
Fights/RWF_2000_Train_Fight_119.pt,Fights,1,RWF_2000,RWF_2000/train/Train_Fight/Train_Fight_119.avi,16,224
Fights/RWF_2000_Train_Fight_478.pt,Fights,1,RWF_2000,RWF_2000/train/Train_Fight/Train_Fight_478.avi,16,224
Fights/RWF_2000_Train_Fight_31.pt,Fights,1,RWF_2000,RWF_2000/train/Train_Fight/Train_Fight_31.avi,16,224
Fights/RWF_2000_Train_Fight_419.pt,Fights,1,RWF_2000,RWF_2000/train/Train_Fight/Train_Fight_419.avi,16,224
Fights/RWF_2000_Train_Fight_385.pt,Fights,1,RWF_2000,RWF_2000/train/Train_Fight/Train_Fight_385.avi,16,224
Fights/RWF_2000_Train_Fight_198.pt,Fights,1,RWF_2000,RWF_2000/train/Train_Fight/Train_Fight_198.avi,16,224
Fights/RWF_2000_Train_Fight_437.pt,Fights,1,RWF_2000,RWF_2000/train/Train_Fight/Train_Fight_437.avi,16,224
NoFights/RWF_2000_Train_NonFight_219.pt,NoFights,0,RWF_2000,RWF_2000/train/Train_Fight/Train_NonFight_219.avi,16,224
Fights/RWF_2000_Train_Fight_704.pt,Fights,1,RWF_2000,RWF_2000/train/Train_Fight/Train_Fight_704.avi,16,224
Fights/RWF_2000_Train_Fight_107.pt,Fights,1,RWF_2000,RWF_2000/train/Train_Fight/Train_Fight_107.avi,16,224
Fights/RWF_2000_Train_Fight_208.pt,Fights,1,RWF_2000,RWF_2000/train/Train_Fight/Train_Fight_208.avi,16,224
Fights/RWF_2000_Train_Fight_763.pt,Fights,1,RWF_2000,RWF_2000/train/Train_Fight/Train_Fight_763.avi,16,224
Fights/RWF_2000_Train_Fight_536.pt,Fights,1,RWF_2000,RWF_2000/train/Train_Fight/Train_Fight_536.avi,16,224
Fights/RWF_2000_Train_Fight_57.pt,Fights,1,RWF_2000,RWF_2000/train/Train_Fight/Train_Fight_57.avi,16,224
Fights/RWF_2000_Train_Fight_378.pt,Fights,1,RWF_2000,RWF_2000/train/Train_Fight/Train_Fight_378.avi,16,224
Fights/RWF_2000_Train_Fight_459.pt,Fights,1,RWF_2000,RWF_2000/train/Train_Fight/Train_Fight_459.avi,16,224
Fights/RWF_2000_Train_Fight_152.pt,Fights,1,RWF_2000,RWF_2000/train/Train_Fight/Train_Fight_152.avi,16,224
Fights/RWF_2000_Train_Fight_181.pt,Fights,1,RWF_2000,RWF_2000/train/Train_Fight/Train_Fight_181.avi,16,224
Fights/RWF_2000_Train_Fight_618.pt,Fights,1,RWF_2000,RWF_2000/train/Train_Fight/Train_Fight_618.avi,16,224
Fights/RWF_2000_Train_Fight_286.pt,Fights,1,RWF_2000,RWF_2000/train/Train_Fight/Train_Fight_286.avi,16,224
Fights/RWF_2000_Train_Fight_607.pt,Fights,1,RWF_2000,RWF_2000/train/Train_Fight/Train_Fight_607.avi,16,224
Fights/RWF_2000_Train_Fight_270.pt,Fights,1,RWF_2000,RWF_2000/train/Train_Fight/Train_Fight_270.avi,16,224
Fights/RWF_2000_Train_Fight_541.pt,Fights,1,RWF_2000,RWF_2000/train/Train_Fight/Train_Fight_541.avi,16,224
Fights/RWF_2000_Train_Fight_516.pt,Fights,1,RWF_2000,RWF_2000/train/Train_Fight/Train_Fight_516.avi,16,224
Fights/RWF_2000_Train_Fight_277.pt,Fights,1,RWF_2000,RWF_2000/train/Train_Fight/Train_Fight_277.avi,16,224
Fights/RWF_2000_Train_Fight_173.pt,Fights,1,RWF_2000,RWF_2000/train/Train_Fight/Train_Fight_173.avi,16,224
Fights/RWF_2000_Train_Fight_667.pt,Fights,1,RWF_2000,RWF_2000/train/Train_Fight/Train_Fight_667.avi,16,224
Fights/RWF_2000_Train_Fight_707.pt,Fights,1,RWF_2000,RWF_2000/train/Train_Fight/Train_Fight_707.avi,16,224
Fights/RWF_2000_Train_Fight_188.pt,Fights,1,RWF_2000,RWF_2000/train/Train_Fight/Train_Fight_188.avi,16,224
Fights/RWF_2000_Train_Fight_501.pt,Fights,1,RWF_2000,RWF_2000/train/Train_Fight/Train_Fight_501.avi,16,224
Fights/RWF_2000_Train_Fight_402.pt,Fights,1,RWF_2000,RWF_2000/train/Train_Fight/Train_Fight_402.avi,16,224
Fights/RWF_2000_Train_Fight_766.pt,Fights,1,RWF_2000,RWF_2000/train/Train_Fight/Train_Fight_766.avi,16,224
Fights/RWF_2000_Train_Fight_113.pt,Fights,1,RWF_2000,RWF_2000/train/Train_Fight/Train_Fight_113.avi,16,224
Fights/RWF_2000_Train_Fight_220.pt,Fights,1,RWF_2000,RWF_2000/train/Train_Fight/Train_Fight_220.avi,16,224
Fights/RWF_2000_Train_Fight_634.pt,Fights,1,RWF_2000,RWF_2000/train/Train_Fight/Train_Fight_634.avi,16,224
Fights/RWF_2000_Train_Fight_736.pt,Fights,1,RWF_2000,RWF_2000/train/Train_Fight/Train_Fight_736.avi,16,224
Fights/RWF_2000_Train_Fight_558.pt,Fights,1,RWF_2000,RWF_2000/train/Train_Fight/Train_Fight_558.avi,16,224
Fights/RWF_2000_Train_Fight_257.pt,Fights,1,RWF_2000,RWF_2000/train/Train_Fight/Train_Fight_257.avi,16,224
Fights/RWF_2000_Train_Fight_314.pt,Fights,1,RWF_2000,RWF_2000/train/Train_Fight/Train_Fight_314.avi,16,224
Fights/RWF_2000_Train_Fight_326.pt,Fights,1,RWF_2000,RWF_2000/train/Train_Fight/Train_Fight_326.avi,16,224
Fights/RWF_2000_Train_Fight_192.pt,Fights,1,RWF_2000,RWF_2000/train/Train_Fight/Train_Fight_192.avi,16,224
Fights/RWF_2000_Train_Fight_187.pt,Fights,1,RWF_2000,RWF_2000/train/Train_Fight/Train_Fight_187.avi,16,224
Fights/RWF_2000_Train_Fight_415.pt,Fights,1,RWF_2000,RWF_2000/train/Train_Fight/Train_Fight_415.avi,16,224
Fights/RWF_2000_Train_Fight_756.pt,Fights,1,RWF_2000,RWF_2000/train/Train_Fight/Train_Fight_756.avi,16,224
Fights/RWF_2000_Train_Fight_423.pt,Fights,1,RWF_2000,RWF_2000/train/Train_Fight/Train_Fight_423.avi,16,224
Fights/RWF_2000_Train_Fight_133.pt,Fights,1,RWF_2000,RWF_2000/train/Train_Fight/Train_Fight_133.avi,16,224
Fights/RWF_2000_Train_Fight_294.pt,Fights,1,RWF_2000,RWF_2000/train/Train_Fight/Train_Fight_294.avi,16,224
Fights/RWF_2000_Train_Fight_636.pt,Fights,1,RWF_2000,RWF_2000/train/Train_Fight/Train_Fight_636.avi,16,224
Fights/RWF_2000_Train_Fight_659.pt,Fights,1,RWF_2000,RWF_2000/train/Train_Fight/Train_Fight_659.avi,16,224
Fights/RWF_2000_Train_Fight_316.pt,Fights,1,RWF_2000,RWF_2000/train/Train_Fight/Train_Fight_316.avi,16,224
Fights/RWF_2000_Train_Fight_179.pt,Fights,1,RWF_2000,RWF_2000/train/Train_Fight/Train_Fight_179.avi,16,224
Fights/RWF_2000_Train_Fight_329.pt,Fights,1,RWF_2000,RWF_2000/train/Train_Fight/Train_Fight_329.avi,16,224
Fights/RWF_2000_Train_Fight_118.pt,Fights,1,RWF_2000,RWF_2000/train/Train_Fight/Train_Fight_118.avi,16,224
Fights/RWF_2000_Train_Fight_654.pt,Fights,1,RWF_2000,RWF_2000/train/Train_Fight/Train_Fight_654.avi,16,224
Fights/RWF_2000_Train_Fight_632.pt,Fights,1,RWF_2000,RWF_2000/train/Train_Fight/Train_Fight_632.avi,16,224
Fights/RWF_2000_Train_Fight_245.pt,Fights,1,RWF_2000,RWF_2000/train/Train_Fight/Train_Fight_245.avi,16,224
Fights/RWF_2000_Train_Fight_416.pt,Fights,1,RWF_2000,RWF_2000/train/Train_Fight/Train_Fight_416.avi,16,224
Fights/RWF_2000_Train_Fight_335.pt,Fights,1,RWF_2000,RWF_2000/train/Train_Fight/Train_Fight_335.avi,16,224
Fights/RWF_2000_Train_Fight_292.pt,Fights,1,RWF_2000,RWF_2000/train/Train_Fight/Train_Fight_292.avi,16,224
Fights/RWF_2000_Train_Fight_91.pt,Fights,1,RWF_2000,RWF_2000/train/Train_Fight/Train_Fight_91.avi,16,224
Fights/RWF_2000_Train_Fight_768.pt,Fights,1,RWF_2000,RWF_2000/train/Train_Fight/Train_Fight_768.avi,16,224
Fights/RWF_2000_Train_Fight_289.pt,Fights,1,RWF_2000,RWF_2000/train/Train_Fight/Train_Fight_289.avi,16,224
Fights/RWF_2000_Train_Fight_112.pt,Fights,1,RWF_2000,RWF_2000/train/Train_Fight/Train_Fight_112.avi,16,224
Fights/RWF_2000_Train_Fight_310.pt,Fights,1,RWF_2000,RWF_2000/train/Train_Fight/Train_Fight_310.avi,16,224
Fights/RWF_2000_Train_Fight_571.pt,Fights,1,RWF_2000,RWF_2000/train/Train_Fight/Train_Fight_571.avi,16,224
Fights/RWF_2000_Train_Fight_214.pt,Fights,1,RWF_2000,RWF_2000/train/Train_Fight/Train_Fight_214.avi,16,224
Fights/RWF_2000_Train_Fight_345.pt,Fights,1,RWF_2000,RWF_2000/train/Train_Fight/Train_Fight_345.avi,16,224
Fights/RWF_2000_Train_Fight_405.pt,Fights,1,RWF_2000,RWF_2000/train/Train_Fight/Train_Fight_405.avi,16,224
NoFights/RWF_2000_Train_NonFight_172.pt,NoFights,0,RWF_2000,RWF_2000/train/Train_Fight/Train_NonFight_172.avi,16,224
Fights/RWF_2000_Train_Fight_694.pt,Fights,1,RWF_2000,RWF_2000/train/Train_Fight/Train_Fight_694.avi,16,224
Fights/RWF_2000_Train_Fight_101.pt,Fights,1,RWF_2000,RWF_2000/train/Train_Fight/Train_Fight_101.avi,16,224
Fights/RWF_2000_Train_Fight_563.pt,Fights,1,RWF_2000,RWF_2000/train/Train_Fight/Train_Fight_563.avi,16,224
Fights/RWF_2000_Train_Fight_568.pt,Fights,1,RWF_2000,RWF_2000/train/Train_Fight/Train_Fight_568.avi,16,224
Fights/RWF_2000_Train_Fight_731.pt,Fights,1,RWF_2000,RWF_2000/train/Train_Fight/Train_Fight_731.avi,16,224
Fights/RWF_2000_Train_Fight_210.pt,Fights,1,RWF_2000,RWF_2000/train/Train_Fight/Train_Fight_210.avi,16,224
Fights/RWF_2000_Train_Fight_207.pt,Fights,1,RWF_2000,RWF_2000/train/Train_Fight/Train_Fight_207.avi,16,224
Fights/RWF_2000_Train_Fight_127.pt,Fights,1,RWF_2000,RWF_2000/train/Train_Fight/Train_Fight_127.avi,16,224
Fights/RWF_2000_Train_Fight_639.pt,Fights,1,RWF_2000,RWF_2000/train/Train_Fight/Train_Fight_639.avi,16,224
Fights/RWF_2000_Train_Fight_322.pt,Fights,1,RWF_2000,RWF_2000/train/Train_Fight/Train_Fight_322.avi,16,224
Fights/RWF_2000_Train_Fight_543.pt,Fights,1,RWF_2000,RWF_2000/train/Train_Fight/Train_Fight_543.avi,16,224
Fights/RWF_2000_Train_Fight_313.pt,Fights,1,RWF_2000,RWF_2000/train/Train_Fight/Train_Fight_313.avi,16,224
Fights/RWF_2000_Train_Fight_410.pt,Fights,1,RWF_2000,RWF_2000/train/Train_Fight/Train_Fight_410.avi,16,224
Fights/RWF_2000_Train_Fight_620.pt,Fights,1,RWF_2000,RWF_2000/train/Train_Fight/Train_Fight_620.avi,16,224
Fights/RWF_2000_Train_Fight_762.pt,Fights,1,RWF_2000,RWF_2000/train/Train_Fight/Train_Fight_762.avi,16,224
Fights/RWF_2000_Train_Fight_651.pt,Fights,1,RWF_2000,RWF_2000/train/Train_Fight/Train_Fight_651.avi,16,224
Fights/RWF_2000_Train_Fight_626.pt,Fights,1,RWF_2000,RWF_2000/train/Train_Fight/Train_Fight_626.avi,16,224
Fights/RWF_2000_Train_Fight_304.pt,Fights,1,RWF_2000,RWF_2000/train/Train_Fight/Train_Fight_304.avi,16,224
Fights/RWF_2000_Train_Fight_272.pt,Fights,1,RWF_2000,RWF_2000/train/Train_Fight/Train_Fight_272.avi,16,224
Fights/RWF_2000_Train_Fight_565.pt,Fights,1,RWF_2000,RWF_2000/train/Train_Fight/Train_Fight_565.avi,16,224
Fights/RWF_2000_Train_Fight_328.pt,Fights,1,RWF_2000,RWF_2000/train/Train_Fight/Train_Fight_328.avi,16,224
Fights/RWF_2000_Train_Fight_680.pt,Fights,1,RWF_2000,RWF_2000/train/Train_Fight/Train_Fight_680.avi,16,224
Fights/RWF_2000_Train_Fight_361.pt,Fights,1,RWF_2000,RWF_2000/train/Train_Fight/Train_Fight_361.avi,16,224
Fights/RWF_2000_Train_Fight_150.pt,Fights,1,RWF_2000,RWF_2000/train/Train_Fight/Train_Fight_150.avi,16,224
Fights/RWF_2000_Train_Fight_557.pt,Fights,1,RWF_2000,RWF_2000/train/Train_Fight/Train_Fight_557.avi,16,224
Fights/RWF_2000_Train_Fight_388.pt,Fights,1,RWF_2000,RWF_2000/train/Train_Fight/Train_Fight_388.avi,16,224
Fights/RWF_2000_Train_Fight_432.pt,Fights,1,RWF_2000,RWF_2000/train/Train_Fight/Train_Fight_432.avi,16,224
Fights/RWF_2000_Train_Fight_455.pt,Fights,1,RWF_2000,RWF_2000/train/Train_Fight/Train_Fight_455.avi,16,224
Fights/RWF_2000_Train_Fight_336.pt,Fights,1,RWF_2000,RWF_2000/train/Train_Fight/Train_Fight_336.avi,16,224
Fights/RWF_2000_Train_Fight_420.pt,Fights,1,RWF_2000,RWF_2000/train/Train_Fight/Train_Fight_420.avi,16,224
Fights/RWF_2000_Train_Fight_300.pt,Fights,1,RWF_2000,RWF_2000/train/Train_Fight/Train_Fight_300.avi,16,224
Fights/RWF_2000_Train_Fight_729.pt,Fights,1,RWF_2000,RWF_2000/train/Train_Fight/Train_Fight_729.avi,16,224
Fights/RWF_2000_Train_Fight_238.pt,Fights,1,RWF_2000,RWF_2000/train/Train_Fight/Train_Fight_238.avi,16,224
Fights/RWF_2000_Train_Fight_369.pt,Fights,1,RWF_2000,RWF_2000/train/Train_Fight/Train_Fight_369.avi,16,224
Fights/RWF_2000_Train_Fight_601.pt,Fights,1,RWF_2000,RWF_2000/train/Train_Fight/Train_Fight_601.avi,16,224
Fights/RWF_2000_Train_Fight_236.pt,Fights,1,RWF_2000,RWF_2000/train/Train_Fight/Train_Fight_236.avi,16,224
Fights/RWF_2000_Train_Fight_761.pt,Fights,1,RWF_2000,RWF_2000/train/Train_Fight/Train_Fight_761.avi,16,224
Fights/RWF_2000_Train_Fight_738.pt,Fights,1,RWF_2000,RWF_2000/train/Train_Fight/Train_Fight_738.avi,16,224
Fights/RWF_2000_Train_Fight_746.pt,Fights,1,RWF_2000,RWF_2000/train/Train_Fight/Train_Fight_746.avi,16,224
Fights/RWF_2000_Train_Fight_579.pt,Fights,1,RWF_2000,RWF_2000/train/Train_Fight/Train_Fight_579.avi,16,224
Fights/RWF_2000_Train_Fight_479.pt,Fights,1,RWF_2000,RWF_2000/train/Train_Fight/Train_Fight_479.avi,16,224
Fights/RWF_2000_Train_Fight_710.pt,Fights,1,RWF_2000,RWF_2000/train/Train_Fight/Train_Fight_710.avi,16,224
Fights/RWF_2000_Train_Fight_559.pt,Fights,1,RWF_2000,RWF_2000/train/Train_Fight/Train_Fight_559.avi,16,224
Fights/RWF_2000_Train_Fight_645.pt,Fights,1,RWF_2000,RWF_2000/train/Train_Fight/Train_Fight_645.avi,16,224
Fights/RWF_2000_Train_Fight_153.pt,Fights,1,RWF_2000,RWF_2000/train/Train_Fight/Train_Fight_153.avi,16,224
Fights/RWF_2000_Train_Fight_435.pt,Fights,1,RWF_2000,RWF_2000/train/Train_Fight/Train_Fight_435.avi,16,224
Fights/RWF_2000_Train_Fight_775.pt,Fights,1,RWF_2000,RWF_2000/train/Train_Fight/Train_Fight_775.avi,16,224
Fights/RWF_2000_Train_Fight_609.pt,Fights,1,RWF_2000,RWF_2000/train/Train_Fight/Train_Fight_609.avi,16,224
Fights/RWF_2000_Train_Fight_178.pt,Fights,1,RWF_2000,RWF_2000/train/Train_Fight/Train_Fight_178.avi,16,224
Fights/RWF_2000_Train_Fight_740.pt,Fights,1,RWF_2000,RWF_2000/train/Train_Fight/Train_Fight_740.avi,16,224
Fights/RWF_2000_Train_Fight_669.pt,Fights,1,RWF_2000,RWF_2000/train/Train_Fight/Train_Fight_669.avi,16,224
Fights/RWF_2000_Train_Fight_522.pt,Fights,1,RWF_2000,RWF_2000/train/Train_Fight/Train_Fight_522.avi,16,224
Fights/RWF_2000_Train_Fight_586.pt,Fights,1,RWF_2000,RWF_2000/train/Train_Fight/Train_Fight_586.avi,16,224
Fights/RWF_2000_Train_Fight_637.pt,Fights,1,RWF_2000,RWF_2000/train/Train_Fight/Train_Fight_637.avi,16,224
Fights/RWF_2000_Train_Fight_290.pt,Fights,1,RWF_2000,RWF_2000/train/Train_Fight/Train_Fight_290.avi,16,224
Fights/RWF_2000_Train_Fight_608.pt,Fights,1,RWF_2000,RWF_2000/train/Train_Fight/Train_Fight_608.avi,16,224
Fights/RWF_2000_Train_Fight_400.pt,Fights,1,RWF_2000,RWF_2000/train/Train_Fight/Train_Fight_400.avi,16,224
Fights/RWF_2000_Train_Fight_444.pt,Fights,1,RWF_2000,RWF_2000/train/Train_Fight/Train_Fight_444.avi,16,224
Fights/RWF_2000_Train_Fight_644.pt,Fights,1,RWF_2000,RWF_2000/train/Train_Fight/Train_Fight_644.avi,16,224
Fights/RWF_2000_Train_Fight_772.pt,Fights,1,RWF_2000,RWF_2000/train/Train_Fight/Train_Fight_772.avi,16,224
Fights/RWF_2000_Train_Fight_204.pt,Fights,1,RWF_2000,RWF_2000/train/Train_Fight/Train_Fight_204.avi,16,224
Fights/RWF_2000_Train_Fight_589.pt,Fights,1,RWF_2000,RWF_2000/train/Train_Fight/Train_Fight_589.avi,16,224
Fights/RWF_2000_Train_Fight_350.pt,Fights,1,RWF_2000,RWF_2000/train/Train_Fight/Train_Fight_350.avi,16,224
Fights/RWF_2000_Train_Fight_504.pt,Fights,1,RWF_2000,RWF_2000/train/Train_Fight/Train_Fight_504.avi,16,224
Fights/RWF_2000_Train_Fight_743.pt,Fights,1,RWF_2000,RWF_2000/train/Train_Fight/Train_Fight_743.avi,16,224
Fights/RWF_2000_Train_Fight_226.pt,Fights,1,RWF_2000,RWF_2000/train/Train_Fight/Train_Fight_226.avi,16,224
Fights/RWF_2000_Train_Fight_548.pt,Fights,1,RWF_2000,RWF_2000/train/Train_Fight/Train_Fight_548.avi,16,224
Fights/RWF_2000_Train_Fight_737.pt,Fights,1,RWF_2000,RWF_2000/train/Train_Fight/Train_Fight_737.avi,16,224
Fights/RWF_2000_Train_Fight_614.pt,Fights,1,RWF_2000,RWF_2000/train/Train_Fight/Train_Fight_614.avi,16,224
Fights/RWF_2000_Train_Fight_538.pt,Fights,1,RWF_2000,RWF_2000/train/Train_Fight/Train_Fight_538.avi,16,224
Fights/RWF_2000_Train_Fight_724.pt,Fights,1,RWF_2000,RWF_2000/train/Train_Fight/Train_Fight_724.avi,16,224
Fights/RWF_2000_Train_Fight_436.pt,Fights,1,RWF_2000,RWF_2000/train/Train_Fight/Train_Fight_436.avi,16,224
Fights/RWF_2000_Train_Fight_612.pt,Fights,1,RWF_2000,RWF_2000/train/Train_Fight/Train_Fight_612.avi,16,224
Fights/RWF_2000_Train_Fight_650.pt,Fights,1,RWF_2000,RWF_2000/train/Train_Fight/Train_Fight_650.avi,16,224
Fights/RWF_2000_Train_Fight_261.pt,Fights,1,RWF_2000,RWF_2000/train/Train_Fight/Train_Fight_261.avi,16,224
Fights/RWF_2000_Train_Fight_668.pt,Fights,1,RWF_2000,RWF_2000/train/Train_Fight/Train_Fight_668.avi,16,224
Fights/RWF_2000_Train_Fight_521.pt,Fights,1,RWF_2000,RWF_2000/train/Train_Fight/Train_Fight_521.avi,16,224
Fights/RWF_2000_Train_Fight_492.pt,Fights,1,RWF_2000,RWF_2000/train/Train_Fight/Train_Fight_492.avi,16,224
Fights/RWF_2000_Train_Fight_486.pt,Fights,1,RWF_2000,RWF_2000/train/Train_Fight/Train_Fight_486.avi,16,224
Fights/RWF_2000_Train_Fight_481.pt,Fights,1,RWF_2000,RWF_2000/train/Train_Fight/Train_Fight_481.avi,16,224
Fights/RWF_2000_Train_Fight_652.pt,Fights,1,RWF_2000,RWF_2000/train/Train_Fight/Train_Fight_652.avi,16,224
Fights/RWF_2000_Train_Fight_758.pt,Fights,1,RWF_2000,RWF_2000/train/Train_Fight/Train_Fight_758.avi,16,224
Fights/RWF_2000_Train_Fight_674.pt,Fights,1,RWF_2000,RWF_2000/train/Train_Fight/Train_Fight_674.avi,16,224
Fights/RWF_2000_Train_Fight_332.pt,Fights,1,RWF_2000,RWF_2000/train/Train_Fight/Train_Fight_332.avi,16,224
Fights/RWF_2000_Train_Fight_562.pt,Fights,1,RWF_2000,RWF_2000/train/Train_Fight/Train_Fight_562.avi,16,224
Fights/RWF_2000_Train_Fight_553.pt,Fights,1,RWF_2000,RWF_2000/train/Train_Fight/Train_Fight_553.avi,16,224
Fights/RWF_2000_Train_Fight_705.pt,Fights,1,RWF_2000,RWF_2000/train/Train_Fight/Train_Fight_705.avi,16,224
Fights/RWF_2000_Train_Fight_305.pt,Fights,1,RWF_2000,RWF_2000/train/Train_Fight/Train_Fight_305.avi,16,224
Fights/RWF_2000_Train_Fight_407.pt,Fights,1,RWF_2000,RWF_2000/train/Train_Fight/Train_Fight_407.avi,16,224
Fights/RWF_2000_Train_Fight_323.pt,Fights,1,RWF_2000,RWF_2000/train/Train_Fight/Train_Fight_323.avi,16,224
Fights/RWF_2000_Train_Fight_684.pt,Fights,1,RWF_2000,RWF_2000/train/Train_Fight/Train_Fight_684.avi,16,224
Fights/RWF_2000_Train_Fight_404.pt,Fights,1,RWF_2000,RWF_2000/train/Train_Fight/Train_Fight_404.avi,16,224
Fights/RWF_2000_Train_Fight_213.pt,Fights,1,RWF_2000,RWF_2000/train/Train_Fight/Train_Fight_213.avi,16,224
Fights/RWF_2000_Train_Fight_633.pt,Fights,1,RWF_2000,RWF_2000/train/Train_Fight/Train_Fight_633.avi,16,224
Fights/RWF_2000_Train_Fight_546.pt,Fights,1,RWF_2000,RWF_2000/train/Train_Fight/Train_Fight_546.avi,16,224
Fights/RWF_2000_Train_Fight_232.pt,Fights,1,RWF_2000,RWF_2000/train/Train_Fight/Train_Fight_232.avi,16,224
Fights/RWF_2000_Train_Fight_757.pt,Fights,1,RWF_2000,RWF_2000/train/Train_Fight/Train_Fight_757.avi,16,224
Fights/RWF_2000_Train_Fight_530.pt,Fights,1,RWF_2000,RWF_2000/train/Train_Fight/Train_Fight_530.avi,16,224
Fights/RWF_2000_Train_Fight_606.pt,Fights,1,RWF_2000,RWF_2000/train/Train_Fight/Train_Fight_606.avi,16,224
Fights/RWF_2000_Train_Fight_482.pt,Fights,1,RWF_2000,RWF_2000/train/Train_Fight/Train_Fight_482.avi,16,224
Fights/RWF_2000_Train_Fight_360.pt,Fights,1,RWF_2000,RWF_2000/train/Train_Fight/Train_Fight_360.avi,16,224
Fights/RWF_2000_Train_Fight_526.pt,Fights,1,RWF_2000,RWF_2000/train/Train_Fight/Train_Fight_526.avi,16,224
Fights/RWF_2000_Train_Fight_414.pt,Fights,1,RWF_2000,RWF_2000/train/Train_Fight/Train_Fight_414.avi,16,224
Fights/RWF_2000_Train_Fight_443.pt,Fights,1,RWF_2000,RWF_2000/train/Train_Fight/Train_Fight_443.avi,16,224
Fights/RWF_2000_Train_Fight_577.pt,Fights,1,RWF_2000,RWF_2000/train/Train_Fight/Train_Fight_577.avi,16,224
Fights/RWF_2000_Train_Fight_505.pt,Fights,1,RWF_2000,RWF_2000/train/Train_Fight/Train_Fight_505.avi,16,224
Fights/RWF_2000_Train_Fight_359.pt,Fights,1,RWF_2000,RWF_2000/train/Train_Fight/Train_Fight_359.avi,16,224
Fights/RWF_2000_Train_Fight_462.pt,Fights,1,RWF_2000,RWF_2000/train/Train_Fight/Train_Fight_462.avi,16,224
Fights/RWF_2000_Train_Fight_728.pt,Fights,1,RWF_2000,RWF_2000/train/Train_Fight/Train_Fight_728.avi,16,224
Fights/RWF_2000_Train_Fight_306.pt,Fights,1,RWF_2000,RWF_2000/train/Train_Fight/Train_Fight_306.avi,16,224
Fights/RWF_2000_Train_Fight_349.pt,Fights,1,RWF_2000,RWF_2000/train/Train_Fight/Train_Fight_349.avi,16,224
Fights/RWF_2000_Train_Fight_468.pt,Fights,1,RWF_2000,RWF_2000/train/Train_Fight/Train_Fight_468.avi,16,224
Fights/RWF_2000_Train_Fight_542.pt,Fights,1,RWF_2000,RWF_2000/train/Train_Fight/Train_Fight_542.avi,16,224
Fights/RWF_2000_Train_Fight_675.pt,Fights,1,RWF_2000,RWF_2000/train/Train_Fight/Train_Fight_675.avi,16,224
Fights/RWF_2000_Train_Fight_287.pt,Fights,1,RWF_2000,RWF_2000/train/Train_Fight/Train_Fight_287.avi,16,224
Fights/RWF_2000_Train_Fight_687.pt,Fights,1,RWF_2000,RWF_2000/train/Train_Fight/Train_Fight_687.avi,16,224
Fights/RWF_2000_Train_Fight_726.pt,Fights,1,RWF_2000,RWF_2000/train/Train_Fight/Train_Fight_726.avi,16,224
Fights/RWF_2000_Train_Fight_715.pt,Fights,1,RWF_2000,RWF_2000/train/Train_Fight/Train_Fight_715.avi,16,224
Fights/RWF_2000_Train_Fight_395.pt,Fights,1,RWF_2000,RWF_2000/train/Train_Fight/Train_Fight_395.avi,16,224
Fights/RWF_2000_Train_Fight_424.pt,Fights,1,RWF_2000,RWF_2000/train/Train_Fight/Train_Fight_424.avi,16,224
Fights/RWF_2000_Train_Fight_480.pt,Fights,1,RWF_2000,RWF_2000/train/Train_Fight/Train_Fight_480.avi,16,224
Fights/RWF_2000_Train_Fight_412.pt,Fights,1,RWF_2000,RWF_2000/train/Train_Fight/Train_Fight_412.avi,16,224
Fights/RWF_2000_Train_Fight_380.pt,Fights,1,RWF_2000,RWF_2000/train/Train_Fight/Train_Fight_380.avi,16,224
Fights/RWF_2000_Train_Fight_284.pt,Fights,1,RWF_2000,RWF_2000/train/Train_Fight/Train_Fight_284.avi,16,224
Fights/RWF_2000_Train_Fight_725.pt,Fights,1,RWF_2000,RWF_2000/train/Train_Fight/Train_Fight_725.avi,16,224
Fights/RWF_2000_Train_Fight_333.pt,Fights,1,RWF_2000,RWF_2000/train/Train_Fight/Train_Fight_333.avi,16,224
Fights/RWF_2000_Train_Fight_525.pt,Fights,1,RWF_2000,RWF_2000/train/Train_Fight/Train_Fight_525.avi,16,224
Fights/RWF_2000_Train_Fight_582.pt,Fights,1,RWF_2000,RWF_2000/train/Train_Fight/Train_Fight_582.avi,16,224
Fights/RWF_2000_Train_Fight_576.pt,Fights,1,RWF_2000,RWF_2000/train/Train_Fight/Train_Fight_576.avi,16,224
Fights/RWF_2000_Train_Fight_413.pt,Fights,1,RWF_2000,RWF_2000/train/Train_Fight/Train_Fight_413.avi,16,224
Fights/RWF_2000_Train_Fight_279.pt,Fights,1,RWF_2000,RWF_2000/train/Train_Fight/Train_Fight_279.avi,16,224
Fights/RWF_2000_Train_Fight_500.pt,Fights,1,RWF_2000,RWF_2000/train/Train_Fight/Train_Fight_500.avi,16,224
Fights/RWF_2000_Train_Fight_280.pt,Fights,1,RWF_2000,RWF_2000/train/Train_Fight/Train_Fight_280.avi,16,224
Fights/RWF_2000_Train_Fight_514.pt,Fights,1,RWF_2000,RWF_2000/train/Train_Fight/Train_Fight_514.avi,16,224
Fights/RWF_2000_Train_Fight_471.pt,Fights,1,RWF_2000,RWF_2000/train/Train_Fight/Train_Fight_471.avi,16,224
Fights/RWF_2000_Train_Fight_510.pt,Fights,1,RWF_2000,RWF_2000/train/Train_Fight/Train_Fight_510.avi,16,224
Fights/RWF_2000_Train_Fight_700.pt,Fights,1,RWF_2000,RWF_2000/train/Train_Fight/Train_Fight_700.avi,16,224
Fights/RWF_2000_Train_Fight_717.pt,Fights,1,RWF_2000,RWF_2000/train/Train_Fight/Train_Fight_717.avi,16,224
Fights/RWF_2000_Train_Fight_690.pt,Fights,1,RWF_2000,RWF_2000/train/Train_Fight/Train_Fight_690.avi,16,224
Fights/RWF_2000_Train_Fight_676.pt,Fights,1,RWF_2000,RWF_2000/train/Train_Fight/Train_Fight_676.avi,16,224
Fights/RWF_2000_Train_Fight_703.pt,Fights,1,RWF_2000,RWF_2000/train/Train_Fight/Train_Fight_703.avi,16,224
Fights/RWF_2000_Train_Fight_454.pt,Fights,1,RWF_2000,RWF_2000/train/Train_Fight/Train_Fight_454.avi,16,224
Fights/RWF_2000_Train_Fight_371.pt,Fights,1,RWF_2000,RWF_2000/train/Train_Fight/Train_Fight_371.avi,16,224
Fights/RWF_2000_Train_Fight_515.pt,Fights,1,RWF_2000,RWF_2000/train/Train_Fight/Train_Fight_515.avi,16,224
Fights/RWF_2000_Train_Fight_374.pt,Fights,1,RWF_2000,RWF_2000/train/Train_Fight/Train_Fight_374.avi,16,224
Fights/RWF_2000_Train_Fight_712.pt,Fights,1,RWF_2000,RWF_2000/train/Train_Fight/Train_Fight_712.avi,16,224
Fights/RWF_2000_Train_Fight_688.pt,Fights,1,RWF_2000,RWF_2000/train/Train_Fight/Train_Fight_688.avi,16,224
Fights/RWF_2000_Train_Fight_315.pt,Fights,1,RWF_2000,RWF_2000/train/Train_Fight/Train_Fight_315.avi,16,224
Fights/RWF_2000_Train_Fight_615.pt,Fights,1,RWF_2000,RWF_2000/train/Train_Fight/Train_Fight_615.avi,16,224
Fights/RWF_2000_Train_Fight_472.pt,Fights,1,RWF_2000,RWF_2000/train/Train_Fight/Train_Fight_472.avi,16,224
Fights/RWF_2000_Train_Fight_340.pt,Fights,1,RWF_2000,RWF_2000/train/Train_Fight/Train_Fight_340.avi,16,224
Fights/RWF_2000_Train_Fight_727.pt,Fights,1,RWF_2000,RWF_2000/train/Train_Fight/Train_Fight_727.avi,16,224
Fights/RWF_2000_Train_Fight_524.pt,Fights,1,RWF_2000,RWF_2000/train/Train_Fight/Train_Fight_524.avi,16,224
Fights/RWF_2000_Train_Fight_677.pt,Fights,1,RWF_2000,RWF_2000/train/Train_Fight/Train_Fight_677.avi,16,224
Fights/RWF_2000_Train_Fight_440.pt,Fights,1,RWF_2000,RWF_2000/train/Train_Fight/Train_Fight_440.avi,16,224
Fights/RWF_2000_Train_Fight_341.pt,Fights,1,RWF_2000,RWF_2000/train/Train_Fight/Train_Fight_341.avi,16,224
Fights/RWF_2000_Train_Fight_556.pt,Fights,1,RWF_2000,RWF_2000/train/Train_Fight/Train_Fight_556.avi,16,224
Fights/RWF_2000_Train_Fight_682.pt,Fights,1,RWF_2000,RWF_2000/train/Train_Fight/Train_Fight_682.avi,16,224
Fights/RWF_2000_Train_Fight_317.pt,Fights,1,RWF_2000,RWF_2000/train/Train_Fight/Train_Fight_317.avi,16,224
Fights/RWF_2000_Train_Fight_421.pt,Fights,1,RWF_2000,RWF_2000/train/Train_Fight/Train_Fight_421.avi,16,224
Fights/RWF_2000_Train_Fight_425.pt,Fights,1,RWF_2000,RWF_2000/train/Train_Fight/Train_Fight_425.avi,16,224
Fights/RWF_2000_Train_Fight_488.pt,Fights,1,RWF_2000,RWF_2000/train/Train_Fight/Train_Fight_488.avi,16,224
Fights/RWF_2000_Train_Fight_533.pt,Fights,1,RWF_2000,RWF_2000/train/Train_Fight/Train_Fight_533.avi,16,224
Fights/RWF_2000_Train_Fight_461.pt,Fights,1,RWF_2000,RWF_2000/train/Train_Fight/Train_Fight_461.avi,16,224
Fights/RWF_2000_Train_Fight_453.pt,Fights,1,RWF_2000,RWF_2000/train/Train_Fight/Train_Fight_453.avi,16,224
Fights/RWF_2000_Train_Fight_386.pt,Fights,1,RWF_2000,RWF_2000/train/Train_Fight/Train_Fight_386.avi,16,224
Fights/RWF_2000_Train_Fight_513.pt,Fights,1,RWF_2000,RWF_2000/train/Train_Fight/Train_Fight_513.avi,16,224
Fights/RWF_2000_Train_Fight_619.pt,Fights,1,RWF_2000,RWF_2000/train/Train_Fight/Train_Fight_619.avi,16,224
Fights/RWF_2000_Train_Fight_529.pt,Fights,1,RWF_2000,RWF_2000/train/Train_Fight/Train_Fight_529.avi,16,224
Fights/RWF_2000_Train_Fight_679.pt,Fights,1,RWF_2000,RWF_2000/train/Train_Fight/Train_Fight_679.avi,16,224
Fights/RWF_2000_Train_Fight_422.pt,Fights,1,RWF_2000,RWF_2000/train/Train_Fight/Train_Fight_422.avi,16,224
Fights/RWF_2000_Train_Fight_560.pt,Fights,1,RWF_2000,RWF_2000/train/Train_Fight/Train_Fight_560.avi,16,224
Fights/RWF_2000_Train_Fight_767.pt,Fights,1,RWF_2000,RWF_2000/train/Train_Fight/Train_Fight_767.avi,16,224
Fights/RWF_2000_Train_Fight_706.pt,Fights,1,RWF_2000,RWF_2000/train/Train_Fight/Train_Fight_706.avi,16,224
Fights/RWF_2000_Train_Fight_745.pt,Fights,1,RWF_2000,RWF_2000/train/Train_Fight/Train_Fight_745.avi,16,224
Fights/RWF_2000_Train_Fight_630.pt,Fights,1,RWF_2000,RWF_2000/train/Train_Fight/Train_Fight_630.avi,16,224
NoFights/RWF_2000_Train_NonFight_564.pt,NoFights,0,RWF_2000,RWF_2000/train/Train_Fight/Train_NonFight_564.avi,16,224
Fights/RWF_2000_Train_Fight_352.pt,Fights,1,RWF_2000,RWF_2000/train/Train_Fight/Train_Fight_352.avi,16,224
Fights/RWF_2000_Train_Fight_344.pt,Fights,1,RWF_2000,RWF_2000/train/Train_Fight/Train_Fight_344.avi,16,224
Fights/RWF_2000_Train_Fight_469.pt,Fights,1,RWF_2000,RWF_2000/train/Train_Fight/Train_Fight_469.avi,16,224
Fights/RWF_2000_Train_Fight_458.pt,Fights,1,RWF_2000,RWF_2000/train/Train_Fight/Train_Fight_458.avi,16,224
Fights/RWF_2000_Train_Fight_381.pt,Fights,1,RWF_2000,RWF_2000/train/Train_Fight/Train_Fight_381.avi,16,224
Fights/RWF_2000_Train_Fight_399.pt,Fights,1,RWF_2000,RWF_2000/train/Train_Fight/Train_Fight_399.avi,16,224
Fights/RWF_2000_Train_Fight_457.pt,Fights,1,RWF_2000,RWF_2000/train/Train_Fight/Train_Fight_457.avi,16,224
Fights/RWF_2000_Train_Fight_631.pt,Fights,1,RWF_2000,RWF_2000/train/Train_Fight/Train_Fight_631.avi,16,224
Fights/RWF_2000_Train_Fight_649.pt,Fights,1,RWF_2000,RWF_2000/train/Train_Fight/Train_Fight_649.avi,16,224
Fights/RWF_2000_Train_Fight_673.pt,Fights,1,RWF_2000,RWF_2000/train/Train_Fight/Train_Fight_673.avi,16,224
Fights/RWF_2000_Train_Fight_733.pt,Fights,1,RWF_2000,RWF_2000/train/Train_Fight/Train_Fight_733.avi,16,224
Fights/RWF_2000_Train_Fight_474.pt,Fights,1,RWF_2000,RWF_2000/train/Train_Fight/Train_Fight_474.avi,16,224
Fights/RWF_2000_Train_Fight_698.pt,Fights,1,RWF_2000,RWF_2000/train/Train_Fight/Train_Fight_698.avi,16,224
Fights/RWF_2000_Train_Fight_392.pt,Fights,1,RWF_2000,RWF_2000/train/Train_Fight/Train_Fight_392.avi,16,224
Fights/RWF_2000_Train_Fight_383.pt,Fights,1,RWF_2000,RWF_2000/train/Train_Fight/Train_Fight_383.avi,16,224
Fights/RWF_2000_Train_Fight_573.pt,Fights,1,RWF_2000,RWF_2000/train/Train_Fight/Train_Fight_573.avi,16,224
Fights/RWF_2000_Train_Fight_569.pt,Fights,1,RWF_2000,RWF_2000/train/Train_Fight/Train_Fight_569.avi,16,224
Fights/RWF_2000_Train_Fight_456.pt,Fights,1,RWF_2000,RWF_2000/train/Train_Fight/Train_Fight_456.avi,16,224
Fights/RWF_2000_Train_Fight_476.pt,Fights,1,RWF_2000,RWF_2000/train/Train_Fight/Train_Fight_476.avi,16,224
Fights/RWF_2000_Train_Fight_550.pt,Fights,1,RWF_2000,RWF_2000/train/Train_Fight/Train_Fight_550.avi,16,224
Fights/RWF_2000_Train_Fight_697.pt,Fights,1,RWF_2000,RWF_2000/train/Train_Fight/Train_Fight_697.avi,16,224
Fights/RWF_2000_Train_Fight_506.pt,Fights,1,RWF_2000,RWF_2000/train/Train_Fight/Train_Fight_506.avi,16,224
Fights/RWF_2000_Train_Fight_417.pt,Fights,1,RWF_2000,RWF_2000/train/Train_Fight/Train_Fight_417.avi,16,224
Fights/RWF_2000_Train_Fight_509.pt,Fights,1,RWF_2000,RWF_2000/train/Train_Fight/Train_Fight_509.avi,16,224
Fights/RWF_2000_Train_Fight_749.pt,Fights,1,RWF_2000,RWF_2000/train/Train_Fight/Train_Fight_749.avi,16,224
Fights/RWF_2000_Train_Fight_519.pt,Fights,1,RWF_2000,RWF_2000/train/Train_Fight/Train_Fight_519.avi,16,224
Fights/RWF_2000_Train_Fight_531.pt,Fights,1,RWF_2000,RWF_2000/train/Train_Fight/Train_Fight_531.avi,16,224
Fights/RWF_2000_Train_Fight_442.pt,Fights,1,RWF_2000,RWF_2000/train/Train_Fight/Train_Fight_442.avi,16,224
Fights/RWF_2000_Train_Fight_445.pt,Fights,1,RWF_2000,RWF_2000/train/Train_Fight/Train_Fight_445.avi,16,224
Fights/RWF_2000_Train_Fight_754.pt,Fights,1,RWF_2000,RWF_2000/train/Train_Fight/Train_Fight_754.avi,16,224
Fights/RWF_2000_Train_Fight_765.pt,Fights,1,RWF_2000,RWF_2000/train/Train_Fight/Train_Fight_765.avi,16,224
Fights/RWF_2000_Train_Fight_394.pt,Fights,1,RWF_2000,RWF_2000/train/Train_Fight/Train_Fight_394.avi,16,224
Fights/RWF_2000_Train_Fight_449.pt,Fights,1,RWF_2000,RWF_2000/train/Train_Fight/Train_Fight_449.avi,16,224
Fights/RWF_2000_Train_Fight_401.pt,Fights,1,RWF_2000,RWF_2000/train/Train_Fight/Train_Fight_401.avi,16,224
Fights/RWF_2000_Train_Fight_584.pt,Fights,1,RWF_2000,RWF_2000/train/Train_Fight/Train_Fight_584.avi,16,224
Fights/RWF_2000_Train_Fight_655.pt,Fights,1,RWF_2000,RWF_2000/train/Train_Fight/Train_Fight_655.avi,16,224
Fights/RWF_2000_Train_Fight_496.pt,Fights,1,RWF_2000,RWF_2000/train/Train_Fight/Train_Fight_496.avi,16,224
Fights/RWF_2000_Train_Fight_587.pt,Fights,1,RWF_2000,RWF_2000/train/Train_Fight/Train_Fight_587.avi,16,224
Fights/RWF_2000_Train_Fight_625.pt,Fights,1,RWF_2000,RWF_2000/train/Train_Fight/Train_Fight_625.avi,16,224
Fights/RWF_2000_Train_Fight_711.pt,Fights,1,RWF_2000,RWF_2000/train/Train_Fight/Train_Fight_711.avi,16,224
Fights/RWF_2000_Train_Fight_599.pt,Fights,1,RWF_2000,RWF_2000/train/Train_Fight/Train_Fight_599.avi,16,224
Fights/RWF_2000_Train_Fight_592.pt,Fights,1,RWF_2000,RWF_2000/train/Train_Fight/Train_Fight_592.avi,16,224
Fights/RWF_2000_Train_Fight_597.pt,Fights,1,RWF_2000,RWF_2000/train/Train_Fight/Train_Fight_597.avi,16,224
Fights/RWF_2000_Train_Fight_770.pt,Fights,1,RWF_2000,RWF_2000/train/Train_Fight/Train_Fight_770.avi,16,224
Fights/RWF_2000_Train_Fight_466.pt,Fights,1,RWF_2000,RWF_2000/train/Train_Fight/Train_Fight_466.avi,16,224
Fights/RWF_2000_Train_Fight_709.pt,Fights,1,RWF_2000,RWF_2000/train/Train_Fight/Train_Fight_709.avi,16,224
Fights/RWF_2000_Train_Fight_708.pt,Fights,1,RWF_2000,RWF_2000/train/Train_Fight/Train_Fight_708.avi,16,224
Fights/RWF_2000_Train_Fight_730.pt,Fights,1,RWF_2000,RWF_2000/train/Train_Fight/Train_Fight_730.avi,16,224
Fights/RWF_2000_Train_Fight_643.pt,Fights,1,RWF_2000,RWF_2000/train/Train_Fight/Train_Fight_643.avi,16,224
Fights/RWF_2000_Train_Fight_498.pt,Fights,1,RWF_2000,RWF_2000/train/Train_Fight/Train_Fight_498.avi,16,224
Fights/RWF_2000_Train_Fight_552.pt,Fights,1,RWF_2000,RWF_2000/train/Train_Fight/Train_Fight_552.avi,16,224
Fights/RWF_2000_Train_Fight_467.pt,Fights,1,RWF_2000,RWF_2000/train/Train_Fight/Train_Fight_467.avi,16,224
Fights/RWF_2000_Train_Fight_590.pt,Fights,1,RWF_2000,RWF_2000/train/Train_Fight/Train_Fight_590.avi,16,224
Fights/RWF_2000_Train_Fight_760.pt,Fights,1,RWF_2000,RWF_2000/train/Train_Fight/Train_Fight_760.avi,16,224
Fights/RWF_2000_Train_Fight_446.pt,Fights,1,RWF_2000,RWF_2000/train/Train_Fight/Train_Fight_446.avi,16,224
Fights/RWF_2000_Train_Fight_554.pt,Fights,1,RWF_2000,RWF_2000/train/Train_Fight/Train_Fight_554.avi,16,224
Fights/RWF_2000_Train_Fight_696.pt,Fights,1,RWF_2000,RWF_2000/train/Train_Fight/Train_Fight_696.avi,16,224
Fights/RWF_2000_Train_Fight_702.pt,Fights,1,RWF_2000,RWF_2000/train/Train_Fight/Train_Fight_702.avi,16,224
Fights/RWF_2000_Train_Fight_722.pt,Fights,1,RWF_2000,RWF_2000/train/Train_Fight/Train_Fight_722.avi,16,224
Fights/RWF_2000_Train_Fight_742.pt,Fights,1,RWF_2000,RWF_2000/train/Train_Fight/Train_Fight_742.avi,16,224
Fights/RWF_2000_Train_Fight_773.pt,Fights,1,RWF_2000,RWF_2000/train/Train_Fight/Train_Fight_773.avi,16,224
Fights/RWF_2000_Train_Fight_464.pt,Fights,1,RWF_2000,RWF_2000/train/Train_Fight/Train_Fight_464.avi,16,224
Fights/RWF_2000_Train_Fight_485.pt,Fights,1,RWF_2000,RWF_2000/train/Train_Fight/Train_Fight_485.avi,16,224
Fights/RWF_2000_Train_Fight_681.pt,Fights,1,RWF_2000,RWF_2000/train/Train_Fight/Train_Fight_681.avi,16,224
Fights/RWF_2000_Train_Fight_656.pt,Fights,1,RWF_2000,RWF_2000/train/Train_Fight/Train_Fight_656.avi,16,224
Fights/RWF_2000_Train_Fight_528.pt,Fights,1,RWF_2000,RWF_2000/train/Train_Fight/Train_Fight_528.avi,16,224
Fights/RWF_2000_Train_Fight_699.pt,Fights,1,RWF_2000,RWF_2000/train/Train_Fight/Train_Fight_699.avi,16,224
Fights/RWF_2000_Train_Fight_628.pt,Fights,1,RWF_2000,RWF_2000/train/Train_Fight/Train_Fight_628.avi,16,224
Fights/RWF_2000_Train_Fight_503.pt,Fights,1,RWF_2000,RWF_2000/train/Train_Fight/Train_Fight_503.avi,16,224
Fights/RWF_2000_Train_Fight_483.pt,Fights,1,RWF_2000,RWF_2000/train/Train_Fight/Train_Fight_483.avi,16,224
Fights/RWF_2000_Train_Fight_484.pt,Fights,1,RWF_2000,RWF_2000/train/Train_Fight/Train_Fight_484.avi,16,224
Fights/RWF_2000_Train_Fight_537.pt,Fights,1,RWF_2000,RWF_2000/train/Train_Fight/Train_Fight_537.avi,16,224
Fights/RWF_2000_Train_Fight_671.pt,Fights,1,RWF_2000,RWF_2000/train/Train_Fight/Train_Fight_671.avi,16,224
Fights/RWF_2000_Train_Fight_511.pt,Fights,1,RWF_2000,RWF_2000/train/Train_Fight/Train_Fight_511.avi,16,224
Fights/RWF_2000_Train_Fight_604.pt,Fights,1,RWF_2000,RWF_2000/train/Train_Fight/Train_Fight_604.avi,16,224
Fights/RWF_2000_Train_Fight_532.pt,Fights,1,RWF_2000,RWF_2000/train/Train_Fight/Train_Fight_532.avi,16,224
Fights/RWF_2000_Train_Fight_642.pt,Fights,1,RWF_2000,RWF_2000/train/Train_Fight/Train_Fight_642.avi,16,224
Fights/RWF_2000_Train_Fight_723.pt,Fights,1,RWF_2000,RWF_2000/train/Train_Fight/Train_Fight_723.avi,16,224
Fights/RWF_2000_Train_Fight_692.pt,Fights,1,RWF_2000,RWF_2000/train/Train_Fight/Train_Fight_692.avi,16,224
Fights/RWF_2000_Train_Fight_575.pt,Fights,1,RWF_2000,RWF_2000/train/Train_Fight/Train_Fight_575.avi,16,224
Fights/RWF_2000_Train_Fight_719.pt,Fights,1,RWF_2000,RWF_2000/train/Train_Fight/Train_Fight_719.avi,16,224
Fights/RWF_2000_Train_Fight_764.pt,Fights,1,RWF_2000,RWF_2000/train/Train_Fight/Train_Fight_764.avi,16,224
Fights/RWF_2000_Train_Fight_617.pt,Fights,1,RWF_2000,RWF_2000/train/Train_Fight/Train_Fight_617.avi,16,224
Fights/RWF_2000_Train_Fight_693.pt,Fights,1,RWF_2000,RWF_2000/train/Train_Fight/Train_Fight_693.avi,16,224
Fights/RWF_2000_Train_Fight_752.pt,Fights,1,RWF_2000,RWF_2000/train/Train_Fight/Train_Fight_752.avi,16,224
Fights/RWF_2000_Train_Fight_539.pt,Fights,1,RWF_2000,RWF_2000/train/Train_Fight/Train_Fight_539.avi,16,224
Fights/RWF_2000_Train_Fight_583.pt,Fights,1,RWF_2000,RWF_2000/train/Train_Fight/Train_Fight_583.avi,16,224
Fights/RWF_2000_Train_Fight_624.pt,Fights,1,RWF_2000,RWF_2000/train/Train_Fight/Train_Fight_624.avi,16,224
Fights/RWF_2000_Train_Fight_535.pt,Fights,1,RWF_2000,RWF_2000/train/Train_Fight/Train_Fight_535.avi,16,224
Fights/RWF_2000_Train_Fight_647.pt,Fights,1,RWF_2000,RWF_2000/train/Train_Fight/Train_Fight_647.avi,16,224
Fights/RWF_2000_Train_Fight_610.pt,Fights,1,RWF_2000,RWF_2000/train/Train_Fight/Train_Fight_610.avi,16,224
Fights/RWF_2000_Train_Fight_611.pt,Fights,1,RWF_2000,RWF_2000/train/Train_Fight/Train_Fight_611.avi,16,224
Fights/RWF_2000_Train_Fight_572.pt,Fights,1,RWF_2000,RWF_2000/train/Train_Fight/Train_Fight_572.avi,16,224
Fights/RWF_2000_Train_Fight_605.pt,Fights,1,RWF_2000,RWF_2000/train/Train_Fight/Train_Fight_605.avi,16,224
Fights/RWF_2000_Train_Fight_640.pt,Fights,1,RWF_2000,RWF_2000/train/Train_Fight/Train_Fight_640.avi,16,224
Fights/RWF_2000_Train_Fight_545.pt,Fights,1,RWF_2000,RWF_2000/train/Train_Fight/Train_Fight_545.avi,16,224
Fights/RWF_2000_Train_Fight_753.pt,Fights,1,RWF_2000,RWF_2000/train/Train_Fight/Train_Fight_753.avi,16,224
Fights/RWF_2000_Train_Fight_771.pt,Fights,1,RWF_2000,RWF_2000/train/Train_Fight/Train_Fight_771.avi,16,224
Fights/RWF_2000_Train_Fight_574.pt,Fights,1,RWF_2000,RWF_2000/train/Train_Fight/Train_Fight_574.avi,16,224
Fights/RWF_2000_Train_Fight_629.pt,Fights,1,RWF_2000,RWF_2000/train/Train_Fight/Train_Fight_629.avi,16,224
Fights/RWF_2000_Train_Fight_603.pt,Fights,1,RWF_2000,RWF_2000/train/Train_Fight/Train_Fight_603.avi,16,224
Fights/RWF_2000_Train_Fight_613.pt,Fights,1,RWF_2000,RWF_2000/train/Train_Fight/Train_Fight_613.avi,16,224
Fights/RWF_2000_Train_Fight_713.pt,Fights,1,RWF_2000,RWF_2000/train/Train_Fight/Train_Fight_713.avi,16,224
Fights/RWF_2000_Train_Fight_739.pt,Fights,1,RWF_2000,RWF_2000/train/Train_Fight/Train_Fight_739.avi,16,224
Fights/RWF_2000_Train_Fight_716.pt,Fights,1,RWF_2000,RWF_2000/train/Train_Fight/Train_Fight_716.avi,16,224
Fights/RWF_2000_Train_Fight_735.pt,Fights,1,RWF_2000,RWF_2000/train/Train_Fight/Train_Fight_735.avi,16,224
Fights/RWF_2000_Train_Fight_686.pt,Fights,1,RWF_2000,RWF_2000/train/Train_Fight/Train_Fight_686.avi,16,224
Fights/RWF_2000_Train_Fight_638.pt,Fights,1,RWF_2000,RWF_2000/train/Train_Fight/Train_Fight_638.avi,16,224
Fights/RWF_2000_Train_Fight_657.pt,Fights,1,RWF_2000,RWF_2000/train/Train_Fight/Train_Fight_657.avi,16,224
Fights/RWF_2000_Train_Fight_661.pt,Fights,1,RWF_2000,RWF_2000/train/Train_Fight/Train_Fight_661.avi,16,224
Fights/RWF_2000_Train_Fight_670.pt,Fights,1,RWF_2000,RWF_2000/train/Train_Fight/Train_Fight_670.avi,16,224
Fights/RWF_2000_Train_Fight_648.pt,Fights,1,RWF_2000,RWF_2000/train/Train_Fight/Train_Fight_648.avi,16,224
Fights/RWF_2000_Train_Fight_718.pt,Fights,1,RWF_2000,RWF_2000/train/Train_Fight/Train_Fight_718.avi,16,224
Fights/RWF_2000_Train_Fight_732.pt,Fights,1,RWF_2000,RWF_2000/train/Train_Fight/Train_Fight_732.avi,16,224
Fights/RWF_2000_Train_Fight_641.pt,Fights,1,RWF_2000,RWF_2000/train/Train_Fight/Train_Fight_641.avi,16,224
Fights/RWF_2000_Train_Fight_683.pt,Fights,1,RWF_2000,RWF_2000/train/Train_Fight/Train_Fight_683.avi,16,224
Fights/RWF_2000_Train_Fight_750.pt,Fights,1,RWF_2000,RWF_2000/train/Train_Fight/Train_Fight_750.avi,16,224
Fights/RWF_2000_Train_Fight_751.pt,Fights,1,RWF_2000,RWF_2000/train/Train_Fight/Train_Fight_751.avi,16,224
Fights/RWF_2000_Train_Fight_663.pt,Fights,1,RWF_2000,RWF_2000/train/Train_Fight/Train_Fight_663.avi,16,224
Fights/RWF_2000_Train_Fight_721.pt,Fights,1,RWF_2000,RWF_2000/train/Train_Fight/Train_Fight_721.avi,16,224
Fights/RWF_2000_Train_Fight_666.pt,Fights,1,RWF_2000,RWF_2000/train/Train_Fight/Train_Fight_666.avi,16,224
Fights/RWF_2000_Train_Fight_664.pt,Fights,1,RWF_2000,RWF_2000/train/Train_Fight/Train_Fight_664.avi,16,224
Fights/RWF_2000_Train_Fight_689.pt,Fights,1,RWF_2000,RWF_2000/train/Train_Fight/Train_Fight_689.avi,16,224
Fights/RWF_2000_Train_Fight_748.pt,Fights,1,RWF_2000,RWF_2000/train/Train_Fight/Train_Fight_748.avi,16,224
Fights/RWF_2000_Train_Fight_714.pt,Fights,1,RWF_2000,RWF_2000/train/Train_Fight/Train_Fight_714.avi,16,224
Fights/RWF_2000_Train_Fight_769.pt,Fights,1,RWF_2000,RWF_2000/train/Train_Fight/Train_Fight_769.avi,16,224
Fights/RWF_2000_Train_Fight_759.pt,Fights,1,RWF_2000,RWF_2000/train/Train_Fight/Train_Fight_759.avi,16,224
Fights/RWF_2000_Train_Fight_747.pt,Fights,1,RWF_2000,RWF_2000/train/Train_Fight/Train_Fight_747.avi,16,224
Fights/hockey_fights_no105_xvid.pt,Fights,1,hockey_fights,hockey_fights/fights/no105_xvid.mp4,16,224
Fights/hockey_fights_no100_xvid.pt,Fights,1,hockey_fights,hockey_fights/fights/no100_xvid.mp4,16,224
Fights/hockey_fights_no125_xvid.pt,Fights,1,hockey_fights,hockey_fights/fights/no125_xvid.mp4,16,224
Fights/hockey_fights_no102_xvid.pt,Fights,1,hockey_fights,hockey_fights/fights/no102_xvid.mp4,16,224
Fights/hockey_fights_no111_xvid.pt,Fights,1,hockey_fights,hockey_fights/fights/no111_xvid.mp4,16,224
Fights/hockey_fights_no11_xvid.pt,Fights,1,hockey_fights,hockey_fights/fights/no11_xvid.mp4,16,224
Fights/hockey_fights_no107_xvid.pt,Fights,1,hockey_fights,hockey_fights/fights/no107_xvid.mp4,16,224
Fights/hockey_fights_no128_xvid.pt,Fights,1,hockey_fights,hockey_fights/fights/no128_xvid.mp4,16,224
Fights/hockey_fights_no10_xvid.pt,Fights,1,hockey_fights,hockey_fights/fights/no10_xvid.mp4,16,224
Fights/hockey_fights_no106_xvid.pt,Fights,1,hockey_fights,hockey_fights/fights/no106_xvid.mp4,16,224
Fights/hockey_fights_no116_xvid.pt,Fights,1,hockey_fights,hockey_fights/fights/no116_xvid.mp4,16,224
Fights/hockey_fights_no104_xvid.pt,Fights,1,hockey_fights,hockey_fights/fights/no104_xvid.mp4,16,224
Fights/hockey_fights_no12_xvid.pt,Fights,1,hockey_fights,hockey_fights/fights/no12_xvid.mp4,16,224
Fights/hockey_fights_no122_xvid.pt,Fights,1,hockey_fights,hockey_fights/fights/no122_xvid.mp4,16,224
Fights/hockey_fights_no121_xvid.pt,Fights,1,hockey_fights,hockey_fights/fights/no121_xvid.mp4,16,224
Fights/hockey_fights_no129_xvid.pt,Fights,1,hockey_fights,hockey_fights/fights/no129_xvid.mp4,16,224
Fights/hockey_fights_no117_xvid.pt,Fights,1,hockey_fights,hockey_fights/fights/no117_xvid.mp4,16,224
Fights/hockey_fights_no112_xvid.pt,Fights,1,hockey_fights,hockey_fights/fights/no112_xvid.mp4,16,224
Fights/hockey_fights_no127_xvid.pt,Fights,1,hockey_fights,hockey_fights/fights/no127_xvid.mp4,16,224
Fights/hockey_fights_no110_xvid.pt,Fights,1,hockey_fights,hockey_fights/fights/no110_xvid.mp4,16,224
Fights/hockey_fights_no108_xvid.pt,Fights,1,hockey_fights,hockey_fights/fights/no108_xvid.mp4,16,224
Fights/hockey_fights_no123_xvid.pt,Fights,1,hockey_fights,hockey_fights/fights/no123_xvid.mp4,16,224
Fights/hockey_fights_no103_xvid.pt,Fights,1,hockey_fights,hockey_fights/fights/no103_xvid.mp4,16,224
Fights/hockey_fights_no113_xvid.pt,Fights,1,hockey_fights,hockey_fights/fights/no113_xvid.mp4,16,224
Fights/hockey_fights_no115_xvid.pt,Fights,1,hockey_fights,hockey_fights/fights/no115_xvid.mp4,16,224
Fights/hockey_fights_no126_xvid.pt,Fights,1,hockey_fights,hockey_fights/fights/no126_xvid.mp4,16,224
Fights/hockey_fights_no114_xvid.pt,Fights,1,hockey_fights,hockey_fights/fights/no114_xvid.mp4,16,224
Fights/hockey_fights_no109_xvid.pt,Fights,1,hockey_fights,hockey_fights/fights/no109_xvid.mp4,16,224
Fights/hockey_fights_no120_xvid.pt,Fights,1,hockey_fights,hockey_fights/fights/no120_xvid.mp4,16,224
Fights/hockey_fights_no101_xvid.pt,Fights,1,hockey_fights,hockey_fights/fights/no101_xvid.mp4,16,224
Fights/hockey_fights_no119_xvid.pt,Fights,1,hockey_fights,hockey_fights/fights/no119_xvid.mp4,16,224
Fights/hockey_fights_no118_xvid.pt,Fights,1,hockey_fights,hockey_fights/fights/no118_xvid.mp4,16,224
Fights/hockey_fights_no124_xvid.pt,Fights,1,hockey_fights,hockey_fights/fights/no124_xvid.mp4,16,224
Fights/hockey_fights_no209_xvid.pt,Fights,1,hockey_fights,hockey_fights/fights/no209_xvid.mp4,16,224
Fights/hockey_fights_no174_xvid.pt,Fights,1,hockey_fights,hockey_fights/fights/no174_xvid.mp4,16,224
Fights/hockey_fights_no294_xvid.pt,Fights,1,hockey_fights,hockey_fights/fights/no294_xvid.mp4,16,224
Fights/hockey_fights_no291_xvid.pt,Fights,1,hockey_fights,hockey_fights/fights/no291_xvid.mp4,16,224
Fights/hockey_fights_no241_xvid.pt,Fights,1,hockey_fights,hockey_fights/fights/no241_xvid.mp4,16,224
Fights/hockey_fights_no285_xvid.pt,Fights,1,hockey_fights,hockey_fights/fights/no285_xvid.mp4,16,224
Fights/hockey_fights_no22_xvid.pt,Fights,1,hockey_fights,hockey_fights/fights/no22_xvid.mp4,16,224
Fights/hockey_fights_no159_xvid.pt,Fights,1,hockey_fights,hockey_fights/fights/no159_xvid.mp4,16,224
Fights/hockey_fights_no239_xvid.pt,Fights,1,hockey_fights,hockey_fights/fights/no239_xvid.mp4,16,224
Fights/hockey_fights_no287_xvid.pt,Fights,1,hockey_fights,hockey_fights/fights/no287_xvid.mp4,16,224
Fights/hockey_fights_no21_xvid.pt,Fights,1,hockey_fights,hockey_fights/fights/no21_xvid.mp4,16,224
Fights/hockey_fights_no141_xvid.pt,Fights,1,hockey_fights,hockey_fights/fights/no141_xvid.mp4,16,224
Fights/hockey_fights_no212_xvid.pt,Fights,1,hockey_fights,hockey_fights/fights/no212_xvid.mp4,16,224
Fights/hockey_fights_no300_xvid.pt,Fights,1,hockey_fights,hockey_fights/fights/no300_xvid.mp4,16,224
Fights/hockey_fights_no245_xvid.pt,Fights,1,hockey_fights,hockey_fights/fights/no245_xvid.mp4,16,224
Fights/hockey_fights_no133_xvid.pt,Fights,1,hockey_fights,hockey_fights/fights/no133_xvid.mp4,16,224
Fights/hockey_fights_no302_xvid.pt,Fights,1,hockey_fights,hockey_fights/fights/no302_xvid.mp4,16,224
Fights/hockey_fights_no292_xvid.pt,Fights,1,hockey_fights,hockey_fights/fights/no292_xvid.mp4,16,224
Fights/hockey_fights_no275_xvid.pt,Fights,1,hockey_fights,hockey_fights/fights/no275_xvid.mp4,16,224
Fights/hockey_fights_no219_xvid.pt,Fights,1,hockey_fights,hockey_fights/fights/no219_xvid.mp4,16,224
Fights/hockey_fights_no301_xvid.pt,Fights,1,hockey_fights,hockey_fights/fights/no301_xvid.mp4,16,224
Fights/hockey_fights_no189_xvid.pt,Fights,1,hockey_fights,hockey_fights/fights/no189_xvid.mp4,16,224
Fights/hockey_fights_no222_xvid.pt,Fights,1,hockey_fights,hockey_fights/fights/no222_xvid.mp4,16,224
Fights/hockey_fights_no213_xvid.pt,Fights,1,hockey_fights,hockey_fights/fights/no213_xvid.mp4,16,224
Fights/hockey_fights_no13_xvid.pt,Fights,1,hockey_fights,hockey_fights/fights/no13_xvid.mp4,16,224
Fights/hockey_fights_no30_xvid.pt,Fights,1,hockey_fights,hockey_fights/fights/no30_xvid.mp4,16,224
Fights/hockey_fights_no25_xvid.pt,Fights,1,hockey_fights,hockey_fights/fights/no25_xvid.mp4,16,224
Fights/hockey_fights_no274_xvid.pt,Fights,1,hockey_fights,hockey_fights/fights/no274_xvid.mp4,16,224
Fights/hockey_fights_no27_xvid.pt,Fights,1,hockey_fights,hockey_fights/fights/no27_xvid.mp4,16,224
Fights/hockey_fights_no319_xvid.pt,Fights,1,hockey_fights,hockey_fights/fights/no319_xvid.mp4,16,224
Fights/hockey_fights_no167_xvid.pt,Fights,1,hockey_fights,hockey_fights/fights/no167_xvid.mp4,16,224
Fights/hockey_fights_no156_xvid.pt,Fights,1,hockey_fights,hockey_fights/fights/no156_xvid.mp4,16,224
Fights/hockey_fights_no316_xvid.pt,Fights,1,hockey_fights,hockey_fights/fights/no316_xvid.mp4,16,224
Fights/hockey_fights_no304_xvid.pt,Fights,1,hockey_fights,hockey_fights/fights/no304_xvid.mp4,16,224
Fights/hockey_fights_no138_xvid.pt,Fights,1,hockey_fights,hockey_fights/fights/no138_xvid.mp4,16,224
Fights/hockey_fights_no230_xvid.pt,Fights,1,hockey_fights,hockey_fights/fights/no230_xvid.mp4,16,224
Fights/hockey_fights_no155_xvid.pt,Fights,1,hockey_fights,hockey_fights/fights/no155_xvid.mp4,16,224
Fights/hockey_fights_no250_xvid.pt,Fights,1,hockey_fights,hockey_fights/fights/no250_xvid.mp4,16,224
Fights/hockey_fights_no288_xvid.pt,Fights,1,hockey_fights,hockey_fights/fights/no288_xvid.mp4,16,224
Fights/hockey_fights_no203_xvid.pt,Fights,1,hockey_fights,hockey_fights/fights/no203_xvid.mp4,16,224
Fights/hockey_fights_no236_xvid.pt,Fights,1,hockey_fights,hockey_fights/fights/no236_xvid.mp4,16,224
Fights/hockey_fights_no243_xvid.pt,Fights,1,hockey_fights,hockey_fights/fights/no243_xvid.mp4,16,224
Fights/hockey_fights_no225_xvid.pt,Fights,1,hockey_fights,hockey_fights/fights/no225_xvid.mp4,16,224
Fights/hockey_fights_no221_xvid.pt,Fights,1,hockey_fights,hockey_fights/fights/no221_xvid.mp4,16,224
Fights/hockey_fights_no186_xvid.pt,Fights,1,hockey_fights,hockey_fights/fights/no186_xvid.mp4,16,224
Fights/hockey_fights_no318_xvid.pt,Fights,1,hockey_fights,hockey_fights/fights/no318_xvid.mp4,16,224
Fights/hockey_fights_no248_xvid.pt,Fights,1,hockey_fights,hockey_fights/fights/no248_xvid.mp4,16,224
Fights/hockey_fights_no178_xvid.pt,Fights,1,hockey_fights,hockey_fights/fights/no178_xvid.mp4,16,224
Fights/hockey_fights_no151_xvid.pt,Fights,1,hockey_fights,hockey_fights/fights/no151_xvid.mp4,16,224
Fights/hockey_fights_no193_xvid.pt,Fights,1,hockey_fights,hockey_fights/fights/no193_xvid.mp4,16,224
Fights/hockey_fights_no226_xvid.pt,Fights,1,hockey_fights,hockey_fights/fights/no226_xvid.mp4,16,224
Fights/hockey_fights_no208_xvid.pt,Fights,1,hockey_fights,hockey_fights/fights/no208_xvid.mp4,16,224
Fights/hockey_fights_no200_xvid.pt,Fights,1,hockey_fights,hockey_fights/fights/no200_xvid.mp4,16,224
Fights/hockey_fights_no162_xvid.pt,Fights,1,hockey_fights,hockey_fights/fights/no162_xvid.mp4,16,224
Fights/hockey_fights_no279_xvid.pt,Fights,1,hockey_fights,hockey_fights/fights/no279_xvid.mp4,16,224
Fights/hockey_fights_no255_xvid.pt,Fights,1,hockey_fights,hockey_fights/fights/no255_xvid.mp4,16,224
Fights/hockey_fights_no295_xvid.pt,Fights,1,hockey_fights,hockey_fights/fights/no295_xvid.mp4,16,224
Fights/hockey_fights_no196_xvid.pt,Fights,1,hockey_fights,hockey_fights/fights/no196_xvid.mp4,16,224
Fights/hockey_fights_no234_xvid.pt,Fights,1,hockey_fights,hockey_fights/fights/no234_xvid.mp4,16,224
Fights/hockey_fights_no258_xvid.pt,Fights,1,hockey_fights,hockey_fights/fights/no258_xvid.mp4,16,224
Fights/hockey_fights_no181_xvid.pt,Fights,1,hockey_fights,hockey_fights/fights/no181_xvid.mp4,16,224
Fights/hockey_fights_no307_xvid.pt,Fights,1,hockey_fights,hockey_fights/fights/no307_xvid.mp4,16,224
Fights/hockey_fights_no160_xvid.pt,Fights,1,hockey_fights,hockey_fights/fights/no160_xvid.mp4,16,224
Fights/hockey_fights_no303_xvid.pt,Fights,1,hockey_fights,hockey_fights/fights/no303_xvid.mp4,16,224
Fights/hockey_fights_no171_xvid.pt,Fights,1,hockey_fights,hockey_fights/fights/no171_xvid.mp4,16,224
Fights/hockey_fights_no175_xvid.pt,Fights,1,hockey_fights,hockey_fights/fights/no175_xvid.mp4,16,224
Fights/hockey_fights_no180_xvid.pt,Fights,1,hockey_fights,hockey_fights/fights/no180_xvid.mp4,16,224
Fights/hockey_fights_no177_xvid.pt,Fights,1,hockey_fights,hockey_fights/fights/no177_xvid.mp4,16,224
Fights/hockey_fights_no195_xvid.pt,Fights,1,hockey_fights,hockey_fights/fights/no195_xvid.mp4,16,224
Fights/hockey_fights_no24_xvid.pt,Fights,1,hockey_fights,hockey_fights/fights/no24_xvid.mp4,16,224
Fights/hockey_fights_no18_xvid.pt,Fights,1,hockey_fights,hockey_fights/fights/no18_xvid.mp4,16,224
Fights/hockey_fights_no244_xvid.pt,Fights,1,hockey_fights,hockey_fights/fights/no244_xvid.mp4,16,224
Fights/hockey_fights_no268_xvid.pt,Fights,1,hockey_fights,hockey_fights/fights/no268_xvid.mp4,16,224
Fights/hockey_fights_no269_xvid.pt,Fights,1,hockey_fights,hockey_fights/fights/no269_xvid.mp4,16,224
Fights/hockey_fights_no218_xvid.pt,Fights,1,hockey_fights,hockey_fights/fights/no218_xvid.mp4,16,224
Fights/hockey_fights_no314_xvid.pt,Fights,1,hockey_fights,hockey_fights/fights/no314_xvid.mp4,16,224
Fights/hockey_fights_no148_xvid.pt,Fights,1,hockey_fights,hockey_fights/fights/no148_xvid.mp4,16,224
Fights/hockey_fights_no315_xvid.pt,Fights,1,hockey_fights,hockey_fights/fights/no315_xvid.mp4,16,224
Fights/hockey_fights_no206_xvid.pt,Fights,1,hockey_fights,hockey_fights/fights/no206_xvid.mp4,16,224
Fights/hockey_fights_no220_xvid.pt,Fights,1,hockey_fights,hockey_fights/fights/no220_xvid.mp4,16,224
Fights/hockey_fights_no191_xvid.pt,Fights,1,hockey_fights,hockey_fights/fights/no191_xvid.mp4,16,224
Fights/hockey_fights_no296_xvid.pt,Fights,1,hockey_fights,hockey_fights/fights/no296_xvid.mp4,16,224
Fights/hockey_fights_no305_xvid.pt,Fights,1,hockey_fights,hockey_fights/fights/no305_xvid.mp4,16,224
Fights/hockey_fights_no278_xvid.pt,Fights,1,hockey_fights,hockey_fights/fights/no278_xvid.mp4,16,224
Fights/hockey_fights_no139_xvid.pt,Fights,1,hockey_fights,hockey_fights/fights/no139_xvid.mp4,16,224
Fights/hockey_fights_no249_xvid.pt,Fights,1,hockey_fights,hockey_fights/fights/no249_xvid.mp4,16,224
Fights/hockey_fights_no29_xvid.pt,Fights,1,hockey_fights,hockey_fights/fights/no29_xvid.mp4,16,224
Fights/hockey_fights_no264_xvid.pt,Fights,1,hockey_fights,hockey_fights/fights/no264_xvid.mp4,16,224
Fights/hockey_fights_no309_xvid.pt,Fights,1,hockey_fights,hockey_fights/fights/no309_xvid.mp4,16,224
Fights/hockey_fights_no20_xvid.pt,Fights,1,hockey_fights,hockey_fights/fights/no20_xvid.mp4,16,224
Fights/hockey_fights_no197_xvid.pt,Fights,1,hockey_fights,hockey_fights/fights/no197_xvid.mp4,16,224
Fights/hockey_fights_no23_xvid.pt,Fights,1,hockey_fights,hockey_fights/fights/no23_xvid.mp4,16,224
Fights/hockey_fights_no267_xvid.pt,Fights,1,hockey_fights,hockey_fights/fights/no267_xvid.mp4,16,224
Fights/hockey_fights_no299_xvid.pt,Fights,1,hockey_fights,hockey_fights/fights/no299_xvid.mp4,16,224
Fights/hockey_fights_no286_xvid.pt,Fights,1,hockey_fights,hockey_fights/fights/no286_xvid.mp4,16,224
Fights/hockey_fights_no261_xvid.pt,Fights,1,hockey_fights,hockey_fights/fights/no261_xvid.mp4,16,224
Fights/hockey_fights_no192_xvid.pt,Fights,1,hockey_fights,hockey_fights/fights/no192_xvid.mp4,16,224
Fights/hockey_fights_no132_xvid.pt,Fights,1,hockey_fights,hockey_fights/fights/no132_xvid.mp4,16,224
Fights/hockey_fights_no235_xvid.pt,Fights,1,hockey_fights,hockey_fights/fights/no235_xvid.mp4,16,224
Fights/hockey_fights_no130_xvid.pt,Fights,1,hockey_fights,hockey_fights/fights/no130_xvid.mp4,16,224
Fights/hockey_fights_no263_xvid.pt,Fights,1,hockey_fights,hockey_fights/fights/no263_xvid.mp4,16,224
Fights/hockey_fights_no158_xvid.pt,Fights,1,hockey_fights,hockey_fights/fights/no158_xvid.mp4,16,224
Fights/hockey_fights_no251_xvid.pt,Fights,1,hockey_fights,hockey_fights/fights/no251_xvid.mp4,16,224
Fights/hockey_fights_no134_xvid.pt,Fights,1,hockey_fights,hockey_fights/fights/no134_xvid.mp4,16,224
Fights/hockey_fights_no276_xvid.pt,Fights,1,hockey_fights,hockey_fights/fights/no276_xvid.mp4,16,224
Fights/hockey_fights_no153_xvid.pt,Fights,1,hockey_fights,hockey_fights/fights/no153_xvid.mp4,16,224
Fights/hockey_fights_no199_xvid.pt,Fights,1,hockey_fights,hockey_fights/fights/no199_xvid.mp4,16,224
Fights/hockey_fights_no146_xvid.pt,Fights,1,hockey_fights,hockey_fights/fights/no146_xvid.mp4,16,224
Fights/hockey_fights_no176_xvid.pt,Fights,1,hockey_fights,hockey_fights/fights/no176_xvid.mp4,16,224
Fights/hockey_fights_no201_xvid.pt,Fights,1,hockey_fights,hockey_fights/fights/no201_xvid.mp4,16,224
Fights/hockey_fights_no317_xvid.pt,Fights,1,hockey_fights,hockey_fights/fights/no317_xvid.mp4,16,224
Fights/hockey_fights_no311_xvid.pt,Fights,1,hockey_fights,hockey_fights/fights/no311_xvid.mp4,16,224
Fights/hockey_fights_no306_xvid.pt,Fights,1,hockey_fights,hockey_fights/fights/no306_xvid.mp4,16,224
Fights/hockey_fights_no237_xvid.pt,Fights,1,hockey_fights,hockey_fights/fights/no237_xvid.mp4,16,224
Fights/hockey_fights_no227_xvid.pt,Fights,1,hockey_fights,hockey_fights/fights/no227_xvid.mp4,16,224
Fights/hockey_fights_no257_xvid.pt,Fights,1,hockey_fights,hockey_fights/fights/no257_xvid.mp4,16,224
Fights/hockey_fights_no233_xvid.pt,Fights,1,hockey_fights,hockey_fights/fights/no233_xvid.mp4,16,224
Fights/hockey_fights_no246_xvid.pt,Fights,1,hockey_fights,hockey_fights/fights/no246_xvid.mp4,16,224
Fights/hockey_fights_no211_xvid.pt,Fights,1,hockey_fights,hockey_fights/fights/no211_xvid.mp4,16,224
Fights/hockey_fights_no190_xvid.pt,Fights,1,hockey_fights,hockey_fights/fights/no190_xvid.mp4,16,224
Fights/hockey_fights_no26_xvid.pt,Fights,1,hockey_fights,hockey_fights/fights/no26_xvid.mp4,16,224
Fights/hockey_fights_no205_xvid.pt,Fights,1,hockey_fights,hockey_fights/fights/no205_xvid.mp4,16,224
Fights/hockey_fights_no135_xvid.pt,Fights,1,hockey_fights,hockey_fights/fights/no135_xvid.mp4,16,224
Fights/hockey_fights_no172_xvid.pt,Fights,1,hockey_fights,hockey_fights/fights/no172_xvid.mp4,16,224
Fights/hockey_fights_no240_xvid.pt,Fights,1,hockey_fights,hockey_fights/fights/no240_xvid.mp4,16,224
Fights/hockey_fights_no242_xvid.pt,Fights,1,hockey_fights,hockey_fights/fights/no242_xvid.mp4,16,224
Fights/hockey_fights_no142__xvid.pt,Fights,1,hockey_fights,hockey_fights/fights/no142__xvid.mp4,16,224
Fights/hockey_fights_no297_xvid.pt,Fights,1,hockey_fights,hockey_fights/fights/no297_xvid.mp4,16,224
Fights/hockey_fights_no2_xvid.pt,Fights,1,hockey_fights,hockey_fights/fights/no2_xvid.mp4,16,224
Fights/hockey_fights_no224_xvid.pt,Fights,1,hockey_fights,hockey_fights/fights/no224_xvid.mp4,16,224
Fights/hockey_fights_no252_xvid.pt,Fights,1,hockey_fights,hockey_fights/fights/no252_xvid.mp4,16,224
Fights/hockey_fights_no310_xvid.pt,Fights,1,hockey_fights,hockey_fights/fights/no310_xvid.mp4,16,224
Fights/hockey_fights_no145_xvid.pt,Fights,1,hockey_fights,hockey_fights/fights/no145_xvid.mp4,16,224
Fights/hockey_fights_no16_xvid.pt,Fights,1,hockey_fights,hockey_fights/fights/no16_xvid.mp4,16,224
Fights/hockey_fights_no293_xvid.pt,Fights,1,hockey_fights,hockey_fights/fights/no293_xvid.mp4,16,224
Fights/hockey_fights_no149_xvid.pt,Fights,1,hockey_fights,hockey_fights/fights/no149_xvid.mp4,16,224
Fights/hockey_fights_no216_xvid.pt,Fights,1,hockey_fights,hockey_fights/fights/no216_xvid.mp4,16,224
Fights/hockey_fights_no184_xvid.pt,Fights,1,hockey_fights,hockey_fights/fights/no184_xvid.mp4,16,224
Fights/hockey_fights_no137_xvid.pt,Fights,1,hockey_fights,hockey_fights/fights/no137_xvid.mp4,16,224
Fights/hockey_fights_no312_xvid.pt,Fights,1,hockey_fights,hockey_fights/fights/no312_xvid.mp4,16,224
Fights/hockey_fights_no254_xvid.pt,Fights,1,hockey_fights,hockey_fights/fights/no254_xvid.mp4,16,224
Fights/hockey_fights_no277_xvid.pt,Fights,1,hockey_fights,hockey_fights/fights/no277_xvid.mp4,16,224
Fights/hockey_fights_no210_xvid.pt,Fights,1,hockey_fights,hockey_fights/fights/no210_xvid.mp4,16,224
Fights/hockey_fights_no170_xvid.pt,Fights,1,hockey_fights,hockey_fights/fights/no170_xvid.mp4,16,224
Fights/hockey_fights_no272_xvid.pt,Fights,1,hockey_fights,hockey_fights/fights/no272_xvid.mp4,16,224
Fights/hockey_fights_no28_xvid.pt,Fights,1,hockey_fights,hockey_fights/fights/no28_xvid.mp4,16,224
Fights/hockey_fights_no17_xvid.pt,Fights,1,hockey_fights,hockey_fights/fights/no17_xvid.mp4,16,224
Fights/hockey_fights_no290_xvid.pt,Fights,1,hockey_fights,hockey_fights/fights/no290_xvid.mp4,16,224
Fights/hockey_fights_no150_xvid.pt,Fights,1,hockey_fights,hockey_fights/fights/no150_xvid.mp4,16,224
Fights/hockey_fights_no281_xvid.pt,Fights,1,hockey_fights,hockey_fights/fights/no281_xvid.mp4,16,224
Fights/hockey_fights_no280_xvid.pt,Fights,1,hockey_fights,hockey_fights/fights/no280_xvid.mp4,16,224
Fights/hockey_fights_no154_xvid.pt,Fights,1,hockey_fights,hockey_fights/fights/no154_xvid.mp4,16,224
Fights/hockey_fights_no185_xvid.pt,Fights,1,hockey_fights,hockey_fights/fights/no185_xvid.mp4,16,224
Fights/hockey_fights_no152_xvid.pt,Fights,1,hockey_fights,hockey_fights/fights/no152_xvid.mp4,16,224
Fights/hockey_fights_no183_xvid.pt,Fights,1,hockey_fights,hockey_fights/fights/no183_xvid.mp4,16,224
Fights/hockey_fights_no238mpg_xvid.pt,Fights,1,hockey_fights,hockey_fights/fights/no238mpg_xvid.mp4,16,224
Fights/hockey_fights_no163_xvid.pt,Fights,1,hockey_fights,hockey_fights/fights/no163_xvid.mp4,16,224
Fights/hockey_fights_no271_xvid.pt,Fights,1,hockey_fights,hockey_fights/fights/no271_xvid.mp4,16,224
Fights/hockey_fights_no204_xvid.pt,Fights,1,hockey_fights,hockey_fights/fights/no204_xvid.mp4,16,224
Fights/hockey_fights_no231_xvid.pt,Fights,1,hockey_fights,hockey_fights/fights/no231_xvid.mp4,16,224
Fights/hockey_fights_no282_xvid.pt,Fights,1,hockey_fights,hockey_fights/fights/no282_xvid.mp4,16,224
Fights/hockey_fights_no165_xvid.pt,Fights,1,hockey_fights,hockey_fights/fights/no165_xvid.mp4,16,224
Fights/hockey_fights_no215_xvid.pt,Fights,1,hockey_fights,hockey_fights/fights/no215_xvid.mp4,16,224
Fights/hockey_fights_no168_xvid.pt,Fights,1,hockey_fights,hockey_fights/fights/no168_xvid.mp4,16,224
Fights/hockey_fights_no232_xvid.pt,Fights,1,hockey_fights,hockey_fights/fights/no232_xvid.mp4,16,224
Fights/hockey_fights_no19_xvid.pt,Fights,1,hockey_fights,hockey_fights/fights/no19_xvid.mp4,16,224
Fights/hockey_fights_no265_xvid.pt,Fights,1,hockey_fights,hockey_fights/fights/no265_xvid.mp4,16,224
Fights/hockey_fights_no140_xvid.pt,Fights,1,hockey_fights,hockey_fights/fights/no140_xvid.mp4,16,224
Fights/hockey_fights_no223_xvid.pt,Fights,1,hockey_fights,hockey_fights/fights/no223_xvid.mp4,16,224
Fights/hockey_fights_no284_xvid.pt,Fights,1,hockey_fights,hockey_fights/fights/no284_xvid.mp4,16,224
Fights/hockey_fights_no144_xvid.pt,Fights,1,hockey_fights,hockey_fights/fights/no144_xvid.mp4,16,224
Fights/hockey_fights_no157_xvid.pt,Fights,1,hockey_fights,hockey_fights/fights/no157_xvid.mp4,16,224
Fights/hockey_fights_no260_xvid.pt,Fights,1,hockey_fights,hockey_fights/fights/no260_xvid.mp4,16,224
Fights/hockey_fights_no194_xvid.pt,Fights,1,hockey_fights,hockey_fights/fights/no194_xvid.mp4,16,224
Fights/hockey_fights_no202_xvid.pt,Fights,1,hockey_fights,hockey_fights/fights/no202_xvid.mp4,16,224
Fights/hockey_fights_no228_xvid.pt,Fights,1,hockey_fights,hockey_fights/fights/no228_xvid.mp4,16,224
Fights/hockey_fights_no182_xvid.pt,Fights,1,hockey_fights,hockey_fights/fights/no182_xvid.mp4,16,224
Fights/hockey_fights_no207_xvid.pt,Fights,1,hockey_fights,hockey_fights/fights/no207_xvid.mp4,16,224
Fights/hockey_fights_no289_xvid.pt,Fights,1,hockey_fights,hockey_fights/fights/no289_xvid.mp4,16,224
Fights/hockey_fights_no131_xvid.pt,Fights,1,hockey_fights,hockey_fights/fights/no131_xvid.mp4,16,224
Fights/hockey_fights_no169_xvid.pt,Fights,1,hockey_fights,hockey_fights/fights/no169_xvid.mp4,16,224
Fights/hockey_fights_no147_xvid.pt,Fights,1,hockey_fights,hockey_fights/fights/no147_xvid.mp4,16,224
Fights/hockey_fights_no187_xvid.pt,Fights,1,hockey_fights,hockey_fights/fights/no187_xvid.mp4,16,224
Fights/hockey_fights_no247_xvid.pt,Fights,1,hockey_fights,hockey_fights/fights/no247_xvid.mp4,16,224
Fights/hockey_fights_no143_xvid.pt,Fights,1,hockey_fights,hockey_fights/fights/no143_xvid.mp4,16,224
Fights/hockey_fights_no253_xvid.pt,Fights,1,hockey_fights,hockey_fights/fights/no253_xvid.mp4,16,224
Fights/hockey_fights_no161_xvid.pt,Fights,1,hockey_fights,hockey_fights/fights/no161_xvid.mp4,16,224
Fights/hockey_fights_no259_xvid.pt,Fights,1,hockey_fights,hockey_fights/fights/no259_xvid.mp4,16,224
Fights/hockey_fights_no15_xvid.pt,Fights,1,hockey_fights,hockey_fights/fights/no15_xvid.mp4,16,224
Fights/hockey_fights_no256_xvid.pt,Fights,1,hockey_fights,hockey_fights/fights/no256_xvid.mp4,16,224
Fights/hockey_fights_no136_xvid.pt,Fights,1,hockey_fights,hockey_fights/fights/no136_xvid.mp4,16,224
Fights/hockey_fights_no313_xvid.pt,Fights,1,hockey_fights,hockey_fights/fights/no313_xvid.mp4,16,224
Fights/hockey_fights_no198_xvid.pt,Fights,1,hockey_fights,hockey_fights/fights/no198_xvid.mp4,16,224
Fights/hockey_fights_no1_xvid.pt,Fights,1,hockey_fights,hockey_fights/fights/no1_xvid.mp4,16,224
Fights/hockey_fights_no283_xvid.pt,Fights,1,hockey_fights,hockey_fights/fights/no283_xvid.mp4,16,224
Fights/hockey_fights_no273_xvid.pt,Fights,1,hockey_fights,hockey_fights/fights/no273_xvid.mp4,16,224
Fights/hockey_fights_no166_xvid.pt,Fights,1,hockey_fights,hockey_fights/fights/no166_xvid.mp4,16,224
Fights/hockey_fights_no188_xvid.pt,Fights,1,hockey_fights,hockey_fights/fights/no188_xvid.mp4,16,224
Fights/hockey_fights_no217_xvid.pt,Fights,1,hockey_fights,hockey_fights/fights/no217_xvid.mp4,16,224
Fights/hockey_fights_no214_xvid.pt,Fights,1,hockey_fights,hockey_fights/fights/no214_xvid.mp4,16,224
Fights/hockey_fights_no308_xvid.pt,Fights,1,hockey_fights,hockey_fights/fights/no308_xvid.mp4,16,224
Fights/hockey_fights_no164_xvid.pt,Fights,1,hockey_fights,hockey_fights/fights/no164_xvid.mp4,16,224
Fights/hockey_fights_no262_xvid.pt,Fights,1,hockey_fights,hockey_fights/fights/no262_xvid.mp4,16,224
Fights/hockey_fights_no173_xvid.pt,Fights,1,hockey_fights,hockey_fights/fights/no173_xvid.mp4,16,224
Fights/hockey_fights_no266_xvid.pt,Fights,1,hockey_fights,hockey_fights/fights/no266_xvid.mp4,16,224
Fights/hockey_fights_no229_xvid.pt,Fights,1,hockey_fights,hockey_fights/fights/no229_xvid.mp4,16,224
Fights/hockey_fights_no270_xvid.pt,Fights,1,hockey_fights,hockey_fights/fights/no270_xvid.mp4,16,224
Fights/hockey_fights_no14_xvid.pt,Fights,1,hockey_fights,hockey_fights/fights/no14_xvid.mp4,16,224
Fights/hockey_fights_no179_xvid.pt,Fights,1,hockey_fights,hockey_fights/fights/no179_xvid.mp4,16,224
Fights/hockey_fights_no298_xvid.pt,Fights,1,hockey_fights,hockey_fights/fights/no298_xvid.mp4,16,224
Fights/hockey_fights_no476_xvid.pt,Fights,1,hockey_fights,hockey_fights/fights/no476_xvid.mp4,16,224
Fights/hockey_fights_no482_xvid.pt,Fights,1,hockey_fights,hockey_fights/fights/no482_xvid.mp4,16,224
Fights/hockey_fights_no456_xvid.pt,Fights,1,hockey_fights,hockey_fights/fights/no456_xvid.mp4,16,224
Fights/hockey_fights_no47_xvid.pt,Fights,1,hockey_fights,hockey_fights/fights/no47_xvid.mp4,16,224
Fights/hockey_fights_no374_xvid.pt,Fights,1,hockey_fights,hockey_fights/fights/no374_xvid.mp4,16,224
Fights/hockey_fights_no331_xvid.pt,Fights,1,hockey_fights,hockey_fights/fights/no331_xvid.mp4,16,224
Fights/hockey_fights_no5_xvid.pt,Fights,1,hockey_fights,hockey_fights/fights/no5_xvid.mp4,16,224
Fights/hockey_fights_no340_xvid.pt,Fights,1,hockey_fights,hockey_fights/fights/no340_xvid.mp4,16,224
Fights/hockey_fights_no420_xvid.pt,Fights,1,hockey_fights,hockey_fights/fights/no420_xvid.mp4,16,224
Fights/hockey_fights_no369_xvid.pt,Fights,1,hockey_fights,hockey_fights/fights/no369_xvid.mp4,16,224
Fights/hockey_fights_no415_xvid.pt,Fights,1,hockey_fights,hockey_fights/fights/no415_xvid.mp4,16,224
Fights/hockey_fights_no463_xvid.pt,Fights,1,hockey_fights,hockey_fights/fights/no463_xvid.mp4,16,224
Fights/hockey_fights_no426_xvid.pt,Fights,1,hockey_fights,hockey_fights/fights/no426_xvid.mp4,16,224
Fights/hockey_fights_no43_xvid.pt,Fights,1,hockey_fights,hockey_fights/fights/no43_xvid.mp4,16,224
Fights/hockey_fights_no394_xvid.pt,Fights,1,hockey_fights,hockey_fights/fights/no394_xvid.mp4,16,224
Fights/hockey_fights_no452_xvid.pt,Fights,1,hockey_fights,hockey_fights/fights/no452_xvid.mp4,16,224
Fights/hockey_fights_no495_xvid.pt,Fights,1,hockey_fights,hockey_fights/fights/no495_xvid.mp4,16,224
Fights/hockey_fights_no46_xvid.pt,Fights,1,hockey_fights,hockey_fights/fights/no46_xvid.mp4,16,224
Fights/hockey_fights_no325_xvid.pt,Fights,1,hockey_fights,hockey_fights/fights/no325_xvid.mp4,16,224
Fights/hockey_fights_no400_xvid.pt,Fights,1,hockey_fights,hockey_fights/fights/no400_xvid.mp4,16,224
Fights/hockey_fights_no478_xvid.pt,Fights,1,hockey_fights,hockey_fights/fights/no478_xvid.mp4,16,224
Fights/hockey_fights_no320_xvid.pt,Fights,1,hockey_fights,hockey_fights/fights/no320_xvid.mp4,16,224
Fights/hockey_fights_no376_xvid.pt,Fights,1,hockey_fights,hockey_fights/fights/no376_xvid.mp4,16,224
Fights/hockey_fights_no350_xvid.pt,Fights,1,hockey_fights,hockey_fights/fights/no350_xvid.mp4,16,224
Fights/hockey_fights_no457_xvid.pt,Fights,1,hockey_fights,hockey_fights/fights/no457_xvid.mp4,16,224
Fights/hockey_fights_no355_xvid.pt,Fights,1,hockey_fights,hockey_fights/fights/no355_xvid.mp4,16,224
Fights/hockey_fights_no39_xvid.pt,Fights,1,hockey_fights,hockey_fights/fights/no39_xvid.mp4,16,224
Fights/hockey_fights_no361_xvid.pt,Fights,1,hockey_fights,hockey_fights/fights/no361_xvid.mp4,16,224
Fights/hockey_fights_no451_xvid.pt,Fights,1,hockey_fights,hockey_fights/fights/no451_xvid.mp4,16,224
Fights/hockey_fights_no499_xvid.pt,Fights,1,hockey_fights,hockey_fights/fights/no499_xvid.mp4,16,224
Fights/hockey_fights_no417_xvid.pt,Fights,1,hockey_fights,hockey_fights/fights/no417_xvid.mp4,16,224
Fights/hockey_fights_no75_xvid.pt,Fights,1,hockey_fights,hockey_fights/fights/no75_xvid.mp4,16,224
Fights/hockey_fights_no69_xvid.pt,Fights,1,hockey_fights,hockey_fights/fights/no69_xvid.mp4,16,224
Fights/hockey_fights_no357_xvid.pt,Fights,1,hockey_fights,hockey_fights/fights/no357_xvid.mp4,16,224
Fights/hockey_fights_no52_xvid.pt,Fights,1,hockey_fights,hockey_fights/fights/no52_xvid.mp4,16,224
Fights/hockey_fights_no422_xvid.pt,Fights,1,hockey_fights,hockey_fights/fights/no422_xvid.mp4,16,224
Fights/hockey_fights_no353_xvid.pt,Fights,1,hockey_fights,hockey_fights/fights/no353_xvid.mp4,16,224
Fights/hockey_fights_no472_xvid.pt,Fights,1,hockey_fights,hockey_fights/fights/no472_xvid.mp4,16,224
Fights/hockey_fights_no354_xvid.pt,Fights,1,hockey_fights,hockey_fights/fights/no354_xvid.mp4,16,224
Fights/hockey_fights_no425_xvid.pt,Fights,1,hockey_fights,hockey_fights/fights/no425_xvid.mp4,16,224
Fights/hockey_fights_no56_xvid.pt,Fights,1,hockey_fights,hockey_fights/fights/no56_xvid.mp4,16,224
Fights/hockey_fights_no433_xvid.pt,Fights,1,hockey_fights,hockey_fights/fights/no433_xvid.mp4,16,224
Fights/hockey_fights_no370_xvid.pt,Fights,1,hockey_fights,hockey_fights/fights/no370_xvid.mp4,16,224
Fights/hockey_fights_no368_xvid.pt,Fights,1,hockey_fights,hockey_fights/fights/no368_xvid.mp4,16,224
Fights/hockey_fights_no367_xvid.pt,Fights,1,hockey_fights,hockey_fights/fights/no367_xvid.mp4,16,224
Fights/hockey_fights_no51_xvid.pt,Fights,1,hockey_fights,hockey_fights/fights/no51_xvid.mp4,16,224
Fights/hockey_fights_no375_xvid.pt,Fights,1,hockey_fights,hockey_fights/fights/no375_xvid.mp4,16,224
Fights/hockey_fights_no438_xvid.pt,Fights,1,hockey_fights,hockey_fights/fights/no438_xvid.mp4,16,224
Fights/hockey_fights_no40_xvid.pt,Fights,1,hockey_fights,hockey_fights/fights/no40_xvid.mp4,16,224
Fights/hockey_fights_no402_xvid.pt,Fights,1,hockey_fights,hockey_fights/fights/no402_xvid.mp4,16,224
Fights/hockey_fights_no38_xvid.pt,Fights,1,hockey_fights,hockey_fights/fights/no38_xvid.mp4,16,224
Fights/hockey_fights_no410_xvid.pt,Fights,1,hockey_fights,hockey_fights/fights/no410_xvid.mp4,16,224
Fights/hockey_fights_no371_xvid.pt,Fights,1,hockey_fights,hockey_fights/fights/no371_xvid.mp4,16,224
Fights/hockey_fights_no3_xvid.pt,Fights,1,hockey_fights,hockey_fights/fights/no3_xvid.mp4,16,224
Fights/hockey_fights_no484_xvid.pt,Fights,1,hockey_fights,hockey_fights/fights/no484_xvid.mp4,16,224
Fights/hockey_fights_no462_xvid.pt,Fights,1,hockey_fights,hockey_fights/fights/no462_xvid.mp4,16,224
Fights/hockey_fights_no41_xvid.pt,Fights,1,hockey_fights,hockey_fights/fights/no41_xvid.mp4,16,224
Fights/hockey_fights_no429_xvid.pt,Fights,1,hockey_fights,hockey_fights/fights/no429_xvid.mp4,16,224
Fights/hockey_fights_no411_xvid.pt,Fights,1,hockey_fights,hockey_fights/fights/no411_xvid.mp4,16,224
Fights/hockey_fights_no363_xvid.pt,Fights,1,hockey_fights,hockey_fights/fights/no363_xvid.mp4,16,224
Fights/hockey_fights_no437_xvid.pt,Fights,1,hockey_fights,hockey_fights/fights/no437_xvid.mp4,16,224
Fights/hockey_fights_no364_xvid.pt,Fights,1,hockey_fights,hockey_fights/fights/no364_xvid.mp4,16,224
Fights/hockey_fights_no474_xvid.pt,Fights,1,hockey_fights,hockey_fights/fights/no474_xvid.mp4,16,224
Fights/hockey_fights_no442_xvid.pt,Fights,1,hockey_fights,hockey_fights/fights/no442_xvid.mp4,16,224
Fights/hockey_fights_no409_xvid.pt,Fights,1,hockey_fights,hockey_fights/fights/no409_xvid.mp4,16,224
Fights/hockey_fights_no436_xvid.pt,Fights,1,hockey_fights,hockey_fights/fights/no436_xvid.mp4,16,224
Fights/hockey_fights_no471_xvid.pt,Fights,1,hockey_fights,hockey_fights/fights/no471_xvid.mp4,16,224
Fights/hockey_fights_no379_xvid.pt,Fights,1,hockey_fights,hockey_fights/fights/no379_xvid.mp4,16,224
Fights/hockey_fights_no460_xvid.pt,Fights,1,hockey_fights,hockey_fights/fights/no460_xvid.mp4,16,224
Fights/hockey_fights_no465_xvid.pt,Fights,1,hockey_fights,hockey_fights/fights/no465_xvid.mp4,16,224
Fights/hockey_fights_no388_xvid.pt,Fights,1,hockey_fights,hockey_fights/fights/no388_xvid.mp4,16,224
Fights/hockey_fights_no50_xvid.pt,Fights,1,hockey_fights,hockey_fights/fights/no50_xvid.mp4,16,224
Fights/hockey_fights_no327_xvid.pt,Fights,1,hockey_fights,hockey_fights/fights/no327_xvid.mp4,16,224
Fights/hockey_fights_no464_xvid.pt,Fights,1,hockey_fights,hockey_fights/fights/no464_xvid.mp4,16,224
Fights/hockey_fights_no389_xvid.pt,Fights,1,hockey_fights,hockey_fights/fights/no389_xvid.mp4,16,224
Fights/hockey_fights_no70_xvid.pt,Fights,1,hockey_fights,hockey_fights/fights/no70_xvid.mp4,16,224
Fights/hockey_fights_no365_xvid.pt,Fights,1,hockey_fights,hockey_fights/fights/no365_xvid.mp4,16,224
Fights/hockey_fights_no485_xvid.pt,Fights,1,hockey_fights,hockey_fights/fights/no485_xvid.mp4,16,224
Fights/hockey_fights_no356_xvid.pt,Fights,1,hockey_fights,hockey_fights/fights/no356_xvid.mp4,16,224
Fights/hockey_fights_no53_xvid.pt,Fights,1,hockey_fights,hockey_fights/fights/no53_xvid.mp4,16,224
Fights/hockey_fights_no343_xvid.pt,Fights,1,hockey_fights,hockey_fights/fights/no343_xvid.mp4,16,224
Fights/hockey_fights_no344_xvid.pt,Fights,1,hockey_fights,hockey_fights/fights/no344_xvid.mp4,16,224
Fights/hockey_fights_no330_xvid.pt,Fights,1,hockey_fights,hockey_fights/fights/no330_xvid.mp4,16,224
Fights/hockey_fights_no387_xvid.pt,Fights,1,hockey_fights,hockey_fights/fights/no387_xvid.mp4,16,224
Fights/hockey_fights_no399_xvid.pt,Fights,1,hockey_fights,hockey_fights/fights/no399_xvid.mp4,16,224
Fights/hockey_fights_no324_xvid.pt,Fights,1,hockey_fights,hockey_fights/fights/no324_xvid.mp4,16,224
Fights/hockey_fights_no469_xvid.pt,Fights,1,hockey_fights,hockey_fights/fights/no469_xvid.mp4,16,224
Fights/hockey_fights_no480_xvid.pt,Fights,1,hockey_fights,hockey_fights/fights/no480_xvid.mp4,16,224
Fights/hockey_fights_no414_xvid.pt,Fights,1,hockey_fights,hockey_fights/fights/no414_xvid.mp4,16,224
Fights/hockey_fights_no339_xvid.pt,Fights,1,hockey_fights,hockey_fights/fights/no339_xvid.mp4,16,224
Fights/hockey_fights_no383_xvid.pt,Fights,1,hockey_fights,hockey_fights/fights/no383_xvid.mp4,16,224
Fights/hockey_fights_no408_xvid.pt,Fights,1,hockey_fights,hockey_fights/fights/no408_xvid.mp4,16,224
Fights/hockey_fights_no64_xvid.pt,Fights,1,hockey_fights,hockey_fights/fights/no64_xvid.mp4,16,224
Fights/hockey_fights_no428_xvid.pt,Fights,1,hockey_fights,hockey_fights/fights/no428_xvid.mp4,16,224
Fights/hockey_fights_no404_xvid.pt,Fights,1,hockey_fights,hockey_fights/fights/no404_xvid.mp4,16,224
Fights/hockey_fights_no358_xvid.pt,Fights,1,hockey_fights,hockey_fights/fights/no358_xvid.mp4,16,224
Fights/hockey_fights_no413_xvid.pt,Fights,1,hockey_fights,hockey_fights/fights/no413_xvid.mp4,16,224
Fights/hockey_fights_no44_xvid.pt,Fights,1,hockey_fights,hockey_fights/fights/no44_xvid.mp4,16,224
Fights/hockey_fights_no329_xvid.pt,Fights,1,hockey_fights,hockey_fights/fights/no329_xvid.mp4,16,224
Fights/hockey_fights_no401_xvid.pt,Fights,1,hockey_fights,hockey_fights/fights/no401_xvid.mp4,16,224
Fights/hockey_fights_no37_xvid.pt,Fights,1,hockey_fights,hockey_fights/fights/no37_xvid.mp4,16,224
Fights/hockey_fights_no395_xvid.pt,Fights,1,hockey_fights,hockey_fights/fights/no395_xvid.mp4,16,224
Fights/hockey_fights_no493_xvid.pt,Fights,1,hockey_fights,hockey_fights/fights/no493_xvid.mp4,16,224
Fights/hockey_fights_no477_xvid.pt,Fights,1,hockey_fights,hockey_fights/fights/no477_xvid.mp4,16,224
Fights/hockey_fights_no486_xvid.pt,Fights,1,hockey_fights,hockey_fights/fights/no486_xvid.mp4,16,224
Fights/hockey_fights_no392_xvid.pt,Fights,1,hockey_fights,hockey_fights/fights/no392_xvid.mp4,16,224
Fights/hockey_fights_no444_xvid.pt,Fights,1,hockey_fights,hockey_fights/fights/no444_xvid.mp4,16,224
Fights/hockey_fights_no63_xvid.pt,Fights,1,hockey_fights,hockey_fights/fights/no63_xvid.mp4,16,224
Fights/hockey_fights_no446_xvid.pt,Fights,1,hockey_fights,hockey_fights/fights/no446_xvid.mp4,16,224
Fights/hockey_fights_no33_xvid.pt,Fights,1,hockey_fights,hockey_fights/fights/no33_xvid.mp4,16,224
Fights/hockey_fights_no431_xvid.pt,Fights,1,hockey_fights,hockey_fights/fights/no431_xvid.mp4,16,224
Fights/hockey_fights_no490_xvid.pt,Fights,1,hockey_fights,hockey_fights/fights/no490_xvid.mp4,16,224
Fights/hockey_fights_no393_xvid.pt,Fights,1,hockey_fights,hockey_fights/fights/no393_xvid.mp4,16,224
Fights/hockey_fights_no494_xvid.pt,Fights,1,hockey_fights,hockey_fights/fights/no494_xvid.mp4,16,224
Fights/hockey_fights_no448_xvid.pt,Fights,1,hockey_fights,hockey_fights/fights/no448_xvid.mp4,16,224
Fights/hockey_fights_no440_xvid.pt,Fights,1,hockey_fights,hockey_fights/fights/no440_xvid.mp4,16,224
Fights/hockey_fights_no466_xvid.pt,Fights,1,hockey_fights,hockey_fights/fights/no466_xvid.mp4,16,224
Fights/hockey_fights_no366_xvid.pt,Fights,1,hockey_fights,hockey_fights/fights/no366_xvid.mp4,16,224
Fights/hockey_fights_no78_xvid.pt,Fights,1,hockey_fights,hockey_fights/fights/no78_xvid.mp4,16,224
Fights/hockey_fights_no396_xvid.pt,Fights,1,hockey_fights,hockey_fights/fights/no396_xvid.mp4,16,224
Fights/hockey_fights_no76_xvid.pt,Fights,1,hockey_fights,hockey_fights/fights/no76_xvid.mp4,16,224
Fights/hockey_fights_no332_xvid.pt,Fights,1,hockey_fights,hockey_fights/fights/no332_xvid.mp4,16,224
Fights/hockey_fights_no362_xvid.pt,Fights,1,hockey_fights,hockey_fights/fights/no362_xvid.mp4,16,224
Fights/hockey_fights_no398_xvid.pt,Fights,1,hockey_fights,hockey_fights/fights/no398_xvid.mp4,16,224
Fights/hockey_fights_no381_xvid.pt,Fights,1,hockey_fights,hockey_fights/fights/no381_xvid.mp4,16,224
Fights/hockey_fights_no421_xvid.pt,Fights,1,hockey_fights,hockey_fights/fights/no421_xvid.mp4,16,224
Fights/hockey_fights_no382_xvid.pt,Fights,1,hockey_fights,hockey_fights/fights/no382_xvid.mp4,16,224
Fights/hockey_fights_no62_xvid.pt,Fights,1,hockey_fights,hockey_fights/fights/no62_xvid.mp4,16,224
Fights/hockey_fights_no406_xvid.pt,Fights,1,hockey_fights,hockey_fights/fights/no406_xvid.mp4,16,224
Fights/hockey_fights_no337_xvid.pt,Fights,1,hockey_fights,hockey_fights/fights/no337_xvid.mp4,16,224
Fights/hockey_fights_no443_xvid.pt,Fights,1,hockey_fights,hockey_fights/fights/no443_xvid.mp4,16,224
Fights/hockey_fights_no338_xvid.pt,Fights,1,hockey_fights,hockey_fights/fights/no338_xvid.mp4,16,224
Fights/hockey_fights_no427_xvid.pt,Fights,1,hockey_fights,hockey_fights/fights/no427_xvid.mp4,16,224
Fights/hockey_fights_no403_xvid.pt,Fights,1,hockey_fights,hockey_fights/fights/no403_xvid.mp4,16,224
Fights/hockey_fights_no67_xvid.pt,Fights,1,hockey_fights,hockey_fights/fights/no67_xvid.mp4,16,224
Fights/hockey_fights_no32_xvid.pt,Fights,1,hockey_fights,hockey_fights/fights/no32_xvid.mp4,16,224
Fights/hockey_fights_no390_xvid.pt,Fights,1,hockey_fights,hockey_fights/fights/no390_xvid.mp4,16,224
Fights/hockey_fights_no497_xvid.pt,Fights,1,hockey_fights,hockey_fights/fights/no497_xvid.mp4,16,224
Fights/hockey_fights_no359_xvid.pt,Fights,1,hockey_fights,hockey_fights/fights/no359_xvid.mp4,16,224
Fights/hockey_fights_no475_xvid.pt,Fights,1,hockey_fights,hockey_fights/fights/no475_xvid.mp4,16,224
Fights/hockey_fights_no416_xvid.pt,Fights,1,hockey_fights,hockey_fights/fights/no416_xvid.mp4,16,224
Fights/hockey_fights_no491_xvid.pt,Fights,1,hockey_fights,hockey_fights/fights/no491_xvid.mp4,16,224
Fights/hockey_fights_no470_xvid.pt,Fights,1,hockey_fights,hockey_fights/fights/no470_xvid.mp4,16,224
Fights/hockey_fights_no334_xvid.pt,Fights,1,hockey_fights,hockey_fights/fights/no334_xvid.mp4,16,224
Fights/hockey_fights_no467_xvid.pt,Fights,1,hockey_fights,hockey_fights/fights/no467_xvid.mp4,16,224
Fights/hockey_fights_no454_xvid.pt,Fights,1,hockey_fights,hockey_fights/fights/no454_xvid.mp4,16,224
Fights/hockey_fights_no378_xvid.pt,Fights,1,hockey_fights,hockey_fights/fights/no378_xvid.mp4,16,224
Fights/hockey_fights_no380_xvid.pt,Fights,1,hockey_fights,hockey_fights/fights/no380_xvid.mp4,16,224
Fights/hockey_fights_no61_xvid.pt,Fights,1,hockey_fights,hockey_fights/fights/no61_xvid.mp4,16,224
Fights/hockey_fights_no31_xvid.pt,Fights,1,hockey_fights,hockey_fights/fights/no31_xvid.mp4,16,224
Fights/hockey_fights_no373_xvid.pt,Fights,1,hockey_fights,hockey_fights/fights/no373_xvid.mp4,16,224
Fights/hockey_fights_no326_xvid.pt,Fights,1,hockey_fights,hockey_fights/fights/no326_xvid.mp4,16,224
Fights/hockey_fights_no385_xvid.pt,Fights,1,hockey_fights,hockey_fights/fights/no385_xvid.mp4,16,224
Fights/hockey_fights_no377_xvid.pt,Fights,1,hockey_fights,hockey_fights/fights/no377_xvid.mp4,16,224
Fights/hockey_fights_no488_xvid.pt,Fights,1,hockey_fights,hockey_fights/fights/no488_xvid.mp4,16,224
Fights/hockey_fights_no49_xvid.pt,Fights,1,hockey_fights,hockey_fights/fights/no49_xvid.mp4,16,224
Fights/hockey_fights_no35_xvid.pt,Fights,1,hockey_fights,hockey_fights/fights/no35_xvid.mp4,16,224
Fights/hockey_fights_no347_xvid.pt,Fights,1,hockey_fights,hockey_fights/fights/no347_xvid.mp4,16,224
Fights/hockey_fights_no60_xvid.pt,Fights,1,hockey_fights,hockey_fights/fights/no60_xvid.mp4,16,224
Fights/hockey_fights_no481_xvid.pt,Fights,1,hockey_fights,hockey_fights/fights/no481_xvid.mp4,16,224
Fights/hockey_fights_no48_xvid.pt,Fights,1,hockey_fights,hockey_fights/fights/no48_xvid.mp4,16,224
Fights/hockey_fights_no321_xvid.pt,Fights,1,hockey_fights,hockey_fights/fights/no321_xvid.mp4,16,224
Fights/hockey_fights_no66_xvid.pt,Fights,1,hockey_fights,hockey_fights/fights/no66_xvid.mp4,16,224
Fights/hockey_fights_no492_xvid.pt,Fights,1,hockey_fights,hockey_fights/fights/no492_xvid.mp4,16,224
Fights/hockey_fights_no424_xvid.pt,Fights,1,hockey_fights,hockey_fights/fights/no424_xvid.mp4,16,224
Fights/hockey_fights_no73_xvid.pt,Fights,1,hockey_fights,hockey_fights/fights/no73_xvid.mp4,16,224
Fights/hockey_fights_no483_xvid.pt,Fights,1,hockey_fights,hockey_fights/fights/no483_xvid.mp4,16,224
Fights/hockey_fights_no391_xvid.pt,Fights,1,hockey_fights,hockey_fights/fights/no391_xvid.mp4,16,224
Fights/hockey_fights_no335_xvid.pt,Fights,1,hockey_fights,hockey_fights/fights/no335_xvid.mp4,16,224
Fights/hockey_fights_no434_xvid.pt,Fights,1,hockey_fights,hockey_fights/fights/no434_xvid.mp4,16,224
Fights/hockey_fights_no77_xvid.pt,Fights,1,hockey_fights,hockey_fights/fights/no77_xvid.mp4,16,224
Fights/hockey_fights_no458_xvid.pt,Fights,1,hockey_fights,hockey_fights/fights/no458_xvid.mp4,16,224
Fights/hockey_fights_no384_xvid.pt,Fights,1,hockey_fights,hockey_fights/fights/no384_xvid.mp4,16,224
Fights/hockey_fights_no333_xvid.pt,Fights,1,hockey_fights,hockey_fights/fights/no333_xvid.mp4,16,224
Fights/hockey_fights_no461_xvid.pt,Fights,1,hockey_fights,hockey_fights/fights/no461_xvid.mp4,16,224
Fights/hockey_fights_no500_xvid.pt,Fights,1,hockey_fights,hockey_fights/fights/no500_xvid.mp4,16,224
Fights/hockey_fights_no441_xvid.pt,Fights,1,hockey_fights,hockey_fights/fights/no441_xvid.mp4,16,224
Fights/hockey_fights_no328_xvid.pt,Fights,1,hockey_fights,hockey_fights/fights/no328_xvid.mp4,16,224
Fights/hockey_fights_no432_xvid.pt,Fights,1,hockey_fights,hockey_fights/fights/no432_xvid.mp4,16,224
Fights/hockey_fights_no455_xvid.pt,Fights,1,hockey_fights,hockey_fights/fights/no455_xvid.mp4,16,224
Fights/hockey_fights_no45_xvid.pt,Fights,1,hockey_fights,hockey_fights/fights/no45_xvid.mp4,16,224
Fights/hockey_fights_no405_xvid.pt,Fights,1,hockey_fights,hockey_fights/fights/no405_xvid.mp4,16,224
Fights/hockey_fights_no453_xvid.pt,Fights,1,hockey_fights,hockey_fights/fights/no453_xvid.mp4,16,224
Fights/hockey_fights_no468_xvid.pt,Fights,1,hockey_fights,hockey_fights/fights/no468_xvid.mp4,16,224
Fights/hockey_fights_no42_xvid.pt,Fights,1,hockey_fights,hockey_fights/fights/no42_xvid.mp4,16,224
Fights/hockey_fights_no498_xvid.pt,Fights,1,hockey_fights,hockey_fights/fights/no498_xvid.mp4,16,224
Fights/hockey_fights_no346_xvid.pt,Fights,1,hockey_fights,hockey_fights/fights/no346_xvid.mp4,16,224
Fights/hockey_fights_no74_xvid.pt,Fights,1,hockey_fights,hockey_fights/fights/no74_xvid.mp4,16,224
Fights/hockey_fights_no57_xvid.pt,Fights,1,hockey_fights,hockey_fights/fights/no57_xvid.mp4,16,224
Fights/hockey_fights_no323_xvid.pt,Fights,1,hockey_fights,hockey_fights/fights/no323_xvid.mp4,16,224
Fights/hockey_fights_no349_xvid.pt,Fights,1,hockey_fights,hockey_fights/fights/no349_xvid.mp4,16,224
Fights/hockey_fights_no322_xvid.pt,Fights,1,hockey_fights,hockey_fights/fights/no322_xvid.mp4,16,224
Fights/hockey_fights_no34_xvid.pt,Fights,1,hockey_fights,hockey_fights/fights/no34_xvid.mp4,16,224
Fights/hockey_fights_no473_xvid.pt,Fights,1,hockey_fights,hockey_fights/fights/no473_xvid.mp4,16,224
Fights/hockey_fights_no54_xvid.pt,Fights,1,hockey_fights,hockey_fights/fights/no54_xvid.mp4,16,224
Fights/hockey_fights_no449_xvid.pt,Fights,1,hockey_fights,hockey_fights/fights/no449_xvid.mp4,16,224
Fights/hockey_fights_no348_xvid.pt,Fights,1,hockey_fights,hockey_fights/fights/no348_xvid.mp4,16,224
Fights/hockey_fights_no336_xvid.pt,Fights,1,hockey_fights,hockey_fights/fights/no336_xvid.mp4,16,224
Fights/hockey_fights_no351_xvid.pt,Fights,1,hockey_fights,hockey_fights/fights/no351_xvid.mp4,16,224
Fights/hockey_fights_no487_xvid.pt,Fights,1,hockey_fights,hockey_fights/fights/no487_xvid.mp4,16,224
Fights/hockey_fights_no55_xvid.pt,Fights,1,hockey_fights,hockey_fights/fights/no55_xvid.mp4,16,224
Fights/hockey_fights_no4_xvid.pt,Fights,1,hockey_fights,hockey_fights/fights/no4_xvid.mp4,16,224
Fights/hockey_fights_no372_xvid.pt,Fights,1,hockey_fights,hockey_fights/fights/no372_xvid.mp4,16,224
Fights/hockey_fights_no439_xvid.pt,Fights,1,hockey_fights,hockey_fights/fights/no439_xvid.mp4,16,224
Fights/hockey_fights_no360_xvid.pt,Fights,1,hockey_fights,hockey_fights/fights/no360_xvid.mp4,16,224
Fights/hockey_fights_no430_xvid.pt,Fights,1,hockey_fights,hockey_fights/fights/no430_xvid.mp4,16,224
Fights/hockey_fights_no447_xvid.pt,Fights,1,hockey_fights,hockey_fights/fights/no447_xvid.mp4,16,224
Fights/hockey_fights_no459_xvid.pt,Fights,1,hockey_fights,hockey_fights/fights/no459_xvid.mp4,16,224
Fights/hockey_fights_no496_xvid.pt,Fights,1,hockey_fights,hockey_fights/fights/no496_xvid.mp4,16,224
Fights/hockey_fights_no6_xvid.pt,Fights,1,hockey_fights,hockey_fights/fights/no6_xvid.mp4,16,224
Fights/hockey_fights_no345_xvid.pt,Fights,1,hockey_fights,hockey_fights/fights/no345_xvid.mp4,16,224
Fights/hockey_fights_no435_xvid.pt,Fights,1,hockey_fights,hockey_fights/fights/no435_xvid.mp4,16,224
Fights/hockey_fights_no418_xvid.pt,Fights,1,hockey_fights,hockey_fights/fights/no418_xvid.mp4,16,224
Fights/hockey_fights_no450_xvid.pt,Fights,1,hockey_fights,hockey_fights/fights/no450_xvid.mp4,16,224
Fights/hockey_fights_no419_xvid.pt,Fights,1,hockey_fights,hockey_fights/fights/no419_xvid.mp4,16,224
Fights/hockey_fights_no59_xvid.pt,Fights,1,hockey_fights,hockey_fights/fights/no59_xvid.mp4,16,224
Fights/hockey_fights_no68_xvid.pt,Fights,1,hockey_fights,hockey_fights/fights/no68_xvid.mp4,16,224
Fights/hockey_fights_no36_xvid.pt,Fights,1,hockey_fights,hockey_fights/fights/no36_xvid.mp4,16,224
Fights/hockey_fights_no412_xvid.pt,Fights,1,hockey_fights,hockey_fights/fights/no412_xvid.mp4,16,224
Fights/hockey_fights_no489_xvid.pt,Fights,1,hockey_fights,hockey_fights/fights/no489_xvid.mp4,16,224
Fights/hockey_fights_no65___xvid.pt,Fights,1,hockey_fights,hockey_fights/fights/no65___xvid.mp4,16,224
Fights/hockey_fights_no423_xvid.pt,Fights,1,hockey_fights,hockey_fights/fights/no423_xvid.mp4,16,224
Fights/hockey_fights_no341_xvid.pt,Fights,1,hockey_fights,hockey_fights/fights/no341_xvid.mp4,16,224
Fights/hockey_fights_no342_xvid.pt,Fights,1,hockey_fights,hockey_fights/fights/no342_xvid.mp4,16,224
Fights/hockey_fights_no72_xvid.pt,Fights,1,hockey_fights,hockey_fights/fights/no72_xvid.mp4,16,224
Fights/hockey_fights_no479_xvid.pt,Fights,1,hockey_fights,hockey_fights/fights/no479_xvid.mp4,16,224
Fights/hockey_fights_no58_xvid.pt,Fights,1,hockey_fights,hockey_fights/fights/no58_xvid.mp4,16,224
Fights/hockey_fights_no352_xvid.pt,Fights,1,hockey_fights,hockey_fights/fights/no352_xvid.mp4,16,224
Fights/hockey_fights_no397_xvid.pt,Fights,1,hockey_fights,hockey_fights/fights/no397_xvid.mp4,16,224
Fights/hockey_fights_no386_xvid.pt,Fights,1,hockey_fights,hockey_fights/fights/no386_xvid.mp4,16,224
Fights/hockey_fights_no407_xvid.pt,Fights,1,hockey_fights,hockey_fights/fights/no407_xvid.mp4,16,224
Fights/hockey_fights_no445_xvid.pt,Fights,1,hockey_fights,hockey_fights/fights/no445_xvid.mp4,16,224
Fights/hockey_fights_no71_xvid.pt,Fights,1,hockey_fights,hockey_fights/fights/no71_xvid.mp4,16,224
Fights/hockey_fights_no95_xvid.pt,Fights,1,hockey_fights,hockey_fights/fights/no95_xvid.mp4,16,224
Fights/hockey_fights_no82_xvid.pt,Fights,1,hockey_fights,hockey_fights/fights/no82_xvid.mp4,16,224
Fights/hockey_fights_no8_xvid.pt,Fights,1,hockey_fights,hockey_fights/fights/no8_xvid.mp4,16,224
Fights/hockey_fights_no94_xvid.pt,Fights,1,hockey_fights,hockey_fights/fights/no94_xvid.mp4,16,224
Fights/hockey_fights_no90_xvid.pt,Fights,1,hockey_fights,hockey_fights/fights/no90_xvid.mp4,16,224
Fights/hockey_fights_no93_xvid.pt,Fights,1,hockey_fights,hockey_fights/fights/no93_xvid.mp4,16,224
Fights/hockey_fights_no99_xvid.pt,Fights,1,hockey_fights,hockey_fights/fights/no99_xvid.mp4,16,224
Fights/hockey_fights_no91_xvid.pt,Fights,1,hockey_fights,hockey_fights/fights/no91_xvid.mp4,16,224
Fights/hockey_fights_no85_xvid.pt,Fights,1,hockey_fights,hockey_fights/fights/no85_xvid.mp4,16,224
Fights/hockey_fights_no79_xvid.pt,Fights,1,hockey_fights,hockey_fights/fights/no79_xvid.mp4,16,224
Fights/hockey_fights_no7_xvid.pt,Fights,1,hockey_fights,hockey_fights/fights/no7_xvid.mp4,16,224
Fights/hockey_fights_no96_xvid.pt,Fights,1,hockey_fights,hockey_fights/fights/no96_xvid.mp4,16,224
Fights/hockey_fights_no89_xvid.pt,Fights,1,hockey_fights,hockey_fights/fights/no89_xvid.mp4,16,224
Fights/hockey_fights_no92_xvid.pt,Fights,1,hockey_fights,hockey_fights/fights/no92_xvid.mp4,16,224
Fights/hockey_fights_no84_xvid.pt,Fights,1,hockey_fights,hockey_fights/fights/no84_xvid.mp4,16,224
Fights/hockey_fights_no98_xvid.pt,Fights,1,hockey_fights,hockey_fights/fights/no98_xvid.mp4,16,224
Fights/hockey_fights_no97_xvid.pt,Fights,1,hockey_fights,hockey_fights/fights/no97_xvid.mp4,16,224
Fights/hockey_fights_no9_xvid.pt,Fights,1,hockey_fights,hockey_fights/fights/no9_xvid.mp4,16,224
Fights/hockey_fights_no80_xvid.pt,Fights,1,hockey_fights,hockey_fights/fights/no80_xvid.mp4,16,224
Fights/hockey_fights_no88_xvid.pt,Fights,1,hockey_fights,hockey_fights/fights/no88_xvid.mp4,16,224
Fights/hockey_fights_no87_xvid.pt,Fights,1,hockey_fights,hockey_fights/fights/no87_xvid.mp4,16,224
Fights/hockey_fights_no81_xvid.pt,Fights,1,hockey_fights,hockey_fights/fights/no81_xvid.mp4,16,224
Fights/hockey_fights_no86_xvid.pt,Fights,1,hockey_fights,hockey_fights/fights/no86_xvid.mp4,16,224
Fights/hockey_fights_no83_xvid.pt,Fights,1,hockey_fights,hockey_fights/fights/no83_xvid.mp4,16,224
NoFights/hockey_fights_fi194_xvid.pt,NoFights,0,hockey_fights,hockey_fights/noFights/fi194_xvid.mp4,16,224
NoFights/hockey_fights_fi211_xvid.pt,NoFights,0,hockey_fights,hockey_fights/noFights/fi211_xvid.mp4,16,224
NoFights/hockey_fights_fi118_xvid.pt,NoFights,0,hockey_fights,hockey_fights/noFights/fi118_xvid.mp4,16,224
NoFights/hockey_fights_fi18_xvid.pt,NoFights,0,hockey_fights,hockey_fights/noFights/fi18_xvid.mp4,16,224
NoFights/hockey_fights_fi198_xvid.pt,NoFights,0,hockey_fights,hockey_fights/noFights/fi198_xvid.mp4,16,224
NoFights/hockey_fights_fi131_xvid.pt,NoFights,0,hockey_fights,hockey_fights/noFights/fi131_xvid.mp4,16,224
NoFights/hockey_fights_fi221_xvid.pt,NoFights,0,hockey_fights,hockey_fights/noFights/fi221_xvid.mp4,16,224
NoFights/hockey_fights_fi251_xvid.pt,NoFights,0,hockey_fights,hockey_fights/noFights/fi251_xvid.mp4,16,224
NoFights/hockey_fights_fi201_xvid.pt,NoFights,0,hockey_fights,hockey_fights/noFights/fi201_xvid.mp4,16,224
NoFights/hockey_fights_fi254_xvid.pt,NoFights,0,hockey_fights,hockey_fights/noFights/fi254_xvid.mp4,16,224
NoFights/hockey_fights_fi189_xvid.pt,NoFights,0,hockey_fights,hockey_fights/noFights/fi189_xvid.mp4,16,224
NoFights/hockey_fights_fi206_xvid.pt,NoFights,0,hockey_fights,hockey_fights/noFights/fi206_xvid.mp4,16,224
NoFights/hockey_fights_fi218_xvid.pt,NoFights,0,hockey_fights,hockey_fights/noFights/fi218_xvid.mp4,16,224
NoFights/hockey_fights_fi164_xvid.pt,NoFights,0,hockey_fights,hockey_fights/noFights/fi164_xvid.mp4,16,224
NoFights/hockey_fights_fi246_xvid.pt,NoFights,0,hockey_fights,hockey_fights/noFights/fi246_xvid.mp4,16,224
NoFights/hockey_fights_fi212_xvid.pt,NoFights,0,hockey_fights,hockey_fights/noFights/fi212_xvid.mp4,16,224
NoFights/hockey_fights_fi110_xvid.pt,NoFights,0,hockey_fights,hockey_fights/noFights/fi110_xvid.mp4,16,224
NoFights/hockey_fights_fi266_xvid.pt,NoFights,0,hockey_fights,hockey_fights/noFights/fi266_xvid.mp4,16,224
NoFights/hockey_fights_fi143_xvid.pt,NoFights,0,hockey_fights,hockey_fights/noFights/fi143_xvid.mp4,16,224
NoFights/hockey_fights_fi154_xvid.pt,NoFights,0,hockey_fights,hockey_fights/noFights/fi154_xvid.mp4,16,224
NoFights/hockey_fights_fi209_xvid.pt,NoFights,0,hockey_fights,hockey_fights/noFights/fi209_xvid.mp4,16,224
NoFights/hockey_fights_fi26_xvid.pt,NoFights,0,hockey_fights,hockey_fights/noFights/fi26_xvid.mp4,16,224
NoFights/hockey_fights_fi203_xvid.pt,NoFights,0,hockey_fights,hockey_fights/noFights/fi203_xvid.mp4,16,224
NoFights/hockey_fights_fi148_xvid.pt,NoFights,0,hockey_fights,hockey_fights/noFights/fi148_xvid.mp4,16,224
NoFights/hockey_fights_fi103_xvid.pt,NoFights,0,hockey_fights,hockey_fights/noFights/fi103_xvid.mp4,16,224
NoFights/hockey_fights_fi105_xvid.pt,NoFights,0,hockey_fights,hockey_fights/noFights/fi105_xvid.mp4,16,224
NoFights/hockey_fights_fi22_xvid.pt,NoFights,0,hockey_fights,hockey_fights/noFights/fi22_xvid.mp4,16,224
NoFights/hockey_fights_fi202_xvid.pt,NoFights,0,hockey_fights,hockey_fights/noFights/fi202_xvid.mp4,16,224
NoFights/hockey_fights_fi250_xvid.pt,NoFights,0,hockey_fights,hockey_fights/noFights/fi250_xvid.mp4,16,224
NoFights/hockey_fights_fi186_xvid.pt,NoFights,0,hockey_fights,hockey_fights/noFights/fi186_xvid.mp4,16,224
NoFights/hockey_fights_fi228_xvid.pt,NoFights,0,hockey_fights,hockey_fights/noFights/fi228_xvid.mp4,16,224
NoFights/hockey_fights_fi230_xvid.pt,NoFights,0,hockey_fights,hockey_fights/noFights/fi230_xvid.mp4,16,224
NoFights/hockey_fights_fi223_xvid.pt,NoFights,0,hockey_fights,hockey_fights/noFights/fi223_xvid.mp4,16,224
NoFights/hockey_fights_fi14_xvid.pt,NoFights,0,hockey_fights,hockey_fights/noFights/fi14_xvid.mp4,16,224
NoFights/hockey_fights_fi245_xvid.pt,NoFights,0,hockey_fights,hockey_fights/noFights/fi245_xvid.mp4,16,224
NoFights/hockey_fights_fi243_xvid.pt,NoFights,0,hockey_fights,hockey_fights/noFights/fi243_xvid.mp4,16,224
NoFights/hockey_fights_fi257_xvid.pt,NoFights,0,hockey_fights,hockey_fights/noFights/fi257_xvid.mp4,16,224
NoFights/hockey_fights_fi19_xvid.pt,NoFights,0,hockey_fights,hockey_fights/noFights/fi19_xvid.mp4,16,224
NoFights/hockey_fights_fi23_xvid.pt,NoFights,0,hockey_fights,hockey_fights/noFights/fi23_xvid.mp4,16,224
NoFights/hockey_fights_fi214_xvid.pt,NoFights,0,hockey_fights,hockey_fights/noFights/fi214_xvid.mp4,16,224
NoFights/hockey_fights_fi192_xvid.pt,NoFights,0,hockey_fights,hockey_fights/noFights/fi192_xvid.mp4,16,224
NoFights/hockey_fights_fi208_xvid.pt,NoFights,0,hockey_fights,hockey_fights/noFights/fi208_xvid.mp4,16,224
NoFights/hockey_fights_fi215_xvid.pt,NoFights,0,hockey_fights,hockey_fights/noFights/fi215_xvid.mp4,16,224
NoFights/hockey_fights_fi204_xvid.pt,NoFights,0,hockey_fights,hockey_fights/noFights/fi204_xvid.mp4,16,224
NoFights/hockey_fights_fi256_xvid.pt,NoFights,0,hockey_fights,hockey_fights/noFights/fi256_xvid.mp4,16,224
NoFights/hockey_fights_fi247_xvid.pt,NoFights,0,hockey_fights,hockey_fights/noFights/fi247_xvid.mp4,16,224
NoFights/hockey_fights_fi119_xvid.pt,NoFights,0,hockey_fights,hockey_fights/noFights/fi119_xvid.mp4,16,224
NoFights/hockey_fights_fi104_xvid.pt,NoFights,0,hockey_fights,hockey_fights/noFights/fi104_xvid.mp4,16,224
NoFights/hockey_fights_fi237_xvid.pt,NoFights,0,hockey_fights,hockey_fights/noFights/fi237_xvid.mp4,16,224
NoFights/hockey_fights_fi100_xvid.pt,NoFights,0,hockey_fights,hockey_fights/noFights/fi100_xvid.mp4,16,224
NoFights/hockey_fights_fi138_xvid.pt,NoFights,0,hockey_fights,hockey_fights/noFights/fi138_xvid.mp4,16,224
NoFights/hockey_fights_fi258_xvid.pt,NoFights,0,hockey_fights,hockey_fights/noFights/fi258_xvid.mp4,16,224
NoFights/hockey_fights_fi140_xvid.pt,NoFights,0,hockey_fights,hockey_fights/noFights/fi140_xvid.mp4,16,224
NoFights/hockey_fights_fi199_xvid.pt,NoFights,0,hockey_fights,hockey_fights/noFights/fi199_xvid.mp4,16,224
NoFights/hockey_fights_fi117_xvid.pt,NoFights,0,hockey_fights,hockey_fights/noFights/fi117_xvid.mp4,16,224
NoFights/hockey_fights_fi265_xvid.pt,NoFights,0,hockey_fights,hockey_fights/noFights/fi265_xvid.mp4,16,224
NoFights/hockey_fights_fi193_xvid.pt,NoFights,0,hockey_fights,hockey_fights/noFights/fi193_xvid.mp4,16,224
NoFights/hockey_fights_fi120_xvid.pt,NoFights,0,hockey_fights,hockey_fights/noFights/fi120_xvid.mp4,16,224
NoFights/hockey_fights_fi236_xvid.pt,NoFights,0,hockey_fights,hockey_fights/noFights/fi236_xvid.mp4,16,224
NoFights/hockey_fights_fi239_xvid.pt,NoFights,0,hockey_fights,hockey_fights/noFights/fi239_xvid.mp4,16,224
NoFights/hockey_fights_fi151_xvid.pt,NoFights,0,hockey_fights,hockey_fights/noFights/fi151_xvid.mp4,16,224
NoFights/hockey_fights_fi11_xvid.pt,NoFights,0,hockey_fights,hockey_fights/noFights/fi11_xvid.mp4,16,224
NoFights/hockey_fights_fi182_xvid.pt,NoFights,0,hockey_fights,hockey_fights/noFights/fi182_xvid.mp4,16,224
NoFights/hockey_fights_fi255_xvid.pt,NoFights,0,hockey_fights,hockey_fights/noFights/fi255_xvid.mp4,16,224
NoFights/hockey_fights_fi225_xvid.pt,NoFights,0,hockey_fights,hockey_fights/noFights/fi225_xvid.mp4,16,224
NoFights/hockey_fights_fi173_xvid.pt,NoFights,0,hockey_fights,hockey_fights/noFights/fi173_xvid.mp4,16,224
NoFights/hockey_fights_fi252_xvid.pt,NoFights,0,hockey_fights,hockey_fights/noFights/fi252_xvid.mp4,16,224
NoFights/hockey_fights_fi219_xvid.pt,NoFights,0,hockey_fights,hockey_fights/noFights/fi219_xvid.mp4,16,224
NoFights/hockey_fights_fi128_xvid.pt,NoFights,0,hockey_fights,hockey_fights/noFights/fi128_xvid.mp4,16,224
NoFights/hockey_fights_fi156_xvid.pt,NoFights,0,hockey_fights,hockey_fights/noFights/fi156_xvid.mp4,16,224
NoFights/hockey_fights_fi160_xvid.pt,NoFights,0,hockey_fights,hockey_fights/noFights/fi160_xvid.mp4,16,224
NoFights/hockey_fights_fi177_xvid.pt,NoFights,0,hockey_fights,hockey_fights/noFights/fi177_xvid.mp4,16,224
NoFights/hockey_fights_fi178_xvid.pt,NoFights,0,hockey_fights,hockey_fights/noFights/fi178_xvid.mp4,16,224
NoFights/hockey_fights_fi233_xvid.pt,NoFights,0,hockey_fights,hockey_fights/noFights/fi233_xvid.mp4,16,224
NoFights/hockey_fights_fi234_xvid.pt,NoFights,0,hockey_fights,hockey_fights/noFights/fi234_xvid.mp4,16,224
NoFights/hockey_fights_fi188_xvid.pt,NoFights,0,hockey_fights,hockey_fights/noFights/fi188_xvid.mp4,16,224
NoFights/hockey_fights_fi169_xvid.pt,NoFights,0,hockey_fights,hockey_fights/noFights/fi169_xvid.mp4,16,224
NoFights/hockey_fights_fi123_xvid.pt,NoFights,0,hockey_fights,hockey_fights/noFights/fi123_xvid.mp4,16,224
NoFights/hockey_fights_fi196_xvid.pt,NoFights,0,hockey_fights,hockey_fights/noFights/fi196_xvid.mp4,16,224
NoFights/hockey_fights_fi153_xvid.pt,NoFights,0,hockey_fights,hockey_fights/noFights/fi153_xvid.mp4,16,224
NoFights/hockey_fights_fi1_xvid.pt,NoFights,0,hockey_fights,hockey_fights/noFights/fi1_xvid.mp4,16,224
NoFights/hockey_fights_fi226_xvid.pt,NoFights,0,hockey_fights,hockey_fights/noFights/fi226_xvid.mp4,16,224
NoFights/hockey_fights_fi179_xvid.pt,NoFights,0,hockey_fights,hockey_fights/noFights/fi179_xvid.mp4,16,224
NoFights/hockey_fights_fi115_xvid.pt,NoFights,0,hockey_fights,hockey_fights/noFights/fi115_xvid.mp4,16,224
NoFights/hockey_fights_fi262_xvid.pt,NoFights,0,hockey_fights,hockey_fights/noFights/fi262_xvid.mp4,16,224
NoFights/hockey_fights_fi273_xvid.pt,NoFights,0,hockey_fights,hockey_fights/noFights/fi273_xvid.mp4,16,224
NoFights/hockey_fights_fi146_xvid.pt,NoFights,0,hockey_fights,hockey_fights/noFights/fi146_xvid.mp4,16,224
NoFights/hockey_fights_fi184_xvid.pt,NoFights,0,hockey_fights,hockey_fights/noFights/fi184_xvid.mp4,16,224
NoFights/hockey_fights_fi162_xvid.pt,NoFights,0,hockey_fights,hockey_fights/noFights/fi162_xvid.mp4,16,224
NoFights/hockey_fights_fi270_xvid.pt,NoFights,0,hockey_fights,hockey_fights/noFights/fi270_xvid.mp4,16,224
NoFights/hockey_fights_fi127_xvid.pt,NoFights,0,hockey_fights,hockey_fights/noFights/fi127_xvid.mp4,16,224
NoFights/hockey_fights_fi259_xvid.pt,NoFights,0,hockey_fights,hockey_fights/noFights/fi259_xvid.mp4,16,224
NoFights/hockey_fights_fi216_xvid.pt,NoFights,0,hockey_fights,hockey_fights/noFights/fi216_xvid.mp4,16,224
NoFights/hockey_fights_fi136_xvid.pt,NoFights,0,hockey_fights,hockey_fights/noFights/fi136_xvid.mp4,16,224
NoFights/hockey_fights_fi207_xvid.pt,NoFights,0,hockey_fights,hockey_fights/noFights/fi207_xvid.mp4,16,224
NoFights/hockey_fights_fi139_xvid.pt,NoFights,0,hockey_fights,hockey_fights/noFights/fi139_xvid.mp4,16,224
NoFights/hockey_fights_fi224_xvid.pt,NoFights,0,hockey_fights,hockey_fights/noFights/fi224_xvid.mp4,16,224
NoFights/hockey_fights_fi166_xvid.pt,NoFights,0,hockey_fights,hockey_fights/noFights/fi166_xvid.mp4,16,224
NoFights/hockey_fights_fi12_xvid.pt,NoFights,0,hockey_fights,hockey_fights/noFights/fi12_xvid.mp4,16,224
NoFights/hockey_fights_fi172_xvid.pt,NoFights,0,hockey_fights,hockey_fights/noFights/fi172_xvid.mp4,16,224
NoFights/hockey_fights_fi235_xvid.pt,NoFights,0,hockey_fights,hockey_fights/noFights/fi235_xvid.mp4,16,224
NoFights/hockey_fights_fi134_xvid.pt,NoFights,0,hockey_fights,hockey_fights/noFights/fi134_xvid.mp4,16,224
NoFights/hockey_fights_fi16_xvid.pt,NoFights,0,hockey_fights,hockey_fights/noFights/fi16_xvid.mp4,16,224
NoFights/hockey_fights_fi271_xvid.pt,NoFights,0,hockey_fights,hockey_fights/noFights/fi271_xvid.mp4,16,224
NoFights/hockey_fights_fi13_xvid.pt,NoFights,0,hockey_fights,hockey_fights/noFights/fi13_xvid.mp4,16,224
NoFights/hockey_fights_fi174_xvid.pt,NoFights,0,hockey_fights,hockey_fights/noFights/fi174_xvid.mp4,16,224
NoFights/hockey_fights_fi231_xvid.pt,NoFights,0,hockey_fights,hockey_fights/noFights/fi231_xvid.mp4,16,224
NoFights/hockey_fights_fi157_xvid.pt,NoFights,0,hockey_fights,hockey_fights/noFights/fi157_xvid.mp4,16,224
NoFights/hockey_fights_fi158_xvid.pt,NoFights,0,hockey_fights,hockey_fights/noFights/fi158_xvid.mp4,16,224
NoFights/hockey_fights_fi116_xvid.pt,NoFights,0,hockey_fights,hockey_fights/noFights/fi116_xvid.mp4,16,224
NoFights/hockey_fights_fi267_xvid.pt,NoFights,0,hockey_fights,hockey_fights/noFights/fi267_xvid.mp4,16,224
NoFights/hockey_fights_fi180_xvid.pt,NoFights,0,hockey_fights,hockey_fights/noFights/fi180_xvid.mp4,16,224
NoFights/hockey_fights_fi168_xvid.pt,NoFights,0,hockey_fights,hockey_fights/noFights/fi168_xvid.mp4,16,224
NoFights/hockey_fights_fi15_xvid.pt,NoFights,0,hockey_fights,hockey_fights/noFights/fi15_xvid.mp4,16,224
NoFights/hockey_fights_fi25_xvid.pt,NoFights,0,hockey_fights,hockey_fights/noFights/fi25_xvid.mp4,16,224
NoFights/hockey_fights_fi181_xvid.pt,NoFights,0,hockey_fights,hockey_fights/noFights/fi181_xvid.mp4,16,224
NoFights/hockey_fights_fi163_xvid.pt,NoFights,0,hockey_fights,hockey_fights/noFights/fi163_xvid.mp4,16,224
NoFights/hockey_fights_fi274_xvid.pt,NoFights,0,hockey_fights,hockey_fights/noFights/fi274_xvid.mp4,16,224
NoFights/hockey_fights_fi242_xvid.pt,NoFights,0,hockey_fights,hockey_fights/noFights/fi242_xvid.mp4,16,224
NoFights/hockey_fights_fi142_xvid.pt,NoFights,0,hockey_fights,hockey_fights/noFights/fi142_xvid.mp4,16,224
NoFights/hockey_fights_fi261_xvid.pt,NoFights,0,hockey_fights,hockey_fights/noFights/fi261_xvid.mp4,16,224
NoFights/hockey_fights_fi171_xvid.pt,NoFights,0,hockey_fights,hockey_fights/noFights/fi171_xvid.mp4,16,224
NoFights/hockey_fights_fi133_xvid.pt,NoFights,0,hockey_fights,hockey_fights/noFights/fi133_xvid.mp4,16,224
NoFights/hockey_fights_fi220_xvid.pt,NoFights,0,hockey_fights,hockey_fights/noFights/fi220_xvid.mp4,16,224
NoFights/hockey_fights_fi17_xvid.pt,NoFights,0,hockey_fights,hockey_fights/noFights/fi17_xvid.mp4,16,224
NoFights/hockey_fights_fi113_xvid.pt,NoFights,0,hockey_fights,hockey_fights/noFights/fi113_xvid.mp4,16,224
NoFights/hockey_fights_fi269_xvid.pt,NoFights,0,hockey_fights,hockey_fights/noFights/fi269_xvid.mp4,16,224
NoFights/hockey_fights_fi195_xvid.pt,NoFights,0,hockey_fights,hockey_fights/noFights/fi195_xvid.mp4,16,224
NoFights/hockey_fights_fi137_xvid.pt,NoFights,0,hockey_fights,hockey_fights/noFights/fi137_xvid.mp4,16,224
NoFights/hockey_fights_fi248_xvid.pt,NoFights,0,hockey_fights,hockey_fights/noFights/fi248_xvid.mp4,16,224
NoFights/hockey_fights_fi197_xvid.pt,NoFights,0,hockey_fights,hockey_fights/noFights/fi197_xvid.mp4,16,224
NoFights/hockey_fights_fi21_xvid.pt,NoFights,0,hockey_fights,hockey_fights/noFights/fi21_xvid.mp4,16,224
NoFights/hockey_fights_fi109_xvid.pt,NoFights,0,hockey_fights,hockey_fights/noFights/fi109_xvid.mp4,16,224
NoFights/hockey_fights_fi145_xvid.pt,NoFights,0,hockey_fights,hockey_fights/noFights/fi145_xvid.mp4,16,224
NoFights/hockey_fights_fi175_xvid.pt,NoFights,0,hockey_fights,hockey_fights/noFights/fi175_xvid.mp4,16,224
NoFights/hockey_fights_fi112_xvid.pt,NoFights,0,hockey_fights,hockey_fights/noFights/fi112_xvid.mp4,16,224
NoFights/hockey_fights_fi227_xvid.pt,NoFights,0,hockey_fights,hockey_fights/noFights/fi227_xvid.mp4,16,224
NoFights/hockey_fights_fi24_xvid.pt,NoFights,0,hockey_fights,hockey_fights/noFights/fi24_xvid.mp4,16,224
NoFights/hockey_fights_fi210_xvid.pt,NoFights,0,hockey_fights,hockey_fights/noFights/fi210_xvid.mp4,16,224
NoFights/hockey_fights_fi241_xvid.pt,NoFights,0,hockey_fights,hockey_fights/noFights/fi241_xvid.mp4,16,224
NoFights/hockey_fights_fi229_xvid.pt,NoFights,0,hockey_fights,hockey_fights/noFights/fi229_xvid.mp4,16,224
NoFights/hockey_fights_fi126_xvid.pt,NoFights,0,hockey_fights,hockey_fights/noFights/fi126_xvid.mp4,16,224
NoFights/hockey_fights_fi264_xvid.pt,NoFights,0,hockey_fights,hockey_fights/noFights/fi264_xvid.mp4,16,224
NoFights/hockey_fights_fi125_xvid.pt,NoFights,0,hockey_fights,hockey_fights/noFights/fi125_xvid.mp4,16,224
NoFights/hockey_fights_fi200_xvid.pt,NoFights,0,hockey_fights,hockey_fights/noFights/fi200_xvid.mp4,16,224
NoFights/hockey_fights_fi147_xvid.pt,NoFights,0,hockey_fights,hockey_fights/noFights/fi147_xvid.mp4,16,224
NoFights/hockey_fights_fi183_xvid.pt,NoFights,0,hockey_fights,hockey_fights/noFights/fi183_xvid.mp4,16,224
NoFights/hockey_fights_fi149_xvid.pt,NoFights,0,hockey_fights,hockey_fights/noFights/fi149_xvid.mp4,16,224
NoFights/hockey_fights_fi130_xvid.pt,NoFights,0,hockey_fights,hockey_fights/noFights/fi130_xvid.mp4,16,224
NoFights/hockey_fights_fi144_xvid.pt,NoFights,0,hockey_fights,hockey_fights/noFights/fi144_xvid.mp4,16,224
NoFights/hockey_fights_fi20_xvid.pt,NoFights,0,hockey_fights,hockey_fights/noFights/fi20_xvid.mp4,16,224
NoFights/hockey_fights_fi121_xvid.pt,NoFights,0,hockey_fights,hockey_fights/noFights/fi121_xvid.mp4,16,224
NoFights/hockey_fights_fi249_xvid.pt,NoFights,0,hockey_fights,hockey_fights/noFights/fi249_xvid.mp4,16,224
NoFights/hockey_fights_fi106_xvid.pt,NoFights,0,hockey_fights,hockey_fights/noFights/fi106_xvid.mp4,16,224
NoFights/hockey_fights_fi217_xvid.pt,NoFights,0,hockey_fights,hockey_fights/noFights/fi217_xvid.mp4,16,224
NoFights/hockey_fights_fi101_xvid.pt,NoFights,0,hockey_fights,hockey_fights/noFights/fi101_xvid.mp4,16,224
NoFights/hockey_fights_fi114_xvid.pt,NoFights,0,hockey_fights,hockey_fights/noFights/fi114_xvid.mp4,16,224
NoFights/hockey_fights_fi191_xvid.pt,NoFights,0,hockey_fights,hockey_fights/noFights/fi191_xvid.mp4,16,224
NoFights/hockey_fights_fi132_xvid.pt,NoFights,0,hockey_fights,hockey_fights/noFights/fi132_xvid.mp4,16,224
NoFights/hockey_fights_fi185_xvid.pt,NoFights,0,hockey_fights,hockey_fights/noFights/fi185_xvid.mp4,16,224
NoFights/hockey_fights_fi10_xvid.pt,NoFights,0,hockey_fights,hockey_fights/noFights/fi10_xvid.mp4,16,224
NoFights/hockey_fights_fi268_xvid.pt,NoFights,0,hockey_fights,hockey_fights/noFights/fi268_xvid.mp4,16,224
NoFights/hockey_fights_fi232_xvid.pt,NoFights,0,hockey_fights,hockey_fights/noFights/fi232_xvid.mp4,16,224
NoFights/hockey_fights_fi260_xvid.pt,NoFights,0,hockey_fights,hockey_fights/noFights/fi260_xvid.mp4,16,224
NoFights/hockey_fights_fi167_xvid.pt,NoFights,0,hockey_fights,hockey_fights/noFights/fi167_xvid.mp4,16,224
NoFights/hockey_fights_fi124_xvid.pt,NoFights,0,hockey_fights,hockey_fights/noFights/fi124_xvid.mp4,16,224
NoFights/hockey_fights_fi187_xvid.pt,NoFights,0,hockey_fights,hockey_fights/noFights/fi187_xvid.mp4,16,224
NoFights/hockey_fights_fi161_xvid.pt,NoFights,0,hockey_fights,hockey_fights/noFights/fi161_xvid.mp4,16,224
NoFights/hockey_fights_fi102_xvid.pt,NoFights,0,hockey_fights,hockey_fights/noFights/fi102_xvid.mp4,16,224
NoFights/hockey_fights_fi240_xvid.pt,NoFights,0,hockey_fights,hockey_fights/noFights/fi240_xvid.mp4,16,224
NoFights/hockey_fights_fi165_xvid.pt,NoFights,0,hockey_fights,hockey_fights/noFights/fi165_xvid.mp4,16,224
NoFights/hockey_fights_fi263_xvid.pt,NoFights,0,hockey_fights,hockey_fights/noFights/fi263_xvid.mp4,16,224
NoFights/hockey_fights_fi190_xvid.pt,NoFights,0,hockey_fights,hockey_fights/noFights/fi190_xvid.mp4,16,224
NoFights/hockey_fights_fi129_xvid.pt,NoFights,0,hockey_fights,hockey_fights/noFights/fi129_xvid.mp4,16,224
NoFights/hockey_fights_fi155_xvid.pt,NoFights,0,hockey_fights,hockey_fights/noFights/fi155_xvid.mp4,16,224
NoFights/hockey_fights_fi238_xvid.pt,NoFights,0,hockey_fights,hockey_fights/noFights/fi238_xvid.mp4,16,224
NoFights/hockey_fights_fi108_xvid.pt,NoFights,0,hockey_fights,hockey_fights/noFights/fi108_xvid.mp4,16,224
NoFights/hockey_fights_fi244_xvid.pt,NoFights,0,hockey_fights,hockey_fights/noFights/fi244_xvid.mp4,16,224
NoFights/hockey_fights_fi176_xvid.pt,NoFights,0,hockey_fights,hockey_fights/noFights/fi176_xvid.mp4,16,224
NoFights/hockey_fights_fi150_xvid.pt,NoFights,0,hockey_fights,hockey_fights/noFights/fi150_xvid.mp4,16,224
NoFights/hockey_fights_fi272_xvid.pt,NoFights,0,hockey_fights,hockey_fights/noFights/fi272_xvid.mp4,16,224
NoFights/hockey_fights_fi253_xvid.pt,NoFights,0,hockey_fights,hockey_fights/noFights/fi253_xvid.mp4,16,224
NoFights/hockey_fights_fi213_xvid.pt,NoFights,0,hockey_fights,hockey_fights/noFights/fi213_xvid.mp4,16,224
NoFights/hockey_fights_fi222_xvid.pt,NoFights,0,hockey_fights,hockey_fights/noFights/fi222_xvid.mp4,16,224
NoFights/hockey_fights_fi122_xvid.pt,NoFights,0,hockey_fights,hockey_fights/noFights/fi122_xvid.mp4,16,224
NoFights/hockey_fights_fi159_xvid.pt,NoFights,0,hockey_fights,hockey_fights/noFights/fi159_xvid.mp4,16,224
NoFights/hockey_fights_fi107_xvid.pt,NoFights,0,hockey_fights,hockey_fights/noFights/fi107_xvid.mp4,16,224
NoFights/hockey_fights_fi152_xvid.pt,NoFights,0,hockey_fights,hockey_fights/noFights/fi152_xvid.mp4,16,224
NoFights/hockey_fights_fi111_xvid.pt,NoFights,0,hockey_fights,hockey_fights/noFights/fi111_xvid.mp4,16,224
NoFights/hockey_fights_fi141_xvid.pt,NoFights,0,hockey_fights,hockey_fights/noFights/fi141_xvid.mp4,16,224
NoFights/hockey_fights_fi170_xvid.pt,NoFights,0,hockey_fights,hockey_fights/noFights/fi170_xvid.mp4,16,224
NoFights/hockey_fights_fi205_xvid.pt,NoFights,0,hockey_fights,hockey_fights/noFights/fi205_xvid.mp4,16,224
NoFights/hockey_fights_fi135_xvid.pt,NoFights,0,hockey_fights,hockey_fights/noFights/fi135_xvid.mp4,16,224
NoFights/hockey_fights_fi462_xvid.pt,NoFights,0,hockey_fights,hockey_fights/noFights/fi462_xvid.mp4,16,224
NoFights/hockey_fights_fi374_xvid.pt,NoFights,0,hockey_fights,hockey_fights/noFights/fi374_xvid.mp4,16,224
NoFights/hockey_fights_fi433_xvid.pt,NoFights,0,hockey_fights,hockey_fights/noFights/fi433_xvid.mp4,16,224
NoFights/hockey_fights_fi305_xvid.pt,NoFights,0,hockey_fights,hockey_fights/noFights/fi305_xvid.mp4,16,224
NoFights/hockey_fights_fi440_xvid.pt,NoFights,0,hockey_fights,hockey_fights/noFights/fi440_xvid.mp4,16,224
NoFights/hockey_fights_fi409_xvid.pt,NoFights,0,hockey_fights,hockey_fights/noFights/fi409_xvid.mp4,16,224
NoFights/hockey_fights_fi38_xvid.pt,NoFights,0,hockey_fights,hockey_fights/noFights/fi38_xvid.mp4,16,224
NoFights/hockey_fights_fi381_xvid.pt,NoFights,0,hockey_fights,hockey_fights/noFights/fi381_xvid.mp4,16,224
NoFights/hockey_fights_fi449_xvid.pt,NoFights,0,hockey_fights,hockey_fights/noFights/fi449_xvid.mp4,16,224
NoFights/hockey_fights_fi467_xvid.pt,NoFights,0,hockey_fights,hockey_fights/noFights/fi467_xvid.mp4,16,224
NoFights/hockey_fights_fi297_xvid.pt,NoFights,0,hockey_fights,hockey_fights/noFights/fi297_xvid.mp4,16,224
NoFights/hockey_fights_fi385_xvid.pt,NoFights,0,hockey_fights,hockey_fights/noFights/fi385_xvid.mp4,16,224
NoFights/hockey_fights_fi455_xvid.pt,NoFights,0,hockey_fights,hockey_fights/noFights/fi455_xvid.mp4,16,224
NoFights/hockey_fights_fi349_xvid.pt,NoFights,0,hockey_fights,hockey_fights/noFights/fi349_xvid.mp4,16,224
NoFights/hockey_fights_fi353_xvid.pt,NoFights,0,hockey_fights,hockey_fights/noFights/fi353_xvid.mp4,16,224
NoFights/hockey_fights_fi314_xvid.pt,NoFights,0,hockey_fights,hockey_fights/noFights/fi314_xvid.mp4,16,224
NoFights/hockey_fights_fi402_xvid.pt,NoFights,0,hockey_fights,hockey_fights/noFights/fi402_xvid.mp4,16,224
NoFights/hockey_fights_fi343_xvid.pt,NoFights,0,hockey_fights,hockey_fights/noFights/fi343_xvid.mp4,16,224
NoFights/hockey_fights_fi282_xvid.pt,NoFights,0,hockey_fights,hockey_fights/noFights/fi282_xvid.mp4,16,224
NoFights/hockey_fights_fi392_xvid.pt,NoFights,0,hockey_fights,hockey_fights/noFights/fi392_xvid.mp4,16,224
NoFights/hockey_fights_fi463_xvid.pt,NoFights,0,hockey_fights,hockey_fights/noFights/fi463_xvid.mp4,16,224
NoFights/hockey_fights_fi456_xvid.pt,NoFights,0,hockey_fights,hockey_fights/noFights/fi456_xvid.mp4,16,224
NoFights/hockey_fights_fi346_xvid.pt,NoFights,0,hockey_fights,hockey_fights/noFights/fi346_xvid.mp4,16,224
NoFights/hockey_fights_fi283_xvid.pt,NoFights,0,hockey_fights,hockey_fights/noFights/fi283_xvid.mp4,16,224
NoFights/hockey_fights_fi286_xvid.pt,NoFights,0,hockey_fights,hockey_fights/noFights/fi286_xvid.mp4,16,224
NoFights/hockey_fights_fi317_xvid.pt,NoFights,0,hockey_fights,hockey_fights/noFights/fi317_xvid.mp4,16,224
NoFights/hockey_fights_fi333_xvid.pt,NoFights,0,hockey_fights,hockey_fights/noFights/fi333_xvid.mp4,16,224
NoFights/hockey_fights_fi40_xvid.pt,NoFights,0,hockey_fights,hockey_fights/noFights/fi40_xvid.mp4,16,224
NoFights/hockey_fights_fi424_xvid.pt,NoFights,0,hockey_fights,hockey_fights/noFights/fi424_xvid.mp4,16,224
NoFights/hockey_fights_fi395_xvid.pt,NoFights,0,hockey_fights,hockey_fights/noFights/fi395_xvid.mp4,16,224
NoFights/hockey_fights_fi275_xvid.pt,NoFights,0,hockey_fights,hockey_fights/noFights/fi275_xvid.mp4,16,224
NoFights/hockey_fights_fi323_xvid.pt,NoFights,0,hockey_fights,hockey_fights/noFights/fi323_xvid.mp4,16,224
NoFights/hockey_fights_fi32_xvid.pt,NoFights,0,hockey_fights,hockey_fights/noFights/fi32_xvid.mp4,16,224
NoFights/hockey_fights_fi443_xvid.pt,NoFights,0,hockey_fights,hockey_fights/noFights/fi443_xvid.mp4,16,224
NoFights/hockey_fights_fi362_xvid.pt,NoFights,0,hockey_fights,hockey_fights/noFights/fi362_xvid.mp4,16,224
NoFights/hockey_fights_fi414_xvid.pt,NoFights,0,hockey_fights,hockey_fights/noFights/fi414_xvid.mp4,16,224
NoFights/hockey_fights_fi426_xvid.pt,NoFights,0,hockey_fights,hockey_fights/noFights/fi426_xvid.mp4,16,224
NoFights/hockey_fights_fi412_xvid.pt,NoFights,0,hockey_fights,hockey_fights/noFights/fi412_xvid.mp4,16,224
NoFights/hockey_fights_fi435_xvid.pt,NoFights,0,hockey_fights,hockey_fights/noFights/fi435_xvid.mp4,16,224
NoFights/hockey_fights_fi396_xvid.pt,NoFights,0,hockey_fights,hockey_fights/noFights/fi396_xvid.mp4,16,224
NoFights/hockey_fights_fi2_xvid.pt,NoFights,0,hockey_fights,hockey_fights/noFights/fi2_xvid.mp4,16,224
NoFights/hockey_fights_fi341_xvid.pt,NoFights,0,hockey_fights,hockey_fights/noFights/fi341_xvid.mp4,16,224
NoFights/hockey_fights_fi31_xvid.pt,NoFights,0,hockey_fights,hockey_fights/noFights/fi31_xvid.mp4,16,224
NoFights/hockey_fights_fi454_xvid.pt,NoFights,0,hockey_fights,hockey_fights/noFights/fi454_xvid.mp4,16,224
NoFights/hockey_fights_fi406_xvid.pt,NoFights,0,hockey_fights,hockey_fights/noFights/fi406_xvid.mp4,16,224
NoFights/hockey_fights_fi421_xvid.pt,NoFights,0,hockey_fights,hockey_fights/noFights/fi421_xvid.mp4,16,224
NoFights/hockey_fights_fi45_xvid.pt,NoFights,0,hockey_fights,hockey_fights/noFights/fi45_xvid.mp4,16,224
NoFights/hockey_fights_fi360_xvid.pt,NoFights,0,hockey_fights,hockey_fights/noFights/fi360_xvid.mp4,16,224
NoFights/hockey_fights_fi425_xvid.pt,NoFights,0,hockey_fights,hockey_fights/noFights/fi425_xvid.mp4,16,224
NoFights/hockey_fights_fi377_xvid.pt,NoFights,0,hockey_fights,hockey_fights/noFights/fi377_xvid.mp4,16,224
NoFights/hockey_fights_fi325_xvid.pt,NoFights,0,hockey_fights,hockey_fights/noFights/fi325_xvid.mp4,16,224
NoFights/hockey_fights_fi356_xvid.pt,NoFights,0,hockey_fights,hockey_fights/noFights/fi356_xvid.mp4,16,224
NoFights/hockey_fights_fi464_xvid.pt,NoFights,0,hockey_fights,hockey_fights/noFights/fi464_xvid.mp4,16,224
NoFights/hockey_fights_fi328_xvid.pt,NoFights,0,hockey_fights,hockey_fights/noFights/fi328_xvid.mp4,16,224
NoFights/hockey_fights_fi293_xvid.pt,NoFights,0,hockey_fights,hockey_fights/noFights/fi293_xvid.mp4,16,224
NoFights/hockey_fights_fi344_xvid.pt,NoFights,0,hockey_fights,hockey_fights/noFights/fi344_xvid.mp4,16,224
NoFights/hockey_fights_fi445_xvid.pt,NoFights,0,hockey_fights,hockey_fights/noFights/fi445_xvid.mp4,16,224
NoFights/hockey_fights_fi318_xvid.pt,NoFights,0,hockey_fights,hockey_fights/noFights/fi318_xvid.mp4,16,224
NoFights/hockey_fights_fi42_xvid.pt,NoFights,0,hockey_fights,hockey_fights/noFights/fi42_xvid.mp4,16,224
NoFights/hockey_fights_fi292_xvid.pt,NoFights,0,hockey_fights,hockey_fights/noFights/fi292_xvid.mp4,16,224
NoFights/hockey_fights_fi309_xvid.pt,NoFights,0,hockey_fights,hockey_fights/noFights/fi309_xvid.mp4,16,224
NoFights/hockey_fights_fi278_xvid.pt,NoFights,0,hockey_fights,hockey_fights/noFights/fi278_xvid.mp4,16,224
NoFights/hockey_fights_fi371_xvid.pt,NoFights,0,hockey_fights,hockey_fights/noFights/fi371_xvid.mp4,16,224
NoFights/hockey_fights_fi391_xvid.pt,NoFights,0,hockey_fights,hockey_fights/noFights/fi391_xvid.mp4,16,224
NoFights/hockey_fights_fi428_xvid.pt,NoFights,0,hockey_fights,hockey_fights/noFights/fi428_xvid.mp4,16,224
NoFights/hockey_fights_fi453_xvid.pt,NoFights,0,hockey_fights,hockey_fights/noFights/fi453_xvid.mp4,16,224
NoFights/hockey_fights_fi358_xvid.pt,NoFights,0,hockey_fights,hockey_fights/noFights/fi358_xvid.mp4,16,224
NoFights/hockey_fights_fi342_xvid.pt,NoFights,0,hockey_fights,hockey_fights/noFights/fi342_xvid.mp4,16,224
NoFights/hockey_fights_fi352_xvid.pt,NoFights,0,hockey_fights,hockey_fights/noFights/fi352_xvid.mp4,16,224
NoFights/hockey_fights_fi284_xvid.pt,NoFights,0,hockey_fights,hockey_fights/noFights/fi284_xvid.mp4,16,224
NoFights/hockey_fights_fi357_xvid.pt,NoFights,0,hockey_fights,hockey_fights/noFights/fi357_xvid.mp4,16,224
NoFights/hockey_fights_fi347_xvid.pt,NoFights,0,hockey_fights,hockey_fights/noFights/fi347_xvid.mp4,16,224
NoFights/hockey_fights_fi324_xvid.pt,NoFights,0,hockey_fights,hockey_fights/noFights/fi324_xvid.mp4,16,224
NoFights/hockey_fights_fi296_xvid.pt,NoFights,0,hockey_fights,hockey_fights/noFights/fi296_xvid.mp4,16,224
NoFights/hockey_fights_fi312_xvid.pt,NoFights,0,hockey_fights,hockey_fights/noFights/fi312_xvid.mp4,16,224
NoFights/hockey_fights_fi302_xvid.pt,NoFights,0,hockey_fights,hockey_fights/noFights/fi302_xvid.mp4,16,224
NoFights/hockey_fights_fi327_xvid.pt,NoFights,0,hockey_fights,hockey_fights/noFights/fi327_xvid.mp4,16,224
NoFights/hockey_fights_fi366_xvid.pt,NoFights,0,hockey_fights,hockey_fights/noFights/fi366_xvid.mp4,16,224
NoFights/hockey_fights_fi291_xvid.pt,NoFights,0,hockey_fights,hockey_fights/noFights/fi291_xvid.mp4,16,224
NoFights/hockey_fights_fi287_xvid.pt,NoFights,0,hockey_fights,hockey_fights/noFights/fi287_xvid.mp4,16,224
NoFights/hockey_fights_fi39_xvid.pt,NoFights,0,hockey_fights,hockey_fights/noFights/fi39_xvid.mp4,16,224
NoFights/hockey_fights_fi437_xvid.pt,NoFights,0,hockey_fights,hockey_fights/noFights/fi437_xvid.mp4,16,224
NoFights/hockey_fights_fi394_xvid.pt,NoFights,0,hockey_fights,hockey_fights/noFights/fi394_xvid.mp4,16,224
NoFights/hockey_fights_fi451_xvid.pt,NoFights,0,hockey_fights,hockey_fights/noFights/fi451_xvid.mp4,16,224
NoFights/hockey_fights_fi417_xvid.pt,NoFights,0,hockey_fights,hockey_fights/noFights/fi417_xvid.mp4,16,224
NoFights/hockey_fights_fi308_xvid.pt,NoFights,0,hockey_fights,hockey_fights/noFights/fi308_xvid.mp4,16,224
NoFights/hockey_fights_fi431_xvid.pt,NoFights,0,hockey_fights,hockey_fights/noFights/fi431_xvid.mp4,16,224
NoFights/hockey_fights_fi348_xvid.pt,NoFights,0,hockey_fights,hockey_fights/noFights/fi348_xvid.mp4,16,224
NoFights/hockey_fights_fi294_xvid.pt,NoFights,0,hockey_fights,hockey_fights/noFights/fi294_xvid.mp4,16,224
NoFights/hockey_fights_fi335_xvid.pt,NoFights,0,hockey_fights,hockey_fights/noFights/fi335_xvid.mp4,16,224
NoFights/hockey_fights_fi419_xvid.pt,NoFights,0,hockey_fights,hockey_fights/noFights/fi419_xvid.mp4,16,224
NoFights/hockey_fights_fi313_xvid.pt,NoFights,0,hockey_fights,hockey_fights/noFights/fi313_xvid.mp4,16,224
NoFights/hockey_fights_fi44_xvid.pt,NoFights,0,hockey_fights,hockey_fights/noFights/fi44_xvid.mp4,16,224
NoFights/hockey_fights_fi303_xvid.pt,NoFights,0,hockey_fights,hockey_fights/noFights/fi303_xvid.mp4,16,224
NoFights/hockey_fights_fi446_xvid.pt,NoFights,0,hockey_fights,hockey_fights/noFights/fi446_xvid.mp4,16,224
NoFights/hockey_fights_fi290_xvid.pt,NoFights,0,hockey_fights,hockey_fights/noFights/fi290_xvid.mp4,16,224
NoFights/hockey_fights_fi379_xvid.pt,NoFights,0,hockey_fights,hockey_fights/noFights/fi379_xvid.mp4,16,224
NoFights/hockey_fights_fi408_xvid.pt,NoFights,0,hockey_fights,hockey_fights/noFights/fi408_xvid.mp4,16,224
NoFights/hockey_fights_fi459_xvid.pt,NoFights,0,hockey_fights,hockey_fights/noFights/fi459_xvid.mp4,16,224
NoFights/hockey_fights_fi375_xvid.pt,NoFights,0,hockey_fights,hockey_fights/noFights/fi375_xvid.mp4,16,224
NoFights/hockey_fights_fi330_xvid.pt,NoFights,0,hockey_fights,hockey_fights/noFights/fi330_xvid.mp4,16,224
NoFights/hockey_fights_fi359_xvid.pt,NoFights,0,hockey_fights,hockey_fights/noFights/fi359_xvid.mp4,16,224
NoFights/hockey_fights_fi316_xvid.pt,NoFights,0,hockey_fights,hockey_fights/noFights/fi316_xvid.mp4,16,224
NoFights/hockey_fights_fi345_xvid.pt,NoFights,0,hockey_fights,hockey_fights/noFights/fi345_xvid.mp4,16,224
NoFights/hockey_fights_fi361_xvid.pt,NoFights,0,hockey_fights,hockey_fights/noFights/fi361_xvid.mp4,16,224
NoFights/hockey_fights_fi450_xvid.pt,NoFights,0,hockey_fights,hockey_fights/noFights/fi450_xvid.mp4,16,224
NoFights/hockey_fights_fi436_xvid.pt,NoFights,0,hockey_fights,hockey_fights/noFights/fi436_xvid.mp4,16,224
NoFights/hockey_fights_fi336_xvid.pt,NoFights,0,hockey_fights,hockey_fights/noFights/fi336_xvid.mp4,16,224
NoFights/hockey_fights_fi448_xvid.pt,NoFights,0,hockey_fights,hockey_fights/noFights/fi448_xvid.mp4,16,224
NoFights/hockey_fights_fi310_xvid.pt,NoFights,0,hockey_fights,hockey_fights/noFights/fi310_xvid.mp4,16,224
NoFights/hockey_fights_fi322_xvid.pt,NoFights,0,hockey_fights,hockey_fights/noFights/fi322_xvid.mp4,16,224
NoFights/hockey_fights_fi367_xvid.pt,NoFights,0,hockey_fights,hockey_fights/noFights/fi367_xvid.mp4,16,224
NoFights/hockey_fights_fi403_xvid.pt,NoFights,0,hockey_fights,hockey_fights/noFights/fi403_xvid.mp4,16,224
NoFights/hockey_fights_fi427_xvid.pt,NoFights,0,hockey_fights,hockey_fights/noFights/fi427_xvid.mp4,16,224
NoFights/hockey_fights_fi442_xvid.pt,NoFights,0,hockey_fights,hockey_fights/noFights/fi442_xvid.mp4,16,224
NoFights/hockey_fights_fi393_xvid.pt,NoFights,0,hockey_fights,hockey_fights/noFights/fi393_xvid.mp4,16,224
NoFights/hockey_fights_fi321_xvid.pt,NoFights,0,hockey_fights,hockey_fights/noFights/fi321_xvid.mp4,16,224
NoFights/hockey_fights_fi376_xvid.pt,NoFights,0,hockey_fights,hockey_fights/noFights/fi376_xvid.mp4,16,224
NoFights/hockey_fights_fi438_xvid.pt,NoFights,0,hockey_fights,hockey_fights/noFights/fi438_xvid.mp4,16,224
NoFights/hockey_fights_fi388_xvid.pt,NoFights,0,hockey_fights,hockey_fights/noFights/fi388_xvid.mp4,16,224
NoFights/hockey_fights_fi404_xvid.pt,NoFights,0,hockey_fights,hockey_fights/noFights/fi404_xvid.mp4,16,224
NoFights/hockey_fights_fi368_xvid.pt,NoFights,0,hockey_fights,hockey_fights/noFights/fi368_xvid.mp4,16,224
NoFights/hockey_fights_fi434_xvid.pt,NoFights,0,hockey_fights,hockey_fights/noFights/fi434_xvid.mp4,16,224
NoFights/hockey_fights_fi304_xvid.pt,NoFights,0,hockey_fights,hockey_fights/noFights/fi304_xvid.mp4,16,224
NoFights/hockey_fights_fi307_xvid.pt,NoFights,0,hockey_fights,hockey_fights/noFights/fi307_xvid.mp4,16,224
NoFights/hockey_fights_fi423_xvid.pt,NoFights,0,hockey_fights,hockey_fights/noFights/fi423_xvid.mp4,16,224
NoFights/hockey_fights_fi430_xvid.pt,NoFights,0,hockey_fights,hockey_fights/noFights/fi430_xvid.mp4,16,224
NoFights/hockey_fights_fi27_xvid.pt,NoFights,0,hockey_fights,hockey_fights/noFights/fi27_xvid.mp4,16,224
NoFights/hockey_fights_fi334_xvid.pt,NoFights,0,hockey_fights,hockey_fights/noFights/fi334_xvid.mp4,16,224
NoFights/hockey_fights_fi382_xvid.pt,NoFights,0,hockey_fights,hockey_fights/noFights/fi382_xvid.mp4,16,224
NoFights/hockey_fights_fi337_xvid.pt,NoFights,0,hockey_fights,hockey_fights/noFights/fi337_xvid.mp4,16,224
NoFights/hockey_fights_fi29_xvid.pt,NoFights,0,hockey_fights,hockey_fights/noFights/fi29_xvid.mp4,16,224
NoFights/hockey_fights_fi389_xvid.pt,NoFights,0,hockey_fights,hockey_fights/noFights/fi389_xvid.mp4,16,224
NoFights/hockey_fights_fi413_xvid.pt,NoFights,0,hockey_fights,hockey_fights/noFights/fi413_xvid.mp4,16,224
NoFights/hockey_fights_fi373_xvid.pt,NoFights,0,hockey_fights,hockey_fights/noFights/fi373_xvid.mp4,16,224
NoFights/hockey_fights_fi387_xvid.pt,NoFights,0,hockey_fights,hockey_fights/noFights/fi387_xvid.mp4,16,224
NoFights/hockey_fights_fi331_xvid.pt,NoFights,0,hockey_fights,hockey_fights/noFights/fi331_xvid.mp4,16,224
NoFights/hockey_fights_fi452_xvid.pt,NoFights,0,hockey_fights,hockey_fights/noFights/fi452_xvid.mp4,16,224
NoFights/hockey_fights_fi399_xvid.pt,NoFights,0,hockey_fights,hockey_fights/noFights/fi399_xvid.mp4,16,224
NoFights/hockey_fights_fi3_xvid.pt,NoFights,0,hockey_fights,hockey_fights/noFights/fi3_xvid.mp4,16,224
NoFights/hockey_fights_fi372_xvid.pt,NoFights,0,hockey_fights,hockey_fights/noFights/fi372_xvid.mp4,16,224
NoFights/hockey_fights_fi34_xvid.pt,NoFights,0,hockey_fights,hockey_fights/noFights/fi34_xvid.mp4,16,224
NoFights/hockey_fights_fi35_xvid.pt,NoFights,0,hockey_fights,hockey_fights/noFights/fi35_xvid.mp4,16,224
NoFights/hockey_fights_fi380_xvid.pt,NoFights,0,hockey_fights,hockey_fights/noFights/fi380_xvid.mp4,16,224
NoFights/hockey_fights_fi306_xvid.pt,NoFights,0,hockey_fights,hockey_fights/noFights/fi306_xvid.mp4,16,224
NoFights/hockey_fights_fi320_xvid.pt,NoFights,0,hockey_fights,hockey_fights/noFights/fi320_xvid.mp4,16,224
NoFights/hockey_fights_fi370_xvid.pt,NoFights,0,hockey_fights,hockey_fights/noFights/fi370_xvid.mp4,16,224
NoFights/hockey_fights_fi276_xvid.pt,NoFights,0,hockey_fights,hockey_fights/noFights/fi276_xvid.mp4,16,224
NoFights/hockey_fights_fi281_xvid.pt,NoFights,0,hockey_fights,hockey_fights/noFights/fi281_xvid.mp4,16,224
NoFights/hockey_fights_fi295_xvid.pt,NoFights,0,hockey_fights,hockey_fights/noFights/fi295_xvid.mp4,16,224
NoFights/hockey_fights_fi429_xvid.pt,NoFights,0,hockey_fights,hockey_fights/noFights/fi429_xvid.mp4,16,224
NoFights/hockey_fights_fi298_xvid.pt,NoFights,0,hockey_fights,hockey_fights/noFights/fi298_xvid.mp4,16,224
NoFights/hockey_fights_fi397_xvid.pt,NoFights,0,hockey_fights,hockey_fights/noFights/fi397_xvid.mp4,16,224
NoFights/hockey_fights_fi36_xvid.pt,NoFights,0,hockey_fights,hockey_fights/noFights/fi36_xvid.mp4,16,224
NoFights/hockey_fights_fi386_xvid.pt,NoFights,0,hockey_fights,hockey_fights/noFights/fi386_xvid.mp4,16,224
NoFights/hockey_fights_fi410_xvid.pt,NoFights,0,hockey_fights,hockey_fights/noFights/fi410_xvid.mp4,16,224
NoFights/hockey_fights_fi447_xvid.pt,NoFights,0,hockey_fights,hockey_fights/noFights/fi447_xvid.mp4,16,224
NoFights/hockey_fights_fi400_xvid.pt,NoFights,0,hockey_fights,hockey_fights/noFights/fi400_xvid.mp4,16,224
NoFights/hockey_fights_fi420_xvid.pt,NoFights,0,hockey_fights,hockey_fights/noFights/fi420_xvid.mp4,16,224
NoFights/hockey_fights_fi351_xvid.pt,NoFights,0,hockey_fights,hockey_fights/noFights/fi351_xvid.mp4,16,224
NoFights/hockey_fights_fi364_xvid.pt,NoFights,0,hockey_fights,hockey_fights/noFights/fi364_xvid.mp4,16,224
NoFights/hockey_fights_fi418_xvid.pt,NoFights,0,hockey_fights,hockey_fights/noFights/fi418_xvid.mp4,16,224
NoFights/hockey_fights_fi288_xvid.pt,NoFights,0,hockey_fights,hockey_fights/noFights/fi288_xvid.mp4,16,224
NoFights/hockey_fights_fi384_xvid.pt,NoFights,0,hockey_fights,hockey_fights/noFights/fi384_xvid.mp4,16,224
NoFights/hockey_fights_fi398_xvid.pt,NoFights,0,hockey_fights,hockey_fights/noFights/fi398_xvid.mp4,16,224
NoFights/hockey_fights_fi461_xvid.pt,NoFights,0,hockey_fights,hockey_fights/noFights/fi461_xvid.mp4,16,224
NoFights/hockey_fights_fi444_xvid.pt,NoFights,0,hockey_fights,hockey_fights/noFights/fi444_xvid.mp4,16,224
NoFights/hockey_fights_fi407_xvid.pt,NoFights,0,hockey_fights,hockey_fights/noFights/fi407_xvid.mp4,16,224
NoFights/hockey_fights_fi441_xvid.pt,NoFights,0,hockey_fights,hockey_fights/noFights/fi441_xvid.mp4,16,224
NoFights/hockey_fights_fi468_xvid.pt,NoFights,0,hockey_fights,hockey_fights/noFights/fi468_xvid.mp4,16,224
NoFights/hockey_fights_fi383_xvid.pt,NoFights,0,hockey_fights,hockey_fights/noFights/fi383_xvid.mp4,16,224
NoFights/hockey_fights_fi416_xvid.pt,NoFights,0,hockey_fights,hockey_fights/noFights/fi416_xvid.mp4,16,224
NoFights/hockey_fights_fi33_xvid.pt,NoFights,0,hockey_fights,hockey_fights/noFights/fi33_xvid.mp4,16,224
NoFights/hockey_fights_fi37_xvid.pt,NoFights,0,hockey_fights,hockey_fights/noFights/fi37_xvid.mp4,16,224
NoFights/hockey_fights_fi280_xvid.pt,NoFights,0,hockey_fights,hockey_fights/noFights/fi280_xvid.mp4,16,224
NoFights/hockey_fights_fi285_xvid.pt,NoFights,0,hockey_fights,hockey_fights/noFights/fi285_xvid.mp4,16,224
NoFights/hockey_fights_fi411_xvid.pt,NoFights,0,hockey_fights,hockey_fights/noFights/fi411_xvid.mp4,16,224
NoFights/hockey_fights_fi338_xvid.pt,NoFights,0,hockey_fights,hockey_fights/noFights/fi338_xvid.mp4,16,224
NoFights/hockey_fights_fi301_xvid.pt,NoFights,0,hockey_fights,hockey_fights/noFights/fi301_xvid.mp4,16,224
NoFights/hockey_fights_fi28_xvid.pt,NoFights,0,hockey_fights,hockey_fights/noFights/fi28_xvid.mp4,16,224
NoFights/hockey_fights_fi319_xvid.pt,NoFights,0,hockey_fights,hockey_fights/noFights/fi319_xvid.mp4,16,224
NoFights/hockey_fights_fi315_xvid.pt,NoFights,0,hockey_fights,hockey_fights/noFights/fi315_xvid.mp4,16,224
NoFights/hockey_fights_fi415_xvid.pt,NoFights,0,hockey_fights,hockey_fights/noFights/fi415_xvid.mp4,16,224
NoFights/hockey_fights_fi363_xvid.pt,NoFights,0,hockey_fights,hockey_fights/noFights/fi363_xvid.mp4,16,224
NoFights/hockey_fights_fi432_xvid.pt,NoFights,0,hockey_fights,hockey_fights/noFights/fi432_xvid.mp4,16,224
NoFights/hockey_fights_fi369_xvid.pt,NoFights,0,hockey_fights,hockey_fights/noFights/fi369_xvid.mp4,16,224
NoFights/hockey_fights_fi378_xvid.pt,NoFights,0,hockey_fights,hockey_fights/noFights/fi378_xvid.mp4,16,224
NoFights/hockey_fights_fi332_xvid.pt,NoFights,0,hockey_fights,hockey_fights/noFights/fi332_xvid.mp4,16,224
NoFights/hockey_fights_fi350_xvid.pt,NoFights,0,hockey_fights,hockey_fights/noFights/fi350_xvid.mp4,16,224
NoFights/hockey_fights_fi405_xvid.pt,NoFights,0,hockey_fights,hockey_fights/noFights/fi405_xvid.mp4,16,224
NoFights/hockey_fights_fi458_xvid.pt,NoFights,0,hockey_fights,hockey_fights/noFights/fi458_xvid.mp4,16,224
NoFights/hockey_fights_fi460_xvid.pt,NoFights,0,hockey_fights,hockey_fights/noFights/fi460_xvid.mp4,16,224
NoFights/hockey_fights_fi43_xvid.pt,NoFights,0,hockey_fights,hockey_fights/noFights/fi43_xvid.mp4,16,224
NoFights/hockey_fights_fi41_xvid.pt,NoFights,0,hockey_fights,hockey_fights/noFights/fi41_xvid.mp4,16,224
NoFights/hockey_fights_fi466_xvid.pt,NoFights,0,hockey_fights,hockey_fights/noFights/fi466_xvid.mp4,16,224
NoFights/hockey_fights_fi401_xvid.pt,NoFights,0,hockey_fights,hockey_fights/noFights/fi401_xvid.mp4,16,224
NoFights/hockey_fights_fi340_xvid.pt,NoFights,0,hockey_fights,hockey_fights/noFights/fi340_xvid.mp4,16,224
NoFights/hockey_fights_fi329_xvid.pt,NoFights,0,hockey_fights,hockey_fights/noFights/fi329_xvid.mp4,16,224
NoFights/hockey_fights_fi30_xvid.pt,NoFights,0,hockey_fights,hockey_fights/noFights/fi30_xvid.mp4,16,224
NoFights/hockey_fights_fi277_xvid.pt,NoFights,0,hockey_fights,hockey_fights/noFights/fi277_xvid.mp4,16,224
NoFights/hockey_fights_fi279_xvid.pt,NoFights,0,hockey_fights,hockey_fights/noFights/fi279_xvid.mp4,16,224
NoFights/hockey_fights_fi422_xvid.pt,NoFights,0,hockey_fights,hockey_fights/noFights/fi422_xvid.mp4,16,224
NoFights/hockey_fights_fi465_xvid.pt,NoFights,0,hockey_fights,hockey_fights/noFights/fi465_xvid.mp4,16,224
NoFights/hockey_fights_fi365_xvid.pt,NoFights,0,hockey_fights,hockey_fights/noFights/fi365_xvid.mp4,16,224
NoFights/hockey_fights_fi390_xvid.pt,NoFights,0,hockey_fights,hockey_fights/noFights/fi390_xvid.mp4,16,224
NoFights/hockey_fights_fi311_xvid.pt,NoFights,0,hockey_fights,hockey_fights/noFights/fi311_xvid.mp4,16,224
NoFights/hockey_fights_fi300_xvid.pt,NoFights,0,hockey_fights,hockey_fights/noFights/fi300_xvid.mp4,16,224
NoFights/hockey_fights_fi299_xvid.pt,NoFights,0,hockey_fights,hockey_fights/noFights/fi299_xvid.mp4,16,224
NoFights/hockey_fights_fi354_xvid.pt,NoFights,0,hockey_fights,hockey_fights/noFights/fi354_xvid.mp4,16,224
NoFights/hockey_fights_fi355_xvid.pt,NoFights,0,hockey_fights,hockey_fights/noFights/fi355_xvid.mp4,16,224
NoFights/hockey_fights_fi326_xvid.pt,NoFights,0,hockey_fights,hockey_fights/noFights/fi326_xvid.mp4,16,224
NoFights/hockey_fights_fi289_xvid.pt,NoFights,0,hockey_fights,hockey_fights/noFights/fi289_xvid.mp4,16,224
NoFights/hockey_fights_fi439_xvid.pt,NoFights,0,hockey_fights,hockey_fights/noFights/fi439_xvid.mp4,16,224
NoFights/hockey_fights_fi339_xvid.pt,NoFights,0,hockey_fights,hockey_fights/noFights/fi339_xvid.mp4,16,224
NoFights/hockey_fights_fi457_xvid.pt,NoFights,0,hockey_fights,hockey_fights/noFights/fi457_xvid.mp4,16,224
NoFights/hockey_fights_fi8_xvid.pt,NoFights,0,hockey_fights,hockey_fights/noFights/fi8_xvid.mp4,16,224
NoFights/hockey_fights_fi73_xvid.pt,NoFights,0,hockey_fights,hockey_fights/noFights/fi73_xvid.mp4,16,224
NoFights/hockey_fights_fi64_xvid.pt,NoFights,0,hockey_fights,hockey_fights/noFights/fi64_xvid.mp4,16,224
NoFights/hockey_fights_fi493_xvid.pt,NoFights,0,hockey_fights,hockey_fights/noFights/fi493_xvid.mp4,16,224
NoFights/hockey_fights_fi96_xvid.pt,NoFights,0,hockey_fights,hockey_fights/noFights/fi96_xvid.mp4,16,224
NoFights/hockey_fights_fi54_xvid.pt,NoFights,0,hockey_fights,hockey_fights/noFights/fi54_xvid.mp4,16,224
NoFights/hockey_fights_fi476_xvid.pt,NoFights,0,hockey_fights,hockey_fights/noFights/fi476_xvid.mp4,16,224
NoFights/hockey_fights_fi83_xvid.pt,NoFights,0,hockey_fights,hockey_fights/noFights/fi83_xvid.mp4,16,224
NoFights/hockey_fights_fi477_xvid.pt,NoFights,0,hockey_fights,hockey_fights/noFights/fi477_xvid.mp4,16,224
NoFights/hockey_fights_fi4_xvid.pt,NoFights,0,hockey_fights,hockey_fights/noFights/fi4_xvid.mp4,16,224
NoFights/hockey_fights_fi497_xvid.pt,NoFights,0,hockey_fights,hockey_fights/noFights/fi497_xvid.mp4,16,224
NoFights/hockey_fights_fi496_xvid.pt,NoFights,0,hockey_fights,hockey_fights/noFights/fi496_xvid.mp4,16,224
NoFights/hockey_fights_fi81_xvid.pt,NoFights,0,hockey_fights,hockey_fights/noFights/fi81_xvid.mp4,16,224
NoFights/hockey_fights_fi62_xvid.pt,NoFights,0,hockey_fights,hockey_fights/noFights/fi62_xvid.mp4,16,224
NoFights/hockey_fights_fi71_xvid.pt,NoFights,0,hockey_fights,hockey_fights/noFights/fi71_xvid.mp4,16,224
NoFights/hockey_fights_fi494_xvid.pt,NoFights,0,hockey_fights,hockey_fights/noFights/fi494_xvid.mp4,16,224
NoFights/hockey_fights_fi75_xvid.pt,NoFights,0,hockey_fights,hockey_fights/noFights/fi75_xvid.mp4,16,224
NoFights/hockey_fights_fi89_xvid.pt,NoFights,0,hockey_fights,hockey_fights/noFights/fi89_xvid.mp4,16,224
NoFights/hockey_fights_fi470_xvid.pt,NoFights,0,hockey_fights,hockey_fights/noFights/fi470_xvid.mp4,16,224
NoFights/hockey_fights_fi91_xvid.pt,NoFights,0,hockey_fights,hockey_fights/noFights/fi91_xvid.mp4,16,224
NoFights/hockey_fights_fi488_xvid.pt,NoFights,0,hockey_fights,hockey_fights/noFights/fi488_xvid.mp4,16,224
NoFights/hockey_fights_fi79_xvid.pt,NoFights,0,hockey_fights,hockey_fights/noFights/fi79_xvid.mp4,16,224
NoFights/hockey_fights_fi63_xvid.pt,NoFights,0,hockey_fights,hockey_fights/noFights/fi63_xvid.mp4,16,224
NoFights/hockey_fights_fi97_xvid.pt,NoFights,0,hockey_fights,hockey_fights/noFights/fi97_xvid.mp4,16,224
NoFights/hockey_fights_fi76_xvid.pt,NoFights,0,hockey_fights,hockey_fights/noFights/fi76_xvid.mp4,16,224
NoFights/hockey_fights_fi60_xvid.pt,NoFights,0,hockey_fights,hockey_fights/noFights/fi60_xvid.mp4,16,224
NoFights/hockey_fights_fi473_xvid.pt,NoFights,0,hockey_fights,hockey_fights/noFights/fi473_xvid.mp4,16,224
NoFights/hockey_fights_fi500_xvid.pt,NoFights,0,hockey_fights,hockey_fights/noFights/fi500_xvid.mp4,16,224
NoFights/hockey_fights_fi481_xvid.pt,NoFights,0,hockey_fights,hockey_fights/noFights/fi481_xvid.mp4,16,224
NoFights/hockey_fights_fi56_xvid.pt,NoFights,0,hockey_fights,hockey_fights/noFights/fi56_xvid.mp4,16,224
NoFights/hockey_fights_fi489_xvid.pt,NoFights,0,hockey_fights,hockey_fights/noFights/fi489_xvid.mp4,16,224
NoFights/hockey_fights_fi72_xvid.pt,NoFights,0,hockey_fights,hockey_fights/noFights/fi72_xvid.mp4,16,224
NoFights/hockey_fights_fi98_xvid.pt,NoFights,0,hockey_fights,hockey_fights/noFights/fi98_xvid.mp4,16,224
NoFights/hockey_fights_fi57_xvid.pt,NoFights,0,hockey_fights,hockey_fights/noFights/fi57_xvid.mp4,16,224
NoFights/hockey_fights_fi484_xvid.pt,NoFights,0,hockey_fights,hockey_fights/noFights/fi484_xvid.mp4,16,224
NoFights/hockey_fights_fi498_xvid.pt,NoFights,0,hockey_fights,hockey_fights/noFights/fi498_xvid.mp4,16,224
NoFights/hockey_fights_fi55_xvid.pt,NoFights,0,hockey_fights,hockey_fights/noFights/fi55_xvid.mp4,16,224
NoFights/hockey_fights_fi66_xvid.pt,NoFights,0,hockey_fights,hockey_fights/noFights/fi66_xvid.mp4,16,224
NoFights/hockey_fights_fi58_xvid.pt,NoFights,0,hockey_fights,hockey_fights/noFights/fi58_xvid.mp4,16,224
NoFights/hockey_fights_fi80_xvid.pt,NoFights,0,hockey_fights,hockey_fights/noFights/fi80_xvid.mp4,16,224
NoFights/hockey_fights_fi46_xvid.pt,NoFights,0,hockey_fights,hockey_fights/noFights/fi46_xvid.mp4,16,224
NoFights/hockey_fights_fi88_xvid.pt,NoFights,0,hockey_fights,hockey_fights/noFights/fi88_xvid.mp4,16,224
NoFights/hockey_fights_fi471_xvid.pt,NoFights,0,hockey_fights,hockey_fights/noFights/fi471_xvid.mp4,16,224
NoFights/hockey_fights_fi67_xvid.pt,NoFights,0,hockey_fights,hockey_fights/noFights/fi67_xvid.mp4,16,224
NoFights/hockey_fights_fi485_xvid.pt,NoFights,0,hockey_fights,hockey_fights/noFights/fi485_xvid.mp4,16,224
NoFights/hockey_fights_fi86_xvid.pt,NoFights,0,hockey_fights,hockey_fights/noFights/fi86_xvid.mp4,16,224
NoFights/hockey_fights_fi495_xvid.pt,NoFights,0,hockey_fights,hockey_fights/noFights/fi495_xvid.mp4,16,224
NoFights/hockey_fights_fi69_xvid.pt,NoFights,0,hockey_fights,hockey_fights/noFights/fi69_xvid.mp4,16,224
NoFights/hockey_fights_fi90_xvid.pt,NoFights,0,hockey_fights,hockey_fights/noFights/fi90_xvid.mp4,16,224
NoFights/hockey_fights_fi59_xvid.pt,NoFights,0,hockey_fights,hockey_fights/noFights/fi59_xvid.mp4,16,224
NoFights/hockey_fights_fi77_xvid.pt,NoFights,0,hockey_fights,hockey_fights/noFights/fi77_xvid.mp4,16,224
NoFights/hockey_fights_fi9_xvid.pt,NoFights,0,hockey_fights,hockey_fights/noFights/fi9_xvid.mp4,16,224
NoFights/hockey_fights_fi492_xvid.pt,NoFights,0,hockey_fights,hockey_fights/noFights/fi492_xvid.mp4,16,224
NoFights/hockey_fights_fi51_xvid.pt,NoFights,0,hockey_fights,hockey_fights/noFights/fi51_xvid.mp4,16,224
NoFights/hockey_fights_fi94_xvid.pt,NoFights,0,hockey_fights,hockey_fights/noFights/fi94_xvid.mp4,16,224
NoFights/hockey_fights_fi491_xvid.pt,NoFights,0,hockey_fights,hockey_fights/noFights/fi491_xvid.mp4,16,224
NoFights/hockey_fights_fi479_xvid.pt,NoFights,0,hockey_fights,hockey_fights/noFights/fi479_xvid.mp4,16,224
NoFights/hockey_fights_fi93_xvid.pt,NoFights,0,hockey_fights,hockey_fights/noFights/fi93_xvid.mp4,16,224
NoFights/hockey_fights_fi92_xvid.pt,NoFights,0,hockey_fights,hockey_fights/noFights/fi92_xvid.mp4,16,224
NoFights/hockey_fights_fi6_xvid.pt,NoFights,0,hockey_fights,hockey_fights/noFights/fi6_xvid.mp4,16,224
NoFights/hockey_fights_fi474_xvid.pt,NoFights,0,hockey_fights,hockey_fights/noFights/fi474_xvid.mp4,16,224
NoFights/hockey_fights_fi84_xvid.pt,NoFights,0,hockey_fights,hockey_fights/noFights/fi84_xvid.mp4,16,224
NoFights/hockey_fights_fi74_xvid.pt,NoFights,0,hockey_fights,hockey_fights/noFights/fi74_xvid.mp4,16,224
NoFights/hockey_fights_fi482_xvid.pt,NoFights,0,hockey_fights,hockey_fights/noFights/fi482_xvid.mp4,16,224
NoFights/hockey_fights_fi486_xvid.pt,NoFights,0,hockey_fights,hockey_fights/noFights/fi486_xvid.mp4,16,224
NoFights/hockey_fights_fi78_xvid.pt,NoFights,0,hockey_fights,hockey_fights/noFights/fi78_xvid.mp4,16,224
NoFights/hockey_fights_fi52_xvid.pt,NoFights,0,hockey_fights,hockey_fights/noFights/fi52_xvid.mp4,16,224
NoFights/hockey_fights_fi53_xvid.pt,NoFights,0,hockey_fights,hockey_fights/noFights/fi53_xvid.mp4,16,224
NoFights/hockey_fights_fi7_xvid.pt,NoFights,0,hockey_fights,hockey_fights/noFights/fi7_xvid.mp4,16,224
NoFights/hockey_fights_fi48_xvid.pt,NoFights,0,hockey_fights,hockey_fights/noFights/fi48_xvid.mp4,16,224
NoFights/hockey_fights_fi49_xvid.pt,NoFights,0,hockey_fights,hockey_fights/noFights/fi49_xvid.mp4,16,224
NoFights/hockey_fights_fi99_xvid.pt,NoFights,0,hockey_fights,hockey_fights/noFights/fi99_xvid.mp4,16,224
NoFights/hockey_fights_fi487_xvid.pt,NoFights,0,hockey_fights,hockey_fights/noFights/fi487_xvid.mp4,16,224
NoFights/hockey_fights_fi490_xvid.pt,NoFights,0,hockey_fights,hockey_fights/noFights/fi490_xvid.mp4,16,224
NoFights/hockey_fights_fi472_xvid.pt,NoFights,0,hockey_fights,hockey_fights/noFights/fi472_xvid.mp4,16,224
NoFights/hockey_fights_fi469_xvid.pt,NoFights,0,hockey_fights,hockey_fights/noFights/fi469_xvid.mp4,16,224
NoFights/hockey_fights_fi5_xvid.pt,NoFights,0,hockey_fights,hockey_fights/noFights/fi5_xvid.mp4,16,224
NoFights/hockey_fights_fi478_xvid.pt,NoFights,0,hockey_fights,hockey_fights/noFights/fi478_xvid.mp4,16,224
NoFights/hockey_fights_fi65_xvid.pt,NoFights,0,hockey_fights,hockey_fights/noFights/fi65_xvid.mp4,16,224
NoFights/hockey_fights_fi50_xvid.pt,NoFights,0,hockey_fights,hockey_fights/noFights/fi50_xvid.mp4,16,224
NoFights/hockey_fights_fi483_xvid.pt,NoFights,0,hockey_fights,hockey_fights/noFights/fi483_xvid.mp4,16,224
NoFights/hockey_fights_fi85_xvid.pt,NoFights,0,hockey_fights,hockey_fights/noFights/fi85_xvid.mp4,16,224
NoFights/hockey_fights_fi47_xvid.pt,NoFights,0,hockey_fights,hockey_fights/noFights/fi47_xvid.mp4,16,224
NoFights/hockey_fights_fi82_xvid.pt,NoFights,0,hockey_fights,hockey_fights/noFights/fi82_xvid.mp4,16,224
NoFights/hockey_fights_fi95_xvid.pt,NoFights,0,hockey_fights,hockey_fights/noFights/fi95_xvid.mp4,16,224
NoFights/hockey_fights_fi475_xvid.pt,NoFights,0,hockey_fights,hockey_fights/noFights/fi475_xvid.mp4,16,224
NoFights/hockey_fights_fi61_xvid.pt,NoFights,0,hockey_fights,hockey_fights/noFights/fi61_xvid.mp4,16,224
NoFights/hockey_fights_fi68_xvid.pt,NoFights,0,hockey_fights,hockey_fights/noFights/fi68_xvid.mp4,16,224
NoFights/hockey_fights_fi70_xvid.pt,NoFights,0,hockey_fights,hockey_fights/noFights/fi70_xvid.mp4,16,224
NoFights/hockey_fights_fi499_xvid.pt,NoFights,0,hockey_fights,hockey_fights/noFights/fi499_xvid.mp4,16,224
NoFights/hockey_fights_fi480_xvid.pt,NoFights,0,hockey_fights,hockey_fights/noFights/fi480_xvid.mp4,16,224
NoFights/hockey_fights_fi87_xvid.pt,NoFights,0,hockey_fights,hockey_fights/noFights/fi87_xvid.mp4,16,224
Fights/Peliculas_mfd_fight2.pt,Fights,1,Peliculas,Peliculas/fights/mfd_fight2.mp4,16,224
Fights/Peliculas_mfd_fight1.pt,Fights,1,Peliculas,Peliculas/fights/mfd_fight1.mp4,16,224
Fights/Peliculas_mfd_fight3.pt,Fights,1,Peliculas,Peliculas/fights/mfd_fight3.mp4,16,224
Fights/Peliculas_mfd_fight4.pt,Fights,1,Peliculas,Peliculas/fights/mfd_fight4.mp4,16,224
Fights/Peliculas_mfd_fight6.pt,Fights,1,Peliculas,Peliculas/fights/mfd_fight6.mp4,16,224
Fights/Peliculas_mfd_fight5.pt,Fights,1,Peliculas,Peliculas/fights/mfd_fight5.mp4,16,224
Fights/Peliculas_mfd_fight8.pt,Fights,1,Peliculas,Peliculas/fights/mfd_fight8.mp4,16,224
Fights/Peliculas_mfd_fight7.pt,Fights,1,Peliculas,Peliculas/fights/mfd_fight7.mp4,16,224
Fights/Peliculas_mfd_fight9.pt,Fights,1,Peliculas,Peliculas/fights/mfd_fight9.mp4,16,224
Fights/Peliculas_mfd_fight10.pt,Fights,1,Peliculas,Peliculas/fights/mfd_fight10.mp4,16,224
Fights/Peliculas_mfd_fight11.pt,Fights,1,Peliculas,Peliculas/fights/mfd_fight11.mp4,16,224
Fights/Peliculas_mfd_fight12.pt,Fights,1,Peliculas,Peliculas/fights/mfd_fight12.mp4,16,224
Fights/Peliculas_mfd_fight13.pt,Fights,1,Peliculas,Peliculas/fights/mfd_fight13.mp4,16,224
Fights/Peliculas_mfd_fight14.pt,Fights,1,Peliculas,Peliculas/fights/mfd_fight14.mp4,16,224
Fights/Peliculas_mfd_fight15.pt,Fights,1,Peliculas,Peliculas/fights/mfd_fight15.mp4,16,224
Fights/Peliculas_mfd_fight16.pt,Fights,1,Peliculas,Peliculas/fights/mfd_fight16.mp4,16,224
Fights/Peliculas_mfd_fight18.pt,Fights,1,Peliculas,Peliculas/fights/mfd_fight18.mp4,16,224
Fights/Peliculas_mfd_fight19.pt,Fights,1,Peliculas,Peliculas/fights/mfd_fight19.mp4,16,224
Fights/Peliculas_mfd_fight17.pt,Fights,1,Peliculas,Peliculas/fights/mfd_fight17.mp4,16,224
Fights/Peliculas_mfd_fight21.pt,Fights,1,Peliculas,Peliculas/fights/mfd_fight21.mp4,16,224
Fights/Peliculas_mfd_fight20.pt,Fights,1,Peliculas,Peliculas/fights/mfd_fight20.mp4,16,224
Fights/Peliculas_mfd_fight22.pt,Fights,1,Peliculas,Peliculas/fights/mfd_fight22.mp4,16,224
Fights/Peliculas_mfd_fight24.pt,Fights,1,Peliculas,Peliculas/fights/mfd_fight24.mp4,16,224
Fights/Peliculas_mfd_fight23.pt,Fights,1,Peliculas,Peliculas/fights/mfd_fight23.mp4,16,224
Fights/Peliculas_mfd_fight25.pt,Fights,1,Peliculas,Peliculas/fights/mfd_fight25.mp4,16,224
Fights/Peliculas_mfd_fight26.pt,Fights,1,Peliculas,Peliculas/fights/mfd_fight26.mp4,16,224
Fights/Peliculas_mfd_fight28.pt,Fights,1,Peliculas,Peliculas/fights/mfd_fight28.mp4,16,224
Fights/Peliculas_mfd_fight27.pt,Fights,1,Peliculas,Peliculas/fights/mfd_fight27.mp4,16,224
Fights/Peliculas_mfd_fight29.pt,Fights,1,Peliculas,Peliculas/fights/mfd_fight29.mp4,16,224
Fights/Peliculas_mfd_fight30.pt,Fights,1,Peliculas,Peliculas/fights/mfd_fight30.mp4,16,224
Fights/Peliculas_mfd_fight31.pt,Fights,1,Peliculas,Peliculas/fights/mfd_fight31.mp4,16,224
Fights/Peliculas_mfd_fight32.pt,Fights,1,Peliculas,Peliculas/fights/mfd_fight32.mp4,16,224
Fights/Peliculas_mfd_fight33.pt,Fights,1,Peliculas,Peliculas/fights/mfd_fight33.mp4,16,224
Fights/Peliculas_mfd_fight34.pt,Fights,1,Peliculas,Peliculas/fights/mfd_fight34.mp4,16,224
Fights/Peliculas_mfd_fight35.pt,Fights,1,Peliculas,Peliculas/fights/mfd_fight35.mp4,16,224
Fights/Peliculas_mfd_fight36.pt,Fights,1,Peliculas,Peliculas/fights/mfd_fight36.mp4,16,224
Fights/Peliculas_mfd_fight37.pt,Fights,1,Peliculas,Peliculas/fights/mfd_fight37.mp4,16,224
Fights/Peliculas_mfd_fight38.pt,Fights,1,Peliculas,Peliculas/fights/mfd_fight38.mp4,16,224
Fights/Peliculas_mfd_fight40.pt,Fights,1,Peliculas,Peliculas/fights/mfd_fight40.mp4,16,224
Fights/Peliculas_mfd_fight39.pt,Fights,1,Peliculas,Peliculas/fights/mfd_fight39.mp4,16,224
Fights/Peliculas_mfd_fight43.pt,Fights,1,Peliculas,Peliculas/fights/mfd_fight43.mp4,16,224
Fights/Peliculas_mfd_fight41.pt,Fights,1,Peliculas,Peliculas/fights/mfd_fight41.mp4,16,224
Fights/Peliculas_mfd_fight42.pt,Fights,1,Peliculas,Peliculas/fights/mfd_fight42.mp4,16,224
Fights/Peliculas_mfd_fight45.pt,Fights,1,Peliculas,Peliculas/fights/mfd_fight45.mp4,16,224
Fights/Peliculas_mfd_fight44.pt,Fights,1,Peliculas,Peliculas/fights/mfd_fight44.mp4,16,224
Fights/Peliculas_mfd_fight47.pt,Fights,1,Peliculas,Peliculas/fights/mfd_fight47.mp4,16,224
Fights/Peliculas_mfd_fight46.pt,Fights,1,Peliculas,Peliculas/fights/mfd_fight46.mp4,16,224
Fights/Peliculas_mfd_fight48.pt,Fights,1,Peliculas,Peliculas/fights/mfd_fight48.mp4,16,224
Fights/Peliculas_mfd_fight50.pt,Fights,1,Peliculas,Peliculas/fights/mfd_fight50.mp4,16,224
Fights/Peliculas_mfd_fight49.pt,Fights,1,Peliculas,Peliculas/fights/mfd_fight49.mp4,16,224
Fights/Peliculas_mfd_fight53.pt,Fights,1,Peliculas,Peliculas/fights/mfd_fight53.mp4,16,224
Fights/Peliculas_mfd_fight52.pt,Fights,1,Peliculas,Peliculas/fights/mfd_fight52.mp4,16,224
Fights/Peliculas_mfd_fight51.pt,Fights,1,Peliculas,Peliculas/fights/mfd_fight51.mp4,16,224
Fights/Peliculas_mfd_fight55.pt,Fights,1,Peliculas,Peliculas/fights/mfd_fight55.mp4,16,224
Fights/Peliculas_mfd_fight54.pt,Fights,1,Peliculas,Peliculas/fights/mfd_fight54.mp4,16,224
Fights/Peliculas_mfd_fight58.pt,Fights,1,Peliculas,Peliculas/fights/mfd_fight58.mp4,16,224
Fights/Peliculas_mfd_fight57.pt,Fights,1,Peliculas,Peliculas/fights/mfd_fight57.mp4,16,224
Fights/Peliculas_mfd_fight56.pt,Fights,1,Peliculas,Peliculas/fights/mfd_fight56.mp4,16,224
Fights/Peliculas_mfd_fight59.pt,Fights,1,Peliculas,Peliculas/fights/mfd_fight59.mp4,16,224
Fights/Peliculas_mfd_fight60.pt,Fights,1,Peliculas,Peliculas/fights/mfd_fight60.mp4,16,224
Fights/Peliculas_mfd_fight62.pt,Fights,1,Peliculas,Peliculas/fights/mfd_fight62.mp4,16,224
Fights/Peliculas_mfd_fight61.pt,Fights,1,Peliculas,Peliculas/fights/mfd_fight61.mp4,16,224
Fights/Peliculas_mfd_fight65.pt,Fights,1,Peliculas,Peliculas/fights/mfd_fight65.mp4,16,224
Fights/Peliculas_mfd_fight63.pt,Fights,1,Peliculas,Peliculas/fights/mfd_fight63.mp4,16,224
Fights/Peliculas_mfd_fight64.pt,Fights,1,Peliculas,Peliculas/fights/mfd_fight64.mp4,16,224
Fights/Peliculas_mfd_fight66.pt,Fights,1,Peliculas,Peliculas/fights/mfd_fight66.mp4,16,224
Fights/Peliculas_mfd_fight67.pt,Fights,1,Peliculas,Peliculas/fights/mfd_fight67.mp4,16,224
Fights/Peliculas_mfd_fight68.pt,Fights,1,Peliculas,Peliculas/fights/mfd_fight68.mp4,16,224
Fights/Peliculas_mfd_fight69.pt,Fights,1,Peliculas,Peliculas/fights/mfd_fight69.mp4,16,224
Fights/Peliculas_mfd_fight71.pt,Fights,1,Peliculas,Peliculas/fights/mfd_fight71.mp4,16,224
Fights/Peliculas_mfd_fight70.pt,Fights,1,Peliculas,Peliculas/fights/mfd_fight70.mp4,16,224
Fights/Peliculas_mfd_fight72.pt,Fights,1,Peliculas,Peliculas/fights/mfd_fight72.mp4,16,224
Fights/Peliculas_mfd_fight73.pt,Fights,1,Peliculas,Peliculas/fights/mfd_fight73.mp4,16,224
Fights/Peliculas_mfd_fight74.pt,Fights,1,Peliculas,Peliculas/fights/mfd_fight74.mp4,16,224
Fights/Peliculas_mfd_fight76.pt,Fights,1,Peliculas,Peliculas/fights/mfd_fight76.mp4,16,224
Fights/Peliculas_mfd_fight75.pt,Fights,1,Peliculas,Peliculas/fights/mfd_fight75.mp4,16,224
Fights/Peliculas_mfd_fight77.pt,Fights,1,Peliculas,Peliculas/fights/mfd_fight77.mp4,16,224
Fights/Peliculas_mfd_fight78.pt,Fights,1,Peliculas,Peliculas/fights/mfd_fight78.mp4,16,224
Fights/Peliculas_mfd_fight79.pt,Fights,1,Peliculas,Peliculas/fights/mfd_fight79.mp4,16,224
Fights/Peliculas_mfd_fight80.pt,Fights,1,Peliculas,Peliculas/fights/mfd_fight80.mp4,16,224
Fights/Peliculas_mfd_fight82.pt,Fights,1,Peliculas,Peliculas/fights/mfd_fight82.mp4,16,224
Fights/Peliculas_mfd_fight81.pt,Fights,1,Peliculas,Peliculas/fights/mfd_fight81.mp4,16,224
Fights/Peliculas_mfd_fight83.pt,Fights,1,Peliculas,Peliculas/fights/mfd_fight83.mp4,16,224
Fights/Peliculas_mfd_fight85.pt,Fights,1,Peliculas,Peliculas/fights/mfd_fight85.mp4,16,224
Fights/Peliculas_mfd_fight84.pt,Fights,1,Peliculas,Peliculas/fights/mfd_fight84.mp4,16,224
Fights/Peliculas_mfd_fight86.pt,Fights,1,Peliculas,Peliculas/fights/mfd_fight86.mp4,16,224
Fights/Peliculas_mfd_fight87.pt,Fights,1,Peliculas,Peliculas/fights/mfd_fight87.mp4,16,224
Fights/Peliculas_mfd_fight90.pt,Fights,1,Peliculas,Peliculas/fights/mfd_fight90.mp4,16,224
Fights/Peliculas_mfd_fight89.pt,Fights,1,Peliculas,Peliculas/fights/mfd_fight89.mp4,16,224
Fights/Peliculas_mfd_fight88.pt,Fights,1,Peliculas,Peliculas/fights/mfd_fight88.mp4,16,224
Fights/Peliculas_mfd_fight91.pt,Fights,1,Peliculas,Peliculas/fights/mfd_fight91.mp4,16,224
Fights/Peliculas_mfd_fight92.pt,Fights,1,Peliculas,Peliculas/fights/mfd_fight92.mp4,16,224
Fights/Peliculas_mfd_fight93.pt,Fights,1,Peliculas,Peliculas/fights/mfd_fight93.mp4,16,224
Fights/Peliculas_mfd_fight94.pt,Fights,1,Peliculas,Peliculas/fights/mfd_fight94.mp4,16,224
Fights/Peliculas_mfd_fight96.pt,Fights,1,Peliculas,Peliculas/fights/mfd_fight96.mp4,16,224
Fights/Peliculas_mfd_fight95.pt,Fights,1,Peliculas,Peliculas/fights/mfd_fight95.mp4,16,224
Fights/Peliculas_mfd_fight99.pt,Fights,1,Peliculas,Peliculas/fights/mfd_fight99.mp4,16,224
Fights/Peliculas_mfd_fight97.pt,Fights,1,Peliculas,Peliculas/fights/mfd_fight97.mp4,16,224
Fights/Peliculas_mfd_fight98.pt,Fights,1,Peliculas,Peliculas/fights/mfd_fight98.mp4,16,224
Fights/Peliculas_mfd_fight100.pt,Fights,1,Peliculas,Peliculas/fights/mfd_fight100.mp4,16,224
NoFights/Peliculas_mfd_nofight1.pt,NoFights,0,Peliculas,Peliculas/noFights/mfd_nofight1.mp4,16,224
NoFights/Peliculas_mfd_nofight2.pt,NoFights,0,Peliculas,Peliculas/noFights/mfd_nofight2.mp4,16,224
NoFights/Peliculas_mfd_nofight4.pt,NoFights,0,Peliculas,Peliculas/noFights/mfd_nofight4.mp4,16,224
NoFights/Peliculas_mfd_nofight5.pt,NoFights,0,Peliculas,Peliculas/noFights/mfd_nofight5.mp4,16,224
NoFights/Peliculas_mfd_nofight3.pt,NoFights,0,Peliculas,Peliculas/noFights/mfd_nofight3.mp4,16,224
NoFights/Peliculas_mfd_nofight6.pt,NoFights,0,Peliculas,Peliculas/noFights/mfd_nofight6.mp4,16,224
NoFights/Peliculas_mfd_nofight10.pt,NoFights,0,Peliculas,Peliculas/noFights/mfd_nofight10.mp4,16,224
NoFights/Peliculas_mfd_nofight7.pt,NoFights,0,Peliculas,Peliculas/noFights/mfd_nofight7.mp4,16,224
NoFights/Peliculas_mfd_nofight9.pt,NoFights,0,Peliculas,Peliculas/noFights/mfd_nofight9.mp4,16,224
NoFights/Peliculas_mfd_nofight8.pt,NoFights,0,Peliculas,Peliculas/noFights/mfd_nofight8.mp4,16,224
NoFights/Peliculas_mfd_nofight12.pt,NoFights,0,Peliculas,Peliculas/noFights/mfd_nofight12.mp4,16,224
NoFights/Peliculas_mfd_nofight11.pt,NoFights,0,Peliculas,Peliculas/noFights/mfd_nofight11.mp4,16,224
NoFights/Peliculas_mfd_nofight13.pt,NoFights,0,Peliculas,Peliculas/noFights/mfd_nofight13.mp4,16,224
NoFights/Peliculas_mfd_nofight14.pt,NoFights,0,Peliculas,Peliculas/noFights/mfd_nofight14.mp4,16,224
NoFights/Peliculas_mfd_nofight16.pt,NoFights,0,Peliculas,Peliculas/noFights/mfd_nofight16.mp4,16,224
NoFights/Peliculas_mfd_nofight17.pt,NoFights,0,Peliculas,Peliculas/noFights/mfd_nofight17.mp4,16,224
NoFights/Peliculas_mfd_nofight15.pt,NoFights,0,Peliculas,Peliculas/noFights/mfd_nofight15.mp4,16,224
NoFights/Peliculas_mfd_nofight21.pt,NoFights,0,Peliculas,Peliculas/noFights/mfd_nofight21.mp4,16,224
NoFights/Peliculas_mfd_nofight20.pt,NoFights,0,Peliculas,Peliculas/noFights/mfd_nofight20.mp4,16,224
NoFights/Peliculas_mfd_nofight19.pt,NoFights,0,Peliculas,Peliculas/noFights/mfd_nofight19.mp4,16,224
NoFights/Peliculas_mfd_nofight18.pt,NoFights,0,Peliculas,Peliculas/noFights/mfd_nofight18.mp4,16,224
NoFights/Peliculas_mfd_nofight24.pt,NoFights,0,Peliculas,Peliculas/noFights/mfd_nofight24.mp4,16,224
NoFights/Peliculas_mfd_nofight23.pt,NoFights,0,Peliculas,Peliculas/noFights/mfd_nofight23.mp4,16,224
NoFights/Peliculas_mfd_nofight22.pt,NoFights,0,Peliculas,Peliculas/noFights/mfd_nofight22.mp4,16,224
NoFights/Peliculas_mfd_nofight25.pt,NoFights,0,Peliculas,Peliculas/noFights/mfd_nofight25.mp4,16,224
NoFights/Peliculas_mfd_nofight28.pt,NoFights,0,Peliculas,Peliculas/noFights/mfd_nofight28.mp4,16,224
NoFights/Peliculas_mfd_nofight26.pt,NoFights,0,Peliculas,Peliculas/noFights/mfd_nofight26.mp4,16,224
NoFights/Peliculas_mfd_nofight27.pt,NoFights,0,Peliculas,Peliculas/noFights/mfd_nofight27.mp4,16,224
NoFights/Peliculas_mfd_nofight30.pt,NoFights,0,Peliculas,Peliculas/noFights/mfd_nofight30.mp4,16,224
NoFights/Peliculas_mfd_nofight29.pt,NoFights,0,Peliculas,Peliculas/noFights/mfd_nofight29.mp4,16,224
NoFights/Peliculas_mfd_nofight31.pt,NoFights,0,Peliculas,Peliculas/noFights/mfd_nofight31.mp4,16,224
NoFights/Peliculas_mfd_nofight32.pt,NoFights,0,Peliculas,Peliculas/noFights/mfd_nofight32.mp4,16,224
NoFights/Peliculas_mfd_nofight34.pt,NoFights,0,Peliculas,Peliculas/noFights/mfd_nofight34.mp4,16,224
NoFights/Peliculas_mfd_nofight33.pt,NoFights,0,Peliculas,Peliculas/noFights/mfd_nofight33.mp4,16,224
NoFights/Peliculas_mfd_nofight35.pt,NoFights,0,Peliculas,Peliculas/noFights/mfd_nofight35.mp4,16,224
NoFights/Peliculas_mfd_nofight36.pt,NoFights,0,Peliculas,Peliculas/noFights/mfd_nofight36.mp4,16,224
NoFights/Peliculas_mfd_nofight38.pt,NoFights,0,Peliculas,Peliculas/noFights/mfd_nofight38.mp4,16,224
NoFights/Peliculas_mfd_nofight37.pt,NoFights,0,Peliculas,Peliculas/noFights/mfd_nofight37.mp4,16,224
NoFights/Peliculas_mfd_nofight40.pt,NoFights,0,Peliculas,Peliculas/noFights/mfd_nofight40.mp4,16,224
NoFights/Peliculas_mfd_nofight41.pt,NoFights,0,Peliculas,Peliculas/noFights/mfd_nofight41.mp4,16,224
NoFights/Peliculas_mfd_nofight42.pt,NoFights,0,Peliculas,Peliculas/noFights/mfd_nofight42.mp4,16,224
NoFights/Peliculas_mfd_nofight39.pt,NoFights,0,Peliculas,Peliculas/noFights/mfd_nofight39.mp4,16,224
NoFights/Peliculas_mfd_nofight43.pt,NoFights,0,Peliculas,Peliculas/noFights/mfd_nofight43.mp4,16,224
NoFights/Peliculas_mfd_nofight45.pt,NoFights,0,Peliculas,Peliculas/noFights/mfd_nofight45.mp4,16,224
NoFights/Peliculas_mfd_nofight44.pt,NoFights,0,Peliculas,Peliculas/noFights/mfd_nofight44.mp4,16,224
NoFights/Peliculas_mfd_nofight47.pt,NoFights,0,Peliculas,Peliculas/noFights/mfd_nofight47.mp4,16,224
NoFights/Peliculas_mfd_nofight46.pt,NoFights,0,Peliculas,Peliculas/noFights/mfd_nofight46.mp4,16,224
NoFights/Peliculas_mfd_nofight48.pt,NoFights,0,Peliculas,Peliculas/noFights/mfd_nofight48.mp4,16,224
NoFights/Peliculas_mfd_nofight52.pt,NoFights,0,Peliculas,Peliculas/noFights/mfd_nofight52.mp4,16,224
NoFights/Peliculas_mfd_nofight49.pt,NoFights,0,Peliculas,Peliculas/noFights/mfd_nofight49.mp4,16,224
NoFights/Peliculas_mfd_nofight51.pt,NoFights,0,Peliculas,Peliculas/noFights/mfd_nofight51.mp4,16,224
NoFights/Peliculas_mfd_nofight50.pt,NoFights,0,Peliculas,Peliculas/noFights/mfd_nofight50.mp4,16,224
NoFights/Peliculas_mfd_nofight53.pt,NoFights,0,Peliculas,Peliculas/noFights/mfd_nofight53.mp4,16,224
NoFights/Peliculas_mfd_nofight54.pt,NoFights,0,Peliculas,Peliculas/noFights/mfd_nofight54.mp4,16,224
NoFights/Peliculas_mfd_nofight55.pt,NoFights,0,Peliculas,Peliculas/noFights/mfd_nofight55.mp4,16,224
NoFights/Peliculas_mfd_nofight56.pt,NoFights,0,Peliculas,Peliculas/noFights/mfd_nofight56.mp4,16,224
NoFights/Peliculas_mfd_nofight57.pt,NoFights,0,Peliculas,Peliculas/noFights/mfd_nofight57.mp4,16,224
NoFights/Peliculas_mfd_nofight58.pt,NoFights,0,Peliculas,Peliculas/noFights/mfd_nofight58.mp4,16,224
NoFights/Peliculas_mfd_nofight62.pt,NoFights,0,Peliculas,Peliculas/noFights/mfd_nofight62.mp4,16,224
NoFights/Peliculas_mfd_nofight59.pt,NoFights,0,Peliculas,Peliculas/noFights/mfd_nofight59.mp4,16,224
NoFights/Peliculas_mfd_nofight60.pt,NoFights,0,Peliculas,Peliculas/noFights/mfd_nofight60.mp4,16,224
NoFights/Peliculas_mfd_nofight61.pt,NoFights,0,Peliculas,Peliculas/noFights/mfd_nofight61.mp4,16,224
NoFights/Peliculas_mfd_nofight63.pt,NoFights,0,Peliculas,Peliculas/noFights/mfd_nofight63.mp4,16,224
NoFights/Peliculas_mfd_nofight64.pt,NoFights,0,Peliculas,Peliculas/noFights/mfd_nofight64.mp4,16,224
NoFights/Peliculas_mfd_nofight65.pt,NoFights,0,Peliculas,Peliculas/noFights/mfd_nofight65.mp4,16,224
NoFights/Peliculas_mfd_nofight66.pt,NoFights,0,Peliculas,Peliculas/noFights/mfd_nofight66.mp4,16,224
NoFights/Peliculas_mfd_nofight70.pt,NoFights,0,Peliculas,Peliculas/noFights/mfd_nofight70.mp4,16,224
NoFights/Peliculas_mfd_nofight67.pt,NoFights,0,Peliculas,Peliculas/noFights/mfd_nofight67.mp4,16,224
NoFights/Peliculas_mfd_nofight68.pt,NoFights,0,Peliculas,Peliculas/noFights/mfd_nofight68.mp4,16,224
NoFights/Peliculas_mfd_nofight69.pt,NoFights,0,Peliculas,Peliculas/noFights/mfd_nofight69.mp4,16,224
NoFights/Peliculas_mfd_nofight73.pt,NoFights,0,Peliculas,Peliculas/noFights/mfd_nofight73.mp4,16,224
NoFights/Peliculas_mfd_nofight71.pt,NoFights,0,Peliculas,Peliculas/noFights/mfd_nofight71.mp4,16,224
NoFights/Peliculas_mfd_nofight72.pt,NoFights,0,Peliculas,Peliculas/noFights/mfd_nofight72.mp4,16,224
NoFights/Peliculas_mfd_nofight77.pt,NoFights,0,Peliculas,Peliculas/noFights/mfd_nofight77.mp4,16,224
NoFights/Peliculas_mfd_nofight75.pt,NoFights,0,Peliculas,Peliculas/noFights/mfd_nofight75.mp4,16,224
NoFights/Peliculas_mfd_nofight76.pt,NoFights,0,Peliculas,Peliculas/noFights/mfd_nofight76.mp4,16,224
NoFights/Peliculas_mfd_nofight74.pt,NoFights,0,Peliculas,Peliculas/noFights/mfd_nofight74.mp4,16,224
NoFights/Peliculas_mfd_nofight80.pt,NoFights,0,Peliculas,Peliculas/noFights/mfd_nofight80.mp4,16,224
NoFights/Peliculas_mfd_nofight78.pt,NoFights,0,Peliculas,Peliculas/noFights/mfd_nofight78.mp4,16,224
NoFights/Peliculas_mfd_nofight79.pt,NoFights,0,Peliculas,Peliculas/noFights/mfd_nofight79.mp4,16,224
NoFights/Peliculas_mfd_nofight81.pt,NoFights,0,Peliculas,Peliculas/noFights/mfd_nofight81.mp4,16,224
NoFights/Peliculas_mfd_nofight82.pt,NoFights,0,Peliculas,Peliculas/noFights/mfd_nofight82.mp4,16,224
NoFights/Peliculas_mfd_nofight84.pt,NoFights,0,Peliculas,Peliculas/noFights/mfd_nofight84.mp4,16,224
NoFights/Peliculas_mfd_nofight83.pt,NoFights,0,Peliculas,Peliculas/noFights/mfd_nofight83.mp4,16,224
NoFights/Peliculas_mfd_nofight85.pt,NoFights,0,Peliculas,Peliculas/noFights/mfd_nofight85.mp4,16,224
NoFights/Peliculas_mfd_nofight86.pt,NoFights,0,Peliculas,Peliculas/noFights/mfd_nofight86.mp4,16,224
NoFights/Peliculas_mfd_nofight87.pt,NoFights,0,Peliculas,Peliculas/noFights/mfd_nofight87.mp4,16,224
NoFights/Peliculas_mfd_nofight89.pt,NoFights,0,Peliculas,Peliculas/noFights/mfd_nofight89.mp4,16,224
NoFights/Peliculas_mfd_nofight90.pt,NoFights,0,Peliculas,Peliculas/noFights/mfd_nofight90.mp4,16,224
NoFights/Peliculas_mfd_nofight88.pt,NoFights,0,Peliculas,Peliculas/noFights/mfd_nofight88.mp4,16,224
NoFights/Peliculas_mfd_nofight91.pt,NoFights,0,Peliculas,Peliculas/noFights/mfd_nofight91.mp4,16,224
NoFights/Peliculas_mfd_nofight92.pt,NoFights,0,Peliculas,Peliculas/noFights/mfd_nofight92.mp4,16,224
NoFights/Peliculas_mfd_nofight94.pt,NoFights,0,Peliculas,Peliculas/noFights/mfd_nofight94.mp4,16,224
NoFights/Peliculas_mfd_nofight93.pt,NoFights,0,Peliculas,Peliculas/noFights/mfd_nofight93.mp4,16,224
NoFights/Peliculas_mfd_nofight95.pt,NoFights,0,Peliculas,Peliculas/noFights/mfd_nofight95.mp4,16,224
NoFights/Peliculas_mfd_nofight96.pt,NoFights,0,Peliculas,Peliculas/noFights/mfd_nofight96.mp4,16,224
NoFights/Peliculas_mfd_nofight97.pt,NoFights,0,Peliculas,Peliculas/noFights/mfd_nofight97.mp4,16,224
NoFights/Peliculas_mfd_nofight101.pt,NoFights,0,Peliculas,Peliculas/noFights/mfd_nofight101.mp4,16,224
NoFights/Peliculas_mfd_nofight99.pt,NoFights,0,Peliculas,Peliculas/noFights/mfd_nofight99.mp4,16,224
NoFights/Peliculas_mfd_nofight100.pt,NoFights,0,Peliculas,Peliculas/noFights/mfd_nofight100.mp4,16,224
NoFights/Peliculas_mfd_nofight98.pt,NoFights,0,Peliculas,Peliculas/noFights/mfd_nofight98.mp4,16,224
NoFights/REAL_LIFE_VIOLENCE_NV_100.pt,NoFights,0,REAL_LIFE_VIOLENCE,REAL_LIFE_VIOLENCE/noFights/NV_100.mp4,16,224
NoFights/REAL_LIFE_VIOLENCE_NV_10.pt,NoFights,0,REAL_LIFE_VIOLENCE,REAL_LIFE_VIOLENCE/noFights/NV_10.mp4,16,224
NoFights/REAL_LIFE_VIOLENCE_NV_1000.pt,NoFights,0,REAL_LIFE_VIOLENCE,REAL_LIFE_VIOLENCE/noFights/NV_1000.mp4,16,224
NoFights/REAL_LIFE_VIOLENCE_NV_102.pt,NoFights,0,REAL_LIFE_VIOLENCE,REAL_LIFE_VIOLENCE/noFights/NV_102.mp4,16,224
NoFights/REAL_LIFE_VIOLENCE_NV_101.pt,NoFights,0,REAL_LIFE_VIOLENCE,REAL_LIFE_VIOLENCE/noFights/NV_101.mp4,16,224
NoFights/REAL_LIFE_VIOLENCE_NV_103.pt,NoFights,0,REAL_LIFE_VIOLENCE,REAL_LIFE_VIOLENCE/noFights/NV_103.mp4,16,224
NoFights/REAL_LIFE_VIOLENCE_NV_104.pt,NoFights,0,REAL_LIFE_VIOLENCE,REAL_LIFE_VIOLENCE/noFights/NV_104.mp4,16,224
NoFights/REAL_LIFE_VIOLENCE_NV_105.pt,NoFights,0,REAL_LIFE_VIOLENCE,REAL_LIFE_VIOLENCE/noFights/NV_105.mp4,16,224
NoFights/REAL_LIFE_VIOLENCE_NV_106.pt,NoFights,0,REAL_LIFE_VIOLENCE,REAL_LIFE_VIOLENCE/noFights/NV_106.mp4,16,224
NoFights/REAL_LIFE_VIOLENCE_NV_108.pt,NoFights,0,REAL_LIFE_VIOLENCE,REAL_LIFE_VIOLENCE/noFights/NV_108.mp4,16,224
NoFights/REAL_LIFE_VIOLENCE_NV_107.pt,NoFights,0,REAL_LIFE_VIOLENCE,REAL_LIFE_VIOLENCE/noFights/NV_107.mp4,16,224
NoFights/REAL_LIFE_VIOLENCE_NV_109.pt,NoFights,0,REAL_LIFE_VIOLENCE,REAL_LIFE_VIOLENCE/noFights/NV_109.mp4,16,224
NoFights/REAL_LIFE_VIOLENCE_NV_11.pt,NoFights,0,REAL_LIFE_VIOLENCE,REAL_LIFE_VIOLENCE/noFights/NV_11.mp4,16,224
NoFights/REAL_LIFE_VIOLENCE_NV_110.pt,NoFights,0,REAL_LIFE_VIOLENCE,REAL_LIFE_VIOLENCE/noFights/NV_110.mp4,16,224
NoFights/REAL_LIFE_VIOLENCE_NV_111.pt,NoFights,0,REAL_LIFE_VIOLENCE,REAL_LIFE_VIOLENCE/noFights/NV_111.mp4,16,224
NoFights/REAL_LIFE_VIOLENCE_NV_112.pt,NoFights,0,REAL_LIFE_VIOLENCE,REAL_LIFE_VIOLENCE/noFights/NV_112.mp4,16,224
NoFights/REAL_LIFE_VIOLENCE_NV_113.pt,NoFights,0,REAL_LIFE_VIOLENCE,REAL_LIFE_VIOLENCE/noFights/NV_113.mp4,16,224
NoFights/REAL_LIFE_VIOLENCE_NV_114.pt,NoFights,0,REAL_LIFE_VIOLENCE,REAL_LIFE_VIOLENCE/noFights/NV_114.mp4,16,224
NoFights/REAL_LIFE_VIOLENCE_NV_117.pt,NoFights,0,REAL_LIFE_VIOLENCE,REAL_LIFE_VIOLENCE/noFights/NV_117.mp4,16,224
NoFights/REAL_LIFE_VIOLENCE_NV_115.pt,NoFights,0,REAL_LIFE_VIOLENCE,REAL_LIFE_VIOLENCE/noFights/NV_115.mp4,16,224
NoFights/REAL_LIFE_VIOLENCE_NV_116.pt,NoFights,0,REAL_LIFE_VIOLENCE,REAL_LIFE_VIOLENCE/noFights/NV_116.mp4,16,224
NoFights/REAL_LIFE_VIOLENCE_NV_118.pt,NoFights,0,REAL_LIFE_VIOLENCE,REAL_LIFE_VIOLENCE/noFights/NV_118.mp4,16,224
NoFights/REAL_LIFE_VIOLENCE_NV_119.pt,NoFights,0,REAL_LIFE_VIOLENCE,REAL_LIFE_VIOLENCE/noFights/NV_119.mp4,16,224
NoFights/REAL_LIFE_VIOLENCE_NV_12.pt,NoFights,0,REAL_LIFE_VIOLENCE,REAL_LIFE_VIOLENCE/noFights/NV_12.mp4,16,224
NoFights/REAL_LIFE_VIOLENCE_NV_120.pt,NoFights,0,REAL_LIFE_VIOLENCE,REAL_LIFE_VIOLENCE/noFights/NV_120.mp4,16,224
NoFights/REAL_LIFE_VIOLENCE_NV_121.pt,NoFights,0,REAL_LIFE_VIOLENCE,REAL_LIFE_VIOLENCE/noFights/NV_121.mp4,16,224
NoFights/REAL_LIFE_VIOLENCE_NV_128.pt,NoFights,0,REAL_LIFE_VIOLENCE,REAL_LIFE_VIOLENCE/noFights/NV_128.mp4,16,224
NoFights/REAL_LIFE_VIOLENCE_NV_123.pt,NoFights,0,REAL_LIFE_VIOLENCE,REAL_LIFE_VIOLENCE/noFights/NV_123.mp4,16,224
NoFights/REAL_LIFE_VIOLENCE_NV_129.pt,NoFights,0,REAL_LIFE_VIOLENCE,REAL_LIFE_VIOLENCE/noFights/NV_129.mp4,16,224
NoFights/REAL_LIFE_VIOLENCE_NV_124.pt,NoFights,0,REAL_LIFE_VIOLENCE,REAL_LIFE_VIOLENCE/noFights/NV_124.mp4,16,224
NoFights/REAL_LIFE_VIOLENCE_NV_126.pt,NoFights,0,REAL_LIFE_VIOLENCE,REAL_LIFE_VIOLENCE/noFights/NV_126.mp4,16,224
NoFights/REAL_LIFE_VIOLENCE_NV_122.pt,NoFights,0,REAL_LIFE_VIOLENCE,REAL_LIFE_VIOLENCE/noFights/NV_122.mp4,16,224
NoFights/REAL_LIFE_VIOLENCE_NV_125.pt,NoFights,0,REAL_LIFE_VIOLENCE,REAL_LIFE_VIOLENCE/noFights/NV_125.mp4,16,224
NoFights/REAL_LIFE_VIOLENCE_NV_127.pt,NoFights,0,REAL_LIFE_VIOLENCE,REAL_LIFE_VIOLENCE/noFights/NV_127.mp4,16,224
NoFights/REAL_LIFE_VIOLENCE_NV_13.pt,NoFights,0,REAL_LIFE_VIOLENCE,REAL_LIFE_VIOLENCE/noFights/NV_13.mp4,16,224
NoFights/REAL_LIFE_VIOLENCE_NV_142.pt,NoFights,0,REAL_LIFE_VIOLENCE,REAL_LIFE_VIOLENCE/noFights/NV_142.mp4,16,224
NoFights/REAL_LIFE_VIOLENCE_NV_131.pt,NoFights,0,REAL_LIFE_VIOLENCE,REAL_LIFE_VIOLENCE/noFights/NV_131.mp4,16,224
NoFights/REAL_LIFE_VIOLENCE_NV_141.pt,NoFights,0,REAL_LIFE_VIOLENCE,REAL_LIFE_VIOLENCE/noFights/NV_141.mp4,16,224
NoFights/REAL_LIFE_VIOLENCE_NV_138.pt,NoFights,0,REAL_LIFE_VIOLENCE,REAL_LIFE_VIOLENCE/noFights/NV_138.mp4,16,224
NoFights/REAL_LIFE_VIOLENCE_NV_144.pt,NoFights,0,REAL_LIFE_VIOLENCE,REAL_LIFE_VIOLENCE/noFights/NV_144.mp4,16,224
NoFights/REAL_LIFE_VIOLENCE_NV_143.pt,NoFights,0,REAL_LIFE_VIOLENCE,REAL_LIFE_VIOLENCE/noFights/NV_143.mp4,16,224
NoFights/REAL_LIFE_VIOLENCE_NV_135.pt,NoFights,0,REAL_LIFE_VIOLENCE,REAL_LIFE_VIOLENCE/noFights/NV_135.mp4,16,224
NoFights/REAL_LIFE_VIOLENCE_NV_140.pt,NoFights,0,REAL_LIFE_VIOLENCE,REAL_LIFE_VIOLENCE/noFights/NV_140.mp4,16,224
NoFights/REAL_LIFE_VIOLENCE_NV_145.pt,NoFights,0,REAL_LIFE_VIOLENCE,REAL_LIFE_VIOLENCE/noFights/NV_145.mp4,16,224
NoFights/REAL_LIFE_VIOLENCE_NV_130.pt,NoFights,0,REAL_LIFE_VIOLENCE,REAL_LIFE_VIOLENCE/noFights/NV_130.mp4,16,224
NoFights/REAL_LIFE_VIOLENCE_NV_132.pt,NoFights,0,REAL_LIFE_VIOLENCE,REAL_LIFE_VIOLENCE/noFights/NV_132.mp4,16,224
NoFights/REAL_LIFE_VIOLENCE_NV_134.pt,NoFights,0,REAL_LIFE_VIOLENCE,REAL_LIFE_VIOLENCE/noFights/NV_134.mp4,16,224
NoFights/REAL_LIFE_VIOLENCE_NV_139.pt,NoFights,0,REAL_LIFE_VIOLENCE,REAL_LIFE_VIOLENCE/noFights/NV_139.mp4,16,224
NoFights/REAL_LIFE_VIOLENCE_NV_133.pt,NoFights,0,REAL_LIFE_VIOLENCE,REAL_LIFE_VIOLENCE/noFights/NV_133.mp4,16,224
NoFights/REAL_LIFE_VIOLENCE_NV_137.pt,NoFights,0,REAL_LIFE_VIOLENCE,REAL_LIFE_VIOLENCE/noFights/NV_137.mp4,16,224
NoFights/REAL_LIFE_VIOLENCE_NV_14.pt,NoFights,0,REAL_LIFE_VIOLENCE,REAL_LIFE_VIOLENCE/noFights/NV_14.mp4,16,224
NoFights/REAL_LIFE_VIOLENCE_NV_136.pt,NoFights,0,REAL_LIFE_VIOLENCE,REAL_LIFE_VIOLENCE/noFights/NV_136.mp4,16,224
NoFights/REAL_LIFE_VIOLENCE_NV_146.pt,NoFights,0,REAL_LIFE_VIOLENCE,REAL_LIFE_VIOLENCE/noFights/NV_146.mp4,16,224
NoFights/REAL_LIFE_VIOLENCE_NV_158.pt,NoFights,0,REAL_LIFE_VIOLENCE,REAL_LIFE_VIOLENCE/noFights/NV_158.mp4,16,224
NoFights/REAL_LIFE_VIOLENCE_NV_159.pt,NoFights,0,REAL_LIFE_VIOLENCE,REAL_LIFE_VIOLENCE/noFights/NV_159.mp4,16,224
NoFights/REAL_LIFE_VIOLENCE_NV_164.pt,NoFights,0,REAL_LIFE_VIOLENCE,REAL_LIFE_VIOLENCE/noFights/NV_164.mp4,16,224
NoFights/REAL_LIFE_VIOLENCE_NV_165.pt,NoFights,0,REAL_LIFE_VIOLENCE,REAL_LIFE_VIOLENCE/noFights/NV_165.mp4,16,224
NoFights/REAL_LIFE_VIOLENCE_NV_167.pt,NoFights,0,REAL_LIFE_VIOLENCE,REAL_LIFE_VIOLENCE/noFights/NV_167.mp4,16,224
NoFights/REAL_LIFE_VIOLENCE_NV_162.pt,NoFights,0,REAL_LIFE_VIOLENCE,REAL_LIFE_VIOLENCE/noFights/NV_162.mp4,16,224
NoFights/REAL_LIFE_VIOLENCE_NV_147.pt,NoFights,0,REAL_LIFE_VIOLENCE,REAL_LIFE_VIOLENCE/noFights/NV_147.mp4,16,224
NoFights/REAL_LIFE_VIOLENCE_NV_160.pt,NoFights,0,REAL_LIFE_VIOLENCE,REAL_LIFE_VIOLENCE/noFights/NV_160.mp4,16,224
NoFights/REAL_LIFE_VIOLENCE_NV_157.pt,NoFights,0,REAL_LIFE_VIOLENCE,REAL_LIFE_VIOLENCE/noFights/NV_157.mp4,16,224
NoFights/REAL_LIFE_VIOLENCE_NV_152.pt,NoFights,0,REAL_LIFE_VIOLENCE,REAL_LIFE_VIOLENCE/noFights/NV_152.mp4,16,224
NoFights/REAL_LIFE_VIOLENCE_NV_15.pt,NoFights,0,REAL_LIFE_VIOLENCE,REAL_LIFE_VIOLENCE/noFights/NV_15.mp4,16,224
NoFights/REAL_LIFE_VIOLENCE_NV_149.pt,NoFights,0,REAL_LIFE_VIOLENCE,REAL_LIFE_VIOLENCE/noFights/NV_149.mp4,16,224
NoFights/REAL_LIFE_VIOLENCE_NV_153.pt,NoFights,0,REAL_LIFE_VIOLENCE,REAL_LIFE_VIOLENCE/noFights/NV_153.mp4,16,224
NoFights/REAL_LIFE_VIOLENCE_NV_166.pt,NoFights,0,REAL_LIFE_VIOLENCE,REAL_LIFE_VIOLENCE/noFights/NV_166.mp4,16,224
NoFights/REAL_LIFE_VIOLENCE_NV_154.pt,NoFights,0,REAL_LIFE_VIOLENCE,REAL_LIFE_VIOLENCE/noFights/NV_154.mp4,16,224
NoFights/REAL_LIFE_VIOLENCE_NV_151.pt,NoFights,0,REAL_LIFE_VIOLENCE,REAL_LIFE_VIOLENCE/noFights/NV_151.mp4,16,224
NoFights/REAL_LIFE_VIOLENCE_NV_156.pt,NoFights,0,REAL_LIFE_VIOLENCE,REAL_LIFE_VIOLENCE/noFights/NV_156.mp4,16,224
NoFights/REAL_LIFE_VIOLENCE_NV_168.pt,NoFights,0,REAL_LIFE_VIOLENCE,REAL_LIFE_VIOLENCE/noFights/NV_168.mp4,16,224
NoFights/REAL_LIFE_VIOLENCE_NV_169.pt,NoFights,0,REAL_LIFE_VIOLENCE,REAL_LIFE_VIOLENCE/noFights/NV_169.mp4,16,224
NoFights/REAL_LIFE_VIOLENCE_NV_163.pt,NoFights,0,REAL_LIFE_VIOLENCE,REAL_LIFE_VIOLENCE/noFights/NV_163.mp4,16,224
NoFights/REAL_LIFE_VIOLENCE_NV_161.pt,NoFights,0,REAL_LIFE_VIOLENCE,REAL_LIFE_VIOLENCE/noFights/NV_161.mp4,16,224
NoFights/REAL_LIFE_VIOLENCE_NV_16.pt,NoFights,0,REAL_LIFE_VIOLENCE,REAL_LIFE_VIOLENCE/noFights/NV_16.mp4,16,224
NoFights/REAL_LIFE_VIOLENCE_NV_150.pt,NoFights,0,REAL_LIFE_VIOLENCE,REAL_LIFE_VIOLENCE/noFights/NV_150.mp4,16,224
NoFights/REAL_LIFE_VIOLENCE_NV_148.pt,NoFights,0,REAL_LIFE_VIOLENCE,REAL_LIFE_VIOLENCE/noFights/NV_148.mp4,16,224
NoFights/REAL_LIFE_VIOLENCE_NV_155.pt,NoFights,0,REAL_LIFE_VIOLENCE,REAL_LIFE_VIOLENCE/noFights/NV_155.mp4,16,224
NoFights/REAL_LIFE_VIOLENCE_NV_171.pt,NoFights,0,REAL_LIFE_VIOLENCE,REAL_LIFE_VIOLENCE/noFights/NV_171.mp4,16,224
NoFights/REAL_LIFE_VIOLENCE_NV_177.pt,NoFights,0,REAL_LIFE_VIOLENCE,REAL_LIFE_VIOLENCE/noFights/NV_177.mp4,16,224
NoFights/REAL_LIFE_VIOLENCE_NV_170.pt,NoFights,0,REAL_LIFE_VIOLENCE,REAL_LIFE_VIOLENCE/noFights/NV_170.mp4,16,224
NoFights/REAL_LIFE_VIOLENCE_NV_182.pt,NoFights,0,REAL_LIFE_VIOLENCE,REAL_LIFE_VIOLENCE/noFights/NV_182.mp4,16,224
NoFights/REAL_LIFE_VIOLENCE_NV_18.pt,NoFights,0,REAL_LIFE_VIOLENCE,REAL_LIFE_VIOLENCE/noFights/NV_18.mp4,16,224
NoFights/REAL_LIFE_VIOLENCE_NV_180.pt,NoFights,0,REAL_LIFE_VIOLENCE,REAL_LIFE_VIOLENCE/noFights/NV_180.mp4,16,224
NoFights/REAL_LIFE_VIOLENCE_NV_173.pt,NoFights,0,REAL_LIFE_VIOLENCE,REAL_LIFE_VIOLENCE/noFights/NV_173.mp4,16,224
NoFights/REAL_LIFE_VIOLENCE_NV_181.pt,NoFights,0,REAL_LIFE_VIOLENCE,REAL_LIFE_VIOLENCE/noFights/NV_181.mp4,16,224
NoFights/REAL_LIFE_VIOLENCE_NV_178.pt,NoFights,0,REAL_LIFE_VIOLENCE,REAL_LIFE_VIOLENCE/noFights/NV_178.mp4,16,224
NoFights/REAL_LIFE_VIOLENCE_NV_17.pt,NoFights,0,REAL_LIFE_VIOLENCE,REAL_LIFE_VIOLENCE/noFights/NV_17.mp4,16,224
NoFights/REAL_LIFE_VIOLENCE_NV_172.pt,NoFights,0,REAL_LIFE_VIOLENCE,REAL_LIFE_VIOLENCE/noFights/NV_172.mp4,16,224
NoFights/REAL_LIFE_VIOLENCE_NV_179.pt,NoFights,0,REAL_LIFE_VIOLENCE,REAL_LIFE_VIOLENCE/noFights/NV_179.mp4,16,224
NoFights/REAL_LIFE_VIOLENCE_NV_183.pt,NoFights,0,REAL_LIFE_VIOLENCE,REAL_LIFE_VIOLENCE/noFights/NV_183.mp4,16,224
NoFights/REAL_LIFE_VIOLENCE_NV_174.pt,NoFights,0,REAL_LIFE_VIOLENCE,REAL_LIFE_VIOLENCE/noFights/NV_174.mp4,16,224
NoFights/REAL_LIFE_VIOLENCE_NV_176.pt,NoFights,0,REAL_LIFE_VIOLENCE,REAL_LIFE_VIOLENCE/noFights/NV_176.mp4,16,224
NoFights/REAL_LIFE_VIOLENCE_NV_185.pt,NoFights,0,REAL_LIFE_VIOLENCE,REAL_LIFE_VIOLENCE/noFights/NV_185.mp4,16,224
NoFights/REAL_LIFE_VIOLENCE_NV_188.pt,NoFights,0,REAL_LIFE_VIOLENCE,REAL_LIFE_VIOLENCE/noFights/NV_188.mp4,16,224
NoFights/REAL_LIFE_VIOLENCE_NV_184.pt,NoFights,0,REAL_LIFE_VIOLENCE,REAL_LIFE_VIOLENCE/noFights/NV_184.mp4,16,224
NoFights/REAL_LIFE_VIOLENCE_NV_189.pt,NoFights,0,REAL_LIFE_VIOLENCE,REAL_LIFE_VIOLENCE/noFights/NV_189.mp4,16,224
NoFights/REAL_LIFE_VIOLENCE_NV_187.pt,NoFights,0,REAL_LIFE_VIOLENCE,REAL_LIFE_VIOLENCE/noFights/NV_187.mp4,16,224
NoFights/REAL_LIFE_VIOLENCE_NV_19.pt,NoFights,0,REAL_LIFE_VIOLENCE,REAL_LIFE_VIOLENCE/noFights/NV_19.mp4,16,224
NoFights/REAL_LIFE_VIOLENCE_NV_175.pt,NoFights,0,REAL_LIFE_VIOLENCE,REAL_LIFE_VIOLENCE/noFights/NV_175.mp4,16,224
NoFights/REAL_LIFE_VIOLENCE_NV_190.pt,NoFights,0,REAL_LIFE_VIOLENCE,REAL_LIFE_VIOLENCE/noFights/NV_190.mp4,16,224
NoFights/REAL_LIFE_VIOLENCE_NV_186.pt,NoFights,0,REAL_LIFE_VIOLENCE,REAL_LIFE_VIOLENCE/noFights/NV_186.mp4,16,224
NoFights/REAL_LIFE_VIOLENCE_NV_192.pt,NoFights,0,REAL_LIFE_VIOLENCE,REAL_LIFE_VIOLENCE/noFights/NV_192.mp4,16,224
NoFights/REAL_LIFE_VIOLENCE_NV_193.pt,NoFights,0,REAL_LIFE_VIOLENCE,REAL_LIFE_VIOLENCE/noFights/NV_193.mp4,16,224
NoFights/REAL_LIFE_VIOLENCE_NV_194.pt,NoFights,0,REAL_LIFE_VIOLENCE,REAL_LIFE_VIOLENCE/noFights/NV_194.mp4,16,224
NoFights/REAL_LIFE_VIOLENCE_NV_191.pt,NoFights,0,REAL_LIFE_VIOLENCE,REAL_LIFE_VIOLENCE/noFights/NV_191.mp4,16,224
NoFights/REAL_LIFE_VIOLENCE_NV_197.pt,NoFights,0,REAL_LIFE_VIOLENCE,REAL_LIFE_VIOLENCE/noFights/NV_197.mp4,16,224
NoFights/REAL_LIFE_VIOLENCE_NV_20.pt,NoFights,0,REAL_LIFE_VIOLENCE,REAL_LIFE_VIOLENCE/noFights/NV_20.mp4,16,224
NoFights/REAL_LIFE_VIOLENCE_NV_211.pt,NoFights,0,REAL_LIFE_VIOLENCE,REAL_LIFE_VIOLENCE/noFights/NV_211.mp4,16,224
NoFights/REAL_LIFE_VIOLENCE_NV_208.pt,NoFights,0,REAL_LIFE_VIOLENCE,REAL_LIFE_VIOLENCE/noFights/NV_208.mp4,16,224
NoFights/REAL_LIFE_VIOLENCE_NV_2.pt,NoFights,0,REAL_LIFE_VIOLENCE,REAL_LIFE_VIOLENCE/noFights/NV_2.mp4,16,224
NoFights/REAL_LIFE_VIOLENCE_NV_210.pt,NoFights,0,REAL_LIFE_VIOLENCE,REAL_LIFE_VIOLENCE/noFights/NV_210.mp4,16,224
NoFights/REAL_LIFE_VIOLENCE_NV_199.pt,NoFights,0,REAL_LIFE_VIOLENCE,REAL_LIFE_VIOLENCE/noFights/NV_199.mp4,16,224
NoFights/REAL_LIFE_VIOLENCE_NV_201.pt,NoFights,0,REAL_LIFE_VIOLENCE,REAL_LIFE_VIOLENCE/noFights/NV_201.mp4,16,224
NoFights/REAL_LIFE_VIOLENCE_NV_196.pt,NoFights,0,REAL_LIFE_VIOLENCE,REAL_LIFE_VIOLENCE/noFights/NV_196.mp4,16,224
NoFights/REAL_LIFE_VIOLENCE_NV_203.pt,NoFights,0,REAL_LIFE_VIOLENCE,REAL_LIFE_VIOLENCE/noFights/NV_203.mp4,16,224
NoFights/REAL_LIFE_VIOLENCE_NV_200.pt,NoFights,0,REAL_LIFE_VIOLENCE,REAL_LIFE_VIOLENCE/noFights/NV_200.mp4,16,224
NoFights/REAL_LIFE_VIOLENCE_NV_204.pt,NoFights,0,REAL_LIFE_VIOLENCE,REAL_LIFE_VIOLENCE/noFights/NV_204.mp4,16,224
NoFights/REAL_LIFE_VIOLENCE_NV_205.pt,NoFights,0,REAL_LIFE_VIOLENCE,REAL_LIFE_VIOLENCE/noFights/NV_205.mp4,16,224
NoFights/REAL_LIFE_VIOLENCE_NV_195.pt,NoFights,0,REAL_LIFE_VIOLENCE,REAL_LIFE_VIOLENCE/noFights/NV_195.mp4,16,224
NoFights/REAL_LIFE_VIOLENCE_NV_202.pt,NoFights,0,REAL_LIFE_VIOLENCE,REAL_LIFE_VIOLENCE/noFights/NV_202.mp4,16,224
NoFights/REAL_LIFE_VIOLENCE_NV_21.pt,NoFights,0,REAL_LIFE_VIOLENCE,REAL_LIFE_VIOLENCE/noFights/NV_21.mp4,16,224
NoFights/REAL_LIFE_VIOLENCE_NV_206.pt,NoFights,0,REAL_LIFE_VIOLENCE,REAL_LIFE_VIOLENCE/noFights/NV_206.mp4,16,224
NoFights/REAL_LIFE_VIOLENCE_NV_209.pt,NoFights,0,REAL_LIFE_VIOLENCE,REAL_LIFE_VIOLENCE/noFights/NV_209.mp4,16,224
NoFights/REAL_LIFE_VIOLENCE_NV_198.pt,NoFights,0,REAL_LIFE_VIOLENCE,REAL_LIFE_VIOLENCE/noFights/NV_198.mp4,16,224
NoFights/REAL_LIFE_VIOLENCE_NV_207.pt,NoFights,0,REAL_LIFE_VIOLENCE,REAL_LIFE_VIOLENCE/noFights/NV_207.mp4,16,224
NoFights/REAL_LIFE_VIOLENCE_NV_214.pt,NoFights,0,REAL_LIFE_VIOLENCE,REAL_LIFE_VIOLENCE/noFights/NV_214.mp4,16,224
NoFights/REAL_LIFE_VIOLENCE_NV_224.pt,NoFights,0,REAL_LIFE_VIOLENCE,REAL_LIFE_VIOLENCE/noFights/NV_224.mp4,16,224
NoFights/REAL_LIFE_VIOLENCE_NV_223.pt,NoFights,0,REAL_LIFE_VIOLENCE,REAL_LIFE_VIOLENCE/noFights/NV_223.mp4,16,224
NoFights/REAL_LIFE_VIOLENCE_NV_216.pt,NoFights,0,REAL_LIFE_VIOLENCE,REAL_LIFE_VIOLENCE/noFights/NV_216.mp4,16,224
NoFights/REAL_LIFE_VIOLENCE_NV_217.pt,NoFights,0,REAL_LIFE_VIOLENCE,REAL_LIFE_VIOLENCE/noFights/NV_217.mp4,16,224
NoFights/REAL_LIFE_VIOLENCE_NV_219.pt,NoFights,0,REAL_LIFE_VIOLENCE,REAL_LIFE_VIOLENCE/noFights/NV_219.mp4,16,224
NoFights/REAL_LIFE_VIOLENCE_NV_228.pt,NoFights,0,REAL_LIFE_VIOLENCE,REAL_LIFE_VIOLENCE/noFights/NV_228.mp4,16,224
NoFights/REAL_LIFE_VIOLENCE_NV_229.pt,NoFights,0,REAL_LIFE_VIOLENCE,REAL_LIFE_VIOLENCE/noFights/NV_229.mp4,16,224
NoFights/REAL_LIFE_VIOLENCE_NV_220.pt,NoFights,0,REAL_LIFE_VIOLENCE,REAL_LIFE_VIOLENCE/noFights/NV_220.mp4,16,224
NoFights/REAL_LIFE_VIOLENCE_NV_230.pt,NoFights,0,REAL_LIFE_VIOLENCE,REAL_LIFE_VIOLENCE/noFights/NV_230.mp4,16,224
NoFights/REAL_LIFE_VIOLENCE_NV_222.pt,NoFights,0,REAL_LIFE_VIOLENCE,REAL_LIFE_VIOLENCE/noFights/NV_222.mp4,16,224
NoFights/REAL_LIFE_VIOLENCE_NV_226.pt,NoFights,0,REAL_LIFE_VIOLENCE,REAL_LIFE_VIOLENCE/noFights/NV_226.mp4,16,224
NoFights/REAL_LIFE_VIOLENCE_NV_213.pt,NoFights,0,REAL_LIFE_VIOLENCE,REAL_LIFE_VIOLENCE/noFights/NV_213.mp4,16,224
NoFights/REAL_LIFE_VIOLENCE_NV_225.pt,NoFights,0,REAL_LIFE_VIOLENCE,REAL_LIFE_VIOLENCE/noFights/NV_225.mp4,16,224
NoFights/REAL_LIFE_VIOLENCE_NV_22.pt,NoFights,0,REAL_LIFE_VIOLENCE,REAL_LIFE_VIOLENCE/noFights/NV_22.mp4,16,224
NoFights/REAL_LIFE_VIOLENCE_NV_227.pt,NoFights,0,REAL_LIFE_VIOLENCE,REAL_LIFE_VIOLENCE/noFights/NV_227.mp4,16,224
NoFights/REAL_LIFE_VIOLENCE_NV_212.pt,NoFights,0,REAL_LIFE_VIOLENCE,REAL_LIFE_VIOLENCE/noFights/NV_212.mp4,16,224
NoFights/REAL_LIFE_VIOLENCE_NV_221.pt,NoFights,0,REAL_LIFE_VIOLENCE,REAL_LIFE_VIOLENCE/noFights/NV_221.mp4,16,224
NoFights/REAL_LIFE_VIOLENCE_NV_218.pt,NoFights,0,REAL_LIFE_VIOLENCE,REAL_LIFE_VIOLENCE/noFights/NV_218.mp4,16,224
NoFights/REAL_LIFE_VIOLENCE_NV_23.pt,NoFights,0,REAL_LIFE_VIOLENCE,REAL_LIFE_VIOLENCE/noFights/NV_23.mp4,16,224
NoFights/REAL_LIFE_VIOLENCE_NV_215.pt,NoFights,0,REAL_LIFE_VIOLENCE,REAL_LIFE_VIOLENCE/noFights/NV_215.mp4,16,224
NoFights/REAL_LIFE_VIOLENCE_NV_237.pt,NoFights,0,REAL_LIFE_VIOLENCE,REAL_LIFE_VIOLENCE/noFights/NV_237.mp4,16,224
NoFights/REAL_LIFE_VIOLENCE_NV_233.pt,NoFights,0,REAL_LIFE_VIOLENCE,REAL_LIFE_VIOLENCE/noFights/NV_233.mp4,16,224
NoFights/REAL_LIFE_VIOLENCE_NV_246.pt,NoFights,0,REAL_LIFE_VIOLENCE,REAL_LIFE_VIOLENCE/noFights/NV_246.mp4,16,224
NoFights/REAL_LIFE_VIOLENCE_NV_243.pt,NoFights,0,REAL_LIFE_VIOLENCE,REAL_LIFE_VIOLENCE/noFights/NV_243.mp4,16,224
NoFights/REAL_LIFE_VIOLENCE_NV_242.pt,NoFights,0,REAL_LIFE_VIOLENCE,REAL_LIFE_VIOLENCE/noFights/NV_242.mp4,16,224
NoFights/REAL_LIFE_VIOLENCE_NV_231.pt,NoFights,0,REAL_LIFE_VIOLENCE,REAL_LIFE_VIOLENCE/noFights/NV_231.mp4,16,224
NoFights/REAL_LIFE_VIOLENCE_NV_238.pt,NoFights,0,REAL_LIFE_VIOLENCE,REAL_LIFE_VIOLENCE/noFights/NV_238.mp4,16,224
NoFights/REAL_LIFE_VIOLENCE_NV_244.pt,NoFights,0,REAL_LIFE_VIOLENCE,REAL_LIFE_VIOLENCE/noFights/NV_244.mp4,16,224
NoFights/REAL_LIFE_VIOLENCE_NV_241.pt,NoFights,0,REAL_LIFE_VIOLENCE,REAL_LIFE_VIOLENCE/noFights/NV_241.mp4,16,224
NoFights/REAL_LIFE_VIOLENCE_NV_24.pt,NoFights,0,REAL_LIFE_VIOLENCE,REAL_LIFE_VIOLENCE/noFights/NV_24.mp4,16,224
NoFights/REAL_LIFE_VIOLENCE_NV_251.pt,NoFights,0,REAL_LIFE_VIOLENCE,REAL_LIFE_VIOLENCE/noFights/NV_251.mp4,16,224
NoFights/REAL_LIFE_VIOLENCE_NV_249.pt,NoFights,0,REAL_LIFE_VIOLENCE,REAL_LIFE_VIOLENCE/noFights/NV_249.mp4,16,224
NoFights/REAL_LIFE_VIOLENCE_NV_248.pt,NoFights,0,REAL_LIFE_VIOLENCE,REAL_LIFE_VIOLENCE/noFights/NV_248.mp4,16,224
NoFights/REAL_LIFE_VIOLENCE_NV_239.pt,NoFights,0,REAL_LIFE_VIOLENCE,REAL_LIFE_VIOLENCE/noFights/NV_239.mp4,16,224
NoFights/REAL_LIFE_VIOLENCE_NV_234.pt,NoFights,0,REAL_LIFE_VIOLENCE,REAL_LIFE_VIOLENCE/noFights/NV_234.mp4,16,224
NoFights/REAL_LIFE_VIOLENCE_NV_240.pt,NoFights,0,REAL_LIFE_VIOLENCE,REAL_LIFE_VIOLENCE/noFights/NV_240.mp4,16,224
NoFights/REAL_LIFE_VIOLENCE_NV_247.pt,NoFights,0,REAL_LIFE_VIOLENCE,REAL_LIFE_VIOLENCE/noFights/NV_247.mp4,16,224
NoFights/REAL_LIFE_VIOLENCE_NV_245.pt,NoFights,0,REAL_LIFE_VIOLENCE,REAL_LIFE_VIOLENCE/noFights/NV_245.mp4,16,224
NoFights/REAL_LIFE_VIOLENCE_NV_250.pt,NoFights,0,REAL_LIFE_VIOLENCE,REAL_LIFE_VIOLENCE/noFights/NV_250.mp4,16,224
NoFights/REAL_LIFE_VIOLENCE_NV_25.pt,NoFights,0,REAL_LIFE_VIOLENCE,REAL_LIFE_VIOLENCE/noFights/NV_25.mp4,16,224
NoFights/REAL_LIFE_VIOLENCE_NV_232.pt,NoFights,0,REAL_LIFE_VIOLENCE,REAL_LIFE_VIOLENCE/noFights/NV_232.mp4,16,224
NoFights/REAL_LIFE_VIOLENCE_NV_236.pt,NoFights,0,REAL_LIFE_VIOLENCE,REAL_LIFE_VIOLENCE/noFights/NV_236.mp4,16,224
NoFights/REAL_LIFE_VIOLENCE_NV_235.pt,NoFights,0,REAL_LIFE_VIOLENCE,REAL_LIFE_VIOLENCE/noFights/NV_235.mp4,16,224
NoFights/REAL_LIFE_VIOLENCE_NV_255.pt,NoFights,0,REAL_LIFE_VIOLENCE,REAL_LIFE_VIOLENCE/noFights/NV_255.mp4,16,224
NoFights/REAL_LIFE_VIOLENCE_NV_266.pt,NoFights,0,REAL_LIFE_VIOLENCE,REAL_LIFE_VIOLENCE/noFights/NV_266.mp4,16,224
NoFights/REAL_LIFE_VIOLENCE_NV_259.pt,NoFights,0,REAL_LIFE_VIOLENCE,REAL_LIFE_VIOLENCE/noFights/NV_259.mp4,16,224
NoFights/REAL_LIFE_VIOLENCE_NV_262.pt,NoFights,0,REAL_LIFE_VIOLENCE,REAL_LIFE_VIOLENCE/noFights/NV_262.mp4,16,224
NoFights/REAL_LIFE_VIOLENCE_NV_256.pt,NoFights,0,REAL_LIFE_VIOLENCE,REAL_LIFE_VIOLENCE/noFights/NV_256.mp4,16,224
NoFights/REAL_LIFE_VIOLENCE_NV_253.pt,NoFights,0,REAL_LIFE_VIOLENCE,REAL_LIFE_VIOLENCE/noFights/NV_253.mp4,16,224
NoFights/REAL_LIFE_VIOLENCE_NV_257.pt,NoFights,0,REAL_LIFE_VIOLENCE,REAL_LIFE_VIOLENCE/noFights/NV_257.mp4,16,224
NoFights/REAL_LIFE_VIOLENCE_NV_252.pt,NoFights,0,REAL_LIFE_VIOLENCE,REAL_LIFE_VIOLENCE/noFights/NV_252.mp4,16,224
NoFights/REAL_LIFE_VIOLENCE_NV_269.pt,NoFights,0,REAL_LIFE_VIOLENCE,REAL_LIFE_VIOLENCE/noFights/NV_269.mp4,16,224
NoFights/REAL_LIFE_VIOLENCE_NV_261.pt,NoFights,0,REAL_LIFE_VIOLENCE,REAL_LIFE_VIOLENCE/noFights/NV_261.mp4,16,224
NoFights/REAL_LIFE_VIOLENCE_NV_270.pt,NoFights,0,REAL_LIFE_VIOLENCE,REAL_LIFE_VIOLENCE/noFights/NV_270.mp4,16,224
NoFights/REAL_LIFE_VIOLENCE_NV_254.pt,NoFights,0,REAL_LIFE_VIOLENCE,REAL_LIFE_VIOLENCE/noFights/NV_254.mp4,16,224
NoFights/REAL_LIFE_VIOLENCE_NV_265.pt,NoFights,0,REAL_LIFE_VIOLENCE,REAL_LIFE_VIOLENCE/noFights/NV_265.mp4,16,224
NoFights/REAL_LIFE_VIOLENCE_NV_263.pt,NoFights,0,REAL_LIFE_VIOLENCE,REAL_LIFE_VIOLENCE/noFights/NV_263.mp4,16,224
NoFights/REAL_LIFE_VIOLENCE_NV_26.pt,NoFights,0,REAL_LIFE_VIOLENCE,REAL_LIFE_VIOLENCE/noFights/NV_26.mp4,16,224
NoFights/REAL_LIFE_VIOLENCE_NV_268.pt,NoFights,0,REAL_LIFE_VIOLENCE,REAL_LIFE_VIOLENCE/noFights/NV_268.mp4,16,224
NoFights/REAL_LIFE_VIOLENCE_NV_271.pt,NoFights,0,REAL_LIFE_VIOLENCE,REAL_LIFE_VIOLENCE/noFights/NV_271.mp4,16,224
NoFights/REAL_LIFE_VIOLENCE_NV_27.pt,NoFights,0,REAL_LIFE_VIOLENCE,REAL_LIFE_VIOLENCE/noFights/NV_27.mp4,16,224
NoFights/REAL_LIFE_VIOLENCE_NV_258.pt,NoFights,0,REAL_LIFE_VIOLENCE,REAL_LIFE_VIOLENCE/noFights/NV_258.mp4,16,224
NoFights/REAL_LIFE_VIOLENCE_NV_264.pt,NoFights,0,REAL_LIFE_VIOLENCE,REAL_LIFE_VIOLENCE/noFights/NV_264.mp4,16,224
NoFights/REAL_LIFE_VIOLENCE_NV_260.pt,NoFights,0,REAL_LIFE_VIOLENCE,REAL_LIFE_VIOLENCE/noFights/NV_260.mp4,16,224
NoFights/REAL_LIFE_VIOLENCE_NV_267.pt,NoFights,0,REAL_LIFE_VIOLENCE,REAL_LIFE_VIOLENCE/noFights/NV_267.mp4,16,224
NoFights/REAL_LIFE_VIOLENCE_NV_281.pt,NoFights,0,REAL_LIFE_VIOLENCE,REAL_LIFE_VIOLENCE/noFights/NV_281.mp4,16,224
NoFights/REAL_LIFE_VIOLENCE_NV_283.pt,NoFights,0,REAL_LIFE_VIOLENCE,REAL_LIFE_VIOLENCE/noFights/NV_283.mp4,16,224
NoFights/REAL_LIFE_VIOLENCE_NV_272.pt,NoFights,0,REAL_LIFE_VIOLENCE,REAL_LIFE_VIOLENCE/noFights/NV_272.mp4,16,224
NoFights/REAL_LIFE_VIOLENCE_NV_284.pt,NoFights,0,REAL_LIFE_VIOLENCE,REAL_LIFE_VIOLENCE/noFights/NV_284.mp4,16,224
NoFights/REAL_LIFE_VIOLENCE_NV_276.pt,NoFights,0,REAL_LIFE_VIOLENCE,REAL_LIFE_VIOLENCE/noFights/NV_276.mp4,16,224
NoFights/REAL_LIFE_VIOLENCE_NV_274.pt,NoFights,0,REAL_LIFE_VIOLENCE,REAL_LIFE_VIOLENCE/noFights/NV_274.mp4,16,224
NoFights/REAL_LIFE_VIOLENCE_NV_273.pt,NoFights,0,REAL_LIFE_VIOLENCE,REAL_LIFE_VIOLENCE/noFights/NV_273.mp4,16,224
NoFights/REAL_LIFE_VIOLENCE_NV_277.pt,NoFights,0,REAL_LIFE_VIOLENCE,REAL_LIFE_VIOLENCE/noFights/NV_277.mp4,16,224
NoFights/REAL_LIFE_VIOLENCE_NV_275.pt,NoFights,0,REAL_LIFE_VIOLENCE,REAL_LIFE_VIOLENCE/noFights/NV_275.mp4,16,224
NoFights/REAL_LIFE_VIOLENCE_NV_282.pt,NoFights,0,REAL_LIFE_VIOLENCE,REAL_LIFE_VIOLENCE/noFights/NV_282.mp4,16,224
NoFights/REAL_LIFE_VIOLENCE_NV_278.pt,NoFights,0,REAL_LIFE_VIOLENCE,REAL_LIFE_VIOLENCE/noFights/NV_278.mp4,16,224
NoFights/REAL_LIFE_VIOLENCE_NV_28.pt,NoFights,0,REAL_LIFE_VIOLENCE,REAL_LIFE_VIOLENCE/noFights/NV_28.mp4,16,224
NoFights/REAL_LIFE_VIOLENCE_NV_280.pt,NoFights,0,REAL_LIFE_VIOLENCE,REAL_LIFE_VIOLENCE/noFights/NV_280.mp4,16,224
NoFights/REAL_LIFE_VIOLENCE_NV_279.pt,NoFights,0,REAL_LIFE_VIOLENCE,REAL_LIFE_VIOLENCE/noFights/NV_279.mp4,16,224
NoFights/REAL_LIFE_VIOLENCE_NV_294.pt,NoFights,0,REAL_LIFE_VIOLENCE,REAL_LIFE_VIOLENCE/noFights/NV_294.mp4,16,224
NoFights/REAL_LIFE_VIOLENCE_NV_29.pt,NoFights,0,REAL_LIFE_VIOLENCE,REAL_LIFE_VIOLENCE/noFights/NV_29.mp4,16,224
NoFights/REAL_LIFE_VIOLENCE_NV_291.pt,NoFights,0,REAL_LIFE_VIOLENCE,REAL_LIFE_VIOLENCE/noFights/NV_291.mp4,16,224
NoFights/REAL_LIFE_VIOLENCE_NV_290.pt,NoFights,0,REAL_LIFE_VIOLENCE,REAL_LIFE_VIOLENCE/noFights/NV_290.mp4,16,224
NoFights/REAL_LIFE_VIOLENCE_NV_289.pt,NoFights,0,REAL_LIFE_VIOLENCE,REAL_LIFE_VIOLENCE/noFights/NV_289.mp4,16,224
NoFights/REAL_LIFE_VIOLENCE_NV_288.pt,NoFights,0,REAL_LIFE_VIOLENCE,REAL_LIFE_VIOLENCE/noFights/NV_288.mp4,16,224
NoFights/REAL_LIFE_VIOLENCE_NV_293.pt,NoFights,0,REAL_LIFE_VIOLENCE,REAL_LIFE_VIOLENCE/noFights/NV_293.mp4,16,224
NoFights/REAL_LIFE_VIOLENCE_NV_285.pt,NoFights,0,REAL_LIFE_VIOLENCE,REAL_LIFE_VIOLENCE/noFights/NV_285.mp4,16,224
NoFights/REAL_LIFE_VIOLENCE_NV_287.pt,NoFights,0,REAL_LIFE_VIOLENCE,REAL_LIFE_VIOLENCE/noFights/NV_287.mp4,16,224
NoFights/REAL_LIFE_VIOLENCE_NV_292.pt,NoFights,0,REAL_LIFE_VIOLENCE,REAL_LIFE_VIOLENCE/noFights/NV_292.mp4,16,224
NoFights/REAL_LIFE_VIOLENCE_NV_295.pt,NoFights,0,REAL_LIFE_VIOLENCE,REAL_LIFE_VIOLENCE/noFights/NV_295.mp4,16,224
NoFights/REAL_LIFE_VIOLENCE_NV_286.pt,NoFights,0,REAL_LIFE_VIOLENCE,REAL_LIFE_VIOLENCE/noFights/NV_286.mp4,16,224
NoFights/REAL_LIFE_VIOLENCE_NV_305.pt,NoFights,0,REAL_LIFE_VIOLENCE,REAL_LIFE_VIOLENCE/noFights/NV_305.mp4,16,224
NoFights/REAL_LIFE_VIOLENCE_NV_297.pt,NoFights,0,REAL_LIFE_VIOLENCE,REAL_LIFE_VIOLENCE/noFights/NV_297.mp4,16,224
NoFights/REAL_LIFE_VIOLENCE_NV_3.pt,NoFights,0,REAL_LIFE_VIOLENCE,REAL_LIFE_VIOLENCE/noFights/NV_3.mp4,16,224
NoFights/REAL_LIFE_VIOLENCE_NV_298.pt,NoFights,0,REAL_LIFE_VIOLENCE,REAL_LIFE_VIOLENCE/noFights/NV_298.mp4,16,224
NoFights/REAL_LIFE_VIOLENCE_NV_304.pt,NoFights,0,REAL_LIFE_VIOLENCE,REAL_LIFE_VIOLENCE/noFights/NV_304.mp4,16,224
NoFights/REAL_LIFE_VIOLENCE_NV_306.pt,NoFights,0,REAL_LIFE_VIOLENCE,REAL_LIFE_VIOLENCE/noFights/NV_306.mp4,16,224
NoFights/REAL_LIFE_VIOLENCE_NV_296.pt,NoFights,0,REAL_LIFE_VIOLENCE,REAL_LIFE_VIOLENCE/noFights/NV_296.mp4,16,224
NoFights/REAL_LIFE_VIOLENCE_NV_303.pt,NoFights,0,REAL_LIFE_VIOLENCE,REAL_LIFE_VIOLENCE/noFights/NV_303.mp4,16,224
NoFights/REAL_LIFE_VIOLENCE_NV_30.pt,NoFights,0,REAL_LIFE_VIOLENCE,REAL_LIFE_VIOLENCE/noFights/NV_30.mp4,16,224
NoFights/REAL_LIFE_VIOLENCE_NV_301.pt,NoFights,0,REAL_LIFE_VIOLENCE,REAL_LIFE_VIOLENCE/noFights/NV_301.mp4,16,224
NoFights/REAL_LIFE_VIOLENCE_NV_302.pt,NoFights,0,REAL_LIFE_VIOLENCE,REAL_LIFE_VIOLENCE/noFights/NV_302.mp4,16,224
NoFights/REAL_LIFE_VIOLENCE_NV_300.pt,NoFights,0,REAL_LIFE_VIOLENCE,REAL_LIFE_VIOLENCE/noFights/NV_300.mp4,16,224
NoFights/REAL_LIFE_VIOLENCE_NV_299.pt,NoFights,0,REAL_LIFE_VIOLENCE,REAL_LIFE_VIOLENCE/noFights/NV_299.mp4,16,224
NoFights/REAL_LIFE_VIOLENCE_NV_315.pt,NoFights,0,REAL_LIFE_VIOLENCE,REAL_LIFE_VIOLENCE/noFights/NV_315.mp4,16,224
NoFights/REAL_LIFE_VIOLENCE_NV_309.pt,NoFights,0,REAL_LIFE_VIOLENCE,REAL_LIFE_VIOLENCE/noFights/NV_309.mp4,16,224
NoFights/REAL_LIFE_VIOLENCE_NV_308.pt,NoFights,0,REAL_LIFE_VIOLENCE,REAL_LIFE_VIOLENCE/noFights/NV_308.mp4,16,224
NoFights/REAL_LIFE_VIOLENCE_NV_320.pt,NoFights,0,REAL_LIFE_VIOLENCE,REAL_LIFE_VIOLENCE/noFights/NV_320.mp4,16,224
NoFights/REAL_LIFE_VIOLENCE_NV_312.pt,NoFights,0,REAL_LIFE_VIOLENCE,REAL_LIFE_VIOLENCE/noFights/NV_312.mp4,16,224
NoFights/REAL_LIFE_VIOLENCE_NV_316.pt,NoFights,0,REAL_LIFE_VIOLENCE,REAL_LIFE_VIOLENCE/noFights/NV_316.mp4,16,224
NoFights/REAL_LIFE_VIOLENCE_NV_319.pt,NoFights,0,REAL_LIFE_VIOLENCE,REAL_LIFE_VIOLENCE/noFights/NV_319.mp4,16,224
NoFights/REAL_LIFE_VIOLENCE_NV_318.pt,NoFights,0,REAL_LIFE_VIOLENCE,REAL_LIFE_VIOLENCE/noFights/NV_318.mp4,16,224
NoFights/REAL_LIFE_VIOLENCE_NV_31.pt,NoFights,0,REAL_LIFE_VIOLENCE,REAL_LIFE_VIOLENCE/noFights/NV_31.mp4,16,224
NoFights/REAL_LIFE_VIOLENCE_NV_317.pt,NoFights,0,REAL_LIFE_VIOLENCE,REAL_LIFE_VIOLENCE/noFights/NV_317.mp4,16,224
NoFights/REAL_LIFE_VIOLENCE_NV_310.pt,NoFights,0,REAL_LIFE_VIOLENCE,REAL_LIFE_VIOLENCE/noFights/NV_310.mp4,16,224
NoFights/REAL_LIFE_VIOLENCE_NV_314.pt,NoFights,0,REAL_LIFE_VIOLENCE,REAL_LIFE_VIOLENCE/noFights/NV_314.mp4,16,224
NoFights/REAL_LIFE_VIOLENCE_NV_313.pt,NoFights,0,REAL_LIFE_VIOLENCE,REAL_LIFE_VIOLENCE/noFights/NV_313.mp4,16,224
NoFights/REAL_LIFE_VIOLENCE_NV_307.pt,NoFights,0,REAL_LIFE_VIOLENCE,REAL_LIFE_VIOLENCE/noFights/NV_307.mp4,16,224
NoFights/REAL_LIFE_VIOLENCE_NV_32.pt,NoFights,0,REAL_LIFE_VIOLENCE,REAL_LIFE_VIOLENCE/noFights/NV_32.mp4,16,224
NoFights/REAL_LIFE_VIOLENCE_NV_311.pt,NoFights,0,REAL_LIFE_VIOLENCE,REAL_LIFE_VIOLENCE/noFights/NV_311.mp4,16,224
NoFights/REAL_LIFE_VIOLENCE_NV_323.pt,NoFights,0,REAL_LIFE_VIOLENCE,REAL_LIFE_VIOLENCE/noFights/NV_323.mp4,16,224
NoFights/REAL_LIFE_VIOLENCE_NV_325.pt,NoFights,0,REAL_LIFE_VIOLENCE,REAL_LIFE_VIOLENCE/noFights/NV_325.mp4,16,224
NoFights/REAL_LIFE_VIOLENCE_NV_330.pt,NoFights,0,REAL_LIFE_VIOLENCE,REAL_LIFE_VIOLENCE/noFights/NV_330.mp4,16,224
NoFights/REAL_LIFE_VIOLENCE_NV_335.pt,NoFights,0,REAL_LIFE_VIOLENCE,REAL_LIFE_VIOLENCE/noFights/NV_335.mp4,16,224
NoFights/REAL_LIFE_VIOLENCE_NV_326.pt,NoFights,0,REAL_LIFE_VIOLENCE,REAL_LIFE_VIOLENCE/noFights/NV_326.mp4,16,224
NoFights/REAL_LIFE_VIOLENCE_NV_332.pt,NoFights,0,REAL_LIFE_VIOLENCE,REAL_LIFE_VIOLENCE/noFights/NV_332.mp4,16,224
NoFights/REAL_LIFE_VIOLENCE_NV_334.pt,NoFights,0,REAL_LIFE_VIOLENCE,REAL_LIFE_VIOLENCE/noFights/NV_334.mp4,16,224
NoFights/REAL_LIFE_VIOLENCE_NV_321.pt,NoFights,0,REAL_LIFE_VIOLENCE,REAL_LIFE_VIOLENCE/noFights/NV_321.mp4,16,224
NoFights/REAL_LIFE_VIOLENCE_NV_328.pt,NoFights,0,REAL_LIFE_VIOLENCE,REAL_LIFE_VIOLENCE/noFights/NV_328.mp4,16,224
NoFights/REAL_LIFE_VIOLENCE_NV_333.pt,NoFights,0,REAL_LIFE_VIOLENCE,REAL_LIFE_VIOLENCE/noFights/NV_333.mp4,16,224
NoFights/REAL_LIFE_VIOLENCE_NV_322.pt,NoFights,0,REAL_LIFE_VIOLENCE,REAL_LIFE_VIOLENCE/noFights/NV_322.mp4,16,224
NoFights/REAL_LIFE_VIOLENCE_NV_33.pt,NoFights,0,REAL_LIFE_VIOLENCE,REAL_LIFE_VIOLENCE/noFights/NV_33.mp4,16,224
NoFights/REAL_LIFE_VIOLENCE_NV_324.pt,NoFights,0,REAL_LIFE_VIOLENCE,REAL_LIFE_VIOLENCE/noFights/NV_324.mp4,16,224
NoFights/REAL_LIFE_VIOLENCE_NV_329.pt,NoFights,0,REAL_LIFE_VIOLENCE,REAL_LIFE_VIOLENCE/noFights/NV_329.mp4,16,224
NoFights/REAL_LIFE_VIOLENCE_NV_327.pt,NoFights,0,REAL_LIFE_VIOLENCE,REAL_LIFE_VIOLENCE/noFights/NV_327.mp4,16,224
NoFights/REAL_LIFE_VIOLENCE_NV_331.pt,NoFights,0,REAL_LIFE_VIOLENCE,REAL_LIFE_VIOLENCE/noFights/NV_331.mp4,16,224
NoFights/REAL_LIFE_VIOLENCE_NV_346.pt,NoFights,0,REAL_LIFE_VIOLENCE,REAL_LIFE_VIOLENCE/noFights/NV_346.mp4,16,224
NoFights/REAL_LIFE_VIOLENCE_NV_34.pt,NoFights,0,REAL_LIFE_VIOLENCE,REAL_LIFE_VIOLENCE/noFights/NV_34.mp4,16,224
NoFights/REAL_LIFE_VIOLENCE_NV_347.pt,NoFights,0,REAL_LIFE_VIOLENCE,REAL_LIFE_VIOLENCE/noFights/NV_347.mp4,16,224
NoFights/REAL_LIFE_VIOLENCE_NV_339.pt,NoFights,0,REAL_LIFE_VIOLENCE,REAL_LIFE_VIOLENCE/noFights/NV_339.mp4,16,224
NoFights/REAL_LIFE_VIOLENCE_NV_337.pt,NoFights,0,REAL_LIFE_VIOLENCE,REAL_LIFE_VIOLENCE/noFights/NV_337.mp4,16,224
NoFights/REAL_LIFE_VIOLENCE_NV_344.pt,NoFights,0,REAL_LIFE_VIOLENCE,REAL_LIFE_VIOLENCE/noFights/NV_344.mp4,16,224
NoFights/REAL_LIFE_VIOLENCE_NV_341.pt,NoFights,0,REAL_LIFE_VIOLENCE,REAL_LIFE_VIOLENCE/noFights/NV_341.mp4,16,224
NoFights/REAL_LIFE_VIOLENCE_NV_340.pt,NoFights,0,REAL_LIFE_VIOLENCE,REAL_LIFE_VIOLENCE/noFights/NV_340.mp4,16,224
NoFights/REAL_LIFE_VIOLENCE_NV_352.pt,NoFights,0,REAL_LIFE_VIOLENCE,REAL_LIFE_VIOLENCE/noFights/NV_352.mp4,16,224
NoFights/REAL_LIFE_VIOLENCE_NV_338.pt,NoFights,0,REAL_LIFE_VIOLENCE,REAL_LIFE_VIOLENCE/noFights/NV_338.mp4,16,224
NoFights/REAL_LIFE_VIOLENCE_NV_35.pt,NoFights,0,REAL_LIFE_VIOLENCE,REAL_LIFE_VIOLENCE/noFights/NV_35.mp4,16,224
NoFights/REAL_LIFE_VIOLENCE_NV_351.pt,NoFights,0,REAL_LIFE_VIOLENCE,REAL_LIFE_VIOLENCE/noFights/NV_351.mp4,16,224
NoFights/REAL_LIFE_VIOLENCE_NV_353.pt,NoFights,0,REAL_LIFE_VIOLENCE,REAL_LIFE_VIOLENCE/noFights/NV_353.mp4,16,224
NoFights/REAL_LIFE_VIOLENCE_NV_349.pt,NoFights,0,REAL_LIFE_VIOLENCE,REAL_LIFE_VIOLENCE/noFights/NV_349.mp4,16,224
NoFights/REAL_LIFE_VIOLENCE_NV_348.pt,NoFights,0,REAL_LIFE_VIOLENCE,REAL_LIFE_VIOLENCE/noFights/NV_348.mp4,16,224
NoFights/REAL_LIFE_VIOLENCE_NV_350.pt,NoFights,0,REAL_LIFE_VIOLENCE,REAL_LIFE_VIOLENCE/noFights/NV_350.mp4,16,224
NoFights/REAL_LIFE_VIOLENCE_NV_345.pt,NoFights,0,REAL_LIFE_VIOLENCE,REAL_LIFE_VIOLENCE/noFights/NV_345.mp4,16,224
NoFights/REAL_LIFE_VIOLENCE_NV_343.pt,NoFights,0,REAL_LIFE_VIOLENCE,REAL_LIFE_VIOLENCE/noFights/NV_343.mp4,16,224
NoFights/REAL_LIFE_VIOLENCE_NV_342.pt,NoFights,0,REAL_LIFE_VIOLENCE,REAL_LIFE_VIOLENCE/noFights/NV_342.mp4,16,224
NoFights/REAL_LIFE_VIOLENCE_NV_336.pt,NoFights,0,REAL_LIFE_VIOLENCE,REAL_LIFE_VIOLENCE/noFights/NV_336.mp4,16,224
NoFights/REAL_LIFE_VIOLENCE_NV_354.pt,NoFights,0,REAL_LIFE_VIOLENCE,REAL_LIFE_VIOLENCE/noFights/NV_354.mp4,16,224
NoFights/REAL_LIFE_VIOLENCE_NV_355.pt,NoFights,0,REAL_LIFE_VIOLENCE,REAL_LIFE_VIOLENCE/noFights/NV_355.mp4,16,224
NoFights/REAL_LIFE_VIOLENCE_NV_356.pt,NoFights,0,REAL_LIFE_VIOLENCE,REAL_LIFE_VIOLENCE/noFights/NV_356.mp4,16,224
NoFights/REAL_LIFE_VIOLENCE_NV_357.pt,NoFights,0,REAL_LIFE_VIOLENCE,REAL_LIFE_VIOLENCE/noFights/NV_357.mp4,16,224
NoFights/REAL_LIFE_VIOLENCE_NV_358.pt,NoFights,0,REAL_LIFE_VIOLENCE,REAL_LIFE_VIOLENCE/noFights/NV_358.mp4,16,224
NoFights/REAL_LIFE_VIOLENCE_NV_359.pt,NoFights,0,REAL_LIFE_VIOLENCE,REAL_LIFE_VIOLENCE/noFights/NV_359.mp4,16,224
NoFights/REAL_LIFE_VIOLENCE_NV_360.pt,NoFights,0,REAL_LIFE_VIOLENCE,REAL_LIFE_VIOLENCE/noFights/NV_360.mp4,16,224
NoFights/REAL_LIFE_VIOLENCE_NV_36.pt,NoFights,0,REAL_LIFE_VIOLENCE,REAL_LIFE_VIOLENCE/noFights/NV_36.mp4,16,224
NoFights/REAL_LIFE_VIOLENCE_NV_361.pt,NoFights,0,REAL_LIFE_VIOLENCE,REAL_LIFE_VIOLENCE/noFights/NV_361.mp4,16,224
NoFights/REAL_LIFE_VIOLENCE_NV_362.pt,NoFights,0,REAL_LIFE_VIOLENCE,REAL_LIFE_VIOLENCE/noFights/NV_362.mp4,16,224
NoFights/REAL_LIFE_VIOLENCE_NV_363.pt,NoFights,0,REAL_LIFE_VIOLENCE,REAL_LIFE_VIOLENCE/noFights/NV_363.mp4,16,224
NoFights/REAL_LIFE_VIOLENCE_NV_367.pt,NoFights,0,REAL_LIFE_VIOLENCE,REAL_LIFE_VIOLENCE/noFights/NV_367.mp4,16,224
NoFights/REAL_LIFE_VIOLENCE_NV_369.pt,NoFights,0,REAL_LIFE_VIOLENCE,REAL_LIFE_VIOLENCE/noFights/NV_369.mp4,16,224
NoFights/REAL_LIFE_VIOLENCE_NV_364.pt,NoFights,0,REAL_LIFE_VIOLENCE,REAL_LIFE_VIOLENCE/noFights/NV_364.mp4,16,224
NoFights/REAL_LIFE_VIOLENCE_NV_368.pt,NoFights,0,REAL_LIFE_VIOLENCE,REAL_LIFE_VIOLENCE/noFights/NV_368.mp4,16,224
NoFights/REAL_LIFE_VIOLENCE_NV_366.pt,NoFights,0,REAL_LIFE_VIOLENCE,REAL_LIFE_VIOLENCE/noFights/NV_366.mp4,16,224
NoFights/REAL_LIFE_VIOLENCE_NV_365.pt,NoFights,0,REAL_LIFE_VIOLENCE,REAL_LIFE_VIOLENCE/noFights/NV_365.mp4,16,224
NoFights/REAL_LIFE_VIOLENCE_NV_37.pt,NoFights,0,REAL_LIFE_VIOLENCE,REAL_LIFE_VIOLENCE/noFights/NV_37.mp4,16,224
NoFights/REAL_LIFE_VIOLENCE_NV_380.pt,NoFights,0,REAL_LIFE_VIOLENCE,REAL_LIFE_VIOLENCE/noFights/NV_380.mp4,16,224
NoFights/REAL_LIFE_VIOLENCE_NV_414.pt,NoFights,0,REAL_LIFE_VIOLENCE,REAL_LIFE_VIOLENCE/noFights/NV_414.mp4,16,224
NoFights/REAL_LIFE_VIOLENCE_NV_409.pt,NoFights,0,REAL_LIFE_VIOLENCE,REAL_LIFE_VIOLENCE/noFights/NV_409.mp4,16,224
NoFights/REAL_LIFE_VIOLENCE_NV_381.pt,NoFights,0,REAL_LIFE_VIOLENCE,REAL_LIFE_VIOLENCE/noFights/NV_381.mp4,16,224
NoFights/REAL_LIFE_VIOLENCE_NV_373.pt,NoFights,0,REAL_LIFE_VIOLENCE,REAL_LIFE_VIOLENCE/noFights/NV_373.mp4,16,224
NoFights/REAL_LIFE_VIOLENCE_NV_377.pt,NoFights,0,REAL_LIFE_VIOLENCE,REAL_LIFE_VIOLENCE/noFights/NV_377.mp4,16,224
NoFights/REAL_LIFE_VIOLENCE_NV_413.pt,NoFights,0,REAL_LIFE_VIOLENCE,REAL_LIFE_VIOLENCE/noFights/NV_413.mp4,16,224
NoFights/REAL_LIFE_VIOLENCE_NV_39.pt,NoFights,0,REAL_LIFE_VIOLENCE,REAL_LIFE_VIOLENCE/noFights/NV_39.mp4,16,224
NoFights/REAL_LIFE_VIOLENCE_NV_399.pt,NoFights,0,REAL_LIFE_VIOLENCE,REAL_LIFE_VIOLENCE/noFights/NV_399.mp4,16,224
NoFights/REAL_LIFE_VIOLENCE_NV_4.pt,NoFights,0,REAL_LIFE_VIOLENCE,REAL_LIFE_VIOLENCE/noFights/NV_4.mp4,16,224
NoFights/REAL_LIFE_VIOLENCE_NV_388.pt,NoFights,0,REAL_LIFE_VIOLENCE,REAL_LIFE_VIOLENCE/noFights/NV_388.mp4,16,224
NoFights/REAL_LIFE_VIOLENCE_NV_387.pt,NoFights,0,REAL_LIFE_VIOLENCE,REAL_LIFE_VIOLENCE/noFights/NV_387.mp4,16,224
NoFights/REAL_LIFE_VIOLENCE_NV_393.pt,NoFights,0,REAL_LIFE_VIOLENCE,REAL_LIFE_VIOLENCE/noFights/NV_393.mp4,16,224
NoFights/REAL_LIFE_VIOLENCE_NV_383.pt,NoFights,0,REAL_LIFE_VIOLENCE,REAL_LIFE_VIOLENCE/noFights/NV_383.mp4,16,224
NoFights/REAL_LIFE_VIOLENCE_NV_403.pt,NoFights,0,REAL_LIFE_VIOLENCE,REAL_LIFE_VIOLENCE/noFights/NV_403.mp4,16,224
NoFights/REAL_LIFE_VIOLENCE_NV_405.pt,NoFights,0,REAL_LIFE_VIOLENCE,REAL_LIFE_VIOLENCE/noFights/NV_405.mp4,16,224
NoFights/REAL_LIFE_VIOLENCE_NV_394.pt,NoFights,0,REAL_LIFE_VIOLENCE,REAL_LIFE_VIOLENCE/noFights/NV_394.mp4,16,224
NoFights/REAL_LIFE_VIOLENCE_NV_38.pt,NoFights,0,REAL_LIFE_VIOLENCE,REAL_LIFE_VIOLENCE/noFights/NV_38.mp4,16,224
NoFights/REAL_LIFE_VIOLENCE_NV_417.pt,NoFights,0,REAL_LIFE_VIOLENCE,REAL_LIFE_VIOLENCE/noFights/NV_417.mp4,16,224
NoFights/REAL_LIFE_VIOLENCE_NV_375.pt,NoFights,0,REAL_LIFE_VIOLENCE,REAL_LIFE_VIOLENCE/noFights/NV_375.mp4,16,224
NoFights/REAL_LIFE_VIOLENCE_NV_404.pt,NoFights,0,REAL_LIFE_VIOLENCE,REAL_LIFE_VIOLENCE/noFights/NV_404.mp4,16,224
NoFights/REAL_LIFE_VIOLENCE_NV_41.pt,NoFights,0,REAL_LIFE_VIOLENCE,REAL_LIFE_VIOLENCE/noFights/NV_41.mp4,16,224
NoFights/REAL_LIFE_VIOLENCE_NV_408.pt,NoFights,0,REAL_LIFE_VIOLENCE,REAL_LIFE_VIOLENCE/noFights/NV_408.mp4,16,224
NoFights/REAL_LIFE_VIOLENCE_NV_390.pt,NoFights,0,REAL_LIFE_VIOLENCE,REAL_LIFE_VIOLENCE/noFights/NV_390.mp4,16,224
NoFights/REAL_LIFE_VIOLENCE_NV_376.pt,NoFights,0,REAL_LIFE_VIOLENCE,REAL_LIFE_VIOLENCE/noFights/NV_376.mp4,16,224
NoFights/REAL_LIFE_VIOLENCE_NV_374.pt,NoFights,0,REAL_LIFE_VIOLENCE,REAL_LIFE_VIOLENCE/noFights/NV_374.mp4,16,224
NoFights/REAL_LIFE_VIOLENCE_NV_402.pt,NoFights,0,REAL_LIFE_VIOLENCE,REAL_LIFE_VIOLENCE/noFights/NV_402.mp4,16,224
NoFights/REAL_LIFE_VIOLENCE_NV_419.pt,NoFights,0,REAL_LIFE_VIOLENCE,REAL_LIFE_VIOLENCE/noFights/NV_419.mp4,16,224
NoFights/REAL_LIFE_VIOLENCE_NV_395.pt,NoFights,0,REAL_LIFE_VIOLENCE,REAL_LIFE_VIOLENCE/noFights/NV_395.mp4,16,224
NoFights/REAL_LIFE_VIOLENCE_NV_420.pt,NoFights,0,REAL_LIFE_VIOLENCE,REAL_LIFE_VIOLENCE/noFights/NV_420.mp4,16,224
NoFights/REAL_LIFE_VIOLENCE_NV_397.pt,NoFights,0,REAL_LIFE_VIOLENCE,REAL_LIFE_VIOLENCE/noFights/NV_397.mp4,16,224
NoFights/REAL_LIFE_VIOLENCE_NV_410.pt,NoFights,0,REAL_LIFE_VIOLENCE,REAL_LIFE_VIOLENCE/noFights/NV_410.mp4,16,224
NoFights/REAL_LIFE_VIOLENCE_NV_411.pt,NoFights,0,REAL_LIFE_VIOLENCE,REAL_LIFE_VIOLENCE/noFights/NV_411.mp4,16,224
NoFights/REAL_LIFE_VIOLENCE_NV_401.pt,NoFights,0,REAL_LIFE_VIOLENCE,REAL_LIFE_VIOLENCE/noFights/NV_401.mp4,16,224
NoFights/REAL_LIFE_VIOLENCE_NV_400.pt,NoFights,0,REAL_LIFE_VIOLENCE,REAL_LIFE_VIOLENCE/noFights/NV_400.mp4,16,224
NoFights/REAL_LIFE_VIOLENCE_NV_406.pt,NoFights,0,REAL_LIFE_VIOLENCE,REAL_LIFE_VIOLENCE/noFights/NV_406.mp4,16,224
NoFights/REAL_LIFE_VIOLENCE_NV_391.pt,NoFights,0,REAL_LIFE_VIOLENCE,REAL_LIFE_VIOLENCE/noFights/NV_391.mp4,16,224
NoFights/REAL_LIFE_VIOLENCE_NV_416.pt,NoFights,0,REAL_LIFE_VIOLENCE,REAL_LIFE_VIOLENCE/noFights/NV_416.mp4,16,224
NoFights/REAL_LIFE_VIOLENCE_NV_384.pt,NoFights,0,REAL_LIFE_VIOLENCE,REAL_LIFE_VIOLENCE/noFights/NV_384.mp4,16,224
NoFights/REAL_LIFE_VIOLENCE_NV_371.pt,NoFights,0,REAL_LIFE_VIOLENCE,REAL_LIFE_VIOLENCE/noFights/NV_371.mp4,16,224
NoFights/REAL_LIFE_VIOLENCE_NV_386.pt,NoFights,0,REAL_LIFE_VIOLENCE,REAL_LIFE_VIOLENCE/noFights/NV_386.mp4,16,224
NoFights/REAL_LIFE_VIOLENCE_NV_370.pt,NoFights,0,REAL_LIFE_VIOLENCE,REAL_LIFE_VIOLENCE/noFights/NV_370.mp4,16,224
NoFights/REAL_LIFE_VIOLENCE_NV_382.pt,NoFights,0,REAL_LIFE_VIOLENCE,REAL_LIFE_VIOLENCE/noFights/NV_382.mp4,16,224
NoFights/REAL_LIFE_VIOLENCE_NV_385.pt,NoFights,0,REAL_LIFE_VIOLENCE,REAL_LIFE_VIOLENCE/noFights/NV_385.mp4,16,224
NoFights/REAL_LIFE_VIOLENCE_NV_398.pt,NoFights,0,REAL_LIFE_VIOLENCE,REAL_LIFE_VIOLENCE/noFights/NV_398.mp4,16,224
NoFights/REAL_LIFE_VIOLENCE_NV_372.pt,NoFights,0,REAL_LIFE_VIOLENCE,REAL_LIFE_VIOLENCE/noFights/NV_372.mp4,16,224
NoFights/REAL_LIFE_VIOLENCE_NV_389.pt,NoFights,0,REAL_LIFE_VIOLENCE,REAL_LIFE_VIOLENCE/noFights/NV_389.mp4,16,224
NoFights/REAL_LIFE_VIOLENCE_NV_415.pt,NoFights,0,REAL_LIFE_VIOLENCE,REAL_LIFE_VIOLENCE/noFights/NV_415.mp4,16,224
NoFights/REAL_LIFE_VIOLENCE_NV_412.pt,NoFights,0,REAL_LIFE_VIOLENCE,REAL_LIFE_VIOLENCE/noFights/NV_412.mp4,16,224
NoFights/REAL_LIFE_VIOLENCE_NV_42.pt,NoFights,0,REAL_LIFE_VIOLENCE,REAL_LIFE_VIOLENCE/noFights/NV_42.mp4,16,224
NoFights/REAL_LIFE_VIOLENCE_NV_407.pt,NoFights,0,REAL_LIFE_VIOLENCE,REAL_LIFE_VIOLENCE/noFights/NV_407.mp4,16,224
NoFights/REAL_LIFE_VIOLENCE_NV_378.pt,NoFights,0,REAL_LIFE_VIOLENCE,REAL_LIFE_VIOLENCE/noFights/NV_378.mp4,16,224
NoFights/REAL_LIFE_VIOLENCE_NV_396.pt,NoFights,0,REAL_LIFE_VIOLENCE,REAL_LIFE_VIOLENCE/noFights/NV_396.mp4,16,224
NoFights/REAL_LIFE_VIOLENCE_NV_418.pt,NoFights,0,REAL_LIFE_VIOLENCE,REAL_LIFE_VIOLENCE/noFights/NV_418.mp4,16,224
NoFights/REAL_LIFE_VIOLENCE_NV_379.pt,NoFights,0,REAL_LIFE_VIOLENCE,REAL_LIFE_VIOLENCE/noFights/NV_379.mp4,16,224
NoFights/REAL_LIFE_VIOLENCE_NV_40.pt,NoFights,0,REAL_LIFE_VIOLENCE,REAL_LIFE_VIOLENCE/noFights/NV_40.mp4,16,224
NoFights/REAL_LIFE_VIOLENCE_NV_392.pt,NoFights,0,REAL_LIFE_VIOLENCE,REAL_LIFE_VIOLENCE/noFights/NV_392.mp4,16,224
NoFights/REAL_LIFE_VIOLENCE_NV_456.pt,NoFights,0,REAL_LIFE_VIOLENCE,REAL_LIFE_VIOLENCE/noFights/NV_456.mp4,16,224
NoFights/REAL_LIFE_VIOLENCE_NV_428.pt,NoFights,0,REAL_LIFE_VIOLENCE,REAL_LIFE_VIOLENCE/noFights/NV_428.mp4,16,224
NoFights/REAL_LIFE_VIOLENCE_NV_432.pt,NoFights,0,REAL_LIFE_VIOLENCE,REAL_LIFE_VIOLENCE/noFights/NV_432.mp4,16,224
NoFights/REAL_LIFE_VIOLENCE_NV_463.pt,NoFights,0,REAL_LIFE_VIOLENCE,REAL_LIFE_VIOLENCE/noFights/NV_463.mp4,16,224
NoFights/REAL_LIFE_VIOLENCE_NV_443.pt,NoFights,0,REAL_LIFE_VIOLENCE,REAL_LIFE_VIOLENCE/noFights/NV_443.mp4,16,224
NoFights/REAL_LIFE_VIOLENCE_NV_437.pt,NoFights,0,REAL_LIFE_VIOLENCE,REAL_LIFE_VIOLENCE/noFights/NV_437.mp4,16,224
NoFights/REAL_LIFE_VIOLENCE_NV_421.pt,NoFights,0,REAL_LIFE_VIOLENCE,REAL_LIFE_VIOLENCE/noFights/NV_421.mp4,16,224
NoFights/REAL_LIFE_VIOLENCE_NV_447.pt,NoFights,0,REAL_LIFE_VIOLENCE,REAL_LIFE_VIOLENCE/noFights/NV_447.mp4,16,224
NoFights/REAL_LIFE_VIOLENCE_NV_435.pt,NoFights,0,REAL_LIFE_VIOLENCE,REAL_LIFE_VIOLENCE/noFights/NV_435.mp4,16,224
NoFights/REAL_LIFE_VIOLENCE_NV_457.pt,NoFights,0,REAL_LIFE_VIOLENCE,REAL_LIFE_VIOLENCE/noFights/NV_457.mp4,16,224
NoFights/REAL_LIFE_VIOLENCE_NV_441.pt,NoFights,0,REAL_LIFE_VIOLENCE,REAL_LIFE_VIOLENCE/noFights/NV_441.mp4,16,224
NoFights/REAL_LIFE_VIOLENCE_NV_450.pt,NoFights,0,REAL_LIFE_VIOLENCE,REAL_LIFE_VIOLENCE/noFights/NV_450.mp4,16,224
NoFights/REAL_LIFE_VIOLENCE_NV_424.pt,NoFights,0,REAL_LIFE_VIOLENCE,REAL_LIFE_VIOLENCE/noFights/NV_424.mp4,16,224
NoFights/REAL_LIFE_VIOLENCE_NV_43.pt,NoFights,0,REAL_LIFE_VIOLENCE,REAL_LIFE_VIOLENCE/noFights/NV_43.mp4,16,224
NoFights/REAL_LIFE_VIOLENCE_NV_453.pt,NoFights,0,REAL_LIFE_VIOLENCE,REAL_LIFE_VIOLENCE/noFights/NV_453.mp4,16,224
NoFights/REAL_LIFE_VIOLENCE_NV_461.pt,NoFights,0,REAL_LIFE_VIOLENCE,REAL_LIFE_VIOLENCE/noFights/NV_461.mp4,16,224
NoFights/REAL_LIFE_VIOLENCE_NV_449.pt,NoFights,0,REAL_LIFE_VIOLENCE,REAL_LIFE_VIOLENCE/noFights/NV_449.mp4,16,224
NoFights/REAL_LIFE_VIOLENCE_NV_444.pt,NoFights,0,REAL_LIFE_VIOLENCE,REAL_LIFE_VIOLENCE/noFights/NV_444.mp4,16,224
NoFights/REAL_LIFE_VIOLENCE_NV_438.pt,NoFights,0,REAL_LIFE_VIOLENCE,REAL_LIFE_VIOLENCE/noFights/NV_438.mp4,16,224
NoFights/REAL_LIFE_VIOLENCE_NV_430.pt,NoFights,0,REAL_LIFE_VIOLENCE,REAL_LIFE_VIOLENCE/noFights/NV_430.mp4,16,224
NoFights/REAL_LIFE_VIOLENCE_NV_459.pt,NoFights,0,REAL_LIFE_VIOLENCE,REAL_LIFE_VIOLENCE/noFights/NV_459.mp4,16,224
NoFights/REAL_LIFE_VIOLENCE_NV_468.pt,NoFights,0,REAL_LIFE_VIOLENCE,REAL_LIFE_VIOLENCE/noFights/NV_468.mp4,16,224
NoFights/REAL_LIFE_VIOLENCE_NV_452.pt,NoFights,0,REAL_LIFE_VIOLENCE,REAL_LIFE_VIOLENCE/noFights/NV_452.mp4,16,224
NoFights/REAL_LIFE_VIOLENCE_NV_442.pt,NoFights,0,REAL_LIFE_VIOLENCE,REAL_LIFE_VIOLENCE/noFights/NV_442.mp4,16,224
NoFights/REAL_LIFE_VIOLENCE_NV_436.pt,NoFights,0,REAL_LIFE_VIOLENCE,REAL_LIFE_VIOLENCE/noFights/NV_436.mp4,16,224
NoFights/REAL_LIFE_VIOLENCE_NV_446.pt,NoFights,0,REAL_LIFE_VIOLENCE,REAL_LIFE_VIOLENCE/noFights/NV_446.mp4,16,224
NoFights/REAL_LIFE_VIOLENCE_NV_44.pt,NoFights,0,REAL_LIFE_VIOLENCE,REAL_LIFE_VIOLENCE/noFights/NV_44.mp4,16,224
NoFights/REAL_LIFE_VIOLENCE_NV_465.pt,NoFights,0,REAL_LIFE_VIOLENCE,REAL_LIFE_VIOLENCE/noFights/NV_465.mp4,16,224
NoFights/REAL_LIFE_VIOLENCE_NV_433.pt,NoFights,0,REAL_LIFE_VIOLENCE,REAL_LIFE_VIOLENCE/noFights/NV_433.mp4,16,224
NoFights/REAL_LIFE_VIOLENCE_NV_440.pt,NoFights,0,REAL_LIFE_VIOLENCE,REAL_LIFE_VIOLENCE/noFights/NV_440.mp4,16,224
NoFights/REAL_LIFE_VIOLENCE_NV_425.pt,NoFights,0,REAL_LIFE_VIOLENCE,REAL_LIFE_VIOLENCE/noFights/NV_425.mp4,16,224
NoFights/REAL_LIFE_VIOLENCE_NV_466.pt,NoFights,0,REAL_LIFE_VIOLENCE,REAL_LIFE_VIOLENCE/noFights/NV_466.mp4,16,224
NoFights/REAL_LIFE_VIOLENCE_NV_445.pt,NoFights,0,REAL_LIFE_VIOLENCE,REAL_LIFE_VIOLENCE/noFights/NV_445.mp4,16,224
NoFights/REAL_LIFE_VIOLENCE_NV_455.pt,NoFights,0,REAL_LIFE_VIOLENCE,REAL_LIFE_VIOLENCE/noFights/NV_455.mp4,16,224
NoFights/REAL_LIFE_VIOLENCE_NV_426.pt,NoFights,0,REAL_LIFE_VIOLENCE,REAL_LIFE_VIOLENCE/noFights/NV_426.mp4,16,224
NoFights/REAL_LIFE_VIOLENCE_NV_460.pt,NoFights,0,REAL_LIFE_VIOLENCE,REAL_LIFE_VIOLENCE/noFights/NV_460.mp4,16,224
NoFights/REAL_LIFE_VIOLENCE_NV_467.pt,NoFights,0,REAL_LIFE_VIOLENCE,REAL_LIFE_VIOLENCE/noFights/NV_467.mp4,16,224
NoFights/REAL_LIFE_VIOLENCE_NV_434.pt,NoFights,0,REAL_LIFE_VIOLENCE,REAL_LIFE_VIOLENCE/noFights/NV_434.mp4,16,224
NoFights/REAL_LIFE_VIOLENCE_NV_469.pt,NoFights,0,REAL_LIFE_VIOLENCE,REAL_LIFE_VIOLENCE/noFights/NV_469.mp4,16,224
NoFights/REAL_LIFE_VIOLENCE_NV_439.pt,NoFights,0,REAL_LIFE_VIOLENCE,REAL_LIFE_VIOLENCE/noFights/NV_439.mp4,16,224
NoFights/REAL_LIFE_VIOLENCE_NV_422.pt,NoFights,0,REAL_LIFE_VIOLENCE,REAL_LIFE_VIOLENCE/noFights/NV_422.mp4,16,224
NoFights/REAL_LIFE_VIOLENCE_NV_429.pt,NoFights,0,REAL_LIFE_VIOLENCE,REAL_LIFE_VIOLENCE/noFights/NV_429.mp4,16,224
NoFights/REAL_LIFE_VIOLENCE_NV_45.pt,NoFights,0,REAL_LIFE_VIOLENCE,REAL_LIFE_VIOLENCE/noFights/NV_45.mp4,16,224
NoFights/REAL_LIFE_VIOLENCE_NV_431.pt,NoFights,0,REAL_LIFE_VIOLENCE,REAL_LIFE_VIOLENCE/noFights/NV_431.mp4,16,224
NoFights/REAL_LIFE_VIOLENCE_NV_451.pt,NoFights,0,REAL_LIFE_VIOLENCE,REAL_LIFE_VIOLENCE/noFights/NV_451.mp4,16,224
NoFights/REAL_LIFE_VIOLENCE_NV_448.pt,NoFights,0,REAL_LIFE_VIOLENCE,REAL_LIFE_VIOLENCE/noFights/NV_448.mp4,16,224
NoFights/REAL_LIFE_VIOLENCE_NV_427.pt,NoFights,0,REAL_LIFE_VIOLENCE,REAL_LIFE_VIOLENCE/noFights/NV_427.mp4,16,224
NoFights/REAL_LIFE_VIOLENCE_NV_423.pt,NoFights,0,REAL_LIFE_VIOLENCE,REAL_LIFE_VIOLENCE/noFights/NV_423.mp4,16,224
NoFights/REAL_LIFE_VIOLENCE_NV_458.pt,NoFights,0,REAL_LIFE_VIOLENCE,REAL_LIFE_VIOLENCE/noFights/NV_458.mp4,16,224
NoFights/REAL_LIFE_VIOLENCE_NV_462.pt,NoFights,0,REAL_LIFE_VIOLENCE,REAL_LIFE_VIOLENCE/noFights/NV_462.mp4,16,224
NoFights/REAL_LIFE_VIOLENCE_NV_464.pt,NoFights,0,REAL_LIFE_VIOLENCE,REAL_LIFE_VIOLENCE/noFights/NV_464.mp4,16,224
NoFights/REAL_LIFE_VIOLENCE_NV_46.pt,NoFights,0,REAL_LIFE_VIOLENCE,REAL_LIFE_VIOLENCE/noFights/NV_46.mp4,16,224
NoFights/REAL_LIFE_VIOLENCE_NV_454.pt,NoFights,0,REAL_LIFE_VIOLENCE,REAL_LIFE_VIOLENCE/noFights/NV_454.mp4,16,224
NoFights/REAL_LIFE_VIOLENCE_NV_484.pt,NoFights,0,REAL_LIFE_VIOLENCE,REAL_LIFE_VIOLENCE/noFights/NV_484.mp4,16,224
NoFights/REAL_LIFE_VIOLENCE_NV_492.pt,NoFights,0,REAL_LIFE_VIOLENCE,REAL_LIFE_VIOLENCE/noFights/NV_492.mp4,16,224
NoFights/REAL_LIFE_VIOLENCE_NV_491.pt,NoFights,0,REAL_LIFE_VIOLENCE,REAL_LIFE_VIOLENCE/noFights/NV_491.mp4,16,224
NoFights/REAL_LIFE_VIOLENCE_NV_470.pt,NoFights,0,REAL_LIFE_VIOLENCE,REAL_LIFE_VIOLENCE/noFights/NV_470.mp4,16,224
NoFights/REAL_LIFE_VIOLENCE_NV_488.pt,NoFights,0,REAL_LIFE_VIOLENCE,REAL_LIFE_VIOLENCE/noFights/NV_488.mp4,16,224
NoFights/REAL_LIFE_VIOLENCE_NV_479.pt,NoFights,0,REAL_LIFE_VIOLENCE,REAL_LIFE_VIOLENCE/noFights/NV_479.mp4,16,224
NoFights/REAL_LIFE_VIOLENCE_NV_482.pt,NoFights,0,REAL_LIFE_VIOLENCE,REAL_LIFE_VIOLENCE/noFights/NV_482.mp4,16,224
NoFights/REAL_LIFE_VIOLENCE_NV_473.pt,NoFights,0,REAL_LIFE_VIOLENCE,REAL_LIFE_VIOLENCE/noFights/NV_473.mp4,16,224
NoFights/REAL_LIFE_VIOLENCE_NV_493.pt,NoFights,0,REAL_LIFE_VIOLENCE,REAL_LIFE_VIOLENCE/noFights/NV_493.mp4,16,224
NoFights/REAL_LIFE_VIOLENCE_NV_480.pt,NoFights,0,REAL_LIFE_VIOLENCE,REAL_LIFE_VIOLENCE/noFights/NV_480.mp4,16,224
NoFights/REAL_LIFE_VIOLENCE_NV_490.pt,NoFights,0,REAL_LIFE_VIOLENCE,REAL_LIFE_VIOLENCE/noFights/NV_490.mp4,16,224
NoFights/REAL_LIFE_VIOLENCE_NV_48.pt,NoFights,0,REAL_LIFE_VIOLENCE,REAL_LIFE_VIOLENCE/noFights/NV_48.mp4,16,224
NoFights/REAL_LIFE_VIOLENCE_NV_489.pt,NoFights,0,REAL_LIFE_VIOLENCE,REAL_LIFE_VIOLENCE/noFights/NV_489.mp4,16,224
NoFights/REAL_LIFE_VIOLENCE_NV_478.pt,NoFights,0,REAL_LIFE_VIOLENCE,REAL_LIFE_VIOLENCE/noFights/NV_478.mp4,16,224
NoFights/REAL_LIFE_VIOLENCE_NV_500.pt,NoFights,0,REAL_LIFE_VIOLENCE,REAL_LIFE_VIOLENCE/noFights/NV_500.mp4,16,224
NoFights/REAL_LIFE_VIOLENCE_NV_485.pt,NoFights,0,REAL_LIFE_VIOLENCE,REAL_LIFE_VIOLENCE/noFights/NV_485.mp4,16,224
NoFights/REAL_LIFE_VIOLENCE_NV_472.pt,NoFights,0,REAL_LIFE_VIOLENCE,REAL_LIFE_VIOLENCE/noFights/NV_472.mp4,16,224
NoFights/REAL_LIFE_VIOLENCE_NV_487.pt,NoFights,0,REAL_LIFE_VIOLENCE,REAL_LIFE_VIOLENCE/noFights/NV_487.mp4,16,224
NoFights/REAL_LIFE_VIOLENCE_NV_481.pt,NoFights,0,REAL_LIFE_VIOLENCE,REAL_LIFE_VIOLENCE/noFights/NV_481.mp4,16,224
NoFights/REAL_LIFE_VIOLENCE_NV_47.pt,NoFights,0,REAL_LIFE_VIOLENCE,REAL_LIFE_VIOLENCE/noFights/NV_47.mp4,16,224
NoFights/REAL_LIFE_VIOLENCE_NV_477.pt,NoFights,0,REAL_LIFE_VIOLENCE,REAL_LIFE_VIOLENCE/noFights/NV_477.mp4,16,224
NoFights/REAL_LIFE_VIOLENCE_NV_5.pt,NoFights,0,REAL_LIFE_VIOLENCE,REAL_LIFE_VIOLENCE/noFights/NV_5.mp4,16,224
NoFights/REAL_LIFE_VIOLENCE_NV_498.pt,NoFights,0,REAL_LIFE_VIOLENCE,REAL_LIFE_VIOLENCE/noFights/NV_498.mp4,16,224
NoFights/REAL_LIFE_VIOLENCE_NV_49.pt,NoFights,0,REAL_LIFE_VIOLENCE,REAL_LIFE_VIOLENCE/noFights/NV_49.mp4,16,224
NoFights/REAL_LIFE_VIOLENCE_NV_496.pt,NoFights,0,REAL_LIFE_VIOLENCE,REAL_LIFE_VIOLENCE/noFights/NV_496.mp4,16,224
NoFights/REAL_LIFE_VIOLENCE_NV_475.pt,NoFights,0,REAL_LIFE_VIOLENCE,REAL_LIFE_VIOLENCE/noFights/NV_475.mp4,16,224
NoFights/REAL_LIFE_VIOLENCE_NV_495.pt,NoFights,0,REAL_LIFE_VIOLENCE,REAL_LIFE_VIOLENCE/noFights/NV_495.mp4,16,224
NoFights/REAL_LIFE_VIOLENCE_NV_483.pt,NoFights,0,REAL_LIFE_VIOLENCE,REAL_LIFE_VIOLENCE/noFights/NV_483.mp4,16,224
NoFights/REAL_LIFE_VIOLENCE_NV_497.pt,NoFights,0,REAL_LIFE_VIOLENCE,REAL_LIFE_VIOLENCE/noFights/NV_497.mp4,16,224
NoFights/REAL_LIFE_VIOLENCE_NV_499.pt,NoFights,0,REAL_LIFE_VIOLENCE,REAL_LIFE_VIOLENCE/noFights/NV_499.mp4,16,224
NoFights/REAL_LIFE_VIOLENCE_NV_471.pt,NoFights,0,REAL_LIFE_VIOLENCE,REAL_LIFE_VIOLENCE/noFights/NV_471.mp4,16,224
NoFights/REAL_LIFE_VIOLENCE_NV_50.pt,NoFights,0,REAL_LIFE_VIOLENCE,REAL_LIFE_VIOLENCE/noFights/NV_50.mp4,16,224
NoFights/REAL_LIFE_VIOLENCE_NV_486.pt,NoFights,0,REAL_LIFE_VIOLENCE,REAL_LIFE_VIOLENCE/noFights/NV_486.mp4,16,224
NoFights/REAL_LIFE_VIOLENCE_NV_474.pt,NoFights,0,REAL_LIFE_VIOLENCE,REAL_LIFE_VIOLENCE/noFights/NV_474.mp4,16,224
NoFights/REAL_LIFE_VIOLENCE_NV_494.pt,NoFights,0,REAL_LIFE_VIOLENCE,REAL_LIFE_VIOLENCE/noFights/NV_494.mp4,16,224
NoFights/REAL_LIFE_VIOLENCE_NV_476.pt,NoFights,0,REAL_LIFE_VIOLENCE,REAL_LIFE_VIOLENCE/noFights/NV_476.mp4,16,224
NoFights/REAL_LIFE_VIOLENCE_NV_526.pt,NoFights,0,REAL_LIFE_VIOLENCE,REAL_LIFE_VIOLENCE/noFights/NV_526.mp4,16,224
NoFights/REAL_LIFE_VIOLENCE_NV_527.pt,NoFights,0,REAL_LIFE_VIOLENCE,REAL_LIFE_VIOLENCE/noFights/NV_527.mp4,16,224
NoFights/REAL_LIFE_VIOLENCE_NV_512.pt,NoFights,0,REAL_LIFE_VIOLENCE,REAL_LIFE_VIOLENCE/noFights/NV_512.mp4,16,224
NoFights/REAL_LIFE_VIOLENCE_NV_504.pt,NoFights,0,REAL_LIFE_VIOLENCE,REAL_LIFE_VIOLENCE/noFights/NV_504.mp4,16,224
NoFights/REAL_LIFE_VIOLENCE_NV_525.pt,NoFights,0,REAL_LIFE_VIOLENCE,REAL_LIFE_VIOLENCE/noFights/NV_525.mp4,16,224
NoFights/REAL_LIFE_VIOLENCE_NV_51.pt,NoFights,0,REAL_LIFE_VIOLENCE,REAL_LIFE_VIOLENCE/noFights/NV_51.mp4,16,224
NoFights/REAL_LIFE_VIOLENCE_NV_503.pt,NoFights,0,REAL_LIFE_VIOLENCE,REAL_LIFE_VIOLENCE/noFights/NV_503.mp4,16,224
NoFights/REAL_LIFE_VIOLENCE_NV_506.pt,NoFights,0,REAL_LIFE_VIOLENCE,REAL_LIFE_VIOLENCE/noFights/NV_506.mp4,16,224
NoFights/REAL_LIFE_VIOLENCE_NV_502.pt,NoFights,0,REAL_LIFE_VIOLENCE,REAL_LIFE_VIOLENCE/noFights/NV_502.mp4,16,224
NoFights/REAL_LIFE_VIOLENCE_NV_513.pt,NoFights,0,REAL_LIFE_VIOLENCE,REAL_LIFE_VIOLENCE/noFights/NV_513.mp4,16,224
NoFights/REAL_LIFE_VIOLENCE_NV_517.pt,NoFights,0,REAL_LIFE_VIOLENCE,REAL_LIFE_VIOLENCE/noFights/NV_517.mp4,16,224
NoFights/REAL_LIFE_VIOLENCE_NV_518.pt,NoFights,0,REAL_LIFE_VIOLENCE,REAL_LIFE_VIOLENCE/noFights/NV_518.mp4,16,224
NoFights/REAL_LIFE_VIOLENCE_NV_516.pt,NoFights,0,REAL_LIFE_VIOLENCE,REAL_LIFE_VIOLENCE/noFights/NV_516.mp4,16,224
NoFights/REAL_LIFE_VIOLENCE_NV_524.pt,NoFights,0,REAL_LIFE_VIOLENCE,REAL_LIFE_VIOLENCE/noFights/NV_524.mp4,16,224
NoFights/REAL_LIFE_VIOLENCE_NV_507.pt,NoFights,0,REAL_LIFE_VIOLENCE,REAL_LIFE_VIOLENCE/noFights/NV_507.mp4,16,224
NoFights/REAL_LIFE_VIOLENCE_NV_508.pt,NoFights,0,REAL_LIFE_VIOLENCE,REAL_LIFE_VIOLENCE/noFights/NV_508.mp4,16,224
NoFights/REAL_LIFE_VIOLENCE_NV_514.pt,NoFights,0,REAL_LIFE_VIOLENCE,REAL_LIFE_VIOLENCE/noFights/NV_514.mp4,16,224
NoFights/REAL_LIFE_VIOLENCE_NV_511.pt,NoFights,0,REAL_LIFE_VIOLENCE,REAL_LIFE_VIOLENCE/noFights/NV_511.mp4,16,224
NoFights/REAL_LIFE_VIOLENCE_NV_519.pt,NoFights,0,REAL_LIFE_VIOLENCE,REAL_LIFE_VIOLENCE/noFights/NV_519.mp4,16,224
NoFights/REAL_LIFE_VIOLENCE_NV_53.pt,NoFights,0,REAL_LIFE_VIOLENCE,REAL_LIFE_VIOLENCE/noFights/NV_53.mp4,16,224
NoFights/REAL_LIFE_VIOLENCE_NV_510.pt,NoFights,0,REAL_LIFE_VIOLENCE,REAL_LIFE_VIOLENCE/noFights/NV_510.mp4,16,224
NoFights/REAL_LIFE_VIOLENCE_NV_522.pt,NoFights,0,REAL_LIFE_VIOLENCE,REAL_LIFE_VIOLENCE/noFights/NV_522.mp4,16,224
NoFights/REAL_LIFE_VIOLENCE_NV_530.pt,NoFights,0,REAL_LIFE_VIOLENCE,REAL_LIFE_VIOLENCE/noFights/NV_530.mp4,16,224
NoFights/REAL_LIFE_VIOLENCE_NV_505.pt,NoFights,0,REAL_LIFE_VIOLENCE,REAL_LIFE_VIOLENCE/noFights/NV_505.mp4,16,224
NoFights/REAL_LIFE_VIOLENCE_NV_501.pt,NoFights,0,REAL_LIFE_VIOLENCE,REAL_LIFE_VIOLENCE/noFights/NV_501.mp4,16,224
NoFights/REAL_LIFE_VIOLENCE_NV_52.pt,NoFights,0,REAL_LIFE_VIOLENCE,REAL_LIFE_VIOLENCE/noFights/NV_52.mp4,16,224
NoFights/REAL_LIFE_VIOLENCE_NV_523.pt,NoFights,0,REAL_LIFE_VIOLENCE,REAL_LIFE_VIOLENCE/noFights/NV_523.mp4,16,224
NoFights/REAL_LIFE_VIOLENCE_NV_521.pt,NoFights,0,REAL_LIFE_VIOLENCE,REAL_LIFE_VIOLENCE/noFights/NV_521.mp4,16,224
NoFights/REAL_LIFE_VIOLENCE_NV_509.pt,NoFights,0,REAL_LIFE_VIOLENCE,REAL_LIFE_VIOLENCE/noFights/NV_509.mp4,16,224
NoFights/REAL_LIFE_VIOLENCE_NV_529.pt,NoFights,0,REAL_LIFE_VIOLENCE,REAL_LIFE_VIOLENCE/noFights/NV_529.mp4,16,224
NoFights/REAL_LIFE_VIOLENCE_NV_515.pt,NoFights,0,REAL_LIFE_VIOLENCE,REAL_LIFE_VIOLENCE/noFights/NV_515.mp4,16,224
NoFights/REAL_LIFE_VIOLENCE_NV_520.pt,NoFights,0,REAL_LIFE_VIOLENCE,REAL_LIFE_VIOLENCE/noFights/NV_520.mp4,16,224
NoFights/REAL_LIFE_VIOLENCE_NV_528.pt,NoFights,0,REAL_LIFE_VIOLENCE,REAL_LIFE_VIOLENCE/noFights/NV_528.mp4,16,224
NoFights/REAL_LIFE_VIOLENCE_NV_536.pt,NoFights,0,REAL_LIFE_VIOLENCE,REAL_LIFE_VIOLENCE/noFights/NV_536.mp4,16,224
NoFights/REAL_LIFE_VIOLENCE_NV_552.pt,NoFights,0,REAL_LIFE_VIOLENCE,REAL_LIFE_VIOLENCE/noFights/NV_552.mp4,16,224
NoFights/REAL_LIFE_VIOLENCE_NV_542.pt,NoFights,0,REAL_LIFE_VIOLENCE,REAL_LIFE_VIOLENCE/noFights/NV_542.mp4,16,224
NoFights/REAL_LIFE_VIOLENCE_NV_548.pt,NoFights,0,REAL_LIFE_VIOLENCE,REAL_LIFE_VIOLENCE/noFights/NV_548.mp4,16,224
NoFights/REAL_LIFE_VIOLENCE_NV_547.pt,NoFights,0,REAL_LIFE_VIOLENCE,REAL_LIFE_VIOLENCE/noFights/NV_547.mp4,16,224
NoFights/REAL_LIFE_VIOLENCE_NV_549.pt,NoFights,0,REAL_LIFE_VIOLENCE,REAL_LIFE_VIOLENCE/noFights/NV_549.mp4,16,224
NoFights/REAL_LIFE_VIOLENCE_NV_553.pt,NoFights,0,REAL_LIFE_VIOLENCE,REAL_LIFE_VIOLENCE/noFights/NV_553.mp4,16,224
NoFights/REAL_LIFE_VIOLENCE_NV_531.pt,NoFights,0,REAL_LIFE_VIOLENCE,REAL_LIFE_VIOLENCE/noFights/NV_531.mp4,16,224
NoFights/REAL_LIFE_VIOLENCE_NV_535.pt,NoFights,0,REAL_LIFE_VIOLENCE,REAL_LIFE_VIOLENCE/noFights/NV_535.mp4,16,224
NoFights/REAL_LIFE_VIOLENCE_NV_55.pt,NoFights,0,REAL_LIFE_VIOLENCE,REAL_LIFE_VIOLENCE/noFights/NV_55.mp4,16,224
NoFights/REAL_LIFE_VIOLENCE_NV_545.pt,NoFights,0,REAL_LIFE_VIOLENCE,REAL_LIFE_VIOLENCE/noFights/NV_545.mp4,16,224
NoFights/REAL_LIFE_VIOLENCE_NV_534.pt,NoFights,0,REAL_LIFE_VIOLENCE,REAL_LIFE_VIOLENCE/noFights/NV_534.mp4,16,224
NoFights/REAL_LIFE_VIOLENCE_NV_546.pt,NoFights,0,REAL_LIFE_VIOLENCE,REAL_LIFE_VIOLENCE/noFights/NV_546.mp4,16,224
NoFights/REAL_LIFE_VIOLENCE_NV_533.pt,NoFights,0,REAL_LIFE_VIOLENCE,REAL_LIFE_VIOLENCE/noFights/NV_533.mp4,16,224
NoFights/REAL_LIFE_VIOLENCE_NV_541.pt,NoFights,0,REAL_LIFE_VIOLENCE,REAL_LIFE_VIOLENCE/noFights/NV_541.mp4,16,224
NoFights/REAL_LIFE_VIOLENCE_NV_54.pt,NoFights,0,REAL_LIFE_VIOLENCE,REAL_LIFE_VIOLENCE/noFights/NV_54.mp4,16,224
NoFights/REAL_LIFE_VIOLENCE_NV_540.pt,NoFights,0,REAL_LIFE_VIOLENCE,REAL_LIFE_VIOLENCE/noFights/NV_540.mp4,16,224
NoFights/REAL_LIFE_VIOLENCE_NV_537.pt,NoFights,0,REAL_LIFE_VIOLENCE,REAL_LIFE_VIOLENCE/noFights/NV_537.mp4,16,224
NoFights/REAL_LIFE_VIOLENCE_NV_539.pt,NoFights,0,REAL_LIFE_VIOLENCE,REAL_LIFE_VIOLENCE/noFights/NV_539.mp4,16,224
NoFights/REAL_LIFE_VIOLENCE_NV_551.pt,NoFights,0,REAL_LIFE_VIOLENCE,REAL_LIFE_VIOLENCE/noFights/NV_551.mp4,16,224
NoFights/REAL_LIFE_VIOLENCE_NV_543.pt,NoFights,0,REAL_LIFE_VIOLENCE,REAL_LIFE_VIOLENCE/noFights/NV_543.mp4,16,224
NoFights/REAL_LIFE_VIOLENCE_NV_538.pt,NoFights,0,REAL_LIFE_VIOLENCE,REAL_LIFE_VIOLENCE/noFights/NV_538.mp4,16,224
NoFights/REAL_LIFE_VIOLENCE_NV_544.pt,NoFights,0,REAL_LIFE_VIOLENCE,REAL_LIFE_VIOLENCE/noFights/NV_544.mp4,16,224
NoFights/REAL_LIFE_VIOLENCE_NV_550.pt,NoFights,0,REAL_LIFE_VIOLENCE,REAL_LIFE_VIOLENCE/noFights/NV_550.mp4,16,224
NoFights/REAL_LIFE_VIOLENCE_NV_532.pt,NoFights,0,REAL_LIFE_VIOLENCE,REAL_LIFE_VIOLENCE/noFights/NV_532.mp4,16,224
NoFights/REAL_LIFE_VIOLENCE_NV_561.pt,NoFights,0,REAL_LIFE_VIOLENCE,REAL_LIFE_VIOLENCE/noFights/NV_561.mp4,16,224
NoFights/REAL_LIFE_VIOLENCE_NV_556.pt,NoFights,0,REAL_LIFE_VIOLENCE,REAL_LIFE_VIOLENCE/noFights/NV_556.mp4,16,224
NoFights/REAL_LIFE_VIOLENCE_NV_560.pt,NoFights,0,REAL_LIFE_VIOLENCE,REAL_LIFE_VIOLENCE/noFights/NV_560.mp4,16,224
NoFights/REAL_LIFE_VIOLENCE_NV_557.pt,NoFights,0,REAL_LIFE_VIOLENCE,REAL_LIFE_VIOLENCE/noFights/NV_557.mp4,16,224
NoFights/REAL_LIFE_VIOLENCE_NV_567.pt,NoFights,0,REAL_LIFE_VIOLENCE,REAL_LIFE_VIOLENCE/noFights/NV_567.mp4,16,224
NoFights/REAL_LIFE_VIOLENCE_NV_56.pt,NoFights,0,REAL_LIFE_VIOLENCE,REAL_LIFE_VIOLENCE/noFights/NV_56.mp4,16,224
NoFights/REAL_LIFE_VIOLENCE_NV_573.pt,NoFights,0,REAL_LIFE_VIOLENCE,REAL_LIFE_VIOLENCE/noFights/NV_573.mp4,16,224
NoFights/REAL_LIFE_VIOLENCE_NV_554.pt,NoFights,0,REAL_LIFE_VIOLENCE,REAL_LIFE_VIOLENCE/noFights/NV_554.mp4,16,224
NoFights/REAL_LIFE_VIOLENCE_NV_568.pt,NoFights,0,REAL_LIFE_VIOLENCE,REAL_LIFE_VIOLENCE/noFights/NV_568.mp4,16,224
NoFights/REAL_LIFE_VIOLENCE_NV_57.pt,NoFights,0,REAL_LIFE_VIOLENCE,REAL_LIFE_VIOLENCE/noFights/NV_57.mp4,16,224
NoFights/REAL_LIFE_VIOLENCE_NV_570.pt,NoFights,0,REAL_LIFE_VIOLENCE,REAL_LIFE_VIOLENCE/noFights/NV_570.mp4,16,224
NoFights/REAL_LIFE_VIOLENCE_NV_564.pt,NoFights,0,REAL_LIFE_VIOLENCE,REAL_LIFE_VIOLENCE/noFights/NV_564.mp4,16,224
NoFights/REAL_LIFE_VIOLENCE_NV_558.pt,NoFights,0,REAL_LIFE_VIOLENCE,REAL_LIFE_VIOLENCE/noFights/NV_558.mp4,16,224
NoFights/REAL_LIFE_VIOLENCE_NV_563.pt,NoFights,0,REAL_LIFE_VIOLENCE,REAL_LIFE_VIOLENCE/noFights/NV_563.mp4,16,224
NoFights/REAL_LIFE_VIOLENCE_NV_565.pt,NoFights,0,REAL_LIFE_VIOLENCE,REAL_LIFE_VIOLENCE/noFights/NV_565.mp4,16,224
NoFights/REAL_LIFE_VIOLENCE_NV_566.pt,NoFights,0,REAL_LIFE_VIOLENCE,REAL_LIFE_VIOLENCE/noFights/NV_566.mp4,16,224
NoFights/REAL_LIFE_VIOLENCE_NV_559.pt,NoFights,0,REAL_LIFE_VIOLENCE,REAL_LIFE_VIOLENCE/noFights/NV_559.mp4,16,224
NoFights/REAL_LIFE_VIOLENCE_NV_572.pt,NoFights,0,REAL_LIFE_VIOLENCE,REAL_LIFE_VIOLENCE/noFights/NV_572.mp4,16,224
NoFights/REAL_LIFE_VIOLENCE_NV_569.pt,NoFights,0,REAL_LIFE_VIOLENCE,REAL_LIFE_VIOLENCE/noFights/NV_569.mp4,16,224
NoFights/REAL_LIFE_VIOLENCE_NV_555.pt,NoFights,0,REAL_LIFE_VIOLENCE,REAL_LIFE_VIOLENCE/noFights/NV_555.mp4,16,224
NoFights/REAL_LIFE_VIOLENCE_NV_571.pt,NoFights,0,REAL_LIFE_VIOLENCE,REAL_LIFE_VIOLENCE/noFights/NV_571.mp4,16,224
NoFights/REAL_LIFE_VIOLENCE_NV_562.pt,NoFights,0,REAL_LIFE_VIOLENCE,REAL_LIFE_VIOLENCE/noFights/NV_562.mp4,16,224
NoFights/REAL_LIFE_VIOLENCE_NV_579.pt,NoFights,0,REAL_LIFE_VIOLENCE,REAL_LIFE_VIOLENCE/noFights/NV_579.mp4,16,224
NoFights/REAL_LIFE_VIOLENCE_NV_58.pt,NoFights,0,REAL_LIFE_VIOLENCE,REAL_LIFE_VIOLENCE/noFights/NV_58.mp4,16,224
NoFights/REAL_LIFE_VIOLENCE_NV_590.pt,NoFights,0,REAL_LIFE_VIOLENCE,REAL_LIFE_VIOLENCE/noFights/NV_590.mp4,16,224
NoFights/REAL_LIFE_VIOLENCE_NV_578.pt,NoFights,0,REAL_LIFE_VIOLENCE,REAL_LIFE_VIOLENCE/noFights/NV_578.mp4,16,224
NoFights/REAL_LIFE_VIOLENCE_NV_586.pt,NoFights,0,REAL_LIFE_VIOLENCE,REAL_LIFE_VIOLENCE/noFights/NV_586.mp4,16,224
NoFights/REAL_LIFE_VIOLENCE_NV_592.pt,NoFights,0,REAL_LIFE_VIOLENCE,REAL_LIFE_VIOLENCE/noFights/NV_592.mp4,16,224
NoFights/REAL_LIFE_VIOLENCE_NV_598.pt,NoFights,0,REAL_LIFE_VIOLENCE,REAL_LIFE_VIOLENCE/noFights/NV_598.mp4,16,224
NoFights/REAL_LIFE_VIOLENCE_NV_574.pt,NoFights,0,REAL_LIFE_VIOLENCE,REAL_LIFE_VIOLENCE/noFights/NV_574.mp4,16,224
NoFights/REAL_LIFE_VIOLENCE_NV_597.pt,NoFights,0,REAL_LIFE_VIOLENCE,REAL_LIFE_VIOLENCE/noFights/NV_597.mp4,16,224
NoFights/REAL_LIFE_VIOLENCE_NV_576.pt,NoFights,0,REAL_LIFE_VIOLENCE,REAL_LIFE_VIOLENCE/noFights/NV_576.mp4,16,224
NoFights/REAL_LIFE_VIOLENCE_NV_582.pt,NoFights,0,REAL_LIFE_VIOLENCE,REAL_LIFE_VIOLENCE/noFights/NV_582.mp4,16,224
NoFights/REAL_LIFE_VIOLENCE_NV_595.pt,NoFights,0,REAL_LIFE_VIOLENCE,REAL_LIFE_VIOLENCE/noFights/NV_595.mp4,16,224
NoFights/REAL_LIFE_VIOLENCE_NV_60.pt,NoFights,0,REAL_LIFE_VIOLENCE,REAL_LIFE_VIOLENCE/noFights/NV_60.mp4,16,224
NoFights/REAL_LIFE_VIOLENCE_NV_588.pt,NoFights,0,REAL_LIFE_VIOLENCE,REAL_LIFE_VIOLENCE/noFights/NV_588.mp4,16,224
NoFights/REAL_LIFE_VIOLENCE_NV_575.pt,NoFights,0,REAL_LIFE_VIOLENCE,REAL_LIFE_VIOLENCE/noFights/NV_575.mp4,16,224
NoFights/REAL_LIFE_VIOLENCE_NV_594.pt,NoFights,0,REAL_LIFE_VIOLENCE,REAL_LIFE_VIOLENCE/noFights/NV_594.mp4,16,224
NoFights/REAL_LIFE_VIOLENCE_NV_59.pt,NoFights,0,REAL_LIFE_VIOLENCE,REAL_LIFE_VIOLENCE/noFights/NV_59.mp4,16,224
NoFights/REAL_LIFE_VIOLENCE_NV_583.pt,NoFights,0,REAL_LIFE_VIOLENCE,REAL_LIFE_VIOLENCE/noFights/NV_583.mp4,16,224
NoFights/REAL_LIFE_VIOLENCE_NV_577.pt,NoFights,0,REAL_LIFE_VIOLENCE,REAL_LIFE_VIOLENCE/noFights/NV_577.mp4,16,224
NoFights/REAL_LIFE_VIOLENCE_NV_584.pt,NoFights,0,REAL_LIFE_VIOLENCE,REAL_LIFE_VIOLENCE/noFights/NV_584.mp4,16,224
NoFights/REAL_LIFE_VIOLENCE_NV_580.pt,NoFights,0,REAL_LIFE_VIOLENCE,REAL_LIFE_VIOLENCE/noFights/NV_580.mp4,16,224
NoFights/REAL_LIFE_VIOLENCE_NV_596.pt,NoFights,0,REAL_LIFE_VIOLENCE,REAL_LIFE_VIOLENCE/noFights/NV_596.mp4,16,224
NoFights/REAL_LIFE_VIOLENCE_NV_6.pt,NoFights,0,REAL_LIFE_VIOLENCE,REAL_LIFE_VIOLENCE/noFights/NV_6.mp4,16,224
NoFights/REAL_LIFE_VIOLENCE_NV_591.pt,NoFights,0,REAL_LIFE_VIOLENCE,REAL_LIFE_VIOLENCE/noFights/NV_591.mp4,16,224
NoFights/REAL_LIFE_VIOLENCE_NV_581.pt,NoFights,0,REAL_LIFE_VIOLENCE,REAL_LIFE_VIOLENCE/noFights/NV_581.mp4,16,224
NoFights/REAL_LIFE_VIOLENCE_NV_589.pt,NoFights,0,REAL_LIFE_VIOLENCE,REAL_LIFE_VIOLENCE/noFights/NV_589.mp4,16,224
NoFights/REAL_LIFE_VIOLENCE_NV_585.pt,NoFights,0,REAL_LIFE_VIOLENCE,REAL_LIFE_VIOLENCE/noFights/NV_585.mp4,16,224
NoFights/REAL_LIFE_VIOLENCE_NV_599.pt,NoFights,0,REAL_LIFE_VIOLENCE,REAL_LIFE_VIOLENCE/noFights/NV_599.mp4,16,224
NoFights/REAL_LIFE_VIOLENCE_NV_593.pt,NoFights,0,REAL_LIFE_VIOLENCE,REAL_LIFE_VIOLENCE/noFights/NV_593.mp4,16,224
NoFights/REAL_LIFE_VIOLENCE_NV_587.pt,NoFights,0,REAL_LIFE_VIOLENCE,REAL_LIFE_VIOLENCE/noFights/NV_587.mp4,16,224
NoFights/REAL_LIFE_VIOLENCE_NV_612.pt,NoFights,0,REAL_LIFE_VIOLENCE,REAL_LIFE_VIOLENCE/noFights/NV_612.mp4,16,224
NoFights/REAL_LIFE_VIOLENCE_NV_615.pt,NoFights,0,REAL_LIFE_VIOLENCE,REAL_LIFE_VIOLENCE/noFights/NV_615.mp4,16,224
NoFights/REAL_LIFE_VIOLENCE_NV_605.pt,NoFights,0,REAL_LIFE_VIOLENCE,REAL_LIFE_VIOLENCE/noFights/NV_605.mp4,16,224
NoFights/REAL_LIFE_VIOLENCE_NV_604.pt,NoFights,0,REAL_LIFE_VIOLENCE,REAL_LIFE_VIOLENCE/noFights/NV_604.mp4,16,224
NoFights/REAL_LIFE_VIOLENCE_NV_619.pt,NoFights,0,REAL_LIFE_VIOLENCE,REAL_LIFE_VIOLENCE/noFights/NV_619.mp4,16,224
NoFights/REAL_LIFE_VIOLENCE_NV_606.pt,NoFights,0,REAL_LIFE_VIOLENCE,REAL_LIFE_VIOLENCE/noFights/NV_606.mp4,16,224
NoFights/REAL_LIFE_VIOLENCE_NV_616.pt,NoFights,0,REAL_LIFE_VIOLENCE,REAL_LIFE_VIOLENCE/noFights/NV_616.mp4,16,224
NoFights/REAL_LIFE_VIOLENCE_NV_614.pt,NoFights,0,REAL_LIFE_VIOLENCE,REAL_LIFE_VIOLENCE/noFights/NV_614.mp4,16,224
NoFights/REAL_LIFE_VIOLENCE_NV_602.pt,NoFights,0,REAL_LIFE_VIOLENCE,REAL_LIFE_VIOLENCE/noFights/NV_602.avi,16,224
NoFights/REAL_LIFE_VIOLENCE_NV_610.pt,NoFights,0,REAL_LIFE_VIOLENCE,REAL_LIFE_VIOLENCE/noFights/NV_610.mp4,16,224
NoFights/REAL_LIFE_VIOLENCE_NV_61.pt,NoFights,0,REAL_LIFE_VIOLENCE,REAL_LIFE_VIOLENCE/noFights/NV_61.mp4,16,224
NoFights/REAL_LIFE_VIOLENCE_NV_613.pt,NoFights,0,REAL_LIFE_VIOLENCE,REAL_LIFE_VIOLENCE/noFights/NV_613.mp4,16,224
NoFights/REAL_LIFE_VIOLENCE_NV_618.pt,NoFights,0,REAL_LIFE_VIOLENCE,REAL_LIFE_VIOLENCE/noFights/NV_618.mp4,16,224
NoFights/REAL_LIFE_VIOLENCE_NV_609.pt,NoFights,0,REAL_LIFE_VIOLENCE,REAL_LIFE_VIOLENCE/noFights/NV_609.mp4,16,224
NoFights/REAL_LIFE_VIOLENCE_NV_617.pt,NoFights,0,REAL_LIFE_VIOLENCE,REAL_LIFE_VIOLENCE/noFights/NV_617.mp4,16,224
NoFights/REAL_LIFE_VIOLENCE_NV_608.pt,NoFights,0,REAL_LIFE_VIOLENCE,REAL_LIFE_VIOLENCE/noFights/NV_608.mp4,16,224
NoFights/REAL_LIFE_VIOLENCE_NV_611.pt,NoFights,0,REAL_LIFE_VIOLENCE,REAL_LIFE_VIOLENCE/noFights/NV_611.mp4,16,224
NoFights/REAL_LIFE_VIOLENCE_NV_601.pt,NoFights,0,REAL_LIFE_VIOLENCE,REAL_LIFE_VIOLENCE/noFights/NV_601.mp4,16,224
NoFights/REAL_LIFE_VIOLENCE_NV_600.pt,NoFights,0,REAL_LIFE_VIOLENCE,REAL_LIFE_VIOLENCE/noFights/NV_600.mp4,16,224
NoFights/REAL_LIFE_VIOLENCE_NV_607.pt,NoFights,0,REAL_LIFE_VIOLENCE,REAL_LIFE_VIOLENCE/noFights/NV_607.mp4,16,224
NoFights/REAL_LIFE_VIOLENCE_NV_603.pt,NoFights,0,REAL_LIFE_VIOLENCE,REAL_LIFE_VIOLENCE/noFights/NV_603.mp4,16,224
NoFights/REAL_LIFE_VIOLENCE_NV_63.pt,NoFights,0,REAL_LIFE_VIOLENCE,REAL_LIFE_VIOLENCE/noFights/NV_63.mp4,16,224
NoFights/REAL_LIFE_VIOLENCE_NV_629.pt,NoFights,0,REAL_LIFE_VIOLENCE,REAL_LIFE_VIOLENCE/noFights/NV_629.mp4,16,224
NoFights/REAL_LIFE_VIOLENCE_NV_626.pt,NoFights,0,REAL_LIFE_VIOLENCE,REAL_LIFE_VIOLENCE/noFights/NV_626.mp4,16,224
NoFights/REAL_LIFE_VIOLENCE_NV_622.pt,NoFights,0,REAL_LIFE_VIOLENCE,REAL_LIFE_VIOLENCE/noFights/NV_622.mp4,16,224
NoFights/REAL_LIFE_VIOLENCE_NV_641.pt,NoFights,0,REAL_LIFE_VIOLENCE,REAL_LIFE_VIOLENCE/noFights/NV_641.mp4,16,224
NoFights/REAL_LIFE_VIOLENCE_NV_649.pt,NoFights,0,REAL_LIFE_VIOLENCE,REAL_LIFE_VIOLENCE/noFights/NV_649.mp4,16,224
NoFights/REAL_LIFE_VIOLENCE_NV_64.pt,NoFights,0,REAL_LIFE_VIOLENCE,REAL_LIFE_VIOLENCE/noFights/NV_64.mp4,16,224
NoFights/REAL_LIFE_VIOLENCE_NV_660.pt,NoFights,0,REAL_LIFE_VIOLENCE,REAL_LIFE_VIOLENCE/noFights/NV_660.mp4,16,224
NoFights/REAL_LIFE_VIOLENCE_NV_631.pt,NoFights,0,REAL_LIFE_VIOLENCE,REAL_LIFE_VIOLENCE/noFights/NV_631.mp4,16,224
NoFights/REAL_LIFE_VIOLENCE_NV_65.pt,NoFights,0,REAL_LIFE_VIOLENCE,REAL_LIFE_VIOLENCE/noFights/NV_65.mp4,16,224
NoFights/REAL_LIFE_VIOLENCE_NV_648.pt,NoFights,0,REAL_LIFE_VIOLENCE,REAL_LIFE_VIOLENCE/noFights/NV_648.mp4,16,224
NoFights/REAL_LIFE_VIOLENCE_NV_664.pt,NoFights,0,REAL_LIFE_VIOLENCE,REAL_LIFE_VIOLENCE/noFights/NV_664.mp4,16,224
NoFights/REAL_LIFE_VIOLENCE_NV_621.pt,NoFights,0,REAL_LIFE_VIOLENCE,REAL_LIFE_VIOLENCE/noFights/NV_621.mp4,16,224
NoFights/REAL_LIFE_VIOLENCE_NV_639.pt,NoFights,0,REAL_LIFE_VIOLENCE,REAL_LIFE_VIOLENCE/noFights/NV_639.mp4,16,224
NoFights/REAL_LIFE_VIOLENCE_NV_643.pt,NoFights,0,REAL_LIFE_VIOLENCE,REAL_LIFE_VIOLENCE/noFights/NV_643.mp4,16,224
NoFights/REAL_LIFE_VIOLENCE_NV_667.pt,NoFights,0,REAL_LIFE_VIOLENCE,REAL_LIFE_VIOLENCE/noFights/NV_667.mp4,16,224
NoFights/REAL_LIFE_VIOLENCE_NV_628.pt,NoFights,0,REAL_LIFE_VIOLENCE,REAL_LIFE_VIOLENCE/noFights/NV_628.mp4,16,224
NoFights/REAL_LIFE_VIOLENCE_NV_656.pt,NoFights,0,REAL_LIFE_VIOLENCE,REAL_LIFE_VIOLENCE/noFights/NV_656.mp4,16,224
NoFights/REAL_LIFE_VIOLENCE_NV_647.pt,NoFights,0,REAL_LIFE_VIOLENCE,REAL_LIFE_VIOLENCE/noFights/NV_647.mp4,16,224
NoFights/REAL_LIFE_VIOLENCE_NV_632.pt,NoFights,0,REAL_LIFE_VIOLENCE,REAL_LIFE_VIOLENCE/noFights/NV_632.mp4,16,224
NoFights/REAL_LIFE_VIOLENCE_NV_623.pt,NoFights,0,REAL_LIFE_VIOLENCE,REAL_LIFE_VIOLENCE/noFights/NV_623.mp4,16,224
NoFights/REAL_LIFE_VIOLENCE_NV_630.pt,NoFights,0,REAL_LIFE_VIOLENCE,REAL_LIFE_VIOLENCE/noFights/NV_630.mp4,16,224
NoFights/REAL_LIFE_VIOLENCE_NV_655.pt,NoFights,0,REAL_LIFE_VIOLENCE,REAL_LIFE_VIOLENCE/noFights/NV_655.mp4,16,224
NoFights/REAL_LIFE_VIOLENCE_NV_654.pt,NoFights,0,REAL_LIFE_VIOLENCE,REAL_LIFE_VIOLENCE/noFights/NV_654.mp4,16,224
NoFights/REAL_LIFE_VIOLENCE_NV_652.pt,NoFights,0,REAL_LIFE_VIOLENCE,REAL_LIFE_VIOLENCE/noFights/NV_652.mp4,16,224
NoFights/REAL_LIFE_VIOLENCE_NV_640.pt,NoFights,0,REAL_LIFE_VIOLENCE,REAL_LIFE_VIOLENCE/noFights/NV_640.mp4,16,224
NoFights/REAL_LIFE_VIOLENCE_NV_657.pt,NoFights,0,REAL_LIFE_VIOLENCE,REAL_LIFE_VIOLENCE/noFights/NV_657.mp4,16,224
NoFights/REAL_LIFE_VIOLENCE_NV_644.pt,NoFights,0,REAL_LIFE_VIOLENCE,REAL_LIFE_VIOLENCE/noFights/NV_644.mp4,16,224
NoFights/REAL_LIFE_VIOLENCE_NV_663.pt,NoFights,0,REAL_LIFE_VIOLENCE,REAL_LIFE_VIOLENCE/noFights/NV_663.mp4,16,224
NoFights/REAL_LIFE_VIOLENCE_NV_668.pt,NoFights,0,REAL_LIFE_VIOLENCE,REAL_LIFE_VIOLENCE/noFights/NV_668.mp4,16,224
NoFights/REAL_LIFE_VIOLENCE_NV_665.pt,NoFights,0,REAL_LIFE_VIOLENCE,REAL_LIFE_VIOLENCE/noFights/NV_665.mp4,16,224
NoFights/REAL_LIFE_VIOLENCE_NV_624.pt,NoFights,0,REAL_LIFE_VIOLENCE,REAL_LIFE_VIOLENCE/noFights/NV_624.mp4,16,224
NoFights/REAL_LIFE_VIOLENCE_NV_620.pt,NoFights,0,REAL_LIFE_VIOLENCE,REAL_LIFE_VIOLENCE/noFights/NV_620.mp4,16,224
NoFights/REAL_LIFE_VIOLENCE_NV_651.pt,NoFights,0,REAL_LIFE_VIOLENCE,REAL_LIFE_VIOLENCE/noFights/NV_651.mp4,16,224
NoFights/REAL_LIFE_VIOLENCE_NV_634.pt,NoFights,0,REAL_LIFE_VIOLENCE,REAL_LIFE_VIOLENCE/noFights/NV_634.mp4,16,224
NoFights/REAL_LIFE_VIOLENCE_NV_661.pt,NoFights,0,REAL_LIFE_VIOLENCE,REAL_LIFE_VIOLENCE/noFights/NV_661.mp4,16,224
NoFights/REAL_LIFE_VIOLENCE_NV_66.pt,NoFights,0,REAL_LIFE_VIOLENCE,REAL_LIFE_VIOLENCE/noFights/NV_66.mp4,16,224
NoFights/REAL_LIFE_VIOLENCE_NV_636.pt,NoFights,0,REAL_LIFE_VIOLENCE,REAL_LIFE_VIOLENCE/noFights/NV_636.mp4,16,224
NoFights/REAL_LIFE_VIOLENCE_NV_659.pt,NoFights,0,REAL_LIFE_VIOLENCE,REAL_LIFE_VIOLENCE/noFights/NV_659.mp4,16,224
NoFights/REAL_LIFE_VIOLENCE_NV_662.pt,NoFights,0,REAL_LIFE_VIOLENCE,REAL_LIFE_VIOLENCE/noFights/NV_662.mp4,16,224
NoFights/REAL_LIFE_VIOLENCE_NV_637.pt,NoFights,0,REAL_LIFE_VIOLENCE,REAL_LIFE_VIOLENCE/noFights/NV_637.mp4,16,224
NoFights/REAL_LIFE_VIOLENCE_NV_633.pt,NoFights,0,REAL_LIFE_VIOLENCE,REAL_LIFE_VIOLENCE/noFights/NV_633.mp4,16,224
NoFights/REAL_LIFE_VIOLENCE_NV_646.pt,NoFights,0,REAL_LIFE_VIOLENCE,REAL_LIFE_VIOLENCE/noFights/NV_646.mp4,16,224
NoFights/REAL_LIFE_VIOLENCE_NV_645.pt,NoFights,0,REAL_LIFE_VIOLENCE,REAL_LIFE_VIOLENCE/noFights/NV_645.mp4,16,224
NoFights/REAL_LIFE_VIOLENCE_NV_625.pt,NoFights,0,REAL_LIFE_VIOLENCE,REAL_LIFE_VIOLENCE/noFights/NV_625.mp4,16,224
NoFights/REAL_LIFE_VIOLENCE_NV_666.pt,NoFights,0,REAL_LIFE_VIOLENCE,REAL_LIFE_VIOLENCE/noFights/NV_666.mp4,16,224
NoFights/REAL_LIFE_VIOLENCE_NV_638.pt,NoFights,0,REAL_LIFE_VIOLENCE,REAL_LIFE_VIOLENCE/noFights/NV_638.mp4,16,224
NoFights/REAL_LIFE_VIOLENCE_NV_635.pt,NoFights,0,REAL_LIFE_VIOLENCE,REAL_LIFE_VIOLENCE/noFights/NV_635.mp4,16,224
NoFights/REAL_LIFE_VIOLENCE_NV_650.pt,NoFights,0,REAL_LIFE_VIOLENCE,REAL_LIFE_VIOLENCE/noFights/NV_650.mp4,16,224
NoFights/REAL_LIFE_VIOLENCE_NV_62.pt,NoFights,0,REAL_LIFE_VIOLENCE,REAL_LIFE_VIOLENCE/noFights/NV_62.mp4,16,224
NoFights/REAL_LIFE_VIOLENCE_NV_627.pt,NoFights,0,REAL_LIFE_VIOLENCE,REAL_LIFE_VIOLENCE/noFights/NV_627.mp4,16,224
NoFights/REAL_LIFE_VIOLENCE_NV_653.pt,NoFights,0,REAL_LIFE_VIOLENCE,REAL_LIFE_VIOLENCE/noFights/NV_653.mp4,16,224
NoFights/REAL_LIFE_VIOLENCE_NV_642.pt,NoFights,0,REAL_LIFE_VIOLENCE,REAL_LIFE_VIOLENCE/noFights/NV_642.mp4,16,224
NoFights/REAL_LIFE_VIOLENCE_NV_658.pt,NoFights,0,REAL_LIFE_VIOLENCE,REAL_LIFE_VIOLENCE/noFights/NV_658.mp4,16,224
NoFights/REAL_LIFE_VIOLENCE_NV_680.pt,NoFights,0,REAL_LIFE_VIOLENCE,REAL_LIFE_VIOLENCE/noFights/NV_680.mp4,16,224
NoFights/REAL_LIFE_VIOLENCE_NV_688.pt,NoFights,0,REAL_LIFE_VIOLENCE,REAL_LIFE_VIOLENCE/noFights/NV_688.mp4,16,224
NoFights/REAL_LIFE_VIOLENCE_NV_675.pt,NoFights,0,REAL_LIFE_VIOLENCE,REAL_LIFE_VIOLENCE/noFights/NV_675.mp4,16,224
NoFights/REAL_LIFE_VIOLENCE_NV_685.pt,NoFights,0,REAL_LIFE_VIOLENCE,REAL_LIFE_VIOLENCE/noFights/NV_685.mp4,16,224
NoFights/REAL_LIFE_VIOLENCE_NV_670.pt,NoFights,0,REAL_LIFE_VIOLENCE,REAL_LIFE_VIOLENCE/noFights/NV_670.mp4,16,224
NoFights/REAL_LIFE_VIOLENCE_NV_68.pt,NoFights,0,REAL_LIFE_VIOLENCE,REAL_LIFE_VIOLENCE/noFights/NV_68.mp4,16,224
NoFights/REAL_LIFE_VIOLENCE_NV_677.pt,NoFights,0,REAL_LIFE_VIOLENCE,REAL_LIFE_VIOLENCE/noFights/NV_677.mp4,16,224
NoFights/REAL_LIFE_VIOLENCE_NV_679.pt,NoFights,0,REAL_LIFE_VIOLENCE,REAL_LIFE_VIOLENCE/noFights/NV_679.mp4,16,224
NoFights/REAL_LIFE_VIOLENCE_NV_676.pt,NoFights,0,REAL_LIFE_VIOLENCE,REAL_LIFE_VIOLENCE/noFights/NV_676.mp4,16,224
NoFights/REAL_LIFE_VIOLENCE_NV_686.pt,NoFights,0,REAL_LIFE_VIOLENCE,REAL_LIFE_VIOLENCE/noFights/NV_686.mp4,16,224
NoFights/REAL_LIFE_VIOLENCE_NV_681.pt,NoFights,0,REAL_LIFE_VIOLENCE,REAL_LIFE_VIOLENCE/noFights/NV_681.mp4,16,224
NoFights/REAL_LIFE_VIOLENCE_NV_672.pt,NoFights,0,REAL_LIFE_VIOLENCE,REAL_LIFE_VIOLENCE/noFights/NV_672.mp4,16,224
NoFights/REAL_LIFE_VIOLENCE_NV_673.pt,NoFights,0,REAL_LIFE_VIOLENCE,REAL_LIFE_VIOLENCE/noFights/NV_673.mp4,16,224
NoFights/REAL_LIFE_VIOLENCE_NV_684.pt,NoFights,0,REAL_LIFE_VIOLENCE,REAL_LIFE_VIOLENCE/noFights/NV_684.mp4,16,224
NoFights/REAL_LIFE_VIOLENCE_NV_687.pt,NoFights,0,REAL_LIFE_VIOLENCE,REAL_LIFE_VIOLENCE/noFights/NV_687.mp4,16,224
NoFights/REAL_LIFE_VIOLENCE_NV_678.pt,NoFights,0,REAL_LIFE_VIOLENCE,REAL_LIFE_VIOLENCE/noFights/NV_678.mp4,16,224
NoFights/REAL_LIFE_VIOLENCE_NV_67.pt,NoFights,0,REAL_LIFE_VIOLENCE,REAL_LIFE_VIOLENCE/noFights/NV_67.mp4,16,224
NoFights/REAL_LIFE_VIOLENCE_NV_689.pt,NoFights,0,REAL_LIFE_VIOLENCE,REAL_LIFE_VIOLENCE/noFights/NV_689.mp4,16,224
NoFights/REAL_LIFE_VIOLENCE_NV_669.pt,NoFights,0,REAL_LIFE_VIOLENCE,REAL_LIFE_VIOLENCE/noFights/NV_669.mp4,16,224
NoFights/REAL_LIFE_VIOLENCE_NV_683.pt,NoFights,0,REAL_LIFE_VIOLENCE,REAL_LIFE_VIOLENCE/noFights/NV_683.mp4,16,224
NoFights/REAL_LIFE_VIOLENCE_NV_674.pt,NoFights,0,REAL_LIFE_VIOLENCE,REAL_LIFE_VIOLENCE/noFights/NV_674.mp4,16,224
NoFights/REAL_LIFE_VIOLENCE_NV_69.pt,NoFights,0,REAL_LIFE_VIOLENCE,REAL_LIFE_VIOLENCE/noFights/NV_69.mp4,16,224
NoFights/REAL_LIFE_VIOLENCE_NV_682.pt,NoFights,0,REAL_LIFE_VIOLENCE,REAL_LIFE_VIOLENCE/noFights/NV_682.mp4,16,224
NoFights/REAL_LIFE_VIOLENCE_NV_671.pt,NoFights,0,REAL_LIFE_VIOLENCE,REAL_LIFE_VIOLENCE/noFights/NV_671.mp4,16,224
NoFights/REAL_LIFE_VIOLENCE_NV_696.pt,NoFights,0,REAL_LIFE_VIOLENCE,REAL_LIFE_VIOLENCE/noFights/NV_696.mp4,16,224
NoFights/REAL_LIFE_VIOLENCE_NV_699.pt,NoFights,0,REAL_LIFE_VIOLENCE,REAL_LIFE_VIOLENCE/noFights/NV_699.mp4,16,224
NoFights/REAL_LIFE_VIOLENCE_NV_7.pt,NoFights,0,REAL_LIFE_VIOLENCE,REAL_LIFE_VIOLENCE/noFights/NV_7.mp4,16,224
NoFights/REAL_LIFE_VIOLENCE_NV_698.pt,NoFights,0,REAL_LIFE_VIOLENCE,REAL_LIFE_VIOLENCE/noFights/NV_698.mp4,16,224
NoFights/REAL_LIFE_VIOLENCE_NV_692.pt,NoFights,0,REAL_LIFE_VIOLENCE,REAL_LIFE_VIOLENCE/noFights/NV_692.mp4,16,224
NoFights/REAL_LIFE_VIOLENCE_NV_701.pt,NoFights,0,REAL_LIFE_VIOLENCE,REAL_LIFE_VIOLENCE/noFights/NV_701.mp4,16,224
NoFights/REAL_LIFE_VIOLENCE_NV_693.pt,NoFights,0,REAL_LIFE_VIOLENCE,REAL_LIFE_VIOLENCE/noFights/NV_693.mp4,16,224
NoFights/REAL_LIFE_VIOLENCE_NV_697.pt,NoFights,0,REAL_LIFE_VIOLENCE,REAL_LIFE_VIOLENCE/noFights/NV_697.mp4,16,224
NoFights/REAL_LIFE_VIOLENCE_NV_695.pt,NoFights,0,REAL_LIFE_VIOLENCE,REAL_LIFE_VIOLENCE/noFights/NV_695.mp4,16,224
NoFights/REAL_LIFE_VIOLENCE_NV_703.pt,NoFights,0,REAL_LIFE_VIOLENCE,REAL_LIFE_VIOLENCE/noFights/NV_703.mp4,16,224
NoFights/REAL_LIFE_VIOLENCE_NV_70.pt,NoFights,0,REAL_LIFE_VIOLENCE,REAL_LIFE_VIOLENCE/noFights/NV_70.mp4,16,224
NoFights/REAL_LIFE_VIOLENCE_NV_702.pt,NoFights,0,REAL_LIFE_VIOLENCE,REAL_LIFE_VIOLENCE/noFights/NV_702.mp4,16,224
NoFights/REAL_LIFE_VIOLENCE_NV_691.pt,NoFights,0,REAL_LIFE_VIOLENCE,REAL_LIFE_VIOLENCE/noFights/NV_691.mp4,16,224
NoFights/REAL_LIFE_VIOLENCE_NV_694.pt,NoFights,0,REAL_LIFE_VIOLENCE,REAL_LIFE_VIOLENCE/noFights/NV_694.mp4,16,224
NoFights/REAL_LIFE_VIOLENCE_NV_700.pt,NoFights,0,REAL_LIFE_VIOLENCE,REAL_LIFE_VIOLENCE/noFights/NV_700.mp4,16,224
NoFights/REAL_LIFE_VIOLENCE_NV_690.pt,NoFights,0,REAL_LIFE_VIOLENCE,REAL_LIFE_VIOLENCE/noFights/NV_690.mp4,16,224
NoFights/REAL_LIFE_VIOLENCE_NV_711.pt,NoFights,0,REAL_LIFE_VIOLENCE,REAL_LIFE_VIOLENCE/noFights/NV_711.mp4,16,224
NoFights/REAL_LIFE_VIOLENCE_NV_710.pt,NoFights,0,REAL_LIFE_VIOLENCE,REAL_LIFE_VIOLENCE/noFights/NV_710.mp4,16,224
NoFights/REAL_LIFE_VIOLENCE_NV_704.pt,NoFights,0,REAL_LIFE_VIOLENCE,REAL_LIFE_VIOLENCE/noFights/NV_704.mp4,16,224
NoFights/REAL_LIFE_VIOLENCE_NV_713.pt,NoFights,0,REAL_LIFE_VIOLENCE,REAL_LIFE_VIOLENCE/noFights/NV_713.mp4,16,224
NoFights/REAL_LIFE_VIOLENCE_NV_714.pt,NoFights,0,REAL_LIFE_VIOLENCE,REAL_LIFE_VIOLENCE/noFights/NV_714.mp4,16,224
NoFights/REAL_LIFE_VIOLENCE_NV_706.pt,NoFights,0,REAL_LIFE_VIOLENCE,REAL_LIFE_VIOLENCE/noFights/NV_706.mp4,16,224
NoFights/REAL_LIFE_VIOLENCE_NV_717.pt,NoFights,0,REAL_LIFE_VIOLENCE,REAL_LIFE_VIOLENCE/noFights/NV_717.mp4,16,224
NoFights/REAL_LIFE_VIOLENCE_NV_715.pt,NoFights,0,REAL_LIFE_VIOLENCE,REAL_LIFE_VIOLENCE/noFights/NV_715.mp4,16,224
NoFights/REAL_LIFE_VIOLENCE_NV_716.pt,NoFights,0,REAL_LIFE_VIOLENCE,REAL_LIFE_VIOLENCE/noFights/NV_716.mp4,16,224
NoFights/REAL_LIFE_VIOLENCE_NV_708.pt,NoFights,0,REAL_LIFE_VIOLENCE,REAL_LIFE_VIOLENCE/noFights/NV_708.mp4,16,224
NoFights/REAL_LIFE_VIOLENCE_NV_705.pt,NoFights,0,REAL_LIFE_VIOLENCE,REAL_LIFE_VIOLENCE/noFights/NV_705.mp4,16,224
NoFights/REAL_LIFE_VIOLENCE_NV_718.pt,NoFights,0,REAL_LIFE_VIOLENCE,REAL_LIFE_VIOLENCE/noFights/NV_718.mp4,16,224
NoFights/REAL_LIFE_VIOLENCE_NV_712.pt,NoFights,0,REAL_LIFE_VIOLENCE,REAL_LIFE_VIOLENCE/noFights/NV_712.mp4,16,224
NoFights/REAL_LIFE_VIOLENCE_NV_71.pt,NoFights,0,REAL_LIFE_VIOLENCE,REAL_LIFE_VIOLENCE/noFights/NV_71.mp4,16,224
NoFights/REAL_LIFE_VIOLENCE_NV_707.pt,NoFights,0,REAL_LIFE_VIOLENCE,REAL_LIFE_VIOLENCE/noFights/NV_707.mp4,16,224
NoFights/REAL_LIFE_VIOLENCE_NV_709.pt,NoFights,0,REAL_LIFE_VIOLENCE,REAL_LIFE_VIOLENCE/noFights/NV_709.mp4,16,224
NoFights/REAL_LIFE_VIOLENCE_NV_73.pt,NoFights,0,REAL_LIFE_VIOLENCE,REAL_LIFE_VIOLENCE/noFights/NV_73.mp4,16,224
NoFights/REAL_LIFE_VIOLENCE_NV_72.pt,NoFights,0,REAL_LIFE_VIOLENCE,REAL_LIFE_VIOLENCE/noFights/NV_72.mp4,16,224
NoFights/REAL_LIFE_VIOLENCE_NV_738.pt,NoFights,0,REAL_LIFE_VIOLENCE,REAL_LIFE_VIOLENCE/noFights/NV_738.mp4,16,224
NoFights/REAL_LIFE_VIOLENCE_NV_724.pt,NoFights,0,REAL_LIFE_VIOLENCE,REAL_LIFE_VIOLENCE/noFights/NV_724.mp4,16,224
NoFights/REAL_LIFE_VIOLENCE_NV_725.pt,NoFights,0,REAL_LIFE_VIOLENCE,REAL_LIFE_VIOLENCE/noFights/NV_725.mp4,16,224
NoFights/REAL_LIFE_VIOLENCE_NV_731.pt,NoFights,0,REAL_LIFE_VIOLENCE,REAL_LIFE_VIOLENCE/noFights/NV_731.mp4,16,224
NoFights/REAL_LIFE_VIOLENCE_NV_729.pt,NoFights,0,REAL_LIFE_VIOLENCE,REAL_LIFE_VIOLENCE/noFights/NV_729.mp4,16,224
NoFights/REAL_LIFE_VIOLENCE_NV_726.pt,NoFights,0,REAL_LIFE_VIOLENCE,REAL_LIFE_VIOLENCE/noFights/NV_726.mp4,16,224
NoFights/REAL_LIFE_VIOLENCE_NV_737.pt,NoFights,0,REAL_LIFE_VIOLENCE,REAL_LIFE_VIOLENCE/noFights/NV_737.mp4,16,224
NoFights/REAL_LIFE_VIOLENCE_NV_741.pt,NoFights,0,REAL_LIFE_VIOLENCE,REAL_LIFE_VIOLENCE/noFights/NV_741.mp4,16,224
NoFights/REAL_LIFE_VIOLENCE_NV_727.pt,NoFights,0,REAL_LIFE_VIOLENCE,REAL_LIFE_VIOLENCE/noFights/NV_727.mp4,16,224
NoFights/REAL_LIFE_VIOLENCE_NV_736.pt,NoFights,0,REAL_LIFE_VIOLENCE,REAL_LIFE_VIOLENCE/noFights/NV_736.mp4,16,224
NoFights/REAL_LIFE_VIOLENCE_NV_734.pt,NoFights,0,REAL_LIFE_VIOLENCE,REAL_LIFE_VIOLENCE/noFights/NV_734.mp4,16,224
NoFights/REAL_LIFE_VIOLENCE_NV_720.pt,NoFights,0,REAL_LIFE_VIOLENCE,REAL_LIFE_VIOLENCE/noFights/NV_720.mp4,16,224
NoFights/REAL_LIFE_VIOLENCE_NV_723.pt,NoFights,0,REAL_LIFE_VIOLENCE,REAL_LIFE_VIOLENCE/noFights/NV_723.mp4,16,224
NoFights/REAL_LIFE_VIOLENCE_NV_740.pt,NoFights,0,REAL_LIFE_VIOLENCE,REAL_LIFE_VIOLENCE/noFights/NV_740.mp4,16,224
NoFights/REAL_LIFE_VIOLENCE_NV_732.pt,NoFights,0,REAL_LIFE_VIOLENCE,REAL_LIFE_VIOLENCE/noFights/NV_732.mp4,16,224
NoFights/REAL_LIFE_VIOLENCE_NV_722.pt,NoFights,0,REAL_LIFE_VIOLENCE,REAL_LIFE_VIOLENCE/noFights/NV_722.mp4,16,224
NoFights/REAL_LIFE_VIOLENCE_NV_728.pt,NoFights,0,REAL_LIFE_VIOLENCE,REAL_LIFE_VIOLENCE/noFights/NV_728.mp4,16,224
NoFights/REAL_LIFE_VIOLENCE_NV_730.pt,NoFights,0,REAL_LIFE_VIOLENCE,REAL_LIFE_VIOLENCE/noFights/NV_730.mp4,16,224
NoFights/REAL_LIFE_VIOLENCE_NV_735.pt,NoFights,0,REAL_LIFE_VIOLENCE,REAL_LIFE_VIOLENCE/noFights/NV_735.mp4,16,224
NoFights/REAL_LIFE_VIOLENCE_NV_721.pt,NoFights,0,REAL_LIFE_VIOLENCE,REAL_LIFE_VIOLENCE/noFights/NV_721.mp4,16,224
NoFights/REAL_LIFE_VIOLENCE_NV_74.pt,NoFights,0,REAL_LIFE_VIOLENCE,REAL_LIFE_VIOLENCE/noFights/NV_74.mp4,16,224
NoFights/REAL_LIFE_VIOLENCE_NV_739.pt,NoFights,0,REAL_LIFE_VIOLENCE,REAL_LIFE_VIOLENCE/noFights/NV_739.mp4,16,224
NoFights/REAL_LIFE_VIOLENCE_NV_719.pt,NoFights,0,REAL_LIFE_VIOLENCE,REAL_LIFE_VIOLENCE/noFights/NV_719.mp4,16,224
NoFights/REAL_LIFE_VIOLENCE_NV_733.pt,NoFights,0,REAL_LIFE_VIOLENCE,REAL_LIFE_VIOLENCE/noFights/NV_733.mp4,16,224
NoFights/REAL_LIFE_VIOLENCE_NV_765.pt,NoFights,0,REAL_LIFE_VIOLENCE,REAL_LIFE_VIOLENCE/noFights/NV_765.mp4,16,224
NoFights/REAL_LIFE_VIOLENCE_NV_76.pt,NoFights,0,REAL_LIFE_VIOLENCE,REAL_LIFE_VIOLENCE/noFights/NV_76.mp4,16,224
NoFights/REAL_LIFE_VIOLENCE_NV_744.pt,NoFights,0,REAL_LIFE_VIOLENCE,REAL_LIFE_VIOLENCE/noFights/NV_744.mp4,16,224
NoFights/REAL_LIFE_VIOLENCE_NV_75.pt,NoFights,0,REAL_LIFE_VIOLENCE,REAL_LIFE_VIOLENCE/noFights/NV_75.mp4,16,224
NoFights/REAL_LIFE_VIOLENCE_NV_756.pt,NoFights,0,REAL_LIFE_VIOLENCE,REAL_LIFE_VIOLENCE/noFights/NV_756.mp4,16,224
NoFights/REAL_LIFE_VIOLENCE_NV_750.pt,NoFights,0,REAL_LIFE_VIOLENCE,REAL_LIFE_VIOLENCE/noFights/NV_750.mp4,16,224
NoFights/REAL_LIFE_VIOLENCE_NV_754.pt,NoFights,0,REAL_LIFE_VIOLENCE,REAL_LIFE_VIOLENCE/noFights/NV_754.mp4,16,224
NoFights/REAL_LIFE_VIOLENCE_NV_743.pt,NoFights,0,REAL_LIFE_VIOLENCE,REAL_LIFE_VIOLENCE/noFights/NV_743.mp4,16,224
NoFights/REAL_LIFE_VIOLENCE_NV_751.pt,NoFights,0,REAL_LIFE_VIOLENCE,REAL_LIFE_VIOLENCE/noFights/NV_751.mp4,16,224
NoFights/REAL_LIFE_VIOLENCE_NV_748.pt,NoFights,0,REAL_LIFE_VIOLENCE,REAL_LIFE_VIOLENCE/noFights/NV_748.mp4,16,224
NoFights/REAL_LIFE_VIOLENCE_NV_742.pt,NoFights,0,REAL_LIFE_VIOLENCE,REAL_LIFE_VIOLENCE/noFights/NV_742.mp4,16,224
NoFights/REAL_LIFE_VIOLENCE_NV_760.pt,NoFights,0,REAL_LIFE_VIOLENCE,REAL_LIFE_VIOLENCE/noFights/NV_760.mp4,16,224
NoFights/REAL_LIFE_VIOLENCE_NV_755.pt,NoFights,0,REAL_LIFE_VIOLENCE,REAL_LIFE_VIOLENCE/noFights/NV_755.mp4,16,224
NoFights/REAL_LIFE_VIOLENCE_NV_749.pt,NoFights,0,REAL_LIFE_VIOLENCE,REAL_LIFE_VIOLENCE/noFights/NV_749.mp4,16,224
NoFights/REAL_LIFE_VIOLENCE_NV_758.pt,NoFights,0,REAL_LIFE_VIOLENCE,REAL_LIFE_VIOLENCE/noFights/NV_758.mp4,16,224
NoFights/REAL_LIFE_VIOLENCE_NV_759.pt,NoFights,0,REAL_LIFE_VIOLENCE,REAL_LIFE_VIOLENCE/noFights/NV_759.mp4,16,224
NoFights/REAL_LIFE_VIOLENCE_NV_764.pt,NoFights,0,REAL_LIFE_VIOLENCE,REAL_LIFE_VIOLENCE/noFights/NV_764.mp4,16,224
NoFights/REAL_LIFE_VIOLENCE_NV_761.pt,NoFights,0,REAL_LIFE_VIOLENCE,REAL_LIFE_VIOLENCE/noFights/NV_761.mp4,16,224
NoFights/REAL_LIFE_VIOLENCE_NV_746.pt,NoFights,0,REAL_LIFE_VIOLENCE,REAL_LIFE_VIOLENCE/noFights/NV_746.mp4,16,224
NoFights/REAL_LIFE_VIOLENCE_NV_752.pt,NoFights,0,REAL_LIFE_VIOLENCE,REAL_LIFE_VIOLENCE/noFights/NV_752.mp4,16,224
NoFights/REAL_LIFE_VIOLENCE_NV_747.pt,NoFights,0,REAL_LIFE_VIOLENCE,REAL_LIFE_VIOLENCE/noFights/NV_747.mp4,16,224
NoFights/REAL_LIFE_VIOLENCE_NV_762.pt,NoFights,0,REAL_LIFE_VIOLENCE,REAL_LIFE_VIOLENCE/noFights/NV_762.mp4,16,224
NoFights/REAL_LIFE_VIOLENCE_NV_753.pt,NoFights,0,REAL_LIFE_VIOLENCE,REAL_LIFE_VIOLENCE/noFights/NV_753.mp4,16,224
NoFights/REAL_LIFE_VIOLENCE_NV_763.pt,NoFights,0,REAL_LIFE_VIOLENCE,REAL_LIFE_VIOLENCE/noFights/NV_763.mp4,16,224
NoFights/REAL_LIFE_VIOLENCE_NV_745.pt,NoFights,0,REAL_LIFE_VIOLENCE,REAL_LIFE_VIOLENCE/noFights/NV_745.mp4,16,224
NoFights/REAL_LIFE_VIOLENCE_NV_767.pt,NoFights,0,REAL_LIFE_VIOLENCE,REAL_LIFE_VIOLENCE/noFights/NV_767.mp4,16,224
NoFights/REAL_LIFE_VIOLENCE_NV_757.pt,NoFights,0,REAL_LIFE_VIOLENCE,REAL_LIFE_VIOLENCE/noFights/NV_757.mp4,16,224
NoFights/REAL_LIFE_VIOLENCE_NV_766.pt,NoFights,0,REAL_LIFE_VIOLENCE,REAL_LIFE_VIOLENCE/noFights/NV_766.mp4,16,224
NoFights/REAL_LIFE_VIOLENCE_NV_777.pt,NoFights,0,REAL_LIFE_VIOLENCE,REAL_LIFE_VIOLENCE/noFights/NV_777.mp4,16,224
NoFights/REAL_LIFE_VIOLENCE_NV_769.pt,NoFights,0,REAL_LIFE_VIOLENCE,REAL_LIFE_VIOLENCE/noFights/NV_769.mp4,16,224
NoFights/REAL_LIFE_VIOLENCE_NV_775.pt,NoFights,0,REAL_LIFE_VIOLENCE,REAL_LIFE_VIOLENCE/noFights/NV_775.mp4,16,224
NoFights/REAL_LIFE_VIOLENCE_NV_778.pt,NoFights,0,REAL_LIFE_VIOLENCE,REAL_LIFE_VIOLENCE/noFights/NV_778.mp4,16,224
NoFights/REAL_LIFE_VIOLENCE_NV_770.pt,NoFights,0,REAL_LIFE_VIOLENCE,REAL_LIFE_VIOLENCE/noFights/NV_770.mp4,16,224
NoFights/REAL_LIFE_VIOLENCE_NV_774.pt,NoFights,0,REAL_LIFE_VIOLENCE,REAL_LIFE_VIOLENCE/noFights/NV_774.mp4,16,224
NoFights/REAL_LIFE_VIOLENCE_NV_773.pt,NoFights,0,REAL_LIFE_VIOLENCE,REAL_LIFE_VIOLENCE/noFights/NV_773.mp4,16,224
NoFights/REAL_LIFE_VIOLENCE_NV_772.pt,NoFights,0,REAL_LIFE_VIOLENCE,REAL_LIFE_VIOLENCE/noFights/NV_772.mp4,16,224
NoFights/REAL_LIFE_VIOLENCE_NV_779.pt,NoFights,0,REAL_LIFE_VIOLENCE,REAL_LIFE_VIOLENCE/noFights/NV_779.mp4,16,224
NoFights/REAL_LIFE_VIOLENCE_NV_776.pt,NoFights,0,REAL_LIFE_VIOLENCE,REAL_LIFE_VIOLENCE/noFights/NV_776.mp4,16,224
NoFights/REAL_LIFE_VIOLENCE_NV_768.pt,NoFights,0,REAL_LIFE_VIOLENCE,REAL_LIFE_VIOLENCE/noFights/NV_768.mp4,16,224
NoFights/REAL_LIFE_VIOLENCE_NV_77.pt,NoFights,0,REAL_LIFE_VIOLENCE,REAL_LIFE_VIOLENCE/noFights/NV_77.mp4,16,224
NoFights/REAL_LIFE_VIOLENCE_NV_771.pt,NoFights,0,REAL_LIFE_VIOLENCE,REAL_LIFE_VIOLENCE/noFights/NV_771.mp4,16,224
NoFights/REAL_LIFE_VIOLENCE_NV_780.pt,NoFights,0,REAL_LIFE_VIOLENCE,REAL_LIFE_VIOLENCE/noFights/NV_780.mp4,16,224
NoFights/REAL_LIFE_VIOLENCE_NV_78.pt,NoFights,0,REAL_LIFE_VIOLENCE,REAL_LIFE_VIOLENCE/noFights/NV_78.mp4,16,224
NoFights/REAL_LIFE_VIOLENCE_NV_781.pt,NoFights,0,REAL_LIFE_VIOLENCE,REAL_LIFE_VIOLENCE/noFights/NV_781.mp4,16,224
NoFights/REAL_LIFE_VIOLENCE_NV_785.pt,NoFights,0,REAL_LIFE_VIOLENCE,REAL_LIFE_VIOLENCE/noFights/NV_785.mp4,16,224
NoFights/REAL_LIFE_VIOLENCE_NV_791.pt,NoFights,0,REAL_LIFE_VIOLENCE,REAL_LIFE_VIOLENCE/noFights/NV_791.mp4,16,224
NoFights/REAL_LIFE_VIOLENCE_NV_782.pt,NoFights,0,REAL_LIFE_VIOLENCE,REAL_LIFE_VIOLENCE/noFights/NV_782.mp4,16,224
NoFights/REAL_LIFE_VIOLENCE_NV_797.pt,NoFights,0,REAL_LIFE_VIOLENCE,REAL_LIFE_VIOLENCE/noFights/NV_797.mp4,16,224
NoFights/REAL_LIFE_VIOLENCE_NV_793.pt,NoFights,0,REAL_LIFE_VIOLENCE,REAL_LIFE_VIOLENCE/noFights/NV_793.mp4,16,224
NoFights/REAL_LIFE_VIOLENCE_NV_783.pt,NoFights,0,REAL_LIFE_VIOLENCE,REAL_LIFE_VIOLENCE/noFights/NV_783.mp4,16,224
NoFights/REAL_LIFE_VIOLENCE_NV_790.pt,NoFights,0,REAL_LIFE_VIOLENCE,REAL_LIFE_VIOLENCE/noFights/NV_790.mp4,16,224
NoFights/REAL_LIFE_VIOLENCE_NV_795.pt,NoFights,0,REAL_LIFE_VIOLENCE,REAL_LIFE_VIOLENCE/noFights/NV_795.mp4,16,224
NoFights/REAL_LIFE_VIOLENCE_NV_784.pt,NoFights,0,REAL_LIFE_VIOLENCE,REAL_LIFE_VIOLENCE/noFights/NV_784.mp4,16,224
NoFights/REAL_LIFE_VIOLENCE_NV_79.pt,NoFights,0,REAL_LIFE_VIOLENCE,REAL_LIFE_VIOLENCE/noFights/NV_79.mp4,16,224
NoFights/REAL_LIFE_VIOLENCE_NV_788.pt,NoFights,0,REAL_LIFE_VIOLENCE,REAL_LIFE_VIOLENCE/noFights/NV_788.mp4,16,224
NoFights/REAL_LIFE_VIOLENCE_NV_794.pt,NoFights,0,REAL_LIFE_VIOLENCE,REAL_LIFE_VIOLENCE/noFights/NV_794.mp4,16,224
NoFights/REAL_LIFE_VIOLENCE_NV_789.pt,NoFights,0,REAL_LIFE_VIOLENCE,REAL_LIFE_VIOLENCE/noFights/NV_789.mp4,16,224
NoFights/REAL_LIFE_VIOLENCE_NV_786.pt,NoFights,0,REAL_LIFE_VIOLENCE,REAL_LIFE_VIOLENCE/noFights/NV_786.mp4,16,224
NoFights/REAL_LIFE_VIOLENCE_NV_792.pt,NoFights,0,REAL_LIFE_VIOLENCE,REAL_LIFE_VIOLENCE/noFights/NV_792.mp4,16,224
NoFights/REAL_LIFE_VIOLENCE_NV_796.pt,NoFights,0,REAL_LIFE_VIOLENCE,REAL_LIFE_VIOLENCE/noFights/NV_796.mp4,16,224
NoFights/REAL_LIFE_VIOLENCE_NV_787.pt,NoFights,0,REAL_LIFE_VIOLENCE,REAL_LIFE_VIOLENCE/noFights/NV_787.mp4,16,224
NoFights/REAL_LIFE_VIOLENCE_NV_811.pt,NoFights,0,REAL_LIFE_VIOLENCE,REAL_LIFE_VIOLENCE/noFights/NV_811.mp4,16,224
NoFights/REAL_LIFE_VIOLENCE_NV_798.pt,NoFights,0,REAL_LIFE_VIOLENCE,REAL_LIFE_VIOLENCE/noFights/NV_798.mp4,16,224
NoFights/REAL_LIFE_VIOLENCE_NV_803.pt,NoFights,0,REAL_LIFE_VIOLENCE,REAL_LIFE_VIOLENCE/noFights/NV_803.mp4,16,224
NoFights/REAL_LIFE_VIOLENCE_NV_810.pt,NoFights,0,REAL_LIFE_VIOLENCE,REAL_LIFE_VIOLENCE/noFights/NV_810.mp4,16,224
NoFights/REAL_LIFE_VIOLENCE_NV_8.pt,NoFights,0,REAL_LIFE_VIOLENCE,REAL_LIFE_VIOLENCE/noFights/NV_8.mp4,16,224
NoFights/REAL_LIFE_VIOLENCE_NV_801.pt,NoFights,0,REAL_LIFE_VIOLENCE,REAL_LIFE_VIOLENCE/noFights/NV_801.mp4,16,224
NoFights/REAL_LIFE_VIOLENCE_NV_804.pt,NoFights,0,REAL_LIFE_VIOLENCE,REAL_LIFE_VIOLENCE/noFights/NV_804.mp4,16,224
NoFights/REAL_LIFE_VIOLENCE_NV_805.pt,NoFights,0,REAL_LIFE_VIOLENCE,REAL_LIFE_VIOLENCE/noFights/NV_805.mp4,16,224
NoFights/REAL_LIFE_VIOLENCE_NV_812.pt,NoFights,0,REAL_LIFE_VIOLENCE,REAL_LIFE_VIOLENCE/noFights/NV_812.mp4,16,224
NoFights/REAL_LIFE_VIOLENCE_NV_807.pt,NoFights,0,REAL_LIFE_VIOLENCE,REAL_LIFE_VIOLENCE/noFights/NV_807.mp4,16,224
NoFights/REAL_LIFE_VIOLENCE_NV_80.pt,NoFights,0,REAL_LIFE_VIOLENCE,REAL_LIFE_VIOLENCE/noFights/NV_80.mp4,16,224
NoFights/REAL_LIFE_VIOLENCE_NV_808.pt,NoFights,0,REAL_LIFE_VIOLENCE,REAL_LIFE_VIOLENCE/noFights/NV_808.mp4,16,224
NoFights/REAL_LIFE_VIOLENCE_NV_809.pt,NoFights,0,REAL_LIFE_VIOLENCE,REAL_LIFE_VIOLENCE/noFights/NV_809.mp4,16,224
NoFights/REAL_LIFE_VIOLENCE_NV_800.pt,NoFights,0,REAL_LIFE_VIOLENCE,REAL_LIFE_VIOLENCE/noFights/NV_800.mp4,16,224
NoFights/REAL_LIFE_VIOLENCE_NV_802.pt,NoFights,0,REAL_LIFE_VIOLENCE,REAL_LIFE_VIOLENCE/noFights/NV_802.mp4,16,224
NoFights/REAL_LIFE_VIOLENCE_NV_806.pt,NoFights,0,REAL_LIFE_VIOLENCE,REAL_LIFE_VIOLENCE/noFights/NV_806.mp4,16,224
NoFights/REAL_LIFE_VIOLENCE_NV_799.pt,NoFights,0,REAL_LIFE_VIOLENCE,REAL_LIFE_VIOLENCE/noFights/NV_799.mp4,16,224
NoFights/REAL_LIFE_VIOLENCE_NV_81.pt,NoFights,0,REAL_LIFE_VIOLENCE,REAL_LIFE_VIOLENCE/noFights/NV_81.mp4,16,224
NoFights/REAL_LIFE_VIOLENCE_NV_813.pt,NoFights,0,REAL_LIFE_VIOLENCE,REAL_LIFE_VIOLENCE/noFights/NV_813.mp4,16,224
NoFights/REAL_LIFE_VIOLENCE_NV_821.pt,NoFights,0,REAL_LIFE_VIOLENCE,REAL_LIFE_VIOLENCE/noFights/NV_821.mp4,16,224
NoFights/REAL_LIFE_VIOLENCE_NV_820.pt,NoFights,0,REAL_LIFE_VIOLENCE,REAL_LIFE_VIOLENCE/noFights/NV_820.mp4,16,224
NoFights/REAL_LIFE_VIOLENCE_NV_823.pt,NoFights,0,REAL_LIFE_VIOLENCE,REAL_LIFE_VIOLENCE/noFights/NV_823.mp4,16,224
NoFights/REAL_LIFE_VIOLENCE_NV_816.pt,NoFights,0,REAL_LIFE_VIOLENCE,REAL_LIFE_VIOLENCE/noFights/NV_816.mp4,16,224
NoFights/REAL_LIFE_VIOLENCE_NV_817.pt,NoFights,0,REAL_LIFE_VIOLENCE,REAL_LIFE_VIOLENCE/noFights/NV_817.mp4,16,224
NoFights/REAL_LIFE_VIOLENCE_NV_82.pt,NoFights,0,REAL_LIFE_VIOLENCE,REAL_LIFE_VIOLENCE/noFights/NV_82.mp4,16,224
NoFights/REAL_LIFE_VIOLENCE_NV_822.pt,NoFights,0,REAL_LIFE_VIOLENCE,REAL_LIFE_VIOLENCE/noFights/NV_822.mp4,16,224
NoFights/REAL_LIFE_VIOLENCE_NV_815.pt,NoFights,0,REAL_LIFE_VIOLENCE,REAL_LIFE_VIOLENCE/noFights/NV_815.mp4,16,224
NoFights/REAL_LIFE_VIOLENCE_NV_818.pt,NoFights,0,REAL_LIFE_VIOLENCE,REAL_LIFE_VIOLENCE/noFights/NV_818.mp4,16,224
NoFights/REAL_LIFE_VIOLENCE_NV_824.pt,NoFights,0,REAL_LIFE_VIOLENCE,REAL_LIFE_VIOLENCE/noFights/NV_824.mp4,16,224
NoFights/REAL_LIFE_VIOLENCE_NV_826.pt,NoFights,0,REAL_LIFE_VIOLENCE,REAL_LIFE_VIOLENCE/noFights/NV_826.mp4,16,224
NoFights/REAL_LIFE_VIOLENCE_NV_814.pt,NoFights,0,REAL_LIFE_VIOLENCE,REAL_LIFE_VIOLENCE/noFights/NV_814.mp4,16,224
NoFights/REAL_LIFE_VIOLENCE_NV_819.pt,NoFights,0,REAL_LIFE_VIOLENCE,REAL_LIFE_VIOLENCE/noFights/NV_819.mp4,16,224
NoFights/REAL_LIFE_VIOLENCE_NV_825.pt,NoFights,0,REAL_LIFE_VIOLENCE,REAL_LIFE_VIOLENCE/noFights/NV_825.mp4,16,224
NoFights/REAL_LIFE_VIOLENCE_NV_828.pt,NoFights,0,REAL_LIFE_VIOLENCE,REAL_LIFE_VIOLENCE/noFights/NV_828.mp4,16,224
NoFights/REAL_LIFE_VIOLENCE_NV_84.pt,NoFights,0,REAL_LIFE_VIOLENCE,REAL_LIFE_VIOLENCE/noFights/NV_84.mp4,16,224
NoFights/REAL_LIFE_VIOLENCE_NV_838.pt,NoFights,0,REAL_LIFE_VIOLENCE,REAL_LIFE_VIOLENCE/noFights/NV_838.mp4,16,224
NoFights/REAL_LIFE_VIOLENCE_NV_830.pt,NoFights,0,REAL_LIFE_VIOLENCE,REAL_LIFE_VIOLENCE/noFights/NV_830.mp4,16,224
NoFights/REAL_LIFE_VIOLENCE_NV_843.pt,NoFights,0,REAL_LIFE_VIOLENCE,REAL_LIFE_VIOLENCE/noFights/NV_843.mp4,16,224
NoFights/REAL_LIFE_VIOLENCE_NV_833.pt,NoFights,0,REAL_LIFE_VIOLENCE,REAL_LIFE_VIOLENCE/noFights/NV_833.mp4,16,224
NoFights/REAL_LIFE_VIOLENCE_NV_840.pt,NoFights,0,REAL_LIFE_VIOLENCE,REAL_LIFE_VIOLENCE/noFights/NV_840.mp4,16,224
NoFights/REAL_LIFE_VIOLENCE_NV_829.pt,NoFights,0,REAL_LIFE_VIOLENCE,REAL_LIFE_VIOLENCE/noFights/NV_829.mp4,16,224
NoFights/REAL_LIFE_VIOLENCE_NV_841.pt,NoFights,0,REAL_LIFE_VIOLENCE,REAL_LIFE_VIOLENCE/noFights/NV_841.mp4,16,224
NoFights/REAL_LIFE_VIOLENCE_NV_827.pt,NoFights,0,REAL_LIFE_VIOLENCE,REAL_LIFE_VIOLENCE/noFights/NV_827.mp4,16,224
NoFights/REAL_LIFE_VIOLENCE_NV_842.pt,NoFights,0,REAL_LIFE_VIOLENCE,REAL_LIFE_VIOLENCE/noFights/NV_842.mp4,16,224
NoFights/REAL_LIFE_VIOLENCE_NV_844.pt,NoFights,0,REAL_LIFE_VIOLENCE,REAL_LIFE_VIOLENCE/noFights/NV_844.mp4,16,224
NoFights/REAL_LIFE_VIOLENCE_NV_836.pt,NoFights,0,REAL_LIFE_VIOLENCE,REAL_LIFE_VIOLENCE/noFights/NV_836.mp4,16,224
NoFights/REAL_LIFE_VIOLENCE_NV_832.pt,NoFights,0,REAL_LIFE_VIOLENCE,REAL_LIFE_VIOLENCE/noFights/NV_832.mp4,16,224
NoFights/REAL_LIFE_VIOLENCE_NV_835.pt,NoFights,0,REAL_LIFE_VIOLENCE,REAL_LIFE_VIOLENCE/noFights/NV_835.mp4,16,224
NoFights/REAL_LIFE_VIOLENCE_NV_834.pt,NoFights,0,REAL_LIFE_VIOLENCE,REAL_LIFE_VIOLENCE/noFights/NV_834.mp4,16,224
NoFights/REAL_LIFE_VIOLENCE_NV_837.pt,NoFights,0,REAL_LIFE_VIOLENCE,REAL_LIFE_VIOLENCE/noFights/NV_837.mp4,16,224
NoFights/REAL_LIFE_VIOLENCE_NV_83.pt,NoFights,0,REAL_LIFE_VIOLENCE,REAL_LIFE_VIOLENCE/noFights/NV_83.mp4,16,224
NoFights/REAL_LIFE_VIOLENCE_NV_839.pt,NoFights,0,REAL_LIFE_VIOLENCE,REAL_LIFE_VIOLENCE/noFights/NV_839.mp4,16,224
NoFights/REAL_LIFE_VIOLENCE_NV_831.pt,NoFights,0,REAL_LIFE_VIOLENCE,REAL_LIFE_VIOLENCE/noFights/NV_831.mp4,16,224
NoFights/REAL_LIFE_VIOLENCE_NV_852.pt,NoFights,0,REAL_LIFE_VIOLENCE,REAL_LIFE_VIOLENCE/noFights/NV_852.mp4,16,224
NoFights/REAL_LIFE_VIOLENCE_NV_858.pt,NoFights,0,REAL_LIFE_VIOLENCE,REAL_LIFE_VIOLENCE/noFights/NV_858.mp4,16,224
NoFights/REAL_LIFE_VIOLENCE_NV_855.pt,NoFights,0,REAL_LIFE_VIOLENCE,REAL_LIFE_VIOLENCE/noFights/NV_855.mp4,16,224
NoFights/REAL_LIFE_VIOLENCE_NV_851.pt,NoFights,0,REAL_LIFE_VIOLENCE,REAL_LIFE_VIOLENCE/noFights/NV_851.mp4,16,224
NoFights/REAL_LIFE_VIOLENCE_NV_856.pt,NoFights,0,REAL_LIFE_VIOLENCE,REAL_LIFE_VIOLENCE/noFights/NV_856.mp4,16,224
NoFights/REAL_LIFE_VIOLENCE_NV_853.pt,NoFights,0,REAL_LIFE_VIOLENCE,REAL_LIFE_VIOLENCE/noFights/NV_853.mp4,16,224
NoFights/REAL_LIFE_VIOLENCE_NV_845.pt,NoFights,0,REAL_LIFE_VIOLENCE,REAL_LIFE_VIOLENCE/noFights/NV_845.mp4,16,224
NoFights/REAL_LIFE_VIOLENCE_NV_847.pt,NoFights,0,REAL_LIFE_VIOLENCE,REAL_LIFE_VIOLENCE/noFights/NV_847.mp4,16,224
NoFights/REAL_LIFE_VIOLENCE_NV_85.pt,NoFights,0,REAL_LIFE_VIOLENCE,REAL_LIFE_VIOLENCE/noFights/NV_85.mp4,16,224
NoFights/REAL_LIFE_VIOLENCE_NV_850.pt,NoFights,0,REAL_LIFE_VIOLENCE,REAL_LIFE_VIOLENCE/noFights/NV_850.mp4,16,224
NoFights/REAL_LIFE_VIOLENCE_NV_846.pt,NoFights,0,REAL_LIFE_VIOLENCE,REAL_LIFE_VIOLENCE/noFights/NV_846.mp4,16,224
NoFights/REAL_LIFE_VIOLENCE_NV_857.pt,NoFights,0,REAL_LIFE_VIOLENCE,REAL_LIFE_VIOLENCE/noFights/NV_857.mp4,16,224
NoFights/REAL_LIFE_VIOLENCE_NV_854.pt,NoFights,0,REAL_LIFE_VIOLENCE,REAL_LIFE_VIOLENCE/noFights/NV_854.mp4,16,224
NoFights/REAL_LIFE_VIOLENCE_NV_849.pt,NoFights,0,REAL_LIFE_VIOLENCE,REAL_LIFE_VIOLENCE/noFights/NV_849.mp4,16,224
NoFights/REAL_LIFE_VIOLENCE_NV_848.pt,NoFights,0,REAL_LIFE_VIOLENCE,REAL_LIFE_VIOLENCE/noFights/NV_848.mp4,16,224
NoFights/REAL_LIFE_VIOLENCE_NV_863.pt,NoFights,0,REAL_LIFE_VIOLENCE,REAL_LIFE_VIOLENCE/noFights/NV_863.avi,16,224
NoFights/REAL_LIFE_VIOLENCE_NV_867.pt,NoFights,0,REAL_LIFE_VIOLENCE,REAL_LIFE_VIOLENCE/noFights/NV_867.avi,16,224
NoFights/REAL_LIFE_VIOLENCE_NV_878.pt,NoFights,0,REAL_LIFE_VIOLENCE,REAL_LIFE_VIOLENCE/noFights/NV_878.avi,16,224
NoFights/REAL_LIFE_VIOLENCE_NV_861.pt,NoFights,0,REAL_LIFE_VIOLENCE,REAL_LIFE_VIOLENCE/noFights/NV_861.mp4,16,224
NoFights/REAL_LIFE_VIOLENCE_NV_881.pt,NoFights,0,REAL_LIFE_VIOLENCE,REAL_LIFE_VIOLENCE/noFights/NV_881.avi,16,224
NoFights/REAL_LIFE_VIOLENCE_NV_879.pt,NoFights,0,REAL_LIFE_VIOLENCE,REAL_LIFE_VIOLENCE/noFights/NV_879.avi,16,224
NoFights/REAL_LIFE_VIOLENCE_NV_868.pt,NoFights,0,REAL_LIFE_VIOLENCE,REAL_LIFE_VIOLENCE/noFights/NV_868.avi,16,224
NoFights/REAL_LIFE_VIOLENCE_NV_865.pt,NoFights,0,REAL_LIFE_VIOLENCE,REAL_LIFE_VIOLENCE/noFights/NV_865.avi,16,224
NoFights/REAL_LIFE_VIOLENCE_NV_859.pt,NoFights,0,REAL_LIFE_VIOLENCE,REAL_LIFE_VIOLENCE/noFights/NV_859.mp4,16,224
NoFights/REAL_LIFE_VIOLENCE_NV_880.pt,NoFights,0,REAL_LIFE_VIOLENCE,REAL_LIFE_VIOLENCE/noFights/NV_880.avi,16,224
NoFights/REAL_LIFE_VIOLENCE_NV_875.pt,NoFights,0,REAL_LIFE_VIOLENCE,REAL_LIFE_VIOLENCE/noFights/NV_875.avi,16,224
NoFights/REAL_LIFE_VIOLENCE_NV_860.pt,NoFights,0,REAL_LIFE_VIOLENCE,REAL_LIFE_VIOLENCE/noFights/NV_860.mp4,16,224
NoFights/REAL_LIFE_VIOLENCE_NV_876.pt,NoFights,0,REAL_LIFE_VIOLENCE,REAL_LIFE_VIOLENCE/noFights/NV_876.avi,16,224
NoFights/REAL_LIFE_VIOLENCE_NV_86.pt,NoFights,0,REAL_LIFE_VIOLENCE,REAL_LIFE_VIOLENCE/noFights/NV_86.mp4,16,224
NoFights/REAL_LIFE_VIOLENCE_NV_869.pt,NoFights,0,REAL_LIFE_VIOLENCE,REAL_LIFE_VIOLENCE/noFights/NV_869.avi,16,224
NoFights/REAL_LIFE_VIOLENCE_NV_874.pt,NoFights,0,REAL_LIFE_VIOLENCE,REAL_LIFE_VIOLENCE/noFights/NV_874.avi,16,224
NoFights/REAL_LIFE_VIOLENCE_NV_870.pt,NoFights,0,REAL_LIFE_VIOLENCE,REAL_LIFE_VIOLENCE/noFights/NV_870.avi,16,224
NoFights/REAL_LIFE_VIOLENCE_NV_871.pt,NoFights,0,REAL_LIFE_VIOLENCE,REAL_LIFE_VIOLENCE/noFights/NV_871.avi,16,224
NoFights/REAL_LIFE_VIOLENCE_NV_864.pt,NoFights,0,REAL_LIFE_VIOLENCE,REAL_LIFE_VIOLENCE/noFights/NV_864.avi,16,224
NoFights/REAL_LIFE_VIOLENCE_NV_862.pt,NoFights,0,REAL_LIFE_VIOLENCE,REAL_LIFE_VIOLENCE/noFights/NV_862.mp4,16,224
NoFights/REAL_LIFE_VIOLENCE_NV_873.pt,NoFights,0,REAL_LIFE_VIOLENCE,REAL_LIFE_VIOLENCE/noFights/NV_873.avi,16,224
NoFights/REAL_LIFE_VIOLENCE_NV_866.pt,NoFights,0,REAL_LIFE_VIOLENCE,REAL_LIFE_VIOLENCE/noFights/NV_866.avi,16,224
NoFights/REAL_LIFE_VIOLENCE_NV_87.pt,NoFights,0,REAL_LIFE_VIOLENCE,REAL_LIFE_VIOLENCE/noFights/NV_87.mp4,16,224
NoFights/REAL_LIFE_VIOLENCE_NV_877.pt,NoFights,0,REAL_LIFE_VIOLENCE,REAL_LIFE_VIOLENCE/noFights/NV_877.avi,16,224
NoFights/REAL_LIFE_VIOLENCE_NV_88.pt,NoFights,0,REAL_LIFE_VIOLENCE,REAL_LIFE_VIOLENCE/noFights/NV_88.mp4,16,224
NoFights/REAL_LIFE_VIOLENCE_NV_872.pt,NoFights,0,REAL_LIFE_VIOLENCE,REAL_LIFE_VIOLENCE/noFights/NV_872.avi,16,224
NoFights/REAL_LIFE_VIOLENCE_NV_882.pt,NoFights,0,REAL_LIFE_VIOLENCE,REAL_LIFE_VIOLENCE/noFights/NV_882.avi,16,224
NoFights/REAL_LIFE_VIOLENCE_NV_9.pt,NoFights,0,REAL_LIFE_VIOLENCE,REAL_LIFE_VIOLENCE/noFights/NV_9.mp4,16,224
NoFights/REAL_LIFE_VIOLENCE_NV_898.pt,NoFights,0,REAL_LIFE_VIOLENCE,REAL_LIFE_VIOLENCE/noFights/NV_898.avi,16,224
NoFights/REAL_LIFE_VIOLENCE_NV_883.pt,NoFights,0,REAL_LIFE_VIOLENCE,REAL_LIFE_VIOLENCE/noFights/NV_883.avi,16,224
NoFights/REAL_LIFE_VIOLENCE_NV_886.pt,NoFights,0,REAL_LIFE_VIOLENCE,REAL_LIFE_VIOLENCE/noFights/NV_886.avi,16,224
NoFights/REAL_LIFE_VIOLENCE_NV_895.pt,NoFights,0,REAL_LIFE_VIOLENCE,REAL_LIFE_VIOLENCE/noFights/NV_895.avi,16,224
NoFights/REAL_LIFE_VIOLENCE_NV_889.pt,NoFights,0,REAL_LIFE_VIOLENCE,REAL_LIFE_VIOLENCE/noFights/NV_889.avi,16,224
NoFights/REAL_LIFE_VIOLENCE_NV_896.pt,NoFights,0,REAL_LIFE_VIOLENCE,REAL_LIFE_VIOLENCE/noFights/NV_896.avi,16,224
NoFights/REAL_LIFE_VIOLENCE_NV_890.pt,NoFights,0,REAL_LIFE_VIOLENCE,REAL_LIFE_VIOLENCE/noFights/NV_890.avi,16,224
NoFights/REAL_LIFE_VIOLENCE_NV_894.pt,NoFights,0,REAL_LIFE_VIOLENCE,REAL_LIFE_VIOLENCE/noFights/NV_894.avi,16,224
NoFights/REAL_LIFE_VIOLENCE_NV_897.pt,NoFights,0,REAL_LIFE_VIOLENCE,REAL_LIFE_VIOLENCE/noFights/NV_897.avi,16,224
NoFights/REAL_LIFE_VIOLENCE_NV_892.pt,NoFights,0,REAL_LIFE_VIOLENCE,REAL_LIFE_VIOLENCE/noFights/NV_892.avi,16,224
NoFights/REAL_LIFE_VIOLENCE_NV_884.pt,NoFights,0,REAL_LIFE_VIOLENCE,REAL_LIFE_VIOLENCE/noFights/NV_884.avi,16,224
NoFights/REAL_LIFE_VIOLENCE_NV_888.pt,NoFights,0,REAL_LIFE_VIOLENCE,REAL_LIFE_VIOLENCE/noFights/NV_888.avi,16,224
NoFights/REAL_LIFE_VIOLENCE_NV_891.pt,NoFights,0,REAL_LIFE_VIOLENCE,REAL_LIFE_VIOLENCE/noFights/NV_891.avi,16,224
NoFights/REAL_LIFE_VIOLENCE_NV_900.pt,NoFights,0,REAL_LIFE_VIOLENCE,REAL_LIFE_VIOLENCE/noFights/NV_900.avi,16,224
NoFights/REAL_LIFE_VIOLENCE_NV_887.pt,NoFights,0,REAL_LIFE_VIOLENCE,REAL_LIFE_VIOLENCE/noFights/NV_887.avi,16,224
NoFights/REAL_LIFE_VIOLENCE_NV_899.pt,NoFights,0,REAL_LIFE_VIOLENCE,REAL_LIFE_VIOLENCE/noFights/NV_899.avi,16,224
NoFights/REAL_LIFE_VIOLENCE_NV_893.pt,NoFights,0,REAL_LIFE_VIOLENCE,REAL_LIFE_VIOLENCE/noFights/NV_893.avi,16,224
NoFights/REAL_LIFE_VIOLENCE_NV_89.pt,NoFights,0,REAL_LIFE_VIOLENCE,REAL_LIFE_VIOLENCE/noFights/NV_89.mp4,16,224
NoFights/REAL_LIFE_VIOLENCE_NV_885.pt,NoFights,0,REAL_LIFE_VIOLENCE,REAL_LIFE_VIOLENCE/noFights/NV_885.avi,16,224
NoFights/REAL_LIFE_VIOLENCE_NV_90.pt,NoFights,0,REAL_LIFE_VIOLENCE,REAL_LIFE_VIOLENCE/noFights/NV_90.mp4,16,224
NoFights/REAL_LIFE_VIOLENCE_NV_904.pt,NoFights,0,REAL_LIFE_VIOLENCE,REAL_LIFE_VIOLENCE/noFights/NV_904.avi,16,224
NoFights/REAL_LIFE_VIOLENCE_NV_909.pt,NoFights,0,REAL_LIFE_VIOLENCE,REAL_LIFE_VIOLENCE/noFights/NV_909.avi,16,224
NoFights/REAL_LIFE_VIOLENCE_NV_926.pt,NoFights,0,REAL_LIFE_VIOLENCE,REAL_LIFE_VIOLENCE/noFights/NV_926.mp4,16,224
NoFights/REAL_LIFE_VIOLENCE_NV_907.pt,NoFights,0,REAL_LIFE_VIOLENCE,REAL_LIFE_VIOLENCE/noFights/NV_907.avi,16,224
NoFights/REAL_LIFE_VIOLENCE_NV_908.pt,NoFights,0,REAL_LIFE_VIOLENCE,REAL_LIFE_VIOLENCE/noFights/NV_908.avi,16,224
NoFights/REAL_LIFE_VIOLENCE_NV_916.pt,NoFights,0,REAL_LIFE_VIOLENCE,REAL_LIFE_VIOLENCE/noFights/NV_916.mp4,16,224
NoFights/REAL_LIFE_VIOLENCE_NV_924.pt,NoFights,0,REAL_LIFE_VIOLENCE,REAL_LIFE_VIOLENCE/noFights/NV_924.mp4,16,224
NoFights/REAL_LIFE_VIOLENCE_NV_906.pt,NoFights,0,REAL_LIFE_VIOLENCE,REAL_LIFE_VIOLENCE/noFights/NV_906.avi,16,224
NoFights/REAL_LIFE_VIOLENCE_NV_905.pt,NoFights,0,REAL_LIFE_VIOLENCE,REAL_LIFE_VIOLENCE/noFights/NV_905.avi,16,224
NoFights/REAL_LIFE_VIOLENCE_NV_913.pt,NoFights,0,REAL_LIFE_VIOLENCE,REAL_LIFE_VIOLENCE/noFights/NV_913.mp4,16,224
NoFights/REAL_LIFE_VIOLENCE_NV_914.pt,NoFights,0,REAL_LIFE_VIOLENCE,REAL_LIFE_VIOLENCE/noFights/NV_914.mp4,16,224
NoFights/REAL_LIFE_VIOLENCE_NV_919.pt,NoFights,0,REAL_LIFE_VIOLENCE,REAL_LIFE_VIOLENCE/noFights/NV_919.mp4,16,224
NoFights/REAL_LIFE_VIOLENCE_NV_92.pt,NoFights,0,REAL_LIFE_VIOLENCE,REAL_LIFE_VIOLENCE/noFights/NV_92.mp4,16,224
NoFights/REAL_LIFE_VIOLENCE_NV_901.pt,NoFights,0,REAL_LIFE_VIOLENCE,REAL_LIFE_VIOLENCE/noFights/NV_901.avi,16,224
NoFights/REAL_LIFE_VIOLENCE_NV_912.pt,NoFights,0,REAL_LIFE_VIOLENCE,REAL_LIFE_VIOLENCE/noFights/NV_912.mp4,16,224
NoFights/REAL_LIFE_VIOLENCE_NV_918.pt,NoFights,0,REAL_LIFE_VIOLENCE,REAL_LIFE_VIOLENCE/noFights/NV_918.mp4,16,224
NoFights/REAL_LIFE_VIOLENCE_NV_915.pt,NoFights,0,REAL_LIFE_VIOLENCE,REAL_LIFE_VIOLENCE/noFights/NV_915.mp4,16,224
NoFights/REAL_LIFE_VIOLENCE_NV_922.pt,NoFights,0,REAL_LIFE_VIOLENCE,REAL_LIFE_VIOLENCE/noFights/NV_922.mp4,16,224
NoFights/REAL_LIFE_VIOLENCE_NV_911.pt,NoFights,0,REAL_LIFE_VIOLENCE,REAL_LIFE_VIOLENCE/noFights/NV_911.mp4,16,224
NoFights/REAL_LIFE_VIOLENCE_NV_902.pt,NoFights,0,REAL_LIFE_VIOLENCE,REAL_LIFE_VIOLENCE/noFights/NV_902.avi,16,224
NoFights/REAL_LIFE_VIOLENCE_NV_925.pt,NoFights,0,REAL_LIFE_VIOLENCE,REAL_LIFE_VIOLENCE/noFights/NV_925.mp4,16,224
NoFights/REAL_LIFE_VIOLENCE_NV_920.pt,NoFights,0,REAL_LIFE_VIOLENCE,REAL_LIFE_VIOLENCE/noFights/NV_920.mp4,16,224
NoFights/REAL_LIFE_VIOLENCE_NV_917.pt,NoFights,0,REAL_LIFE_VIOLENCE,REAL_LIFE_VIOLENCE/noFights/NV_917.mp4,16,224
NoFights/REAL_LIFE_VIOLENCE_NV_923.pt,NoFights,0,REAL_LIFE_VIOLENCE,REAL_LIFE_VIOLENCE/noFights/NV_923.mp4,16,224
NoFights/REAL_LIFE_VIOLENCE_NV_910.pt,NoFights,0,REAL_LIFE_VIOLENCE,REAL_LIFE_VIOLENCE/noFights/NV_910.avi,16,224
NoFights/REAL_LIFE_VIOLENCE_NV_903.pt,NoFights,0,REAL_LIFE_VIOLENCE,REAL_LIFE_VIOLENCE/noFights/NV_903.avi,16,224
NoFights/REAL_LIFE_VIOLENCE_NV_921.pt,NoFights,0,REAL_LIFE_VIOLENCE,REAL_LIFE_VIOLENCE/noFights/NV_921.mp4,16,224
NoFights/REAL_LIFE_VIOLENCE_NV_91.pt,NoFights,0,REAL_LIFE_VIOLENCE,REAL_LIFE_VIOLENCE/noFights/NV_91.mp4,16,224
NoFights/REAL_LIFE_VIOLENCE_NV_927.pt,NoFights,0,REAL_LIFE_VIOLENCE,REAL_LIFE_VIOLENCE/noFights/NV_927.mp4,16,224
NoFights/REAL_LIFE_VIOLENCE_NV_934.pt,NoFights,0,REAL_LIFE_VIOLENCE,REAL_LIFE_VIOLENCE/noFights/NV_934.mp4,16,224
NoFights/REAL_LIFE_VIOLENCE_NV_93.pt,NoFights,0,REAL_LIFE_VIOLENCE,REAL_LIFE_VIOLENCE/noFights/NV_93.mp4,16,224
NoFights/REAL_LIFE_VIOLENCE_NV_944.pt,NoFights,0,REAL_LIFE_VIOLENCE,REAL_LIFE_VIOLENCE/noFights/NV_944.mp4,16,224
NoFights/REAL_LIFE_VIOLENCE_NV_928.pt,NoFights,0,REAL_LIFE_VIOLENCE,REAL_LIFE_VIOLENCE/noFights/NV_928.mp4,16,224
NoFights/REAL_LIFE_VIOLENCE_NV_942.pt,NoFights,0,REAL_LIFE_VIOLENCE,REAL_LIFE_VIOLENCE/noFights/NV_942.mp4,16,224
NoFights/REAL_LIFE_VIOLENCE_NV_932.pt,NoFights,0,REAL_LIFE_VIOLENCE,REAL_LIFE_VIOLENCE/noFights/NV_932.mp4,16,224
NoFights/REAL_LIFE_VIOLENCE_NV_933.pt,NoFights,0,REAL_LIFE_VIOLENCE,REAL_LIFE_VIOLENCE/noFights/NV_933.mp4,16,224
NoFights/REAL_LIFE_VIOLENCE_NV_929.pt,NoFights,0,REAL_LIFE_VIOLENCE,REAL_LIFE_VIOLENCE/noFights/NV_929.mp4,16,224
NoFights/REAL_LIFE_VIOLENCE_NV_939.pt,NoFights,0,REAL_LIFE_VIOLENCE,REAL_LIFE_VIOLENCE/noFights/NV_939.mp4,16,224
NoFights/REAL_LIFE_VIOLENCE_NV_938.pt,NoFights,0,REAL_LIFE_VIOLENCE,REAL_LIFE_VIOLENCE/noFights/NV_938.mp4,16,224
NoFights/REAL_LIFE_VIOLENCE_NV_931.pt,NoFights,0,REAL_LIFE_VIOLENCE,REAL_LIFE_VIOLENCE/noFights/NV_931.mp4,16,224
NoFights/REAL_LIFE_VIOLENCE_NV_943.pt,NoFights,0,REAL_LIFE_VIOLENCE,REAL_LIFE_VIOLENCE/noFights/NV_943.mp4,16,224
NoFights/REAL_LIFE_VIOLENCE_NV_936.pt,NoFights,0,REAL_LIFE_VIOLENCE,REAL_LIFE_VIOLENCE/noFights/NV_936.mp4,16,224
NoFights/REAL_LIFE_VIOLENCE_NV_930.pt,NoFights,0,REAL_LIFE_VIOLENCE,REAL_LIFE_VIOLENCE/noFights/NV_930.mp4,16,224
NoFights/REAL_LIFE_VIOLENCE_NV_946.pt,NoFights,0,REAL_LIFE_VIOLENCE,REAL_LIFE_VIOLENCE/noFights/NV_946.mp4,16,224
NoFights/REAL_LIFE_VIOLENCE_NV_941.pt,NoFights,0,REAL_LIFE_VIOLENCE,REAL_LIFE_VIOLENCE/noFights/NV_941.mp4,16,224
NoFights/REAL_LIFE_VIOLENCE_NV_937.pt,NoFights,0,REAL_LIFE_VIOLENCE,REAL_LIFE_VIOLENCE/noFights/NV_937.mp4,16,224
NoFights/REAL_LIFE_VIOLENCE_NV_94.pt,NoFights,0,REAL_LIFE_VIOLENCE,REAL_LIFE_VIOLENCE/noFights/NV_94.mp4,16,224
NoFights/REAL_LIFE_VIOLENCE_NV_945.pt,NoFights,0,REAL_LIFE_VIOLENCE,REAL_LIFE_VIOLENCE/noFights/NV_945.mp4,16,224
NoFights/REAL_LIFE_VIOLENCE_NV_935.pt,NoFights,0,REAL_LIFE_VIOLENCE,REAL_LIFE_VIOLENCE/noFights/NV_935.mp4,16,224
NoFights/REAL_LIFE_VIOLENCE_NV_955.pt,NoFights,0,REAL_LIFE_VIOLENCE,REAL_LIFE_VIOLENCE/noFights/NV_955.mp4,16,224
NoFights/REAL_LIFE_VIOLENCE_NV_964.pt,NoFights,0,REAL_LIFE_VIOLENCE,REAL_LIFE_VIOLENCE/noFights/NV_964.mp4,16,224
NoFights/REAL_LIFE_VIOLENCE_NV_948.pt,NoFights,0,REAL_LIFE_VIOLENCE,REAL_LIFE_VIOLENCE/noFights/NV_948.mp4,16,224
NoFights/REAL_LIFE_VIOLENCE_NV_952.pt,NoFights,0,REAL_LIFE_VIOLENCE,REAL_LIFE_VIOLENCE/noFights/NV_952.mp4,16,224
NoFights/REAL_LIFE_VIOLENCE_NV_958.pt,NoFights,0,REAL_LIFE_VIOLENCE,REAL_LIFE_VIOLENCE/noFights/NV_958.mp4,16,224
NoFights/REAL_LIFE_VIOLENCE_NV_959.pt,NoFights,0,REAL_LIFE_VIOLENCE,REAL_LIFE_VIOLENCE/noFights/NV_959.mp4,16,224
NoFights/REAL_LIFE_VIOLENCE_NV_957.pt,NoFights,0,REAL_LIFE_VIOLENCE,REAL_LIFE_VIOLENCE/noFights/NV_957.mp4,16,224
NoFights/REAL_LIFE_VIOLENCE_NV_956.pt,NoFights,0,REAL_LIFE_VIOLENCE,REAL_LIFE_VIOLENCE/noFights/NV_956.mp4,16,224
NoFights/REAL_LIFE_VIOLENCE_NV_960.pt,NoFights,0,REAL_LIFE_VIOLENCE,REAL_LIFE_VIOLENCE/noFights/NV_960.mp4,16,224
NoFights/REAL_LIFE_VIOLENCE_NV_953.pt,NoFights,0,REAL_LIFE_VIOLENCE,REAL_LIFE_VIOLENCE/noFights/NV_953.mp4,16,224
NoFights/REAL_LIFE_VIOLENCE_NV_950.pt,NoFights,0,REAL_LIFE_VIOLENCE,REAL_LIFE_VIOLENCE/noFights/NV_950.mp4,16,224
NoFights/REAL_LIFE_VIOLENCE_NV_954.pt,NoFights,0,REAL_LIFE_VIOLENCE,REAL_LIFE_VIOLENCE/noFights/NV_954.mp4,16,224
NoFights/REAL_LIFE_VIOLENCE_NV_961.pt,NoFights,0,REAL_LIFE_VIOLENCE,REAL_LIFE_VIOLENCE/noFights/NV_961.mp4,16,224
NoFights/REAL_LIFE_VIOLENCE_NV_963.pt,NoFights,0,REAL_LIFE_VIOLENCE,REAL_LIFE_VIOLENCE/noFights/NV_963.mp4,16,224
NoFights/REAL_LIFE_VIOLENCE_NV_95.pt,NoFights,0,REAL_LIFE_VIOLENCE,REAL_LIFE_VIOLENCE/noFights/NV_95.mp4,16,224
NoFights/REAL_LIFE_VIOLENCE_NV_947.pt,NoFights,0,REAL_LIFE_VIOLENCE,REAL_LIFE_VIOLENCE/noFights/NV_947.mp4,16,224
NoFights/REAL_LIFE_VIOLENCE_NV_962.pt,NoFights,0,REAL_LIFE_VIOLENCE,REAL_LIFE_VIOLENCE/noFights/NV_962.mp4,16,224
NoFights/REAL_LIFE_VIOLENCE_NV_951.pt,NoFights,0,REAL_LIFE_VIOLENCE,REAL_LIFE_VIOLENCE/noFights/NV_951.mp4,16,224
NoFights/REAL_LIFE_VIOLENCE_NV_96.pt,NoFights,0,REAL_LIFE_VIOLENCE,REAL_LIFE_VIOLENCE/noFights/NV_96.mp4,16,224
NoFights/REAL_LIFE_VIOLENCE_NV_949.pt,NoFights,0,REAL_LIFE_VIOLENCE,REAL_LIFE_VIOLENCE/noFights/NV_949.mp4,16,224
NoFights/REAL_LIFE_VIOLENCE_NV_968.pt,NoFights,0,REAL_LIFE_VIOLENCE,REAL_LIFE_VIOLENCE/noFights/NV_968.mp4,16,224
NoFights/REAL_LIFE_VIOLENCE_NV_974.pt,NoFights,0,REAL_LIFE_VIOLENCE,REAL_LIFE_VIOLENCE/noFights/NV_974.mp4,16,224
NoFights/REAL_LIFE_VIOLENCE_NV_970.pt,NoFights,0,REAL_LIFE_VIOLENCE,REAL_LIFE_VIOLENCE/noFights/NV_970.mp4,16,224
NoFights/REAL_LIFE_VIOLENCE_NV_977.pt,NoFights,0,REAL_LIFE_VIOLENCE,REAL_LIFE_VIOLENCE/noFights/NV_977.mp4,16,224
NoFights/REAL_LIFE_VIOLENCE_NV_971.pt,NoFights,0,REAL_LIFE_VIOLENCE,REAL_LIFE_VIOLENCE/noFights/NV_971.mp4,16,224
NoFights/REAL_LIFE_VIOLENCE_NV_98.pt,NoFights,0,REAL_LIFE_VIOLENCE,REAL_LIFE_VIOLENCE/noFights/NV_98.mp4,16,224
NoFights/REAL_LIFE_VIOLENCE_NV_967.pt,NoFights,0,REAL_LIFE_VIOLENCE,REAL_LIFE_VIOLENCE/noFights/NV_967.mp4,16,224
NoFights/REAL_LIFE_VIOLENCE_NV_972.pt,NoFights,0,REAL_LIFE_VIOLENCE,REAL_LIFE_VIOLENCE/noFights/NV_972.mp4,16,224
NoFights/REAL_LIFE_VIOLENCE_NV_976.pt,NoFights,0,REAL_LIFE_VIOLENCE,REAL_LIFE_VIOLENCE/noFights/NV_976.mp4,16,224
NoFights/REAL_LIFE_VIOLENCE_NV_97.pt,NoFights,0,REAL_LIFE_VIOLENCE,REAL_LIFE_VIOLENCE/noFights/NV_97.mp4,16,224
NoFights/REAL_LIFE_VIOLENCE_NV_978.pt,NoFights,0,REAL_LIFE_VIOLENCE,REAL_LIFE_VIOLENCE/noFights/NV_978.mp4,16,224
NoFights/REAL_LIFE_VIOLENCE_NV_969.pt,NoFights,0,REAL_LIFE_VIOLENCE,REAL_LIFE_VIOLENCE/noFights/NV_969.mp4,16,224
NoFights/REAL_LIFE_VIOLENCE_NV_980.pt,NoFights,0,REAL_LIFE_VIOLENCE,REAL_LIFE_VIOLENCE/noFights/NV_980.mp4,16,224
NoFights/REAL_LIFE_VIOLENCE_NV_965.pt,NoFights,0,REAL_LIFE_VIOLENCE,REAL_LIFE_VIOLENCE/noFights/NV_965.mp4,16,224
NoFights/REAL_LIFE_VIOLENCE_NV_975.pt,NoFights,0,REAL_LIFE_VIOLENCE,REAL_LIFE_VIOLENCE/noFights/NV_975.mp4,16,224
NoFights/REAL_LIFE_VIOLENCE_NV_979.pt,NoFights,0,REAL_LIFE_VIOLENCE,REAL_LIFE_VIOLENCE/noFights/NV_979.mp4,16,224
NoFights/REAL_LIFE_VIOLENCE_NV_966.pt,NoFights,0,REAL_LIFE_VIOLENCE,REAL_LIFE_VIOLENCE/noFights/NV_966.mp4,16,224
NoFights/REAL_LIFE_VIOLENCE_NV_973.pt,NoFights,0,REAL_LIFE_VIOLENCE,REAL_LIFE_VIOLENCE/noFights/NV_973.mp4,16,224
NoFights/REAL_LIFE_VIOLENCE_NV_985.pt,NoFights,0,REAL_LIFE_VIOLENCE,REAL_LIFE_VIOLENCE/noFights/NV_985.mp4,16,224
NoFights/REAL_LIFE_VIOLENCE_NV_991.pt,NoFights,0,REAL_LIFE_VIOLENCE,REAL_LIFE_VIOLENCE/noFights/NV_991.mp4,16,224
NoFights/REAL_LIFE_VIOLENCE_NV_994.pt,NoFights,0,REAL_LIFE_VIOLENCE,REAL_LIFE_VIOLENCE/noFights/NV_994.mp4,16,224
NoFights/REAL_LIFE_VIOLENCE_NV_99.pt,NoFights,0,REAL_LIFE_VIOLENCE,REAL_LIFE_VIOLENCE/noFights/NV_99.mp4,16,224
NoFights/REAL_LIFE_VIOLENCE_NV_981.pt,NoFights,0,REAL_LIFE_VIOLENCE,REAL_LIFE_VIOLENCE/noFights/NV_981.mp4,16,224
NoFights/REAL_LIFE_VIOLENCE_NV_983.pt,NoFights,0,REAL_LIFE_VIOLENCE,REAL_LIFE_VIOLENCE/noFights/NV_983.mp4,16,224
NoFights/REAL_LIFE_VIOLENCE_NV_993.pt,NoFights,0,REAL_LIFE_VIOLENCE,REAL_LIFE_VIOLENCE/noFights/NV_993.mp4,16,224
NoFights/REAL_LIFE_VIOLENCE_NV_998.pt,NoFights,0,REAL_LIFE_VIOLENCE,REAL_LIFE_VIOLENCE/noFights/NV_998.mp4,16,224
NoFights/REAL_LIFE_VIOLENCE_NV_999.pt,NoFights,0,REAL_LIFE_VIOLENCE,REAL_LIFE_VIOLENCE/noFights/NV_999.mp4,16,224
NoFights/REAL_LIFE_VIOLENCE_NV_996.pt,NoFights,0,REAL_LIFE_VIOLENCE,REAL_LIFE_VIOLENCE/noFights/NV_996.mp4,16,224
NoFights/REAL_LIFE_VIOLENCE_NV_989.pt,NoFights,0,REAL_LIFE_VIOLENCE,REAL_LIFE_VIOLENCE/noFights/NV_989.mp4,16,224
NoFights/REAL_LIFE_VIOLENCE_NV_986.pt,NoFights,0,REAL_LIFE_VIOLENCE,REAL_LIFE_VIOLENCE/noFights/NV_986.mp4,16,224
NoFights/REAL_LIFE_VIOLENCE_NV_984.pt,NoFights,0,REAL_LIFE_VIOLENCE,REAL_LIFE_VIOLENCE/noFights/NV_984.mp4,16,224
NoFights/REAL_LIFE_VIOLENCE_NV_997.pt,NoFights,0,REAL_LIFE_VIOLENCE,REAL_LIFE_VIOLENCE/noFights/NV_997.mp4,16,224
NoFights/REAL_LIFE_VIOLENCE_NV_990.pt,NoFights,0,REAL_LIFE_VIOLENCE,REAL_LIFE_VIOLENCE/noFights/NV_990.mp4,16,224
NoFights/REAL_LIFE_VIOLENCE_NV_987.pt,NoFights,0,REAL_LIFE_VIOLENCE,REAL_LIFE_VIOLENCE/noFights/NV_987.mp4,16,224
NoFights/REAL_LIFE_VIOLENCE_NV_982.pt,NoFights,0,REAL_LIFE_VIOLENCE,REAL_LIFE_VIOLENCE/noFights/NV_982.mp4,16,224
NoFights/REAL_LIFE_VIOLENCE_NV_995.pt,NoFights,0,REAL_LIFE_VIOLENCE,REAL_LIFE_VIOLENCE/noFights/NV_995.mp4,16,224
NoFights/REAL_LIFE_VIOLENCE_NV_988.pt,NoFights,0,REAL_LIFE_VIOLENCE,REAL_LIFE_VIOLENCE/noFights/NV_988.mp4,16,224
NoFights/REAL_LIFE_VIOLENCE_dancing_people.pt,NoFights,0,REAL_LIFE_VIOLENCE,REAL_LIFE_VIOLENCE/noFights/dancing_people.mp4,16,224
NoFights/REAL_LIFE_VIOLENCE_NV_1.pt,NoFights,0,REAL_LIFE_VIOLENCE,REAL_LIFE_VIOLENCE/noFights/NV_1.mp4,16,224
Fights/REAL_LIFE_VIOLENCE_V_106.pt,Fights,1,REAL_LIFE_VIOLENCE,REAL_LIFE_VIOLENCE/fights/V_106.mp4,16,224
Fights/REAL_LIFE_VIOLENCE_V_112.pt,Fights,1,REAL_LIFE_VIOLENCE,REAL_LIFE_VIOLENCE/fights/V_112.mp4,16,224
Fights/REAL_LIFE_VIOLENCE_V_103.pt,Fights,1,REAL_LIFE_VIOLENCE,REAL_LIFE_VIOLENCE/fights/V_103.mp4,16,224
Fights/REAL_LIFE_VIOLENCE_V_116.pt,Fights,1,REAL_LIFE_VIOLENCE,REAL_LIFE_VIOLENCE/fights/V_116.mp4,16,224
Fights/REAL_LIFE_VIOLENCE_V_113.pt,Fights,1,REAL_LIFE_VIOLENCE,REAL_LIFE_VIOLENCE/fights/V_113.mp4,16,224
Fights/REAL_LIFE_VIOLENCE_V_101.pt,Fights,1,REAL_LIFE_VIOLENCE,REAL_LIFE_VIOLENCE/fights/V_101.mp4,16,224
Fights/REAL_LIFE_VIOLENCE_V_118.pt,Fights,1,REAL_LIFE_VIOLENCE,REAL_LIFE_VIOLENCE/fights/V_118.mp4,16,224
Fights/REAL_LIFE_VIOLENCE_V_105.pt,Fights,1,REAL_LIFE_VIOLENCE,REAL_LIFE_VIOLENCE/fights/V_105.mp4,16,224
Fights/REAL_LIFE_VIOLENCE_V_114.pt,Fights,1,REAL_LIFE_VIOLENCE,REAL_LIFE_VIOLENCE/fights/V_114.mp4,16,224
Fights/REAL_LIFE_VIOLENCE_V_104.pt,Fights,1,REAL_LIFE_VIOLENCE,REAL_LIFE_VIOLENCE/fights/V_104.mp4,16,224
Fights/REAL_LIFE_VIOLENCE_V_100.pt,Fights,1,REAL_LIFE_VIOLENCE,REAL_LIFE_VIOLENCE/fights/V_100.mp4,16,224
Fights/REAL_LIFE_VIOLENCE_V_109.pt,Fights,1,REAL_LIFE_VIOLENCE,REAL_LIFE_VIOLENCE/fights/V_109.mp4,16,224
Fights/REAL_LIFE_VIOLENCE_V_115.pt,Fights,1,REAL_LIFE_VIOLENCE,REAL_LIFE_VIOLENCE/fights/V_115.mp4,16,224
Fights/REAL_LIFE_VIOLENCE_V_108.pt,Fights,1,REAL_LIFE_VIOLENCE,REAL_LIFE_VIOLENCE/fights/V_108.mp4,16,224
Fights/REAL_LIFE_VIOLENCE_V_110.pt,Fights,1,REAL_LIFE_VIOLENCE,REAL_LIFE_VIOLENCE/fights/V_110.mp4,16,224
Fights/REAL_LIFE_VIOLENCE_V_107.pt,Fights,1,REAL_LIFE_VIOLENCE,REAL_LIFE_VIOLENCE/fights/V_107.mp4,16,224
Fights/REAL_LIFE_VIOLENCE_V_10.pt,Fights,1,REAL_LIFE_VIOLENCE,REAL_LIFE_VIOLENCE/fights/V_10.mp4,16,224
Fights/REAL_LIFE_VIOLENCE_V_111.pt,Fights,1,REAL_LIFE_VIOLENCE,REAL_LIFE_VIOLENCE/fights/V_111.mp4,16,224
Fights/REAL_LIFE_VIOLENCE_V_11.pt,Fights,1,REAL_LIFE_VIOLENCE,REAL_LIFE_VIOLENCE/fights/V_11.mp4,16,224
Fights/REAL_LIFE_VIOLENCE_V_1.pt,Fights,1,REAL_LIFE_VIOLENCE,REAL_LIFE_VIOLENCE/fights/V_1.mp4,16,224
Fights/REAL_LIFE_VIOLENCE_V_117.pt,Fights,1,REAL_LIFE_VIOLENCE,REAL_LIFE_VIOLENCE/fights/V_117.mp4,16,224
Fights/REAL_LIFE_VIOLENCE_V_1000.pt,Fights,1,REAL_LIFE_VIOLENCE,REAL_LIFE_VIOLENCE/fights/V_1000.mp4,16,224
Fights/REAL_LIFE_VIOLENCE_V_102.pt,Fights,1,REAL_LIFE_VIOLENCE,REAL_LIFE_VIOLENCE/fights/V_102.mp4,16,224
Fights/REAL_LIFE_VIOLENCE_V_136.pt,Fights,1,REAL_LIFE_VIOLENCE,REAL_LIFE_VIOLENCE/fights/V_136.mp4,16,224
Fights/REAL_LIFE_VIOLENCE_V_137.pt,Fights,1,REAL_LIFE_VIOLENCE,REAL_LIFE_VIOLENCE/fights/V_137.mp4,16,224
Fights/REAL_LIFE_VIOLENCE_V_119.pt,Fights,1,REAL_LIFE_VIOLENCE,REAL_LIFE_VIOLENCE/fights/V_119.mp4,16,224
Fights/REAL_LIFE_VIOLENCE_V_140.pt,Fights,1,REAL_LIFE_VIOLENCE,REAL_LIFE_VIOLENCE/fights/V_140.mp4,16,224
Fights/REAL_LIFE_VIOLENCE_V_124.pt,Fights,1,REAL_LIFE_VIOLENCE,REAL_LIFE_VIOLENCE/fights/V_124.mp4,16,224
Fights/REAL_LIFE_VIOLENCE_V_122.pt,Fights,1,REAL_LIFE_VIOLENCE,REAL_LIFE_VIOLENCE/fights/V_122.mp4,16,224
Fights/REAL_LIFE_VIOLENCE_V_138.pt,Fights,1,REAL_LIFE_VIOLENCE,REAL_LIFE_VIOLENCE/fights/V_138.mp4,16,224
Fights/REAL_LIFE_VIOLENCE_V_127.pt,Fights,1,REAL_LIFE_VIOLENCE,REAL_LIFE_VIOLENCE/fights/V_127.mp4,16,224
Fights/REAL_LIFE_VIOLENCE_V_120.pt,Fights,1,REAL_LIFE_VIOLENCE,REAL_LIFE_VIOLENCE/fights/V_120.mp4,16,224
Fights/REAL_LIFE_VIOLENCE_V_128.pt,Fights,1,REAL_LIFE_VIOLENCE,REAL_LIFE_VIOLENCE/fights/V_128.mp4,16,224
Fights/REAL_LIFE_VIOLENCE_V_125.pt,Fights,1,REAL_LIFE_VIOLENCE,REAL_LIFE_VIOLENCE/fights/V_125.mp4,16,224
Fights/REAL_LIFE_VIOLENCE_V_131.pt,Fights,1,REAL_LIFE_VIOLENCE,REAL_LIFE_VIOLENCE/fights/V_131.mp4,16,224
Fights/REAL_LIFE_VIOLENCE_V_132.pt,Fights,1,REAL_LIFE_VIOLENCE,REAL_LIFE_VIOLENCE/fights/V_132.mp4,16,224
Fights/REAL_LIFE_VIOLENCE_V_133.pt,Fights,1,REAL_LIFE_VIOLENCE,REAL_LIFE_VIOLENCE/fights/V_133.mp4,16,224
Fights/REAL_LIFE_VIOLENCE_V_134.pt,Fights,1,REAL_LIFE_VIOLENCE,REAL_LIFE_VIOLENCE/fights/V_134.mp4,16,224
Fights/REAL_LIFE_VIOLENCE_V_129.pt,Fights,1,REAL_LIFE_VIOLENCE,REAL_LIFE_VIOLENCE/fights/V_129.mp4,16,224
Fights/REAL_LIFE_VIOLENCE_V_130.pt,Fights,1,REAL_LIFE_VIOLENCE,REAL_LIFE_VIOLENCE/fights/V_130.mp4,16,224
Fights/REAL_LIFE_VIOLENCE_V_12.pt,Fights,1,REAL_LIFE_VIOLENCE,REAL_LIFE_VIOLENCE/fights/V_12.mp4,16,224
Fights/REAL_LIFE_VIOLENCE_V_135.pt,Fights,1,REAL_LIFE_VIOLENCE,REAL_LIFE_VIOLENCE/fights/V_135.mp4,16,224
Fights/REAL_LIFE_VIOLENCE_V_121.pt,Fights,1,REAL_LIFE_VIOLENCE,REAL_LIFE_VIOLENCE/fights/V_121.mp4,16,224
Fights/REAL_LIFE_VIOLENCE_V_126.pt,Fights,1,REAL_LIFE_VIOLENCE,REAL_LIFE_VIOLENCE/fights/V_126.mp4,16,224
Fights/REAL_LIFE_VIOLENCE_V_13.pt,Fights,1,REAL_LIFE_VIOLENCE,REAL_LIFE_VIOLENCE/fights/V_13.mp4,16,224
Fights/REAL_LIFE_VIOLENCE_V_123.pt,Fights,1,REAL_LIFE_VIOLENCE,REAL_LIFE_VIOLENCE/fights/V_123.mp4,16,224
Fights/REAL_LIFE_VIOLENCE_V_139.pt,Fights,1,REAL_LIFE_VIOLENCE,REAL_LIFE_VIOLENCE/fights/V_139.mp4,16,224
Fights/REAL_LIFE_VIOLENCE_V_14.pt,Fights,1,REAL_LIFE_VIOLENCE,REAL_LIFE_VIOLENCE/fights/V_14.mp4,16,224
Fights/REAL_LIFE_VIOLENCE_V_150.pt,Fights,1,REAL_LIFE_VIOLENCE,REAL_LIFE_VIOLENCE/fights/V_150.mp4,16,224
Fights/REAL_LIFE_VIOLENCE_V_152.pt,Fights,1,REAL_LIFE_VIOLENCE,REAL_LIFE_VIOLENCE/fights/V_152.mp4,16,224
Fights/REAL_LIFE_VIOLENCE_V_158.pt,Fights,1,REAL_LIFE_VIOLENCE,REAL_LIFE_VIOLENCE/fights/V_158.mp4,16,224
Fights/REAL_LIFE_VIOLENCE_V_143.pt,Fights,1,REAL_LIFE_VIOLENCE,REAL_LIFE_VIOLENCE/fights/V_143.mp4,16,224
Fights/REAL_LIFE_VIOLENCE_V_16.pt,Fights,1,REAL_LIFE_VIOLENCE,REAL_LIFE_VIOLENCE/fights/V_16.mp4,16,224
Fights/REAL_LIFE_VIOLENCE_V_155.pt,Fights,1,REAL_LIFE_VIOLENCE,REAL_LIFE_VIOLENCE/fights/V_155.mp4,16,224
Fights/REAL_LIFE_VIOLENCE_V_148.pt,Fights,1,REAL_LIFE_VIOLENCE,REAL_LIFE_VIOLENCE/fights/V_148.mp4,16,224
Fights/REAL_LIFE_VIOLENCE_V_165.pt,Fights,1,REAL_LIFE_VIOLENCE,REAL_LIFE_VIOLENCE/fights/V_165.mp4,16,224
Fights/REAL_LIFE_VIOLENCE_V_167.pt,Fights,1,REAL_LIFE_VIOLENCE,REAL_LIFE_VIOLENCE/fights/V_167.mp4,16,224
Fights/REAL_LIFE_VIOLENCE_V_156.pt,Fights,1,REAL_LIFE_VIOLENCE,REAL_LIFE_VIOLENCE/fights/V_156.mp4,16,224
Fights/REAL_LIFE_VIOLENCE_V_162.pt,Fights,1,REAL_LIFE_VIOLENCE,REAL_LIFE_VIOLENCE/fights/V_162.mp4,16,224
Fights/REAL_LIFE_VIOLENCE_V_142.pt,Fights,1,REAL_LIFE_VIOLENCE,REAL_LIFE_VIOLENCE/fights/V_142.mp4,16,224
Fights/REAL_LIFE_VIOLENCE_V_166.pt,Fights,1,REAL_LIFE_VIOLENCE,REAL_LIFE_VIOLENCE/fights/V_166.mp4,16,224
Fights/REAL_LIFE_VIOLENCE_V_164.pt,Fights,1,REAL_LIFE_VIOLENCE,REAL_LIFE_VIOLENCE/fights/V_164.mp4,16,224
Fights/REAL_LIFE_VIOLENCE_V_144.pt,Fights,1,REAL_LIFE_VIOLENCE,REAL_LIFE_VIOLENCE/fights/V_144.mp4,16,224
Fights/REAL_LIFE_VIOLENCE_V_147.pt,Fights,1,REAL_LIFE_VIOLENCE,REAL_LIFE_VIOLENCE/fights/V_147.mp4,16,224
Fights/REAL_LIFE_VIOLENCE_V_168.pt,Fights,1,REAL_LIFE_VIOLENCE,REAL_LIFE_VIOLENCE/fights/V_168.mp4,16,224
Fights/REAL_LIFE_VIOLENCE_V_17.pt,Fights,1,REAL_LIFE_VIOLENCE,REAL_LIFE_VIOLENCE/fights/V_17.mp4,16,224
Fights/REAL_LIFE_VIOLENCE_V_146.pt,Fights,1,REAL_LIFE_VIOLENCE,REAL_LIFE_VIOLENCE/fights/V_146.mp4,16,224
Fights/REAL_LIFE_VIOLENCE_V_149.pt,Fights,1,REAL_LIFE_VIOLENCE,REAL_LIFE_VIOLENCE/fights/V_149.mp4,16,224
Fights/REAL_LIFE_VIOLENCE_V_15.pt,Fights,1,REAL_LIFE_VIOLENCE,REAL_LIFE_VIOLENCE/fights/V_15.mp4,16,224
Fights/REAL_LIFE_VIOLENCE_V_169.pt,Fights,1,REAL_LIFE_VIOLENCE,REAL_LIFE_VIOLENCE/fights/V_169.mp4,16,224
Fights/REAL_LIFE_VIOLENCE_V_154.pt,Fights,1,REAL_LIFE_VIOLENCE,REAL_LIFE_VIOLENCE/fights/V_154.mp4,16,224
Fights/REAL_LIFE_VIOLENCE_V_161.pt,Fights,1,REAL_LIFE_VIOLENCE,REAL_LIFE_VIOLENCE/fights/V_161.mp4,16,224
Fights/REAL_LIFE_VIOLENCE_V_145.pt,Fights,1,REAL_LIFE_VIOLENCE,REAL_LIFE_VIOLENCE/fights/V_145.mp4,16,224
Fights/REAL_LIFE_VIOLENCE_V_160.pt,Fights,1,REAL_LIFE_VIOLENCE,REAL_LIFE_VIOLENCE/fights/V_160.mp4,16,224
Fights/REAL_LIFE_VIOLENCE_V_153.pt,Fights,1,REAL_LIFE_VIOLENCE,REAL_LIFE_VIOLENCE/fights/V_153.mp4,16,224
Fights/REAL_LIFE_VIOLENCE_V_163.pt,Fights,1,REAL_LIFE_VIOLENCE,REAL_LIFE_VIOLENCE/fights/V_163.mp4,16,224
Fights/REAL_LIFE_VIOLENCE_V_157.pt,Fights,1,REAL_LIFE_VIOLENCE,REAL_LIFE_VIOLENCE/fights/V_157.mp4,16,224
Fights/REAL_LIFE_VIOLENCE_V_170.pt,Fights,1,REAL_LIFE_VIOLENCE,REAL_LIFE_VIOLENCE/fights/V_170.mp4,16,224
Fights/REAL_LIFE_VIOLENCE_V_151.pt,Fights,1,REAL_LIFE_VIOLENCE,REAL_LIFE_VIOLENCE/fights/V_151.mp4,16,224
Fights/REAL_LIFE_VIOLENCE_V_159.pt,Fights,1,REAL_LIFE_VIOLENCE,REAL_LIFE_VIOLENCE/fights/V_159.mp4,16,224
Fights/REAL_LIFE_VIOLENCE_V_141.pt,Fights,1,REAL_LIFE_VIOLENCE,REAL_LIFE_VIOLENCE/fights/V_141.mp4,16,224
Fights/REAL_LIFE_VIOLENCE_V_190.pt,Fights,1,REAL_LIFE_VIOLENCE,REAL_LIFE_VIOLENCE/fights/V_190.mp4,16,224
Fights/REAL_LIFE_VIOLENCE_V_192.pt,Fights,1,REAL_LIFE_VIOLENCE,REAL_LIFE_VIOLENCE/fights/V_192.mp4,16,224
Fights/REAL_LIFE_VIOLENCE_V_196.pt,Fights,1,REAL_LIFE_VIOLENCE,REAL_LIFE_VIOLENCE/fights/V_196.mp4,16,224
Fights/REAL_LIFE_VIOLENCE_V_194.pt,Fights,1,REAL_LIFE_VIOLENCE,REAL_LIFE_VIOLENCE/fights/V_194.mp4,16,224
Fights/REAL_LIFE_VIOLENCE_V_174.pt,Fights,1,REAL_LIFE_VIOLENCE,REAL_LIFE_VIOLENCE/fights/V_174.mp4,16,224
Fights/REAL_LIFE_VIOLENCE_V_195.pt,Fights,1,REAL_LIFE_VIOLENCE,REAL_LIFE_VIOLENCE/fights/V_195.mp4,16,224
Fights/REAL_LIFE_VIOLENCE_V_184.pt,Fights,1,REAL_LIFE_VIOLENCE,REAL_LIFE_VIOLENCE/fights/V_184.mp4,16,224
Fights/REAL_LIFE_VIOLENCE_V_193.pt,Fights,1,REAL_LIFE_VIOLENCE,REAL_LIFE_VIOLENCE/fights/V_193.mp4,16,224
Fights/REAL_LIFE_VIOLENCE_V_197.pt,Fights,1,REAL_LIFE_VIOLENCE,REAL_LIFE_VIOLENCE/fights/V_197.mp4,16,224
Fights/REAL_LIFE_VIOLENCE_V_187.pt,Fights,1,REAL_LIFE_VIOLENCE,REAL_LIFE_VIOLENCE/fights/V_187.mp4,16,224
Fights/REAL_LIFE_VIOLENCE_V_178.pt,Fights,1,REAL_LIFE_VIOLENCE,REAL_LIFE_VIOLENCE/fights/V_178.mp4,16,224
Fights/REAL_LIFE_VIOLENCE_V_198.pt,Fights,1,REAL_LIFE_VIOLENCE,REAL_LIFE_VIOLENCE/fights/V_198.mp4,16,224
Fights/REAL_LIFE_VIOLENCE_V_180.pt,Fights,1,REAL_LIFE_VIOLENCE,REAL_LIFE_VIOLENCE/fights/V_180.mp4,16,224
Fights/REAL_LIFE_VIOLENCE_V_19.pt,Fights,1,REAL_LIFE_VIOLENCE,REAL_LIFE_VIOLENCE/fights/V_19.mp4,16,224
Fights/REAL_LIFE_VIOLENCE_V_173.pt,Fights,1,REAL_LIFE_VIOLENCE,REAL_LIFE_VIOLENCE/fights/V_173.mp4,16,224
Fights/REAL_LIFE_VIOLENCE_V_200.pt,Fights,1,REAL_LIFE_VIOLENCE,REAL_LIFE_VIOLENCE/fights/V_200.mp4,16,224
Fights/REAL_LIFE_VIOLENCE_V_2.pt,Fights,1,REAL_LIFE_VIOLENCE,REAL_LIFE_VIOLENCE/fights/V_2.mp4,16,224
Fights/REAL_LIFE_VIOLENCE_V_182.pt,Fights,1,REAL_LIFE_VIOLENCE,REAL_LIFE_VIOLENCE/fights/V_182.mp4,16,224
Fights/REAL_LIFE_VIOLENCE_V_176.pt,Fights,1,REAL_LIFE_VIOLENCE,REAL_LIFE_VIOLENCE/fights/V_176.mp4,16,224
Fights/REAL_LIFE_VIOLENCE_V_171.pt,Fights,1,REAL_LIFE_VIOLENCE,REAL_LIFE_VIOLENCE/fights/V_171.mp4,16,224
Fights/REAL_LIFE_VIOLENCE_V_183.pt,Fights,1,REAL_LIFE_VIOLENCE,REAL_LIFE_VIOLENCE/fights/V_183.mp4,16,224
Fights/REAL_LIFE_VIOLENCE_V_177.pt,Fights,1,REAL_LIFE_VIOLENCE,REAL_LIFE_VIOLENCE/fights/V_177.mp4,16,224
Fights/REAL_LIFE_VIOLENCE_V_188.pt,Fights,1,REAL_LIFE_VIOLENCE,REAL_LIFE_VIOLENCE/fights/V_188.mp4,16,224
Fights/REAL_LIFE_VIOLENCE_V_191.pt,Fights,1,REAL_LIFE_VIOLENCE,REAL_LIFE_VIOLENCE/fights/V_191.mp4,16,224
Fights/REAL_LIFE_VIOLENCE_V_181.pt,Fights,1,REAL_LIFE_VIOLENCE,REAL_LIFE_VIOLENCE/fights/V_181.mp4,16,224
Fights/REAL_LIFE_VIOLENCE_V_185.pt,Fights,1,REAL_LIFE_VIOLENCE,REAL_LIFE_VIOLENCE/fights/V_185.mp4,16,224
Fights/REAL_LIFE_VIOLENCE_V_189.pt,Fights,1,REAL_LIFE_VIOLENCE,REAL_LIFE_VIOLENCE/fights/V_189.mp4,16,224
Fights/REAL_LIFE_VIOLENCE_V_20.pt,Fights,1,REAL_LIFE_VIOLENCE,REAL_LIFE_VIOLENCE/fights/V_20.mp4,16,224
Fights/REAL_LIFE_VIOLENCE_V_172.pt,Fights,1,REAL_LIFE_VIOLENCE,REAL_LIFE_VIOLENCE/fights/V_172.mp4,16,224
Fights/REAL_LIFE_VIOLENCE_V_179.pt,Fights,1,REAL_LIFE_VIOLENCE,REAL_LIFE_VIOLENCE/fights/V_179.mp4,16,224
Fights/REAL_LIFE_VIOLENCE_V_18.pt,Fights,1,REAL_LIFE_VIOLENCE,REAL_LIFE_VIOLENCE/fights/V_18.mp4,16,224
Fights/REAL_LIFE_VIOLENCE_V_175.pt,Fights,1,REAL_LIFE_VIOLENCE,REAL_LIFE_VIOLENCE/fights/V_175.mp4,16,224
Fights/REAL_LIFE_VIOLENCE_V_186.pt,Fights,1,REAL_LIFE_VIOLENCE,REAL_LIFE_VIOLENCE/fights/V_186.mp4,16,224
Fights/REAL_LIFE_VIOLENCE_V_199.pt,Fights,1,REAL_LIFE_VIOLENCE,REAL_LIFE_VIOLENCE/fights/V_199.mp4,16,224
Fights/REAL_LIFE_VIOLENCE_V_208.pt,Fights,1,REAL_LIFE_VIOLENCE,REAL_LIFE_VIOLENCE/fights/V_208.mp4,16,224
Fights/REAL_LIFE_VIOLENCE_V_212.pt,Fights,1,REAL_LIFE_VIOLENCE,REAL_LIFE_VIOLENCE/fights/V_212.mp4,16,224
Fights/REAL_LIFE_VIOLENCE_V_218.pt,Fights,1,REAL_LIFE_VIOLENCE,REAL_LIFE_VIOLENCE/fights/V_218.mp4,16,224
Fights/REAL_LIFE_VIOLENCE_V_216.pt,Fights,1,REAL_LIFE_VIOLENCE,REAL_LIFE_VIOLENCE/fights/V_216.mp4,16,224
Fights/REAL_LIFE_VIOLENCE_V_202.pt,Fights,1,REAL_LIFE_VIOLENCE,REAL_LIFE_VIOLENCE/fights/V_202.mp4,16,224
Fights/REAL_LIFE_VIOLENCE_V_211.pt,Fights,1,REAL_LIFE_VIOLENCE,REAL_LIFE_VIOLENCE/fights/V_211.mp4,16,224
Fights/REAL_LIFE_VIOLENCE_V_210.pt,Fights,1,REAL_LIFE_VIOLENCE,REAL_LIFE_VIOLENCE/fights/V_210.mp4,16,224
Fights/REAL_LIFE_VIOLENCE_V_22.pt,Fights,1,REAL_LIFE_VIOLENCE,REAL_LIFE_VIOLENCE/fights/V_22.mp4,16,224
Fights/REAL_LIFE_VIOLENCE_V_201.pt,Fights,1,REAL_LIFE_VIOLENCE,REAL_LIFE_VIOLENCE/fights/V_201.mp4,16,224
Fights/REAL_LIFE_VIOLENCE_V_205.pt,Fights,1,REAL_LIFE_VIOLENCE,REAL_LIFE_VIOLENCE/fights/V_205.mp4,16,224
Fights/REAL_LIFE_VIOLENCE_V_220.pt,Fights,1,REAL_LIFE_VIOLENCE,REAL_LIFE_VIOLENCE/fights/V_220.mp4,16,224
Fights/REAL_LIFE_VIOLENCE_V_213.pt,Fights,1,REAL_LIFE_VIOLENCE,REAL_LIFE_VIOLENCE/fights/V_213.mp4,16,224
Fights/REAL_LIFE_VIOLENCE_V_207.pt,Fights,1,REAL_LIFE_VIOLENCE,REAL_LIFE_VIOLENCE/fights/V_207.mp4,16,224
Fights/REAL_LIFE_VIOLENCE_V_206.pt,Fights,1,REAL_LIFE_VIOLENCE,REAL_LIFE_VIOLENCE/fights/V_206.mp4,16,224
Fights/REAL_LIFE_VIOLENCE_V_21.pt,Fights,1,REAL_LIFE_VIOLENCE,REAL_LIFE_VIOLENCE/fights/V_21.mp4,16,224
Fights/REAL_LIFE_VIOLENCE_V_215.pt,Fights,1,REAL_LIFE_VIOLENCE,REAL_LIFE_VIOLENCE/fights/V_215.mp4,16,224
Fights/REAL_LIFE_VIOLENCE_V_217.pt,Fights,1,REAL_LIFE_VIOLENCE,REAL_LIFE_VIOLENCE/fights/V_217.mp4,16,224
Fights/REAL_LIFE_VIOLENCE_V_204.pt,Fights,1,REAL_LIFE_VIOLENCE,REAL_LIFE_VIOLENCE/fights/V_204.mp4,16,224
Fights/REAL_LIFE_VIOLENCE_V_221.pt,Fights,1,REAL_LIFE_VIOLENCE,REAL_LIFE_VIOLENCE/fights/V_221.mp4,16,224
Fights/REAL_LIFE_VIOLENCE_V_209.pt,Fights,1,REAL_LIFE_VIOLENCE,REAL_LIFE_VIOLENCE/fights/V_209.mp4,16,224
Fights/REAL_LIFE_VIOLENCE_V_219.pt,Fights,1,REAL_LIFE_VIOLENCE,REAL_LIFE_VIOLENCE/fights/V_219.mp4,16,224
Fights/REAL_LIFE_VIOLENCE_V_214.pt,Fights,1,REAL_LIFE_VIOLENCE,REAL_LIFE_VIOLENCE/fights/V_214.mp4,16,224
Fights/REAL_LIFE_VIOLENCE_V_203.pt,Fights,1,REAL_LIFE_VIOLENCE,REAL_LIFE_VIOLENCE/fights/V_203.mp4,16,224
Fights/REAL_LIFE_VIOLENCE_V_223.pt,Fights,1,REAL_LIFE_VIOLENCE,REAL_LIFE_VIOLENCE/fights/V_223.mp4,16,224
Fights/REAL_LIFE_VIOLENCE_V_234.pt,Fights,1,REAL_LIFE_VIOLENCE,REAL_LIFE_VIOLENCE/fights/V_234.mp4,16,224
Fights/REAL_LIFE_VIOLENCE_V_235.pt,Fights,1,REAL_LIFE_VIOLENCE,REAL_LIFE_VIOLENCE/fights/V_235.mp4,16,224
Fights/REAL_LIFE_VIOLENCE_V_230.pt,Fights,1,REAL_LIFE_VIOLENCE,REAL_LIFE_VIOLENCE/fights/V_230.mp4,16,224
Fights/REAL_LIFE_VIOLENCE_V_233.pt,Fights,1,REAL_LIFE_VIOLENCE,REAL_LIFE_VIOLENCE/fights/V_233.mp4,16,224
Fights/REAL_LIFE_VIOLENCE_V_23.pt,Fights,1,REAL_LIFE_VIOLENCE,REAL_LIFE_VIOLENCE/fights/V_23.mp4,16,224
Fights/REAL_LIFE_VIOLENCE_V_224.pt,Fights,1,REAL_LIFE_VIOLENCE,REAL_LIFE_VIOLENCE/fights/V_224.mp4,16,224
Fights/REAL_LIFE_VIOLENCE_V_225.pt,Fights,1,REAL_LIFE_VIOLENCE,REAL_LIFE_VIOLENCE/fights/V_225.mp4,16,224
Fights/REAL_LIFE_VIOLENCE_V_231.pt,Fights,1,REAL_LIFE_VIOLENCE,REAL_LIFE_VIOLENCE/fights/V_231.mp4,16,224
Fights/REAL_LIFE_VIOLENCE_V_236.pt,Fights,1,REAL_LIFE_VIOLENCE,REAL_LIFE_VIOLENCE/fights/V_236.mp4,16,224
Fights/REAL_LIFE_VIOLENCE_V_227.pt,Fights,1,REAL_LIFE_VIOLENCE,REAL_LIFE_VIOLENCE/fights/V_227.mp4,16,224
Fights/REAL_LIFE_VIOLENCE_V_226.pt,Fights,1,REAL_LIFE_VIOLENCE,REAL_LIFE_VIOLENCE/fights/V_226.mp4,16,224
Fights/REAL_LIFE_VIOLENCE_V_229.pt,Fights,1,REAL_LIFE_VIOLENCE,REAL_LIFE_VIOLENCE/fights/V_229.mp4,16,224
Fights/REAL_LIFE_VIOLENCE_V_228.pt,Fights,1,REAL_LIFE_VIOLENCE,REAL_LIFE_VIOLENCE/fights/V_228.mp4,16,224
Fights/REAL_LIFE_VIOLENCE_V_232.pt,Fights,1,REAL_LIFE_VIOLENCE,REAL_LIFE_VIOLENCE/fights/V_232.mp4,16,224
Fights/REAL_LIFE_VIOLENCE_V_222.pt,Fights,1,REAL_LIFE_VIOLENCE,REAL_LIFE_VIOLENCE/fights/V_222.mp4,16,224
Fights/REAL_LIFE_VIOLENCE_V_242.pt,Fights,1,REAL_LIFE_VIOLENCE,REAL_LIFE_VIOLENCE/fights/V_242.mp4,16,224
Fights/REAL_LIFE_VIOLENCE_V_250.pt,Fights,1,REAL_LIFE_VIOLENCE,REAL_LIFE_VIOLENCE/fights/V_250.mp4,16,224
Fights/REAL_LIFE_VIOLENCE_V_238.pt,Fights,1,REAL_LIFE_VIOLENCE,REAL_LIFE_VIOLENCE/fights/V_238.mp4,16,224
Fights/REAL_LIFE_VIOLENCE_V_252.pt,Fights,1,REAL_LIFE_VIOLENCE,REAL_LIFE_VIOLENCE/fights/V_252.mp4,16,224
Fights/REAL_LIFE_VIOLENCE_V_240.pt,Fights,1,REAL_LIFE_VIOLENCE,REAL_LIFE_VIOLENCE/fights/V_240.mp4,16,224
Fights/REAL_LIFE_VIOLENCE_V_246.pt,Fights,1,REAL_LIFE_VIOLENCE,REAL_LIFE_VIOLENCE/fights/V_246.mp4,16,224
Fights/REAL_LIFE_VIOLENCE_V_244.pt,Fights,1,REAL_LIFE_VIOLENCE,REAL_LIFE_VIOLENCE/fights/V_244.mp4,16,224
Fights/REAL_LIFE_VIOLENCE_V_243.pt,Fights,1,REAL_LIFE_VIOLENCE,REAL_LIFE_VIOLENCE/fights/V_243.mp4,16,224
Fights/REAL_LIFE_VIOLENCE_V_237.pt,Fights,1,REAL_LIFE_VIOLENCE,REAL_LIFE_VIOLENCE/fights/V_237.mp4,16,224
Fights/REAL_LIFE_VIOLENCE_V_251.pt,Fights,1,REAL_LIFE_VIOLENCE,REAL_LIFE_VIOLENCE/fights/V_251.mp4,16,224
Fights/REAL_LIFE_VIOLENCE_V_25.pt,Fights,1,REAL_LIFE_VIOLENCE,REAL_LIFE_VIOLENCE/fights/V_25.mp4,16,224
Fights/REAL_LIFE_VIOLENCE_V_241.pt,Fights,1,REAL_LIFE_VIOLENCE,REAL_LIFE_VIOLENCE/fights/V_241.mp4,16,224
Fights/REAL_LIFE_VIOLENCE_V_249.pt,Fights,1,REAL_LIFE_VIOLENCE,REAL_LIFE_VIOLENCE/fights/V_249.mp4,16,224
Fights/REAL_LIFE_VIOLENCE_V_248.pt,Fights,1,REAL_LIFE_VIOLENCE,REAL_LIFE_VIOLENCE/fights/V_248.mp4,16,224
Fights/REAL_LIFE_VIOLENCE_V_24.pt,Fights,1,REAL_LIFE_VIOLENCE,REAL_LIFE_VIOLENCE/fights/V_24.mp4,16,224
Fights/REAL_LIFE_VIOLENCE_V_239.pt,Fights,1,REAL_LIFE_VIOLENCE,REAL_LIFE_VIOLENCE/fights/V_239.mp4,16,224
Fights/REAL_LIFE_VIOLENCE_V_247.pt,Fights,1,REAL_LIFE_VIOLENCE,REAL_LIFE_VIOLENCE/fights/V_247.mp4,16,224
Fights/REAL_LIFE_VIOLENCE_V_245.pt,Fights,1,REAL_LIFE_VIOLENCE,REAL_LIFE_VIOLENCE/fights/V_245.mp4,16,224
Fights/REAL_LIFE_VIOLENCE_V_253.pt,Fights,1,REAL_LIFE_VIOLENCE,REAL_LIFE_VIOLENCE/fights/V_253.mp4,16,224
Fights/REAL_LIFE_VIOLENCE_V_261.pt,Fights,1,REAL_LIFE_VIOLENCE,REAL_LIFE_VIOLENCE/fights/V_261.mp4,16,224
Fights/REAL_LIFE_VIOLENCE_V_276.pt,Fights,1,REAL_LIFE_VIOLENCE,REAL_LIFE_VIOLENCE/fights/V_276.mp4,16,224
Fights/REAL_LIFE_VIOLENCE_V_275.pt,Fights,1,REAL_LIFE_VIOLENCE,REAL_LIFE_VIOLENCE/fights/V_275.mp4,16,224
Fights/REAL_LIFE_VIOLENCE_V_271.pt,Fights,1,REAL_LIFE_VIOLENCE,REAL_LIFE_VIOLENCE/fights/V_271.mp4,16,224
Fights/REAL_LIFE_VIOLENCE_V_255.pt,Fights,1,REAL_LIFE_VIOLENCE,REAL_LIFE_VIOLENCE/fights/V_255.mp4,16,224
Fights/REAL_LIFE_VIOLENCE_V_272.pt,Fights,1,REAL_LIFE_VIOLENCE,REAL_LIFE_VIOLENCE/fights/V_272.mp4,16,224
Fights/REAL_LIFE_VIOLENCE_V_270.pt,Fights,1,REAL_LIFE_VIOLENCE,REAL_LIFE_VIOLENCE/fights/V_270.mp4,16,224
Fights/REAL_LIFE_VIOLENCE_V_273.pt,Fights,1,REAL_LIFE_VIOLENCE,REAL_LIFE_VIOLENCE/fights/V_273.mp4,16,224
Fights/REAL_LIFE_VIOLENCE_V_268.pt,Fights,1,REAL_LIFE_VIOLENCE,REAL_LIFE_VIOLENCE/fights/V_268.mp4,16,224
Fights/REAL_LIFE_VIOLENCE_V_262.pt,Fights,1,REAL_LIFE_VIOLENCE,REAL_LIFE_VIOLENCE/fights/V_262.mp4,16,224
Fights/REAL_LIFE_VIOLENCE_V_263.pt,Fights,1,REAL_LIFE_VIOLENCE,REAL_LIFE_VIOLENCE/fights/V_263.mp4,16,224
Fights/REAL_LIFE_VIOLENCE_V_27.pt,Fights,1,REAL_LIFE_VIOLENCE,REAL_LIFE_VIOLENCE/fights/V_27.mp4,16,224
Fights/REAL_LIFE_VIOLENCE_V_258.pt,Fights,1,REAL_LIFE_VIOLENCE,REAL_LIFE_VIOLENCE/fights/V_258.mp4,16,224
Fights/REAL_LIFE_VIOLENCE_V_274.pt,Fights,1,REAL_LIFE_VIOLENCE,REAL_LIFE_VIOLENCE/fights/V_274.mp4,16,224
Fights/REAL_LIFE_VIOLENCE_V_257.pt,Fights,1,REAL_LIFE_VIOLENCE,REAL_LIFE_VIOLENCE/fights/V_257.mp4,16,224
Fights/REAL_LIFE_VIOLENCE_V_269.pt,Fights,1,REAL_LIFE_VIOLENCE,REAL_LIFE_VIOLENCE/fights/V_269.mp4,16,224
Fights/REAL_LIFE_VIOLENCE_V_256.pt,Fights,1,REAL_LIFE_VIOLENCE,REAL_LIFE_VIOLENCE/fights/V_256.mp4,16,224
Fights/REAL_LIFE_VIOLENCE_V_264.pt,Fights,1,REAL_LIFE_VIOLENCE,REAL_LIFE_VIOLENCE/fights/V_264.mp4,16,224
Fights/REAL_LIFE_VIOLENCE_V_254.pt,Fights,1,REAL_LIFE_VIOLENCE,REAL_LIFE_VIOLENCE/fights/V_254.mp4,16,224
Fights/REAL_LIFE_VIOLENCE_V_277.pt,Fights,1,REAL_LIFE_VIOLENCE,REAL_LIFE_VIOLENCE/fights/V_277.mp4,16,224
Fights/REAL_LIFE_VIOLENCE_V_265.pt,Fights,1,REAL_LIFE_VIOLENCE,REAL_LIFE_VIOLENCE/fights/V_265.mp4,16,224
Fights/REAL_LIFE_VIOLENCE_V_26.pt,Fights,1,REAL_LIFE_VIOLENCE,REAL_LIFE_VIOLENCE/fights/V_26.mp4,16,224
Fights/REAL_LIFE_VIOLENCE_V_260.pt,Fights,1,REAL_LIFE_VIOLENCE,REAL_LIFE_VIOLENCE/fights/V_260.mp4,16,224
Fights/REAL_LIFE_VIOLENCE_V_259.pt,Fights,1,REAL_LIFE_VIOLENCE,REAL_LIFE_VIOLENCE/fights/V_259.mp4,16,224
Fights/REAL_LIFE_VIOLENCE_V_266.pt,Fights,1,REAL_LIFE_VIOLENCE,REAL_LIFE_VIOLENCE/fights/V_266.mp4,16,224
Fights/REAL_LIFE_VIOLENCE_V_267.pt,Fights,1,REAL_LIFE_VIOLENCE,REAL_LIFE_VIOLENCE/fights/V_267.mp4,16,224
Fights/REAL_LIFE_VIOLENCE_V_281.pt,Fights,1,REAL_LIFE_VIOLENCE,REAL_LIFE_VIOLENCE/fights/V_281.mp4,16,224
Fights/REAL_LIFE_VIOLENCE_V_28.pt,Fights,1,REAL_LIFE_VIOLENCE,REAL_LIFE_VIOLENCE/fights/V_28.mp4,16,224
Fights/REAL_LIFE_VIOLENCE_V_285.pt,Fights,1,REAL_LIFE_VIOLENCE,REAL_LIFE_VIOLENCE/fights/V_285.mp4,16,224
Fights/REAL_LIFE_VIOLENCE_V_280.pt,Fights,1,REAL_LIFE_VIOLENCE,REAL_LIFE_VIOLENCE/fights/V_280.mp4,16,224
Fights/REAL_LIFE_VIOLENCE_V_279.pt,Fights,1,REAL_LIFE_VIOLENCE,REAL_LIFE_VIOLENCE/fights/V_279.mp4,16,224
Fights/REAL_LIFE_VIOLENCE_V_283.pt,Fights,1,REAL_LIFE_VIOLENCE,REAL_LIFE_VIOLENCE/fights/V_283.mp4,16,224
Fights/REAL_LIFE_VIOLENCE_V_282.pt,Fights,1,REAL_LIFE_VIOLENCE,REAL_LIFE_VIOLENCE/fights/V_282.mp4,16,224
Fights/REAL_LIFE_VIOLENCE_V_278.pt,Fights,1,REAL_LIFE_VIOLENCE,REAL_LIFE_VIOLENCE/fights/V_278.mp4,16,224
Fights/REAL_LIFE_VIOLENCE_V_284.pt,Fights,1,REAL_LIFE_VIOLENCE,REAL_LIFE_VIOLENCE/fights/V_284.mp4,16,224
Fights/REAL_LIFE_VIOLENCE_V_290.pt,Fights,1,REAL_LIFE_VIOLENCE,REAL_LIFE_VIOLENCE/fights/V_290.mp4,16,224
Fights/REAL_LIFE_VIOLENCE_V_286.pt,Fights,1,REAL_LIFE_VIOLENCE,REAL_LIFE_VIOLENCE/fights/V_286.mp4,16,224
Fights/REAL_LIFE_VIOLENCE_V_29.pt,Fights,1,REAL_LIFE_VIOLENCE,REAL_LIFE_VIOLENCE/fights/V_29.mp4,16,224
Fights/REAL_LIFE_VIOLENCE_V_293.pt,Fights,1,REAL_LIFE_VIOLENCE,REAL_LIFE_VIOLENCE/fights/V_293.mp4,16,224
Fights/REAL_LIFE_VIOLENCE_V_289.pt,Fights,1,REAL_LIFE_VIOLENCE,REAL_LIFE_VIOLENCE/fights/V_289.mp4,16,224
Fights/REAL_LIFE_VIOLENCE_V_292.pt,Fights,1,REAL_LIFE_VIOLENCE,REAL_LIFE_VIOLENCE/fights/V_292.mp4,16,224
Fights/REAL_LIFE_VIOLENCE_V_291.pt,Fights,1,REAL_LIFE_VIOLENCE,REAL_LIFE_VIOLENCE/fights/V_291.mp4,16,224
Fights/REAL_LIFE_VIOLENCE_V_287.pt,Fights,1,REAL_LIFE_VIOLENCE,REAL_LIFE_VIOLENCE/fights/V_287.mp4,16,224
Fights/REAL_LIFE_VIOLENCE_V_288.pt,Fights,1,REAL_LIFE_VIOLENCE,REAL_LIFE_VIOLENCE/fights/V_288.mp4,16,224
Fights/REAL_LIFE_VIOLENCE_V_3.pt,Fights,1,REAL_LIFE_VIOLENCE,REAL_LIFE_VIOLENCE/fights/V_3.mp4,16,224
Fights/REAL_LIFE_VIOLENCE_V_296.pt,Fights,1,REAL_LIFE_VIOLENCE,REAL_LIFE_VIOLENCE/fights/V_296.mp4,16,224
Fights/REAL_LIFE_VIOLENCE_V_298.pt,Fights,1,REAL_LIFE_VIOLENCE,REAL_LIFE_VIOLENCE/fights/V_298.mp4,16,224
Fights/REAL_LIFE_VIOLENCE_V_297.pt,Fights,1,REAL_LIFE_VIOLENCE,REAL_LIFE_VIOLENCE/fights/V_297.mp4,16,224
Fights/REAL_LIFE_VIOLENCE_V_30.pt,Fights,1,REAL_LIFE_VIOLENCE,REAL_LIFE_VIOLENCE/fights/V_30.mp4,16,224
Fights/REAL_LIFE_VIOLENCE_V_294.pt,Fights,1,REAL_LIFE_VIOLENCE,REAL_LIFE_VIOLENCE/fights/V_294.mp4,16,224
Fights/REAL_LIFE_VIOLENCE_V_295.pt,Fights,1,REAL_LIFE_VIOLENCE,REAL_LIFE_VIOLENCE/fights/V_295.mp4,16,224
Fights/REAL_LIFE_VIOLENCE_V_299.pt,Fights,1,REAL_LIFE_VIOLENCE,REAL_LIFE_VIOLENCE/fights/V_299.mp4,16,224
Fights/REAL_LIFE_VIOLENCE_V_306.pt,Fights,1,REAL_LIFE_VIOLENCE,REAL_LIFE_VIOLENCE/fights/V_306.mp4,16,224
Fights/REAL_LIFE_VIOLENCE_V_307.pt,Fights,1,REAL_LIFE_VIOLENCE,REAL_LIFE_VIOLENCE/fights/V_307.mp4,16,224
Fights/REAL_LIFE_VIOLENCE_V_304.pt,Fights,1,REAL_LIFE_VIOLENCE,REAL_LIFE_VIOLENCE/fights/V_304.mp4,16,224
Fights/REAL_LIFE_VIOLENCE_V_300.pt,Fights,1,REAL_LIFE_VIOLENCE,REAL_LIFE_VIOLENCE/fights/V_300.mp4,16,224
Fights/REAL_LIFE_VIOLENCE_V_305.pt,Fights,1,REAL_LIFE_VIOLENCE,REAL_LIFE_VIOLENCE/fights/V_305.mp4,16,224
Fights/REAL_LIFE_VIOLENCE_V_302.pt,Fights,1,REAL_LIFE_VIOLENCE,REAL_LIFE_VIOLENCE/fights/V_302.mp4,16,224
Fights/REAL_LIFE_VIOLENCE_V_301.pt,Fights,1,REAL_LIFE_VIOLENCE,REAL_LIFE_VIOLENCE/fights/V_301.mp4,16,224
Fights/REAL_LIFE_VIOLENCE_V_303.pt,Fights,1,REAL_LIFE_VIOLENCE,REAL_LIFE_VIOLENCE/fights/V_303.mp4,16,224
Fights/REAL_LIFE_VIOLENCE_V_314.pt,Fights,1,REAL_LIFE_VIOLENCE,REAL_LIFE_VIOLENCE/fights/V_314.mp4,16,224
Fights/REAL_LIFE_VIOLENCE_V_312.pt,Fights,1,REAL_LIFE_VIOLENCE,REAL_LIFE_VIOLENCE/fights/V_312.mp4,16,224
Fights/REAL_LIFE_VIOLENCE_V_313.pt,Fights,1,REAL_LIFE_VIOLENCE,REAL_LIFE_VIOLENCE/fights/V_313.mp4,16,224
Fights/REAL_LIFE_VIOLENCE_V_311.pt,Fights,1,REAL_LIFE_VIOLENCE,REAL_LIFE_VIOLENCE/fights/V_311.mp4,16,224
Fights/REAL_LIFE_VIOLENCE_V_31.pt,Fights,1,REAL_LIFE_VIOLENCE,REAL_LIFE_VIOLENCE/fights/V_31.mp4,16,224
Fights/REAL_LIFE_VIOLENCE_V_308.pt,Fights,1,REAL_LIFE_VIOLENCE,REAL_LIFE_VIOLENCE/fights/V_308.mp4,16,224
Fights/REAL_LIFE_VIOLENCE_V_310.pt,Fights,1,REAL_LIFE_VIOLENCE,REAL_LIFE_VIOLENCE/fights/V_310.mp4,16,224
Fights/REAL_LIFE_VIOLENCE_V_309.pt,Fights,1,REAL_LIFE_VIOLENCE,REAL_LIFE_VIOLENCE/fights/V_309.mp4,16,224
Fights/REAL_LIFE_VIOLENCE_V_315.pt,Fights,1,REAL_LIFE_VIOLENCE,REAL_LIFE_VIOLENCE/fights/V_315.mp4,16,224
Fights/REAL_LIFE_VIOLENCE_V_319.pt,Fights,1,REAL_LIFE_VIOLENCE,REAL_LIFE_VIOLENCE/fights/V_319.mp4,16,224
Fights/REAL_LIFE_VIOLENCE_V_322.pt,Fights,1,REAL_LIFE_VIOLENCE,REAL_LIFE_VIOLENCE/fights/V_322.mp4,16,224
Fights/REAL_LIFE_VIOLENCE_V_32.pt,Fights,1,REAL_LIFE_VIOLENCE,REAL_LIFE_VIOLENCE/fights/V_32.mp4,16,224
Fights/REAL_LIFE_VIOLENCE_V_317.pt,Fights,1,REAL_LIFE_VIOLENCE,REAL_LIFE_VIOLENCE/fights/V_317.mp4,16,224
Fights/REAL_LIFE_VIOLENCE_V_321.pt,Fights,1,REAL_LIFE_VIOLENCE,REAL_LIFE_VIOLENCE/fights/V_321.mp4,16,224
Fights/REAL_LIFE_VIOLENCE_V_318.pt,Fights,1,REAL_LIFE_VIOLENCE,REAL_LIFE_VIOLENCE/fights/V_318.mp4,16,224
Fights/REAL_LIFE_VIOLENCE_V_316.pt,Fights,1,REAL_LIFE_VIOLENCE,REAL_LIFE_VIOLENCE/fights/V_316.mp4,16,224
Fights/REAL_LIFE_VIOLENCE_V_320.pt,Fights,1,REAL_LIFE_VIOLENCE,REAL_LIFE_VIOLENCE/fights/V_320.mp4,16,224
Fights/REAL_LIFE_VIOLENCE_V_33.pt,Fights,1,REAL_LIFE_VIOLENCE,REAL_LIFE_VIOLENCE/fights/V_33.mp4,16,224
Fights/REAL_LIFE_VIOLENCE_V_330.pt,Fights,1,REAL_LIFE_VIOLENCE,REAL_LIFE_VIOLENCE/fights/V_330.mp4,16,224
Fights/REAL_LIFE_VIOLENCE_V_323.pt,Fights,1,REAL_LIFE_VIOLENCE,REAL_LIFE_VIOLENCE/fights/V_323.mp4,16,224
Fights/REAL_LIFE_VIOLENCE_V_326.pt,Fights,1,REAL_LIFE_VIOLENCE,REAL_LIFE_VIOLENCE/fights/V_326.mp4,16,224
Fights/REAL_LIFE_VIOLENCE_V_325.pt,Fights,1,REAL_LIFE_VIOLENCE,REAL_LIFE_VIOLENCE/fights/V_325.mp4,16,224
Fights/REAL_LIFE_VIOLENCE_V_328.pt,Fights,1,REAL_LIFE_VIOLENCE,REAL_LIFE_VIOLENCE/fights/V_328.mp4,16,224
Fights/REAL_LIFE_VIOLENCE_V_324.pt,Fights,1,REAL_LIFE_VIOLENCE,REAL_LIFE_VIOLENCE/fights/V_324.mp4,16,224
Fights/REAL_LIFE_VIOLENCE_V_329.pt,Fights,1,REAL_LIFE_VIOLENCE,REAL_LIFE_VIOLENCE/fights/V_329.mp4,16,224
Fights/REAL_LIFE_VIOLENCE_V_327.pt,Fights,1,REAL_LIFE_VIOLENCE,REAL_LIFE_VIOLENCE/fights/V_327.mp4,16,224
Fights/REAL_LIFE_VIOLENCE_V_339.pt,Fights,1,REAL_LIFE_VIOLENCE,REAL_LIFE_VIOLENCE/fights/V_339.mp4,16,224
Fights/REAL_LIFE_VIOLENCE_V_343.pt,Fights,1,REAL_LIFE_VIOLENCE,REAL_LIFE_VIOLENCE/fights/V_343.mp4,16,224
Fights/REAL_LIFE_VIOLENCE_V_35.pt,Fights,1,REAL_LIFE_VIOLENCE,REAL_LIFE_VIOLENCE/fights/V_35.mp4,16,224
Fights/REAL_LIFE_VIOLENCE_V_347.pt,Fights,1,REAL_LIFE_VIOLENCE,REAL_LIFE_VIOLENCE/fights/V_347.mp4,16,224
Fights/REAL_LIFE_VIOLENCE_V_34.pt,Fights,1,REAL_LIFE_VIOLENCE,REAL_LIFE_VIOLENCE/fights/V_34.mp4,16,224
Fights/REAL_LIFE_VIOLENCE_V_353.pt,Fights,1,REAL_LIFE_VIOLENCE,REAL_LIFE_VIOLENCE/fights/V_353.mp4,16,224
Fights/REAL_LIFE_VIOLENCE_V_333.pt,Fights,1,REAL_LIFE_VIOLENCE,REAL_LIFE_VIOLENCE/fights/V_333.mp4,16,224
Fights/REAL_LIFE_VIOLENCE_V_350.pt,Fights,1,REAL_LIFE_VIOLENCE,REAL_LIFE_VIOLENCE/fights/V_350.mp4,16,224
Fights/REAL_LIFE_VIOLENCE_V_341.pt,Fights,1,REAL_LIFE_VIOLENCE,REAL_LIFE_VIOLENCE/fights/V_341.mp4,16,224
Fights/REAL_LIFE_VIOLENCE_V_345.pt,Fights,1,REAL_LIFE_VIOLENCE,REAL_LIFE_VIOLENCE/fights/V_345.mp4,16,224
Fights/REAL_LIFE_VIOLENCE_V_342.pt,Fights,1,REAL_LIFE_VIOLENCE,REAL_LIFE_VIOLENCE/fights/V_342.mp4,16,224
Fights/REAL_LIFE_VIOLENCE_V_349.pt,Fights,1,REAL_LIFE_VIOLENCE,REAL_LIFE_VIOLENCE/fights/V_349.mp4,16,224
Fights/REAL_LIFE_VIOLENCE_V_334.pt,Fights,1,REAL_LIFE_VIOLENCE,REAL_LIFE_VIOLENCE/fights/V_334.mp4,16,224
Fights/REAL_LIFE_VIOLENCE_V_337.pt,Fights,1,REAL_LIFE_VIOLENCE,REAL_LIFE_VIOLENCE/fights/V_337.mp4,16,224
Fights/REAL_LIFE_VIOLENCE_V_332.pt,Fights,1,REAL_LIFE_VIOLENCE,REAL_LIFE_VIOLENCE/fights/V_332.mp4,16,224
Fights/REAL_LIFE_VIOLENCE_V_346.pt,Fights,1,REAL_LIFE_VIOLENCE,REAL_LIFE_VIOLENCE/fights/V_346.mp4,16,224
Fights/REAL_LIFE_VIOLENCE_V_336.pt,Fights,1,REAL_LIFE_VIOLENCE,REAL_LIFE_VIOLENCE/fights/V_336.mp4,16,224
Fights/REAL_LIFE_VIOLENCE_V_335.pt,Fights,1,REAL_LIFE_VIOLENCE,REAL_LIFE_VIOLENCE/fights/V_335.mp4,16,224
Fights/REAL_LIFE_VIOLENCE_V_351.pt,Fights,1,REAL_LIFE_VIOLENCE,REAL_LIFE_VIOLENCE/fights/V_351.mp4,16,224
Fights/REAL_LIFE_VIOLENCE_V_344.pt,Fights,1,REAL_LIFE_VIOLENCE,REAL_LIFE_VIOLENCE/fights/V_344.mp4,16,224
Fights/REAL_LIFE_VIOLENCE_V_340.pt,Fights,1,REAL_LIFE_VIOLENCE,REAL_LIFE_VIOLENCE/fights/V_340.mp4,16,224
Fights/REAL_LIFE_VIOLENCE_V_331.pt,Fights,1,REAL_LIFE_VIOLENCE,REAL_LIFE_VIOLENCE/fights/V_331.mp4,16,224
Fights/REAL_LIFE_VIOLENCE_V_338.pt,Fights,1,REAL_LIFE_VIOLENCE,REAL_LIFE_VIOLENCE/fights/V_338.mp4,16,224
Fights/REAL_LIFE_VIOLENCE_V_354.pt,Fights,1,REAL_LIFE_VIOLENCE,REAL_LIFE_VIOLENCE/fights/V_354.mp4,16,224
Fights/REAL_LIFE_VIOLENCE_V_348.pt,Fights,1,REAL_LIFE_VIOLENCE,REAL_LIFE_VIOLENCE/fights/V_348.mp4,16,224
Fights/REAL_LIFE_VIOLENCE_V_352.pt,Fights,1,REAL_LIFE_VIOLENCE,REAL_LIFE_VIOLENCE/fights/V_352.mp4,16,224
Fights/REAL_LIFE_VIOLENCE_V_360.pt,Fights,1,REAL_LIFE_VIOLENCE,REAL_LIFE_VIOLENCE/fights/V_360.mp4,16,224
Fights/REAL_LIFE_VIOLENCE_V_356.pt,Fights,1,REAL_LIFE_VIOLENCE,REAL_LIFE_VIOLENCE/fights/V_356.mp4,16,224
Fights/REAL_LIFE_VIOLENCE_V_362.pt,Fights,1,REAL_LIFE_VIOLENCE,REAL_LIFE_VIOLENCE/fights/V_362.mp4,16,224
Fights/REAL_LIFE_VIOLENCE_V_355.pt,Fights,1,REAL_LIFE_VIOLENCE,REAL_LIFE_VIOLENCE/fights/V_355.mp4,16,224
Fights/REAL_LIFE_VIOLENCE_V_357.pt,Fights,1,REAL_LIFE_VIOLENCE,REAL_LIFE_VIOLENCE/fights/V_357.mp4,16,224
Fights/REAL_LIFE_VIOLENCE_V_359.pt,Fights,1,REAL_LIFE_VIOLENCE,REAL_LIFE_VIOLENCE/fights/V_359.mp4,16,224
Fights/REAL_LIFE_VIOLENCE_V_361.pt,Fights,1,REAL_LIFE_VIOLENCE,REAL_LIFE_VIOLENCE/fights/V_361.mp4,16,224
Fights/REAL_LIFE_VIOLENCE_V_358.pt,Fights,1,REAL_LIFE_VIOLENCE,REAL_LIFE_VIOLENCE/fights/V_358.mp4,16,224
Fights/REAL_LIFE_VIOLENCE_V_36.pt,Fights,1,REAL_LIFE_VIOLENCE,REAL_LIFE_VIOLENCE/fights/V_36.mp4,16,224
Fights/REAL_LIFE_VIOLENCE_V_363.pt,Fights,1,REAL_LIFE_VIOLENCE,REAL_LIFE_VIOLENCE/fights/V_363.mp4,16,224
Fights/REAL_LIFE_VIOLENCE_V_372.pt,Fights,1,REAL_LIFE_VIOLENCE,REAL_LIFE_VIOLENCE/fights/V_372.mp4,16,224
Fights/REAL_LIFE_VIOLENCE_V_364.pt,Fights,1,REAL_LIFE_VIOLENCE,REAL_LIFE_VIOLENCE/fights/V_364.mp4,16,224
Fights/REAL_LIFE_VIOLENCE_V_365.pt,Fights,1,REAL_LIFE_VIOLENCE,REAL_LIFE_VIOLENCE/fights/V_365.mp4,16,224
Fights/REAL_LIFE_VIOLENCE_V_373.pt,Fights,1,REAL_LIFE_VIOLENCE,REAL_LIFE_VIOLENCE/fights/V_373.mp4,16,224
Fights/REAL_LIFE_VIOLENCE_V_367.pt,Fights,1,REAL_LIFE_VIOLENCE,REAL_LIFE_VIOLENCE/fights/V_367.mp4,16,224
Fights/REAL_LIFE_VIOLENCE_V_371.pt,Fights,1,REAL_LIFE_VIOLENCE,REAL_LIFE_VIOLENCE/fights/V_371.mp4,16,224
Fights/REAL_LIFE_VIOLENCE_V_370.pt,Fights,1,REAL_LIFE_VIOLENCE,REAL_LIFE_VIOLENCE/fights/V_370.mp4,16,224
Fights/REAL_LIFE_VIOLENCE_V_368.pt,Fights,1,REAL_LIFE_VIOLENCE,REAL_LIFE_VIOLENCE/fights/V_368.mp4,16,224
Fights/REAL_LIFE_VIOLENCE_V_37.pt,Fights,1,REAL_LIFE_VIOLENCE,REAL_LIFE_VIOLENCE/fights/V_37.mp4,16,224
Fights/REAL_LIFE_VIOLENCE_V_369.pt,Fights,1,REAL_LIFE_VIOLENCE,REAL_LIFE_VIOLENCE/fights/V_369.mp4,16,224
Fights/REAL_LIFE_VIOLENCE_V_366.pt,Fights,1,REAL_LIFE_VIOLENCE,REAL_LIFE_VIOLENCE/fights/V_366.mp4,16,224
Fights/REAL_LIFE_VIOLENCE_V_374.pt,Fights,1,REAL_LIFE_VIOLENCE,REAL_LIFE_VIOLENCE/fights/V_374.mp4,16,224
Fights/REAL_LIFE_VIOLENCE_V_384.pt,Fights,1,REAL_LIFE_VIOLENCE,REAL_LIFE_VIOLENCE/fights/V_384.mp4,16,224
Fights/REAL_LIFE_VIOLENCE_V_383.pt,Fights,1,REAL_LIFE_VIOLENCE,REAL_LIFE_VIOLENCE/fights/V_383.mp4,16,224
Fights/REAL_LIFE_VIOLENCE_V_386.pt,Fights,1,REAL_LIFE_VIOLENCE,REAL_LIFE_VIOLENCE/fights/V_386.mp4,16,224
Fights/REAL_LIFE_VIOLENCE_V_38.pt,Fights,1,REAL_LIFE_VIOLENCE,REAL_LIFE_VIOLENCE/fights/V_38.mp4,16,224
Fights/REAL_LIFE_VIOLENCE_V_387.pt,Fights,1,REAL_LIFE_VIOLENCE,REAL_LIFE_VIOLENCE/fights/V_387.mp4,16,224
Fights/REAL_LIFE_VIOLENCE_V_381.pt,Fights,1,REAL_LIFE_VIOLENCE,REAL_LIFE_VIOLENCE/fights/V_381.mp4,16,224
Fights/REAL_LIFE_VIOLENCE_V_385.pt,Fights,1,REAL_LIFE_VIOLENCE,REAL_LIFE_VIOLENCE/fights/V_385.mp4,16,224
Fights/REAL_LIFE_VIOLENCE_V_382.pt,Fights,1,REAL_LIFE_VIOLENCE,REAL_LIFE_VIOLENCE/fights/V_382.mp4,16,224
Fights/REAL_LIFE_VIOLENCE_V_380.pt,Fights,1,REAL_LIFE_VIOLENCE,REAL_LIFE_VIOLENCE/fights/V_380.mp4,16,224
Fights/REAL_LIFE_VIOLENCE_V_377.pt,Fights,1,REAL_LIFE_VIOLENCE,REAL_LIFE_VIOLENCE/fights/V_377.mp4,16,224
Fights/REAL_LIFE_VIOLENCE_V_379.pt,Fights,1,REAL_LIFE_VIOLENCE,REAL_LIFE_VIOLENCE/fights/V_379.mp4,16,224
Fights/REAL_LIFE_VIOLENCE_V_376.pt,Fights,1,REAL_LIFE_VIOLENCE,REAL_LIFE_VIOLENCE/fights/V_376.mp4,16,224
Fights/REAL_LIFE_VIOLENCE_V_378.pt,Fights,1,REAL_LIFE_VIOLENCE,REAL_LIFE_VIOLENCE/fights/V_378.mp4,16,224
Fights/REAL_LIFE_VIOLENCE_V_375.pt,Fights,1,REAL_LIFE_VIOLENCE,REAL_LIFE_VIOLENCE/fights/V_375.mp4,16,224
Fights/REAL_LIFE_VIOLENCE_V_394.pt,Fights,1,REAL_LIFE_VIOLENCE,REAL_LIFE_VIOLENCE/fights/V_394.mp4,16,224
Fights/REAL_LIFE_VIOLENCE_V_388.pt,Fights,1,REAL_LIFE_VIOLENCE,REAL_LIFE_VIOLENCE/fights/V_388.mp4,16,224
Fights/REAL_LIFE_VIOLENCE_V_396.pt,Fights,1,REAL_LIFE_VIOLENCE,REAL_LIFE_VIOLENCE/fights/V_396.mp4,16,224
Fights/REAL_LIFE_VIOLENCE_V_397.pt,Fights,1,REAL_LIFE_VIOLENCE,REAL_LIFE_VIOLENCE/fights/V_397.mp4,16,224
Fights/REAL_LIFE_VIOLENCE_V_391.pt,Fights,1,REAL_LIFE_VIOLENCE,REAL_LIFE_VIOLENCE/fights/V_391.mp4,16,224
Fights/REAL_LIFE_VIOLENCE_V_390.pt,Fights,1,REAL_LIFE_VIOLENCE,REAL_LIFE_VIOLENCE/fights/V_390.mp4,16,224
Fights/REAL_LIFE_VIOLENCE_V_395.pt,Fights,1,REAL_LIFE_VIOLENCE,REAL_LIFE_VIOLENCE/fights/V_395.mp4,16,224
Fights/REAL_LIFE_VIOLENCE_V_389.pt,Fights,1,REAL_LIFE_VIOLENCE,REAL_LIFE_VIOLENCE/fights/V_389.mp4,16,224
Fights/REAL_LIFE_VIOLENCE_V_39.pt,Fights,1,REAL_LIFE_VIOLENCE,REAL_LIFE_VIOLENCE/fights/V_39.mp4,16,224
Fights/REAL_LIFE_VIOLENCE_V_393.pt,Fights,1,REAL_LIFE_VIOLENCE,REAL_LIFE_VIOLENCE/fights/V_393.mp4,16,224
Fights/REAL_LIFE_VIOLENCE_V_392.pt,Fights,1,REAL_LIFE_VIOLENCE,REAL_LIFE_VIOLENCE/fights/V_392.mp4,16,224
Fights/REAL_LIFE_VIOLENCE_V_402.pt,Fights,1,REAL_LIFE_VIOLENCE,REAL_LIFE_VIOLENCE/fights/V_402.mp4,16,224
Fights/REAL_LIFE_VIOLENCE_V_405.pt,Fights,1,REAL_LIFE_VIOLENCE,REAL_LIFE_VIOLENCE/fights/V_405.mp4,16,224
Fights/REAL_LIFE_VIOLENCE_V_409.pt,Fights,1,REAL_LIFE_VIOLENCE,REAL_LIFE_VIOLENCE/fights/V_409.mp4,16,224
Fights/REAL_LIFE_VIOLENCE_V_399.pt,Fights,1,REAL_LIFE_VIOLENCE,REAL_LIFE_VIOLENCE/fights/V_399.mp4,16,224
Fights/REAL_LIFE_VIOLENCE_V_401.pt,Fights,1,REAL_LIFE_VIOLENCE,REAL_LIFE_VIOLENCE/fights/V_401.mp4,16,224
Fights/REAL_LIFE_VIOLENCE_V_403.pt,Fights,1,REAL_LIFE_VIOLENCE,REAL_LIFE_VIOLENCE/fights/V_403.mp4,16,224
Fights/REAL_LIFE_VIOLENCE_V_407.pt,Fights,1,REAL_LIFE_VIOLENCE,REAL_LIFE_VIOLENCE/fights/V_407.mp4,16,224
Fights/REAL_LIFE_VIOLENCE_V_40.pt,Fights,1,REAL_LIFE_VIOLENCE,REAL_LIFE_VIOLENCE/fights/V_40.mp4,16,224
Fights/REAL_LIFE_VIOLENCE_V_410.pt,Fights,1,REAL_LIFE_VIOLENCE,REAL_LIFE_VIOLENCE/fights/V_410.mp4,16,224
Fights/REAL_LIFE_VIOLENCE_V_41.pt,Fights,1,REAL_LIFE_VIOLENCE,REAL_LIFE_VIOLENCE/fights/V_41.mp4,16,224
Fights/REAL_LIFE_VIOLENCE_V_404.pt,Fights,1,REAL_LIFE_VIOLENCE,REAL_LIFE_VIOLENCE/fights/V_404.mp4,16,224
Fights/REAL_LIFE_VIOLENCE_V_4.pt,Fights,1,REAL_LIFE_VIOLENCE,REAL_LIFE_VIOLENCE/fights/V_4.mp4,16,224
Fights/REAL_LIFE_VIOLENCE_V_406.pt,Fights,1,REAL_LIFE_VIOLENCE,REAL_LIFE_VIOLENCE/fights/V_406.mp4,16,224
Fights/REAL_LIFE_VIOLENCE_V_408.pt,Fights,1,REAL_LIFE_VIOLENCE,REAL_LIFE_VIOLENCE/fights/V_408.mp4,16,224
Fights/REAL_LIFE_VIOLENCE_V_416.pt,Fights,1,REAL_LIFE_VIOLENCE,REAL_LIFE_VIOLENCE/fights/V_416.mp4,16,224
Fights/REAL_LIFE_VIOLENCE_V_412.pt,Fights,1,REAL_LIFE_VIOLENCE,REAL_LIFE_VIOLENCE/fights/V_412.mp4,16,224
Fights/REAL_LIFE_VIOLENCE_V_415.pt,Fights,1,REAL_LIFE_VIOLENCE,REAL_LIFE_VIOLENCE/fights/V_415.mp4,16,224
Fights/REAL_LIFE_VIOLENCE_V_421.pt,Fights,1,REAL_LIFE_VIOLENCE,REAL_LIFE_VIOLENCE/fights/V_421.mp4,16,224
Fights/REAL_LIFE_VIOLENCE_V_414.pt,Fights,1,REAL_LIFE_VIOLENCE,REAL_LIFE_VIOLENCE/fights/V_414.mp4,16,224
Fights/REAL_LIFE_VIOLENCE_V_419.pt,Fights,1,REAL_LIFE_VIOLENCE,REAL_LIFE_VIOLENCE/fights/V_419.mp4,16,224
Fights/REAL_LIFE_VIOLENCE_V_417.pt,Fights,1,REAL_LIFE_VIOLENCE,REAL_LIFE_VIOLENCE/fights/V_417.mp4,16,224
Fights/REAL_LIFE_VIOLENCE_V_42.pt,Fights,1,REAL_LIFE_VIOLENCE,REAL_LIFE_VIOLENCE/fights/V_42.mp4,16,224
Fights/REAL_LIFE_VIOLENCE_V_422.pt,Fights,1,REAL_LIFE_VIOLENCE,REAL_LIFE_VIOLENCE/fights/V_422.mp4,16,224
Fights/REAL_LIFE_VIOLENCE_V_420.pt,Fights,1,REAL_LIFE_VIOLENCE,REAL_LIFE_VIOLENCE/fights/V_420.mp4,16,224
Fights/REAL_LIFE_VIOLENCE_V_413.pt,Fights,1,REAL_LIFE_VIOLENCE,REAL_LIFE_VIOLENCE/fights/V_413.mp4,16,224
Fights/REAL_LIFE_VIOLENCE_V_411.pt,Fights,1,REAL_LIFE_VIOLENCE,REAL_LIFE_VIOLENCE/fights/V_411.mp4,16,224
Fights/REAL_LIFE_VIOLENCE_V_418.pt,Fights,1,REAL_LIFE_VIOLENCE,REAL_LIFE_VIOLENCE/fights/V_418.mp4,16,224
Fights/REAL_LIFE_VIOLENCE_V_432.pt,Fights,1,REAL_LIFE_VIOLENCE,REAL_LIFE_VIOLENCE/fights/V_432.mp4,16,224
Fights/REAL_LIFE_VIOLENCE_V_428.pt,Fights,1,REAL_LIFE_VIOLENCE,REAL_LIFE_VIOLENCE/fights/V_428.mp4,16,224
Fights/REAL_LIFE_VIOLENCE_V_424.pt,Fights,1,REAL_LIFE_VIOLENCE,REAL_LIFE_VIOLENCE/fights/V_424.mp4,16,224
Fights/REAL_LIFE_VIOLENCE_V_436.pt,Fights,1,REAL_LIFE_VIOLENCE,REAL_LIFE_VIOLENCE/fights/V_436.mp4,16,224
Fights/REAL_LIFE_VIOLENCE_V_43.pt,Fights,1,REAL_LIFE_VIOLENCE,REAL_LIFE_VIOLENCE/fights/V_43.mp4,16,224
Fights/REAL_LIFE_VIOLENCE_V_431.pt,Fights,1,REAL_LIFE_VIOLENCE,REAL_LIFE_VIOLENCE/fights/V_431.mp4,16,224
Fights/REAL_LIFE_VIOLENCE_V_430.pt,Fights,1,REAL_LIFE_VIOLENCE,REAL_LIFE_VIOLENCE/fights/V_430.mp4,16,224
Fights/REAL_LIFE_VIOLENCE_V_426.pt,Fights,1,REAL_LIFE_VIOLENCE,REAL_LIFE_VIOLENCE/fights/V_426.mp4,16,224
Fights/REAL_LIFE_VIOLENCE_V_435.pt,Fights,1,REAL_LIFE_VIOLENCE,REAL_LIFE_VIOLENCE/fights/V_435.mp4,16,224
Fights/REAL_LIFE_VIOLENCE_V_423.pt,Fights,1,REAL_LIFE_VIOLENCE,REAL_LIFE_VIOLENCE/fights/V_423.mp4,16,224
Fights/REAL_LIFE_VIOLENCE_V_433.pt,Fights,1,REAL_LIFE_VIOLENCE,REAL_LIFE_VIOLENCE/fights/V_433.mp4,16,224
Fights/REAL_LIFE_VIOLENCE_V_425.pt,Fights,1,REAL_LIFE_VIOLENCE,REAL_LIFE_VIOLENCE/fights/V_425.mp4,16,224
Fights/REAL_LIFE_VIOLENCE_V_429.pt,Fights,1,REAL_LIFE_VIOLENCE,REAL_LIFE_VIOLENCE/fights/V_429.mp4,16,224
Fights/REAL_LIFE_VIOLENCE_V_434.pt,Fights,1,REAL_LIFE_VIOLENCE,REAL_LIFE_VIOLENCE/fights/V_434.mp4,16,224
Fights/REAL_LIFE_VIOLENCE_V_427.pt,Fights,1,REAL_LIFE_VIOLENCE,REAL_LIFE_VIOLENCE/fights/V_427.mp4,16,224
Fights/REAL_LIFE_VIOLENCE_V_437.pt,Fights,1,REAL_LIFE_VIOLENCE,REAL_LIFE_VIOLENCE/fights/V_437.mp4,16,224
Fights/REAL_LIFE_VIOLENCE_V_441.pt,Fights,1,REAL_LIFE_VIOLENCE,REAL_LIFE_VIOLENCE/fights/V_441.mp4,16,224
Fights/REAL_LIFE_VIOLENCE_V_448.pt,Fights,1,REAL_LIFE_VIOLENCE,REAL_LIFE_VIOLENCE/fights/V_448.mp4,16,224
Fights/REAL_LIFE_VIOLENCE_V_438.pt,Fights,1,REAL_LIFE_VIOLENCE,REAL_LIFE_VIOLENCE/fights/V_438.mp4,16,224
Fights/REAL_LIFE_VIOLENCE_V_45.pt,Fights,1,REAL_LIFE_VIOLENCE,REAL_LIFE_VIOLENCE/fights/V_45.mp4,16,224
Fights/REAL_LIFE_VIOLENCE_V_44.pt,Fights,1,REAL_LIFE_VIOLENCE,REAL_LIFE_VIOLENCE/fights/V_44.mp4,16,224
Fights/REAL_LIFE_VIOLENCE_V_446.pt,Fights,1,REAL_LIFE_VIOLENCE,REAL_LIFE_VIOLENCE/fights/V_446.mp4,16,224
Fights/REAL_LIFE_VIOLENCE_V_451.pt,Fights,1,REAL_LIFE_VIOLENCE,REAL_LIFE_VIOLENCE/fights/V_451.mp4,16,224
Fights/REAL_LIFE_VIOLENCE_V_447.pt,Fights,1,REAL_LIFE_VIOLENCE,REAL_LIFE_VIOLENCE/fights/V_447.mp4,16,224
Fights/REAL_LIFE_VIOLENCE_V_443.pt,Fights,1,REAL_LIFE_VIOLENCE,REAL_LIFE_VIOLENCE/fights/V_443.mp4,16,224
Fights/REAL_LIFE_VIOLENCE_V_442.pt,Fights,1,REAL_LIFE_VIOLENCE,REAL_LIFE_VIOLENCE/fights/V_442.mp4,16,224
Fights/REAL_LIFE_VIOLENCE_V_449.pt,Fights,1,REAL_LIFE_VIOLENCE,REAL_LIFE_VIOLENCE/fights/V_449.mp4,16,224
Fights/REAL_LIFE_VIOLENCE_V_452.pt,Fights,1,REAL_LIFE_VIOLENCE,REAL_LIFE_VIOLENCE/fights/V_452.mp4,16,224
Fights/REAL_LIFE_VIOLENCE_V_450.pt,Fights,1,REAL_LIFE_VIOLENCE,REAL_LIFE_VIOLENCE/fights/V_450.mp4,16,224
Fights/REAL_LIFE_VIOLENCE_V_439.pt,Fights,1,REAL_LIFE_VIOLENCE,REAL_LIFE_VIOLENCE/fights/V_439.mp4,16,224
Fights/REAL_LIFE_VIOLENCE_V_440.pt,Fights,1,REAL_LIFE_VIOLENCE,REAL_LIFE_VIOLENCE/fights/V_440.mp4,16,224
Fights/REAL_LIFE_VIOLENCE_V_444.pt,Fights,1,REAL_LIFE_VIOLENCE,REAL_LIFE_VIOLENCE/fights/V_444.mp4,16,224
Fights/REAL_LIFE_VIOLENCE_V_445.pt,Fights,1,REAL_LIFE_VIOLENCE,REAL_LIFE_VIOLENCE/fights/V_445.mp4,16,224
Fights/REAL_LIFE_VIOLENCE_V_454.pt,Fights,1,REAL_LIFE_VIOLENCE,REAL_LIFE_VIOLENCE/fights/V_454.mp4,16,224
Fights/REAL_LIFE_VIOLENCE_V_468.pt,Fights,1,REAL_LIFE_VIOLENCE,REAL_LIFE_VIOLENCE/fights/V_468.mp4,16,224
Fights/REAL_LIFE_VIOLENCE_V_463.pt,Fights,1,REAL_LIFE_VIOLENCE,REAL_LIFE_VIOLENCE/fights/V_463.mp4,16,224
Fights/REAL_LIFE_VIOLENCE_V_456.pt,Fights,1,REAL_LIFE_VIOLENCE,REAL_LIFE_VIOLENCE/fights/V_456.mp4,16,224
Fights/REAL_LIFE_VIOLENCE_V_459.pt,Fights,1,REAL_LIFE_VIOLENCE,REAL_LIFE_VIOLENCE/fights/V_459.mp4,16,224
Fights/REAL_LIFE_VIOLENCE_V_46.pt,Fights,1,REAL_LIFE_VIOLENCE,REAL_LIFE_VIOLENCE/fights/V_46.mp4,16,224
Fights/REAL_LIFE_VIOLENCE_V_466.pt,Fights,1,REAL_LIFE_VIOLENCE,REAL_LIFE_VIOLENCE/fights/V_466.mp4,16,224
Fights/REAL_LIFE_VIOLENCE_V_461.pt,Fights,1,REAL_LIFE_VIOLENCE,REAL_LIFE_VIOLENCE/fights/V_461.mp4,16,224
Fights/REAL_LIFE_VIOLENCE_V_455.pt,Fights,1,REAL_LIFE_VIOLENCE,REAL_LIFE_VIOLENCE/fights/V_455.mp4,16,224
Fights/REAL_LIFE_VIOLENCE_V_453.pt,Fights,1,REAL_LIFE_VIOLENCE,REAL_LIFE_VIOLENCE/fights/V_453.mp4,16,224
Fights/REAL_LIFE_VIOLENCE_V_460.pt,Fights,1,REAL_LIFE_VIOLENCE,REAL_LIFE_VIOLENCE/fights/V_460.mp4,16,224
Fights/REAL_LIFE_VIOLENCE_V_457.pt,Fights,1,REAL_LIFE_VIOLENCE,REAL_LIFE_VIOLENCE/fights/V_457.mp4,16,224
Fights/REAL_LIFE_VIOLENCE_V_464.pt,Fights,1,REAL_LIFE_VIOLENCE,REAL_LIFE_VIOLENCE/fights/V_464.mp4,16,224
Fights/REAL_LIFE_VIOLENCE_V_465.pt,Fights,1,REAL_LIFE_VIOLENCE,REAL_LIFE_VIOLENCE/fights/V_465.mp4,16,224
Fights/REAL_LIFE_VIOLENCE_V_467.pt,Fights,1,REAL_LIFE_VIOLENCE,REAL_LIFE_VIOLENCE/fights/V_467.mp4,16,224
Fights/REAL_LIFE_VIOLENCE_V_462.pt,Fights,1,REAL_LIFE_VIOLENCE,REAL_LIFE_VIOLENCE/fights/V_462.mp4,16,224
Fights/REAL_LIFE_VIOLENCE_V_458.pt,Fights,1,REAL_LIFE_VIOLENCE,REAL_LIFE_VIOLENCE/fights/V_458.mp4,16,224
Fights/REAL_LIFE_VIOLENCE_V_47.pt,Fights,1,REAL_LIFE_VIOLENCE,REAL_LIFE_VIOLENCE/fights/V_47.mp4,16,224
Fights/REAL_LIFE_VIOLENCE_V_482.pt,Fights,1,REAL_LIFE_VIOLENCE,REAL_LIFE_VIOLENCE/fights/V_482.mp4,16,224
Fights/REAL_LIFE_VIOLENCE_V_487.pt,Fights,1,REAL_LIFE_VIOLENCE,REAL_LIFE_VIOLENCE/fights/V_487.mp4,16,224
Fights/REAL_LIFE_VIOLENCE_V_474.pt,Fights,1,REAL_LIFE_VIOLENCE,REAL_LIFE_VIOLENCE/fights/V_474.mp4,16,224
Fights/REAL_LIFE_VIOLENCE_V_473.pt,Fights,1,REAL_LIFE_VIOLENCE,REAL_LIFE_VIOLENCE/fights/V_473.mp4,16,224
Fights/REAL_LIFE_VIOLENCE_V_472.pt,Fights,1,REAL_LIFE_VIOLENCE,REAL_LIFE_VIOLENCE/fights/V_472.mp4,16,224
Fights/REAL_LIFE_VIOLENCE_V_478.pt,Fights,1,REAL_LIFE_VIOLENCE,REAL_LIFE_VIOLENCE/fights/V_478.mp4,16,224
Fights/REAL_LIFE_VIOLENCE_V_49.pt,Fights,1,REAL_LIFE_VIOLENCE,REAL_LIFE_VIOLENCE/fights/V_49.mp4,16,224
Fights/REAL_LIFE_VIOLENCE_V_477.pt,Fights,1,REAL_LIFE_VIOLENCE,REAL_LIFE_VIOLENCE/fights/V_477.mp4,16,224
Fights/REAL_LIFE_VIOLENCE_V_486.pt,Fights,1,REAL_LIFE_VIOLENCE,REAL_LIFE_VIOLENCE/fights/V_486.mp4,16,224
Fights/REAL_LIFE_VIOLENCE_V_481.pt,Fights,1,REAL_LIFE_VIOLENCE,REAL_LIFE_VIOLENCE/fights/V_481.mp4,16,224
Fights/REAL_LIFE_VIOLENCE_V_483.pt,Fights,1,REAL_LIFE_VIOLENCE,REAL_LIFE_VIOLENCE/fights/V_483.mp4,16,224
Fights/REAL_LIFE_VIOLENCE_V_490.pt,Fights,1,REAL_LIFE_VIOLENCE,REAL_LIFE_VIOLENCE/fights/V_490.mp4,16,224
Fights/REAL_LIFE_VIOLENCE_V_48.pt,Fights,1,REAL_LIFE_VIOLENCE,REAL_LIFE_VIOLENCE/fights/V_48.mp4,16,224
Fights/REAL_LIFE_VIOLENCE_V_485.pt,Fights,1,REAL_LIFE_VIOLENCE,REAL_LIFE_VIOLENCE/fights/V_485.mp4,16,224
Fights/REAL_LIFE_VIOLENCE_V_471.pt,Fights,1,REAL_LIFE_VIOLENCE,REAL_LIFE_VIOLENCE/fights/V_471.mp4,16,224
Fights/REAL_LIFE_VIOLENCE_V_476.pt,Fights,1,REAL_LIFE_VIOLENCE,REAL_LIFE_VIOLENCE/fights/V_476.mp4,16,224
Fights/REAL_LIFE_VIOLENCE_V_470.pt,Fights,1,REAL_LIFE_VIOLENCE,REAL_LIFE_VIOLENCE/fights/V_470.mp4,16,224
Fights/REAL_LIFE_VIOLENCE_V_469.pt,Fights,1,REAL_LIFE_VIOLENCE,REAL_LIFE_VIOLENCE/fights/V_469.mp4,16,224
Fights/REAL_LIFE_VIOLENCE_V_491.pt,Fights,1,REAL_LIFE_VIOLENCE,REAL_LIFE_VIOLENCE/fights/V_491.mp4,16,224
Fights/REAL_LIFE_VIOLENCE_V_479.pt,Fights,1,REAL_LIFE_VIOLENCE,REAL_LIFE_VIOLENCE/fights/V_479.mp4,16,224
Fights/REAL_LIFE_VIOLENCE_V_488.pt,Fights,1,REAL_LIFE_VIOLENCE,REAL_LIFE_VIOLENCE/fights/V_488.mp4,16,224
Fights/REAL_LIFE_VIOLENCE_V_475.pt,Fights,1,REAL_LIFE_VIOLENCE,REAL_LIFE_VIOLENCE/fights/V_475.mp4,16,224
Fights/REAL_LIFE_VIOLENCE_V_484.pt,Fights,1,REAL_LIFE_VIOLENCE,REAL_LIFE_VIOLENCE/fights/V_484.mp4,16,224
Fights/REAL_LIFE_VIOLENCE_V_480.pt,Fights,1,REAL_LIFE_VIOLENCE,REAL_LIFE_VIOLENCE/fights/V_480.mp4,16,224
Fights/REAL_LIFE_VIOLENCE_V_489.pt,Fights,1,REAL_LIFE_VIOLENCE,REAL_LIFE_VIOLENCE/fights/V_489.mp4,16,224
Fights/REAL_LIFE_VIOLENCE_V_494.pt,Fights,1,REAL_LIFE_VIOLENCE,REAL_LIFE_VIOLENCE/fights/V_494.mp4,16,224
Fights/REAL_LIFE_VIOLENCE_V_506.pt,Fights,1,REAL_LIFE_VIOLENCE,REAL_LIFE_VIOLENCE/fights/V_506.mp4,16,224
Fights/REAL_LIFE_VIOLENCE_V_504.pt,Fights,1,REAL_LIFE_VIOLENCE,REAL_LIFE_VIOLENCE/fights/V_504.mp4,16,224
Fights/REAL_LIFE_VIOLENCE_V_50.pt,Fights,1,REAL_LIFE_VIOLENCE,REAL_LIFE_VIOLENCE/fights/V_50.mp4,16,224
Fights/REAL_LIFE_VIOLENCE_V_492.pt,Fights,1,REAL_LIFE_VIOLENCE,REAL_LIFE_VIOLENCE/fights/V_492.mp4,16,224
Fights/REAL_LIFE_VIOLENCE_V_501.pt,Fights,1,REAL_LIFE_VIOLENCE,REAL_LIFE_VIOLENCE/fights/V_501.mp4,16,224
Fights/REAL_LIFE_VIOLENCE_V_500.pt,Fights,1,REAL_LIFE_VIOLENCE,REAL_LIFE_VIOLENCE/fights/V_500.mp4,16,224
Fights/REAL_LIFE_VIOLENCE_V_503.pt,Fights,1,REAL_LIFE_VIOLENCE,REAL_LIFE_VIOLENCE/fights/V_503.mp4,16,224
Fights/REAL_LIFE_VIOLENCE_V_5.pt,Fights,1,REAL_LIFE_VIOLENCE,REAL_LIFE_VIOLENCE/fights/V_5.mp4,16,224
Fights/REAL_LIFE_VIOLENCE_V_498.pt,Fights,1,REAL_LIFE_VIOLENCE,REAL_LIFE_VIOLENCE/fights/V_498.mp4,16,224
Fights/REAL_LIFE_VIOLENCE_V_493.pt,Fights,1,REAL_LIFE_VIOLENCE,REAL_LIFE_VIOLENCE/fights/V_493.mp4,16,224
Fights/REAL_LIFE_VIOLENCE_V_495.pt,Fights,1,REAL_LIFE_VIOLENCE,REAL_LIFE_VIOLENCE/fights/V_495.mp4,16,224
Fights/REAL_LIFE_VIOLENCE_V_505.pt,Fights,1,REAL_LIFE_VIOLENCE,REAL_LIFE_VIOLENCE/fights/V_505.mp4,16,224
Fights/REAL_LIFE_VIOLENCE_V_499.pt,Fights,1,REAL_LIFE_VIOLENCE,REAL_LIFE_VIOLENCE/fights/V_499.mp4,16,224
Fights/REAL_LIFE_VIOLENCE_V_497.pt,Fights,1,REAL_LIFE_VIOLENCE,REAL_LIFE_VIOLENCE/fights/V_497.mp4,16,224
Fights/REAL_LIFE_VIOLENCE_V_502.pt,Fights,1,REAL_LIFE_VIOLENCE,REAL_LIFE_VIOLENCE/fights/V_502.mp4,16,224
Fights/REAL_LIFE_VIOLENCE_V_496.pt,Fights,1,REAL_LIFE_VIOLENCE,REAL_LIFE_VIOLENCE/fights/V_496.mp4,16,224
Fights/REAL_LIFE_VIOLENCE_V_512.pt,Fights,1,REAL_LIFE_VIOLENCE,REAL_LIFE_VIOLENCE/fights/V_512.mp4,16,224
Fights/REAL_LIFE_VIOLENCE_V_521.pt,Fights,1,REAL_LIFE_VIOLENCE,REAL_LIFE_VIOLENCE/fights/V_521.mp4,16,224
Fights/REAL_LIFE_VIOLENCE_V_527.pt,Fights,1,REAL_LIFE_VIOLENCE,REAL_LIFE_VIOLENCE/fights/V_527.mp4,16,224
Fights/REAL_LIFE_VIOLENCE_V_519.pt,Fights,1,REAL_LIFE_VIOLENCE,REAL_LIFE_VIOLENCE/fights/V_519.mp4,16,224
Fights/REAL_LIFE_VIOLENCE_V_509.pt,Fights,1,REAL_LIFE_VIOLENCE,REAL_LIFE_VIOLENCE/fights/V_509.mp4,16,224
Fights/REAL_LIFE_VIOLENCE_V_515.pt,Fights,1,REAL_LIFE_VIOLENCE,REAL_LIFE_VIOLENCE/fights/V_515.mp4,16,224
Fights/REAL_LIFE_VIOLENCE_V_524.pt,Fights,1,REAL_LIFE_VIOLENCE,REAL_LIFE_VIOLENCE/fights/V_524.mp4,16,224
Fights/REAL_LIFE_VIOLENCE_V_518.pt,Fights,1,REAL_LIFE_VIOLENCE,REAL_LIFE_VIOLENCE/fights/V_518.mp4,16,224
Fights/REAL_LIFE_VIOLENCE_V_528.pt,Fights,1,REAL_LIFE_VIOLENCE,REAL_LIFE_VIOLENCE/fights/V_528.mp4,16,224
Fights/REAL_LIFE_VIOLENCE_V_511.pt,Fights,1,REAL_LIFE_VIOLENCE,REAL_LIFE_VIOLENCE/fights/V_511.mp4,16,224
Fights/REAL_LIFE_VIOLENCE_V_510.pt,Fights,1,REAL_LIFE_VIOLENCE,REAL_LIFE_VIOLENCE/fights/V_510.mp4,16,224
Fights/REAL_LIFE_VIOLENCE_V_522.pt,Fights,1,REAL_LIFE_VIOLENCE,REAL_LIFE_VIOLENCE/fights/V_522.mp4,16,224
Fights/REAL_LIFE_VIOLENCE_V_517.pt,Fights,1,REAL_LIFE_VIOLENCE,REAL_LIFE_VIOLENCE/fights/V_517.mp4,16,224
Fights/REAL_LIFE_VIOLENCE_V_53.pt,Fights,1,REAL_LIFE_VIOLENCE,REAL_LIFE_VIOLENCE/fights/V_53.mp4,16,224
Fights/REAL_LIFE_VIOLENCE_V_526.pt,Fights,1,REAL_LIFE_VIOLENCE,REAL_LIFE_VIOLENCE/fights/V_526.mp4,16,224
Fights/REAL_LIFE_VIOLENCE_V_52.pt,Fights,1,REAL_LIFE_VIOLENCE,REAL_LIFE_VIOLENCE/fights/V_52.mp4,16,224
Fights/REAL_LIFE_VIOLENCE_V_520.pt,Fights,1,REAL_LIFE_VIOLENCE,REAL_LIFE_VIOLENCE/fights/V_520.mp4,16,224
Fights/REAL_LIFE_VIOLENCE_V_523.pt,Fights,1,REAL_LIFE_VIOLENCE,REAL_LIFE_VIOLENCE/fights/V_523.mp4,16,224
Fights/REAL_LIFE_VIOLENCE_V_525.pt,Fights,1,REAL_LIFE_VIOLENCE,REAL_LIFE_VIOLENCE/fights/V_525.mp4,16,224
Fights/REAL_LIFE_VIOLENCE_V_51.pt,Fights,1,REAL_LIFE_VIOLENCE,REAL_LIFE_VIOLENCE/fights/V_51.mp4,16,224
Fights/REAL_LIFE_VIOLENCE_V_507.pt,Fights,1,REAL_LIFE_VIOLENCE,REAL_LIFE_VIOLENCE/fights/V_507.mp4,16,224
Fights/REAL_LIFE_VIOLENCE_V_508.pt,Fights,1,REAL_LIFE_VIOLENCE,REAL_LIFE_VIOLENCE/fights/V_508.mp4,16,224
Fights/REAL_LIFE_VIOLENCE_V_514.pt,Fights,1,REAL_LIFE_VIOLENCE,REAL_LIFE_VIOLENCE/fights/V_514.mp4,16,224
Fights/REAL_LIFE_VIOLENCE_V_516.pt,Fights,1,REAL_LIFE_VIOLENCE,REAL_LIFE_VIOLENCE/fights/V_516.mp4,16,224
Fights/REAL_LIFE_VIOLENCE_V_513.pt,Fights,1,REAL_LIFE_VIOLENCE,REAL_LIFE_VIOLENCE/fights/V_513.mp4,16,224
Fights/REAL_LIFE_VIOLENCE_V_529.pt,Fights,1,REAL_LIFE_VIOLENCE,REAL_LIFE_VIOLENCE/fights/V_529.mp4,16,224
Fights/REAL_LIFE_VIOLENCE_V_535.pt,Fights,1,REAL_LIFE_VIOLENCE,REAL_LIFE_VIOLENCE/fights/V_535.mp4,16,224
Fights/REAL_LIFE_VIOLENCE_V_54.pt,Fights,1,REAL_LIFE_VIOLENCE,REAL_LIFE_VIOLENCE/fights/V_54.mp4,16,224
Fights/REAL_LIFE_VIOLENCE_V_540.pt,Fights,1,REAL_LIFE_VIOLENCE,REAL_LIFE_VIOLENCE/fights/V_540.mp4,16,224
Fights/REAL_LIFE_VIOLENCE_V_539.pt,Fights,1,REAL_LIFE_VIOLENCE,REAL_LIFE_VIOLENCE/fights/V_539.mp4,16,224
Fights/REAL_LIFE_VIOLENCE_V_533.pt,Fights,1,REAL_LIFE_VIOLENCE,REAL_LIFE_VIOLENCE/fights/V_533.mp4,16,224
Fights/REAL_LIFE_VIOLENCE_V_538.pt,Fights,1,REAL_LIFE_VIOLENCE,REAL_LIFE_VIOLENCE/fights/V_538.mp4,16,224
Fights/REAL_LIFE_VIOLENCE_V_531.pt,Fights,1,REAL_LIFE_VIOLENCE,REAL_LIFE_VIOLENCE/fights/V_531.mp4,16,224
Fights/REAL_LIFE_VIOLENCE_V_532.pt,Fights,1,REAL_LIFE_VIOLENCE,REAL_LIFE_VIOLENCE/fights/V_532.mp4,16,224
Fights/REAL_LIFE_VIOLENCE_V_530.pt,Fights,1,REAL_LIFE_VIOLENCE,REAL_LIFE_VIOLENCE/fights/V_530.mp4,16,224
Fights/REAL_LIFE_VIOLENCE_V_534.pt,Fights,1,REAL_LIFE_VIOLENCE,REAL_LIFE_VIOLENCE/fights/V_534.mp4,16,224
Fights/REAL_LIFE_VIOLENCE_V_537.pt,Fights,1,REAL_LIFE_VIOLENCE,REAL_LIFE_VIOLENCE/fights/V_537.mp4,16,224
Fights/REAL_LIFE_VIOLENCE_V_536.pt,Fights,1,REAL_LIFE_VIOLENCE,REAL_LIFE_VIOLENCE/fights/V_536.mp4,16,224
Fights/REAL_LIFE_VIOLENCE_V_550.pt,Fights,1,REAL_LIFE_VIOLENCE,REAL_LIFE_VIOLENCE/fights/V_550.mp4,16,224
Fights/REAL_LIFE_VIOLENCE_V_548.pt,Fights,1,REAL_LIFE_VIOLENCE,REAL_LIFE_VIOLENCE/fights/V_548.mp4,16,224
Fights/REAL_LIFE_VIOLENCE_V_544.pt,Fights,1,REAL_LIFE_VIOLENCE,REAL_LIFE_VIOLENCE/fights/V_544.mp4,16,224
Fights/REAL_LIFE_VIOLENCE_V_551.pt,Fights,1,REAL_LIFE_VIOLENCE,REAL_LIFE_VIOLENCE/fights/V_551.mp4,16,224
Fights/REAL_LIFE_VIOLENCE_V_543.pt,Fights,1,REAL_LIFE_VIOLENCE,REAL_LIFE_VIOLENCE/fights/V_543.mp4,16,224
Fights/REAL_LIFE_VIOLENCE_V_549.pt,Fights,1,REAL_LIFE_VIOLENCE,REAL_LIFE_VIOLENCE/fights/V_549.mp4,16,224
Fights/REAL_LIFE_VIOLENCE_V_542.pt,Fights,1,REAL_LIFE_VIOLENCE,REAL_LIFE_VIOLENCE/fights/V_542.mp4,16,224
Fights/REAL_LIFE_VIOLENCE_V_547.pt,Fights,1,REAL_LIFE_VIOLENCE,REAL_LIFE_VIOLENCE/fights/V_547.mp4,16,224
Fights/REAL_LIFE_VIOLENCE_V_546.pt,Fights,1,REAL_LIFE_VIOLENCE,REAL_LIFE_VIOLENCE/fights/V_546.mp4,16,224
Fights/REAL_LIFE_VIOLENCE_V_541.pt,Fights,1,REAL_LIFE_VIOLENCE,REAL_LIFE_VIOLENCE/fights/V_541.mp4,16,224
Fights/REAL_LIFE_VIOLENCE_V_55.pt,Fights,1,REAL_LIFE_VIOLENCE,REAL_LIFE_VIOLENCE/fights/V_55.mp4,16,224
Fights/REAL_LIFE_VIOLENCE_V_545.pt,Fights,1,REAL_LIFE_VIOLENCE,REAL_LIFE_VIOLENCE/fights/V_545.mp4,16,224
Fights/REAL_LIFE_VIOLENCE_V_561.pt,Fights,1,REAL_LIFE_VIOLENCE,REAL_LIFE_VIOLENCE/fights/V_561.mp4,16,224
Fights/REAL_LIFE_VIOLENCE_V_559.pt,Fights,1,REAL_LIFE_VIOLENCE,REAL_LIFE_VIOLENCE/fights/V_559.mp4,16,224
Fights/REAL_LIFE_VIOLENCE_V_564.pt,Fights,1,REAL_LIFE_VIOLENCE,REAL_LIFE_VIOLENCE/fights/V_564.mp4,16,224
Fights/REAL_LIFE_VIOLENCE_V_563.pt,Fights,1,REAL_LIFE_VIOLENCE,REAL_LIFE_VIOLENCE/fights/V_563.mp4,16,224
Fights/REAL_LIFE_VIOLENCE_V_557.pt,Fights,1,REAL_LIFE_VIOLENCE,REAL_LIFE_VIOLENCE/fights/V_557.mp4,16,224
Fights/REAL_LIFE_VIOLENCE_V_562.pt,Fights,1,REAL_LIFE_VIOLENCE,REAL_LIFE_VIOLENCE/fights/V_562.mp4,16,224
Fights/REAL_LIFE_VIOLENCE_V_56.pt,Fights,1,REAL_LIFE_VIOLENCE,REAL_LIFE_VIOLENCE/fights/V_56.mp4,16,224
Fights/REAL_LIFE_VIOLENCE_V_556.pt,Fights,1,REAL_LIFE_VIOLENCE,REAL_LIFE_VIOLENCE/fights/V_556.mp4,16,224
Fights/REAL_LIFE_VIOLENCE_V_552.pt,Fights,1,REAL_LIFE_VIOLENCE,REAL_LIFE_VIOLENCE/fights/V_552.mp4,16,224
Fights/REAL_LIFE_VIOLENCE_V_555.pt,Fights,1,REAL_LIFE_VIOLENCE,REAL_LIFE_VIOLENCE/fights/V_555.mp4,16,224
Fights/REAL_LIFE_VIOLENCE_V_553.pt,Fights,1,REAL_LIFE_VIOLENCE,REAL_LIFE_VIOLENCE/fights/V_553.mp4,16,224
Fights/REAL_LIFE_VIOLENCE_V_558.pt,Fights,1,REAL_LIFE_VIOLENCE,REAL_LIFE_VIOLENCE/fights/V_558.mp4,16,224
Fights/REAL_LIFE_VIOLENCE_V_560.pt,Fights,1,REAL_LIFE_VIOLENCE,REAL_LIFE_VIOLENCE/fights/V_560.mp4,16,224
Fights/REAL_LIFE_VIOLENCE_V_554.pt,Fights,1,REAL_LIFE_VIOLENCE,REAL_LIFE_VIOLENCE/fights/V_554.mp4,16,224
Fights/REAL_LIFE_VIOLENCE_V_567.pt,Fights,1,REAL_LIFE_VIOLENCE,REAL_LIFE_VIOLENCE/fights/V_567.mp4,16,224
Fights/REAL_LIFE_VIOLENCE_V_565.pt,Fights,1,REAL_LIFE_VIOLENCE,REAL_LIFE_VIOLENCE/fights/V_565.mp4,16,224
Fights/REAL_LIFE_VIOLENCE_V_572.pt,Fights,1,REAL_LIFE_VIOLENCE,REAL_LIFE_VIOLENCE/fights/V_572.mp4,16,224
Fights/REAL_LIFE_VIOLENCE_V_571.pt,Fights,1,REAL_LIFE_VIOLENCE,REAL_LIFE_VIOLENCE/fights/V_571.mp4,16,224
Fights/REAL_LIFE_VIOLENCE_V_573.pt,Fights,1,REAL_LIFE_VIOLENCE,REAL_LIFE_VIOLENCE/fights/V_573.mp4,16,224
Fights/REAL_LIFE_VIOLENCE_V_566.pt,Fights,1,REAL_LIFE_VIOLENCE,REAL_LIFE_VIOLENCE/fights/V_566.mp4,16,224
Fights/REAL_LIFE_VIOLENCE_V_568.pt,Fights,1,REAL_LIFE_VIOLENCE,REAL_LIFE_VIOLENCE/fights/V_568.mp4,16,224
Fights/REAL_LIFE_VIOLENCE_V_569.pt,Fights,1,REAL_LIFE_VIOLENCE,REAL_LIFE_VIOLENCE/fights/V_569.mp4,16,224
Fights/REAL_LIFE_VIOLENCE_V_570.pt,Fights,1,REAL_LIFE_VIOLENCE,REAL_LIFE_VIOLENCE/fights/V_570.mp4,16,224
Fights/REAL_LIFE_VIOLENCE_V_57.pt,Fights,1,REAL_LIFE_VIOLENCE,REAL_LIFE_VIOLENCE/fights/V_57.mp4,16,224
Fights/REAL_LIFE_VIOLENCE_V_574.pt,Fights,1,REAL_LIFE_VIOLENCE,REAL_LIFE_VIOLENCE/fights/V_574.mp4,16,224
Fights/REAL_LIFE_VIOLENCE_V_575.pt,Fights,1,REAL_LIFE_VIOLENCE,REAL_LIFE_VIOLENCE/fights/V_575.mp4,16,224
Fights/REAL_LIFE_VIOLENCE_V_584.pt,Fights,1,REAL_LIFE_VIOLENCE,REAL_LIFE_VIOLENCE/fights/V_584.mp4,16,224
Fights/REAL_LIFE_VIOLENCE_V_582.pt,Fights,1,REAL_LIFE_VIOLENCE,REAL_LIFE_VIOLENCE/fights/V_582.mp4,16,224
Fights/REAL_LIFE_VIOLENCE_V_579.pt,Fights,1,REAL_LIFE_VIOLENCE,REAL_LIFE_VIOLENCE/fights/V_579.mp4,16,224
Fights/REAL_LIFE_VIOLENCE_V_577.pt,Fights,1,REAL_LIFE_VIOLENCE,REAL_LIFE_VIOLENCE/fights/V_577.mp4,16,224
Fights/REAL_LIFE_VIOLENCE_V_576.pt,Fights,1,REAL_LIFE_VIOLENCE,REAL_LIFE_VIOLENCE/fights/V_576.mp4,16,224
Fights/REAL_LIFE_VIOLENCE_V_58.pt,Fights,1,REAL_LIFE_VIOLENCE,REAL_LIFE_VIOLENCE/fights/V_58.mp4,16,224
Fights/REAL_LIFE_VIOLENCE_V_580.pt,Fights,1,REAL_LIFE_VIOLENCE,REAL_LIFE_VIOLENCE/fights/V_580.mp4,16,224
Fights/REAL_LIFE_VIOLENCE_V_585.pt,Fights,1,REAL_LIFE_VIOLENCE,REAL_LIFE_VIOLENCE/fights/V_585.mp4,16,224
Fights/REAL_LIFE_VIOLENCE_V_578.pt,Fights,1,REAL_LIFE_VIOLENCE,REAL_LIFE_VIOLENCE/fights/V_578.mp4,16,224
Fights/REAL_LIFE_VIOLENCE_V_581.pt,Fights,1,REAL_LIFE_VIOLENCE,REAL_LIFE_VIOLENCE/fights/V_581.mp4,16,224
Fights/REAL_LIFE_VIOLENCE_V_583.pt,Fights,1,REAL_LIFE_VIOLENCE,REAL_LIFE_VIOLENCE/fights/V_583.mp4,16,224
Fights/REAL_LIFE_VIOLENCE_V_596.pt,Fights,1,REAL_LIFE_VIOLENCE,REAL_LIFE_VIOLENCE/fights/V_596.mp4,16,224
Fights/REAL_LIFE_VIOLENCE_V_595.pt,Fights,1,REAL_LIFE_VIOLENCE,REAL_LIFE_VIOLENCE/fights/V_595.mp4,16,224
Fights/REAL_LIFE_VIOLENCE_V_597.pt,Fights,1,REAL_LIFE_VIOLENCE,REAL_LIFE_VIOLENCE/fights/V_597.mp4,16,224
Fights/REAL_LIFE_VIOLENCE_V_59.pt,Fights,1,REAL_LIFE_VIOLENCE,REAL_LIFE_VIOLENCE/fights/V_59.mp4,16,224
Fights/REAL_LIFE_VIOLENCE_V_590.pt,Fights,1,REAL_LIFE_VIOLENCE,REAL_LIFE_VIOLENCE/fights/V_590.mp4,16,224
Fights/REAL_LIFE_VIOLENCE_V_591.pt,Fights,1,REAL_LIFE_VIOLENCE,REAL_LIFE_VIOLENCE/fights/V_591.mp4,16,224
Fights/REAL_LIFE_VIOLENCE_V_586.pt,Fights,1,REAL_LIFE_VIOLENCE,REAL_LIFE_VIOLENCE/fights/V_586.mp4,16,224
Fights/REAL_LIFE_VIOLENCE_V_589.pt,Fights,1,REAL_LIFE_VIOLENCE,REAL_LIFE_VIOLENCE/fights/V_589.mp4,16,224
Fights/REAL_LIFE_VIOLENCE_V_588.pt,Fights,1,REAL_LIFE_VIOLENCE,REAL_LIFE_VIOLENCE/fights/V_588.mp4,16,224
Fights/REAL_LIFE_VIOLENCE_V_592.pt,Fights,1,REAL_LIFE_VIOLENCE,REAL_LIFE_VIOLENCE/fights/V_592.mp4,16,224
Fights/REAL_LIFE_VIOLENCE_V_587.pt,Fights,1,REAL_LIFE_VIOLENCE,REAL_LIFE_VIOLENCE/fights/V_587.mp4,16,224
Fights/REAL_LIFE_VIOLENCE_V_593.pt,Fights,1,REAL_LIFE_VIOLENCE,REAL_LIFE_VIOLENCE/fights/V_593.mp4,16,224
Fights/REAL_LIFE_VIOLENCE_V_594.pt,Fights,1,REAL_LIFE_VIOLENCE,REAL_LIFE_VIOLENCE/fights/V_594.mp4,16,224
Fights/REAL_LIFE_VIOLENCE_V_61.pt,Fights,1,REAL_LIFE_VIOLENCE,REAL_LIFE_VIOLENCE/fights/V_61.mp4,16,224
Fights/REAL_LIFE_VIOLENCE_V_60.pt,Fights,1,REAL_LIFE_VIOLENCE,REAL_LIFE_VIOLENCE/fights/V_60.mp4,16,224
Fights/REAL_LIFE_VIOLENCE_V_598.pt,Fights,1,REAL_LIFE_VIOLENCE,REAL_LIFE_VIOLENCE/fights/V_598.mp4,16,224
Fights/REAL_LIFE_VIOLENCE_V_609.pt,Fights,1,REAL_LIFE_VIOLENCE,REAL_LIFE_VIOLENCE/fights/V_609.mp4,16,224
Fights/REAL_LIFE_VIOLENCE_V_600.pt,Fights,1,REAL_LIFE_VIOLENCE,REAL_LIFE_VIOLENCE/fights/V_600.mp4,16,224
Fights/REAL_LIFE_VIOLENCE_V_606.pt,Fights,1,REAL_LIFE_VIOLENCE,REAL_LIFE_VIOLENCE/fights/V_606.mp4,16,224
Fights/REAL_LIFE_VIOLENCE_V_6.pt,Fights,1,REAL_LIFE_VIOLENCE,REAL_LIFE_VIOLENCE/fights/V_6.mp4,16,224
Fights/REAL_LIFE_VIOLENCE_V_603.pt,Fights,1,REAL_LIFE_VIOLENCE,REAL_LIFE_VIOLENCE/fights/V_603.mp4,16,224
Fights/REAL_LIFE_VIOLENCE_V_605.pt,Fights,1,REAL_LIFE_VIOLENCE,REAL_LIFE_VIOLENCE/fights/V_605.mp4,16,224
Fights/REAL_LIFE_VIOLENCE_V_604.pt,Fights,1,REAL_LIFE_VIOLENCE,REAL_LIFE_VIOLENCE/fights/V_604.mp4,16,224
Fights/REAL_LIFE_VIOLENCE_V_599.pt,Fights,1,REAL_LIFE_VIOLENCE,REAL_LIFE_VIOLENCE/fights/V_599.mp4,16,224
Fights/REAL_LIFE_VIOLENCE_V_602.pt,Fights,1,REAL_LIFE_VIOLENCE,REAL_LIFE_VIOLENCE/fights/V_602.mp4,16,224
Fights/REAL_LIFE_VIOLENCE_V_608.pt,Fights,1,REAL_LIFE_VIOLENCE,REAL_LIFE_VIOLENCE/fights/V_608.mp4,16,224
Fights/REAL_LIFE_VIOLENCE_V_607.pt,Fights,1,REAL_LIFE_VIOLENCE,REAL_LIFE_VIOLENCE/fights/V_607.mp4,16,224
Fights/REAL_LIFE_VIOLENCE_V_601.pt,Fights,1,REAL_LIFE_VIOLENCE,REAL_LIFE_VIOLENCE/fights/V_601.mp4,16,224
Fights/REAL_LIFE_VIOLENCE_V_614.pt,Fights,1,REAL_LIFE_VIOLENCE,REAL_LIFE_VIOLENCE/fights/V_614.mp4,16,224
Fights/REAL_LIFE_VIOLENCE_V_618.pt,Fights,1,REAL_LIFE_VIOLENCE,REAL_LIFE_VIOLENCE/fights/V_618.mp4,16,224
Fights/REAL_LIFE_VIOLENCE_V_613.pt,Fights,1,REAL_LIFE_VIOLENCE,REAL_LIFE_VIOLENCE/fights/V_613.mp4,16,224
Fights/REAL_LIFE_VIOLENCE_V_611.pt,Fights,1,REAL_LIFE_VIOLENCE,REAL_LIFE_VIOLENCE/fights/V_611.mp4,16,224
Fights/REAL_LIFE_VIOLENCE_V_617.pt,Fights,1,REAL_LIFE_VIOLENCE,REAL_LIFE_VIOLENCE/fights/V_617.mp4,16,224
Fights/REAL_LIFE_VIOLENCE_V_616.pt,Fights,1,REAL_LIFE_VIOLENCE,REAL_LIFE_VIOLENCE/fights/V_616.mp4,16,224
Fights/REAL_LIFE_VIOLENCE_V_612.pt,Fights,1,REAL_LIFE_VIOLENCE,REAL_LIFE_VIOLENCE/fights/V_612.mp4,16,224
Fights/REAL_LIFE_VIOLENCE_V_610.pt,Fights,1,REAL_LIFE_VIOLENCE,REAL_LIFE_VIOLENCE/fights/V_610.mp4,16,224
Fights/REAL_LIFE_VIOLENCE_V_615.pt,Fights,1,REAL_LIFE_VIOLENCE,REAL_LIFE_VIOLENCE/fights/V_615.mp4,16,224
Fights/REAL_LIFE_VIOLENCE_V_620.pt,Fights,1,REAL_LIFE_VIOLENCE,REAL_LIFE_VIOLENCE/fights/V_620.mp4,16,224
Fights/REAL_LIFE_VIOLENCE_V_62.pt,Fights,1,REAL_LIFE_VIOLENCE,REAL_LIFE_VIOLENCE/fights/V_62.mp4,16,224
Fights/REAL_LIFE_VIOLENCE_V_619.pt,Fights,1,REAL_LIFE_VIOLENCE,REAL_LIFE_VIOLENCE/fights/V_619.mp4,16,224
Fights/REAL_LIFE_VIOLENCE_V_638.pt,Fights,1,REAL_LIFE_VIOLENCE,REAL_LIFE_VIOLENCE/fights/V_638.mp4,16,224
Fights/REAL_LIFE_VIOLENCE_V_632.pt,Fights,1,REAL_LIFE_VIOLENCE,REAL_LIFE_VIOLENCE/fights/V_632.mp4,16,224
Fights/REAL_LIFE_VIOLENCE_V_623.pt,Fights,1,REAL_LIFE_VIOLENCE,REAL_LIFE_VIOLENCE/fights/V_623.mp4,16,224
Fights/REAL_LIFE_VIOLENCE_V_627.pt,Fights,1,REAL_LIFE_VIOLENCE,REAL_LIFE_VIOLENCE/fights/V_627.mp4,16,224
Fights/REAL_LIFE_VIOLENCE_V_639.pt,Fights,1,REAL_LIFE_VIOLENCE,REAL_LIFE_VIOLENCE/fights/V_639.mp4,16,224
Fights/REAL_LIFE_VIOLENCE_V_621.pt,Fights,1,REAL_LIFE_VIOLENCE,REAL_LIFE_VIOLENCE/fights/V_621.mp4,16,224
Fights/REAL_LIFE_VIOLENCE_V_633.pt,Fights,1,REAL_LIFE_VIOLENCE,REAL_LIFE_VIOLENCE/fights/V_633.mp4,16,224
Fights/REAL_LIFE_VIOLENCE_V_629.pt,Fights,1,REAL_LIFE_VIOLENCE,REAL_LIFE_VIOLENCE/fights/V_629.mp4,16,224
Fights/REAL_LIFE_VIOLENCE_V_628.pt,Fights,1,REAL_LIFE_VIOLENCE,REAL_LIFE_VIOLENCE/fights/V_628.mp4,16,224
Fights/REAL_LIFE_VIOLENCE_V_641.pt,Fights,1,REAL_LIFE_VIOLENCE,REAL_LIFE_VIOLENCE/fights/V_641.mp4,16,224
Fights/REAL_LIFE_VIOLENCE_V_631.pt,Fights,1,REAL_LIFE_VIOLENCE,REAL_LIFE_VIOLENCE/fights/V_631.mp4,16,224
Fights/REAL_LIFE_VIOLENCE_V_634.pt,Fights,1,REAL_LIFE_VIOLENCE,REAL_LIFE_VIOLENCE/fights/V_634.mp4,16,224
Fights/REAL_LIFE_VIOLENCE_V_63.pt,Fights,1,REAL_LIFE_VIOLENCE,REAL_LIFE_VIOLENCE/fights/V_63.mp4,16,224
Fights/REAL_LIFE_VIOLENCE_V_64.pt,Fights,1,REAL_LIFE_VIOLENCE,REAL_LIFE_VIOLENCE/fights/V_64.mp4,16,224
Fights/REAL_LIFE_VIOLENCE_V_626.pt,Fights,1,REAL_LIFE_VIOLENCE,REAL_LIFE_VIOLENCE/fights/V_626.mp4,16,224
Fights/REAL_LIFE_VIOLENCE_V_635.pt,Fights,1,REAL_LIFE_VIOLENCE,REAL_LIFE_VIOLENCE/fights/V_635.mp4,16,224
Fights/REAL_LIFE_VIOLENCE_V_640.pt,Fights,1,REAL_LIFE_VIOLENCE,REAL_LIFE_VIOLENCE/fights/V_640.mp4,16,224
Fights/REAL_LIFE_VIOLENCE_V_622.pt,Fights,1,REAL_LIFE_VIOLENCE,REAL_LIFE_VIOLENCE/fights/V_622.mp4,16,224
Fights/REAL_LIFE_VIOLENCE_V_636.pt,Fights,1,REAL_LIFE_VIOLENCE,REAL_LIFE_VIOLENCE/fights/V_636.mp4,16,224
Fights/REAL_LIFE_VIOLENCE_V_624.pt,Fights,1,REAL_LIFE_VIOLENCE,REAL_LIFE_VIOLENCE/fights/V_624.mp4,16,224
Fights/REAL_LIFE_VIOLENCE_V_625.pt,Fights,1,REAL_LIFE_VIOLENCE,REAL_LIFE_VIOLENCE/fights/V_625.mp4,16,224
Fights/REAL_LIFE_VIOLENCE_V_637.pt,Fights,1,REAL_LIFE_VIOLENCE,REAL_LIFE_VIOLENCE/fights/V_637.mp4,16,224
Fights/REAL_LIFE_VIOLENCE_V_630.pt,Fights,1,REAL_LIFE_VIOLENCE,REAL_LIFE_VIOLENCE/fights/V_630.mp4,16,224
Fights/REAL_LIFE_VIOLENCE_V_643.pt,Fights,1,REAL_LIFE_VIOLENCE,REAL_LIFE_VIOLENCE/fights/V_643.mp4,16,224
Fights/REAL_LIFE_VIOLENCE_V_645.pt,Fights,1,REAL_LIFE_VIOLENCE,REAL_LIFE_VIOLENCE/fights/V_645.mp4,16,224
Fights/REAL_LIFE_VIOLENCE_V_644.pt,Fights,1,REAL_LIFE_VIOLENCE,REAL_LIFE_VIOLENCE/fights/V_644.mp4,16,224
Fights/REAL_LIFE_VIOLENCE_V_642.pt,Fights,1,REAL_LIFE_VIOLENCE,REAL_LIFE_VIOLENCE/fights/V_642.mp4,16,224
Fights/REAL_LIFE_VIOLENCE_V_647.pt,Fights,1,REAL_LIFE_VIOLENCE,REAL_LIFE_VIOLENCE/fights/V_647.mp4,16,224
Fights/REAL_LIFE_VIOLENCE_V_648.pt,Fights,1,REAL_LIFE_VIOLENCE,REAL_LIFE_VIOLENCE/fights/V_648.mp4,16,224
Fights/REAL_LIFE_VIOLENCE_V_65.pt,Fights,1,REAL_LIFE_VIOLENCE,REAL_LIFE_VIOLENCE/fights/V_65.mp4,16,224
Fights/REAL_LIFE_VIOLENCE_V_646.pt,Fights,1,REAL_LIFE_VIOLENCE,REAL_LIFE_VIOLENCE/fights/V_646.mp4,16,224
Fights/REAL_LIFE_VIOLENCE_V_652.pt,Fights,1,REAL_LIFE_VIOLENCE,REAL_LIFE_VIOLENCE/fights/V_652.mp4,16,224
Fights/REAL_LIFE_VIOLENCE_V_650.pt,Fights,1,REAL_LIFE_VIOLENCE,REAL_LIFE_VIOLENCE/fights/V_650.mp4,16,224
Fights/REAL_LIFE_VIOLENCE_V_651.pt,Fights,1,REAL_LIFE_VIOLENCE,REAL_LIFE_VIOLENCE/fights/V_651.mp4,16,224
Fights/REAL_LIFE_VIOLENCE_V_649.pt,Fights,1,REAL_LIFE_VIOLENCE,REAL_LIFE_VIOLENCE/fights/V_649.mp4,16,224
Fights/REAL_LIFE_VIOLENCE_V_666.pt,Fights,1,REAL_LIFE_VIOLENCE,REAL_LIFE_VIOLENCE/fights/V_666.mp4,16,224
Fights/REAL_LIFE_VIOLENCE_V_667.pt,Fights,1,REAL_LIFE_VIOLENCE,REAL_LIFE_VIOLENCE/fights/V_667.mp4,16,224
Fights/REAL_LIFE_VIOLENCE_V_657.pt,Fights,1,REAL_LIFE_VIOLENCE,REAL_LIFE_VIOLENCE/fights/V_657.mp4,16,224
Fights/REAL_LIFE_VIOLENCE_V_660.pt,Fights,1,REAL_LIFE_VIOLENCE,REAL_LIFE_VIOLENCE/fights/V_660.mp4,16,224
Fights/REAL_LIFE_VIOLENCE_V_661.pt,Fights,1,REAL_LIFE_VIOLENCE,REAL_LIFE_VIOLENCE/fights/V_661.mp4,16,224
Fights/REAL_LIFE_VIOLENCE_V_664.pt,Fights,1,REAL_LIFE_VIOLENCE,REAL_LIFE_VIOLENCE/fights/V_664.mp4,16,224
Fights/REAL_LIFE_VIOLENCE_V_66.pt,Fights,1,REAL_LIFE_VIOLENCE,REAL_LIFE_VIOLENCE/fights/V_66.mp4,16,224
Fights/REAL_LIFE_VIOLENCE_V_67.pt,Fights,1,REAL_LIFE_VIOLENCE,REAL_LIFE_VIOLENCE/fights/V_67.mp4,16,224
Fights/REAL_LIFE_VIOLENCE_V_658.pt,Fights,1,REAL_LIFE_VIOLENCE,REAL_LIFE_VIOLENCE/fights/V_658.mp4,16,224
Fights/REAL_LIFE_VIOLENCE_V_656.pt,Fights,1,REAL_LIFE_VIOLENCE,REAL_LIFE_VIOLENCE/fights/V_656.mp4,16,224
Fights/REAL_LIFE_VIOLENCE_V_662.pt,Fights,1,REAL_LIFE_VIOLENCE,REAL_LIFE_VIOLENCE/fights/V_662.mp4,16,224
Fights/REAL_LIFE_VIOLENCE_V_654.pt,Fights,1,REAL_LIFE_VIOLENCE,REAL_LIFE_VIOLENCE/fights/V_654.mp4,16,224
Fights/REAL_LIFE_VIOLENCE_V_668.pt,Fights,1,REAL_LIFE_VIOLENCE,REAL_LIFE_VIOLENCE/fights/V_668.mp4,16,224
Fights/REAL_LIFE_VIOLENCE_V_659.pt,Fights,1,REAL_LIFE_VIOLENCE,REAL_LIFE_VIOLENCE/fights/V_659.mp4,16,224
Fights/REAL_LIFE_VIOLENCE_V_653.pt,Fights,1,REAL_LIFE_VIOLENCE,REAL_LIFE_VIOLENCE/fights/V_653.mp4,16,224
Fights/REAL_LIFE_VIOLENCE_V_665.pt,Fights,1,REAL_LIFE_VIOLENCE,REAL_LIFE_VIOLENCE/fights/V_665.mp4,16,224
Fights/REAL_LIFE_VIOLENCE_V_655.pt,Fights,1,REAL_LIFE_VIOLENCE,REAL_LIFE_VIOLENCE/fights/V_655.mp4,16,224
Fights/REAL_LIFE_VIOLENCE_V_669.pt,Fights,1,REAL_LIFE_VIOLENCE,REAL_LIFE_VIOLENCE/fights/V_669.mp4,16,224
Fights/REAL_LIFE_VIOLENCE_V_663.pt,Fights,1,REAL_LIFE_VIOLENCE,REAL_LIFE_VIOLENCE/fights/V_663.mp4,16,224
Fights/REAL_LIFE_VIOLENCE_V_672.pt,Fights,1,REAL_LIFE_VIOLENCE,REAL_LIFE_VIOLENCE/fights/V_672.mp4,16,224
Fights/REAL_LIFE_VIOLENCE_V_671.pt,Fights,1,REAL_LIFE_VIOLENCE,REAL_LIFE_VIOLENCE/fights/V_671.mp4,16,224
Fights/REAL_LIFE_VIOLENCE_V_683.pt,Fights,1,REAL_LIFE_VIOLENCE,REAL_LIFE_VIOLENCE/fights/V_683.mp4,16,224
Fights/REAL_LIFE_VIOLENCE_V_681.pt,Fights,1,REAL_LIFE_VIOLENCE,REAL_LIFE_VIOLENCE/fights/V_681.mp4,16,224
Fights/REAL_LIFE_VIOLENCE_V_680.pt,Fights,1,REAL_LIFE_VIOLENCE,REAL_LIFE_VIOLENCE/fights/V_680.mp4,16,224
Fights/REAL_LIFE_VIOLENCE_V_684.pt,Fights,1,REAL_LIFE_VIOLENCE,REAL_LIFE_VIOLENCE/fights/V_684.mp4,16,224
Fights/REAL_LIFE_VIOLENCE_V_68.pt,Fights,1,REAL_LIFE_VIOLENCE,REAL_LIFE_VIOLENCE/fights/V_68.mp4,16,224
Fights/REAL_LIFE_VIOLENCE_V_685.pt,Fights,1,REAL_LIFE_VIOLENCE,REAL_LIFE_VIOLENCE/fights/V_685.mp4,16,224
Fights/REAL_LIFE_VIOLENCE_V_677.pt,Fights,1,REAL_LIFE_VIOLENCE,REAL_LIFE_VIOLENCE/fights/V_677.mp4,16,224
Fights/REAL_LIFE_VIOLENCE_V_687.pt,Fights,1,REAL_LIFE_VIOLENCE,REAL_LIFE_VIOLENCE/fights/V_687.mp4,16,224
Fights/REAL_LIFE_VIOLENCE_V_688.pt,Fights,1,REAL_LIFE_VIOLENCE,REAL_LIFE_VIOLENCE/fights/V_688.mp4,16,224
Fights/REAL_LIFE_VIOLENCE_V_674.pt,Fights,1,REAL_LIFE_VIOLENCE,REAL_LIFE_VIOLENCE/fights/V_674.mp4,16,224
Fights/REAL_LIFE_VIOLENCE_V_678.pt,Fights,1,REAL_LIFE_VIOLENCE,REAL_LIFE_VIOLENCE/fights/V_678.mp4,16,224
Fights/REAL_LIFE_VIOLENCE_V_686.pt,Fights,1,REAL_LIFE_VIOLENCE,REAL_LIFE_VIOLENCE/fights/V_686.mp4,16,224
Fights/REAL_LIFE_VIOLENCE_V_682.pt,Fights,1,REAL_LIFE_VIOLENCE,REAL_LIFE_VIOLENCE/fights/V_682.mp4,16,224
Fights/REAL_LIFE_VIOLENCE_V_675.pt,Fights,1,REAL_LIFE_VIOLENCE,REAL_LIFE_VIOLENCE/fights/V_675.mp4,16,224
Fights/REAL_LIFE_VIOLENCE_V_670.pt,Fights,1,REAL_LIFE_VIOLENCE,REAL_LIFE_VIOLENCE/fights/V_670.mp4,16,224
Fights/REAL_LIFE_VIOLENCE_V_676.pt,Fights,1,REAL_LIFE_VIOLENCE,REAL_LIFE_VIOLENCE/fights/V_676.mp4,16,224
Fights/REAL_LIFE_VIOLENCE_V_673.pt,Fights,1,REAL_LIFE_VIOLENCE,REAL_LIFE_VIOLENCE/fights/V_673.mp4,16,224
Fights/REAL_LIFE_VIOLENCE_V_679.pt,Fights,1,REAL_LIFE_VIOLENCE,REAL_LIFE_VIOLENCE/fights/V_679.mp4,16,224
Fights/REAL_LIFE_VIOLENCE_V_691.pt,Fights,1,REAL_LIFE_VIOLENCE,REAL_LIFE_VIOLENCE/fights/V_691.mp4,16,224
Fights/REAL_LIFE_VIOLENCE_V_7.pt,Fights,1,REAL_LIFE_VIOLENCE,REAL_LIFE_VIOLENCE/fights/V_7.mp4,16,224
Fights/REAL_LIFE_VIOLENCE_V_695.pt,Fights,1,REAL_LIFE_VIOLENCE,REAL_LIFE_VIOLENCE/fights/V_695.mp4,16,224
Fights/REAL_LIFE_VIOLENCE_V_692.pt,Fights,1,REAL_LIFE_VIOLENCE,REAL_LIFE_VIOLENCE/fights/V_692.mp4,16,224
Fights/REAL_LIFE_VIOLENCE_V_696.pt,Fights,1,REAL_LIFE_VIOLENCE,REAL_LIFE_VIOLENCE/fights/V_696.mp4,16,224
Fights/REAL_LIFE_VIOLENCE_V_697.pt,Fights,1,REAL_LIFE_VIOLENCE,REAL_LIFE_VIOLENCE/fights/V_697.mp4,16,224
Fights/REAL_LIFE_VIOLENCE_V_694.pt,Fights,1,REAL_LIFE_VIOLENCE,REAL_LIFE_VIOLENCE/fights/V_694.mp4,16,224
Fights/REAL_LIFE_VIOLENCE_V_69.pt,Fights,1,REAL_LIFE_VIOLENCE,REAL_LIFE_VIOLENCE/fights/V_69.mp4,16,224
Fights/REAL_LIFE_VIOLENCE_V_689.pt,Fights,1,REAL_LIFE_VIOLENCE,REAL_LIFE_VIOLENCE/fights/V_689.mp4,16,224
Fights/REAL_LIFE_VIOLENCE_V_699.pt,Fights,1,REAL_LIFE_VIOLENCE,REAL_LIFE_VIOLENCE/fights/V_699.mp4,16,224
Fights/REAL_LIFE_VIOLENCE_V_693.pt,Fights,1,REAL_LIFE_VIOLENCE,REAL_LIFE_VIOLENCE/fights/V_693.mp4,16,224
Fights/REAL_LIFE_VIOLENCE_V_690.pt,Fights,1,REAL_LIFE_VIOLENCE,REAL_LIFE_VIOLENCE/fights/V_690.mp4,16,224
Fights/REAL_LIFE_VIOLENCE_V_698.pt,Fights,1,REAL_LIFE_VIOLENCE,REAL_LIFE_VIOLENCE/fights/V_698.mp4,16,224
Fights/REAL_LIFE_VIOLENCE_V_703.pt,Fights,1,REAL_LIFE_VIOLENCE,REAL_LIFE_VIOLENCE/fights/V_703.mp4,16,224
Fights/REAL_LIFE_VIOLENCE_V_708.pt,Fights,1,REAL_LIFE_VIOLENCE,REAL_LIFE_VIOLENCE/fights/V_708.mp4,16,224
Fights/REAL_LIFE_VIOLENCE_V_709.pt,Fights,1,REAL_LIFE_VIOLENCE,REAL_LIFE_VIOLENCE/fights/V_709.mp4,16,224
Fights/REAL_LIFE_VIOLENCE_V_704.pt,Fights,1,REAL_LIFE_VIOLENCE,REAL_LIFE_VIOLENCE/fights/V_704.mp4,16,224
Fights/REAL_LIFE_VIOLENCE_V_710.pt,Fights,1,REAL_LIFE_VIOLENCE,REAL_LIFE_VIOLENCE/fights/V_710.mp4,16,224
Fights/REAL_LIFE_VIOLENCE_V_713.pt,Fights,1,REAL_LIFE_VIOLENCE,REAL_LIFE_VIOLENCE/fights/V_713.mp4,16,224
Fights/REAL_LIFE_VIOLENCE_V_705.pt,Fights,1,REAL_LIFE_VIOLENCE,REAL_LIFE_VIOLENCE/fights/V_705.mp4,16,224
Fights/REAL_LIFE_VIOLENCE_V_714.pt,Fights,1,REAL_LIFE_VIOLENCE,REAL_LIFE_VIOLENCE/fights/V_714.mp4,16,224
Fights/REAL_LIFE_VIOLENCE_V_707.pt,Fights,1,REAL_LIFE_VIOLENCE,REAL_LIFE_VIOLENCE/fights/V_707.mp4,16,224
Fights/REAL_LIFE_VIOLENCE_V_702.pt,Fights,1,REAL_LIFE_VIOLENCE,REAL_LIFE_VIOLENCE/fights/V_702.mp4,16,224
Fights/REAL_LIFE_VIOLENCE_V_70.pt,Fights,1,REAL_LIFE_VIOLENCE,REAL_LIFE_VIOLENCE/fights/V_70.mp4,16,224
Fights/REAL_LIFE_VIOLENCE_V_701.pt,Fights,1,REAL_LIFE_VIOLENCE,REAL_LIFE_VIOLENCE/fights/V_701.mp4,16,224
Fights/REAL_LIFE_VIOLENCE_V_700.pt,Fights,1,REAL_LIFE_VIOLENCE,REAL_LIFE_VIOLENCE/fights/V_700.mp4,16,224
Fights/REAL_LIFE_VIOLENCE_V_71.pt,Fights,1,REAL_LIFE_VIOLENCE,REAL_LIFE_VIOLENCE/fights/V_71.mp4,16,224
Fights/REAL_LIFE_VIOLENCE_V_706.pt,Fights,1,REAL_LIFE_VIOLENCE,REAL_LIFE_VIOLENCE/fights/V_706.mp4,16,224
Fights/REAL_LIFE_VIOLENCE_V_712.pt,Fights,1,REAL_LIFE_VIOLENCE,REAL_LIFE_VIOLENCE/fights/V_712.mp4,16,224
Fights/REAL_LIFE_VIOLENCE_V_711.pt,Fights,1,REAL_LIFE_VIOLENCE,REAL_LIFE_VIOLENCE/fights/V_711.mp4,16,224
Fights/REAL_LIFE_VIOLENCE_V_720.pt,Fights,1,REAL_LIFE_VIOLENCE,REAL_LIFE_VIOLENCE/fights/V_720.mp4,16,224
Fights/REAL_LIFE_VIOLENCE_V_715.pt,Fights,1,REAL_LIFE_VIOLENCE,REAL_LIFE_VIOLENCE/fights/V_715.mp4,16,224
Fights/REAL_LIFE_VIOLENCE_V_74.pt,Fights,1,REAL_LIFE_VIOLENCE,REAL_LIFE_VIOLENCE/fights/V_74.mp4,16,224
Fights/REAL_LIFE_VIOLENCE_V_729.pt,Fights,1,REAL_LIFE_VIOLENCE,REAL_LIFE_VIOLENCE/fights/V_729.mp4,16,224
Fights/REAL_LIFE_VIOLENCE_V_72.pt,Fights,1,REAL_LIFE_VIOLENCE,REAL_LIFE_VIOLENCE/fights/V_72.mp4,16,224
Fights/REAL_LIFE_VIOLENCE_V_719.pt,Fights,1,REAL_LIFE_VIOLENCE,REAL_LIFE_VIOLENCE/fights/V_719.mp4,16,224
Fights/REAL_LIFE_VIOLENCE_V_723.pt,Fights,1,REAL_LIFE_VIOLENCE,REAL_LIFE_VIOLENCE/fights/V_723.mp4,16,224
Fights/REAL_LIFE_VIOLENCE_V_716.pt,Fights,1,REAL_LIFE_VIOLENCE,REAL_LIFE_VIOLENCE/fights/V_716.mp4,16,224
Fights/REAL_LIFE_VIOLENCE_V_721.pt,Fights,1,REAL_LIFE_VIOLENCE,REAL_LIFE_VIOLENCE/fights/V_721.mp4,16,224
Fights/REAL_LIFE_VIOLENCE_V_717.pt,Fights,1,REAL_LIFE_VIOLENCE,REAL_LIFE_VIOLENCE/fights/V_717.mp4,16,224
Fights/REAL_LIFE_VIOLENCE_V_737.pt,Fights,1,REAL_LIFE_VIOLENCE,REAL_LIFE_VIOLENCE/fights/V_737.mp4,16,224
Fights/REAL_LIFE_VIOLENCE_V_740.pt,Fights,1,REAL_LIFE_VIOLENCE,REAL_LIFE_VIOLENCE/fights/V_740.mp4,16,224
Fights/REAL_LIFE_VIOLENCE_V_735.pt,Fights,1,REAL_LIFE_VIOLENCE,REAL_LIFE_VIOLENCE/fights/V_735.mp4,16,224
Fights/REAL_LIFE_VIOLENCE_V_742.pt,Fights,1,REAL_LIFE_VIOLENCE,REAL_LIFE_VIOLENCE/fights/V_742.mp4,16,224
Fights/REAL_LIFE_VIOLENCE_V_722.pt,Fights,1,REAL_LIFE_VIOLENCE,REAL_LIFE_VIOLENCE/fights/V_722.mp4,16,224
Fights/REAL_LIFE_VIOLENCE_V_725.pt,Fights,1,REAL_LIFE_VIOLENCE,REAL_LIFE_VIOLENCE/fights/V_725.mp4,16,224
Fights/REAL_LIFE_VIOLENCE_V_733.pt,Fights,1,REAL_LIFE_VIOLENCE,REAL_LIFE_VIOLENCE/fights/V_733.mp4,16,224
Fights/REAL_LIFE_VIOLENCE_V_726.pt,Fights,1,REAL_LIFE_VIOLENCE,REAL_LIFE_VIOLENCE/fights/V_726.mp4,16,224
Fights/REAL_LIFE_VIOLENCE_V_730.pt,Fights,1,REAL_LIFE_VIOLENCE,REAL_LIFE_VIOLENCE/fights/V_730.mp4,16,224
Fights/REAL_LIFE_VIOLENCE_V_736.pt,Fights,1,REAL_LIFE_VIOLENCE,REAL_LIFE_VIOLENCE/fights/V_736.mp4,16,224
Fights/REAL_LIFE_VIOLENCE_V_731.pt,Fights,1,REAL_LIFE_VIOLENCE,REAL_LIFE_VIOLENCE/fights/V_731.mp4,16,224
Fights/REAL_LIFE_VIOLENCE_V_743.pt,Fights,1,REAL_LIFE_VIOLENCE,REAL_LIFE_VIOLENCE/fights/V_743.mp4,16,224
Fights/REAL_LIFE_VIOLENCE_V_739.pt,Fights,1,REAL_LIFE_VIOLENCE,REAL_LIFE_VIOLENCE/fights/V_739.mp4,16,224
Fights/REAL_LIFE_VIOLENCE_V_724.pt,Fights,1,REAL_LIFE_VIOLENCE,REAL_LIFE_VIOLENCE/fights/V_724.mp4,16,224
Fights/REAL_LIFE_VIOLENCE_V_738.pt,Fights,1,REAL_LIFE_VIOLENCE,REAL_LIFE_VIOLENCE/fights/V_738.mp4,16,224
Fights/REAL_LIFE_VIOLENCE_V_728.pt,Fights,1,REAL_LIFE_VIOLENCE,REAL_LIFE_VIOLENCE/fights/V_728.mp4,16,224
Fights/REAL_LIFE_VIOLENCE_V_734.pt,Fights,1,REAL_LIFE_VIOLENCE,REAL_LIFE_VIOLENCE/fights/V_734.mp4,16,224
Fights/REAL_LIFE_VIOLENCE_V_741.pt,Fights,1,REAL_LIFE_VIOLENCE,REAL_LIFE_VIOLENCE/fights/V_741.mp4,16,224
Fights/REAL_LIFE_VIOLENCE_V_718.pt,Fights,1,REAL_LIFE_VIOLENCE,REAL_LIFE_VIOLENCE/fights/V_718.mp4,16,224
Fights/REAL_LIFE_VIOLENCE_V_727.pt,Fights,1,REAL_LIFE_VIOLENCE,REAL_LIFE_VIOLENCE/fights/V_727.mp4,16,224
Fights/REAL_LIFE_VIOLENCE_V_73.pt,Fights,1,REAL_LIFE_VIOLENCE,REAL_LIFE_VIOLENCE/fights/V_73.mp4,16,224
Fights/REAL_LIFE_VIOLENCE_V_732.pt,Fights,1,REAL_LIFE_VIOLENCE,REAL_LIFE_VIOLENCE/fights/V_732.mp4,16,224
Fights/REAL_LIFE_VIOLENCE_V_746.pt,Fights,1,REAL_LIFE_VIOLENCE,REAL_LIFE_VIOLENCE/fights/V_746.mp4,16,224
Fights/REAL_LIFE_VIOLENCE_V_744.pt,Fights,1,REAL_LIFE_VIOLENCE,REAL_LIFE_VIOLENCE/fights/V_744.mp4,16,224
Fights/REAL_LIFE_VIOLENCE_V_747.pt,Fights,1,REAL_LIFE_VIOLENCE,REAL_LIFE_VIOLENCE/fights/V_747.mp4,16,224
Fights/REAL_LIFE_VIOLENCE_V_753.pt,Fights,1,REAL_LIFE_VIOLENCE,REAL_LIFE_VIOLENCE/fights/V_753.mp4,16,224
Fights/REAL_LIFE_VIOLENCE_V_748.pt,Fights,1,REAL_LIFE_VIOLENCE,REAL_LIFE_VIOLENCE/fights/V_748.mp4,16,224
Fights/REAL_LIFE_VIOLENCE_V_750.pt,Fights,1,REAL_LIFE_VIOLENCE,REAL_LIFE_VIOLENCE/fights/V_750.mp4,16,224
Fights/REAL_LIFE_VIOLENCE_V_754.pt,Fights,1,REAL_LIFE_VIOLENCE,REAL_LIFE_VIOLENCE/fights/V_754.mp4,16,224
Fights/REAL_LIFE_VIOLENCE_V_749.pt,Fights,1,REAL_LIFE_VIOLENCE,REAL_LIFE_VIOLENCE/fights/V_749.mp4,16,224
Fights/REAL_LIFE_VIOLENCE_V_745.pt,Fights,1,REAL_LIFE_VIOLENCE,REAL_LIFE_VIOLENCE/fights/V_745.mp4,16,224
Fights/REAL_LIFE_VIOLENCE_V_752.pt,Fights,1,REAL_LIFE_VIOLENCE,REAL_LIFE_VIOLENCE/fights/V_752.mp4,16,224
Fights/REAL_LIFE_VIOLENCE_V_75.pt,Fights,1,REAL_LIFE_VIOLENCE,REAL_LIFE_VIOLENCE/fights/V_75.mp4,16,224
Fights/REAL_LIFE_VIOLENCE_V_751.pt,Fights,1,REAL_LIFE_VIOLENCE,REAL_LIFE_VIOLENCE/fights/V_751.mp4,16,224
Fights/REAL_LIFE_VIOLENCE_V_757.pt,Fights,1,REAL_LIFE_VIOLENCE,REAL_LIFE_VIOLENCE/fights/V_757.mp4,16,224
Fights/REAL_LIFE_VIOLENCE_V_760.pt,Fights,1,REAL_LIFE_VIOLENCE,REAL_LIFE_VIOLENCE/fights/V_760.mp4,16,224
Fights/REAL_LIFE_VIOLENCE_V_759.pt,Fights,1,REAL_LIFE_VIOLENCE,REAL_LIFE_VIOLENCE/fights/V_759.mp4,16,224
Fights/REAL_LIFE_VIOLENCE_V_755.pt,Fights,1,REAL_LIFE_VIOLENCE,REAL_LIFE_VIOLENCE/fights/V_755.mp4,16,224
Fights/REAL_LIFE_VIOLENCE_V_76.pt,Fights,1,REAL_LIFE_VIOLENCE,REAL_LIFE_VIOLENCE/fights/V_76.mp4,16,224
Fights/REAL_LIFE_VIOLENCE_V_758.pt,Fights,1,REAL_LIFE_VIOLENCE,REAL_LIFE_VIOLENCE/fights/V_758.mp4,16,224
Fights/REAL_LIFE_VIOLENCE_V_761.pt,Fights,1,REAL_LIFE_VIOLENCE,REAL_LIFE_VIOLENCE/fights/V_761.mp4,16,224
Fights/REAL_LIFE_VIOLENCE_V_762.pt,Fights,1,REAL_LIFE_VIOLENCE,REAL_LIFE_VIOLENCE/fights/V_762.mp4,16,224
Fights/REAL_LIFE_VIOLENCE_V_756.pt,Fights,1,REAL_LIFE_VIOLENCE,REAL_LIFE_VIOLENCE/fights/V_756.mp4,16,224
Fights/REAL_LIFE_VIOLENCE_V_768.pt,Fights,1,REAL_LIFE_VIOLENCE,REAL_LIFE_VIOLENCE/fights/V_768.mp4,16,224
Fights/REAL_LIFE_VIOLENCE_V_770.pt,Fights,1,REAL_LIFE_VIOLENCE,REAL_LIFE_VIOLENCE/fights/V_770.mp4,16,224
Fights/REAL_LIFE_VIOLENCE_V_764.pt,Fights,1,REAL_LIFE_VIOLENCE,REAL_LIFE_VIOLENCE/fights/V_764.mp4,16,224
Fights/REAL_LIFE_VIOLENCE_V_767.pt,Fights,1,REAL_LIFE_VIOLENCE,REAL_LIFE_VIOLENCE/fights/V_767.mp4,16,224
Fights/REAL_LIFE_VIOLENCE_V_77.pt,Fights,1,REAL_LIFE_VIOLENCE,REAL_LIFE_VIOLENCE/fights/V_77.mp4,16,224
Fights/REAL_LIFE_VIOLENCE_V_766.pt,Fights,1,REAL_LIFE_VIOLENCE,REAL_LIFE_VIOLENCE/fights/V_766.mp4,16,224
Fights/REAL_LIFE_VIOLENCE_V_763.pt,Fights,1,REAL_LIFE_VIOLENCE,REAL_LIFE_VIOLENCE/fights/V_763.mp4,16,224
Fights/REAL_LIFE_VIOLENCE_V_771.pt,Fights,1,REAL_LIFE_VIOLENCE,REAL_LIFE_VIOLENCE/fights/V_771.mp4,16,224
Fights/REAL_LIFE_VIOLENCE_V_772.pt,Fights,1,REAL_LIFE_VIOLENCE,REAL_LIFE_VIOLENCE/fights/V_772.mp4,16,224
Fights/REAL_LIFE_VIOLENCE_V_765.pt,Fights,1,REAL_LIFE_VIOLENCE,REAL_LIFE_VIOLENCE/fights/V_765.mp4,16,224
Fights/REAL_LIFE_VIOLENCE_V_769.pt,Fights,1,REAL_LIFE_VIOLENCE,REAL_LIFE_VIOLENCE/fights/V_769.mp4,16,224
Fights/REAL_LIFE_VIOLENCE_V_773.pt,Fights,1,REAL_LIFE_VIOLENCE,REAL_LIFE_VIOLENCE/fights/V_773.mp4,16,224
Fights/REAL_LIFE_VIOLENCE_V_785.pt,Fights,1,REAL_LIFE_VIOLENCE,REAL_LIFE_VIOLENCE/fights/V_785.mp4,16,224
Fights/REAL_LIFE_VIOLENCE_V_781.pt,Fights,1,REAL_LIFE_VIOLENCE,REAL_LIFE_VIOLENCE/fights/V_781.mp4,16,224
Fights/REAL_LIFE_VIOLENCE_V_783.pt,Fights,1,REAL_LIFE_VIOLENCE,REAL_LIFE_VIOLENCE/fights/V_783.mp4,16,224
Fights/REAL_LIFE_VIOLENCE_V_776.pt,Fights,1,REAL_LIFE_VIOLENCE,REAL_LIFE_VIOLENCE/fights/V_776.mp4,16,224
Fights/REAL_LIFE_VIOLENCE_V_788.pt,Fights,1,REAL_LIFE_VIOLENCE,REAL_LIFE_VIOLENCE/fights/V_788.mp4,16,224
Fights/REAL_LIFE_VIOLENCE_V_780.pt,Fights,1,REAL_LIFE_VIOLENCE,REAL_LIFE_VIOLENCE/fights/V_780.mp4,16,224
Fights/REAL_LIFE_VIOLENCE_V_779.pt,Fights,1,REAL_LIFE_VIOLENCE,REAL_LIFE_VIOLENCE/fights/V_779.mp4,16,224
Fights/REAL_LIFE_VIOLENCE_V_774.pt,Fights,1,REAL_LIFE_VIOLENCE,REAL_LIFE_VIOLENCE/fights/V_774.mp4,16,224
Fights/REAL_LIFE_VIOLENCE_V_787.pt,Fights,1,REAL_LIFE_VIOLENCE,REAL_LIFE_VIOLENCE/fights/V_787.mp4,16,224
Fights/REAL_LIFE_VIOLENCE_V_777.pt,Fights,1,REAL_LIFE_VIOLENCE,REAL_LIFE_VIOLENCE/fights/V_777.mp4,16,224
Fights/REAL_LIFE_VIOLENCE_V_782.pt,Fights,1,REAL_LIFE_VIOLENCE,REAL_LIFE_VIOLENCE/fights/V_782.mp4,16,224
Fights/REAL_LIFE_VIOLENCE_V_78.pt,Fights,1,REAL_LIFE_VIOLENCE,REAL_LIFE_VIOLENCE/fights/V_78.mp4,16,224
Fights/REAL_LIFE_VIOLENCE_V_784.pt,Fights,1,REAL_LIFE_VIOLENCE,REAL_LIFE_VIOLENCE/fights/V_784.mp4,16,224
Fights/REAL_LIFE_VIOLENCE_V_775.pt,Fights,1,REAL_LIFE_VIOLENCE,REAL_LIFE_VIOLENCE/fights/V_775.mp4,16,224
Fights/REAL_LIFE_VIOLENCE_V_786.pt,Fights,1,REAL_LIFE_VIOLENCE,REAL_LIFE_VIOLENCE/fights/V_786.mp4,16,224
Fights/REAL_LIFE_VIOLENCE_V_778.pt,Fights,1,REAL_LIFE_VIOLENCE,REAL_LIFE_VIOLENCE/fights/V_778.mp4,16,224
Fights/REAL_LIFE_VIOLENCE_V_797.pt,Fights,1,REAL_LIFE_VIOLENCE,REAL_LIFE_VIOLENCE/fights/V_797.mp4,16,224
Fights/REAL_LIFE_VIOLENCE_V_796.pt,Fights,1,REAL_LIFE_VIOLENCE,REAL_LIFE_VIOLENCE/fights/V_796.mp4,16,224
Fights/REAL_LIFE_VIOLENCE_V_794.pt,Fights,1,REAL_LIFE_VIOLENCE,REAL_LIFE_VIOLENCE/fights/V_794.mp4,16,224
Fights/REAL_LIFE_VIOLENCE_V_791.pt,Fights,1,REAL_LIFE_VIOLENCE,REAL_LIFE_VIOLENCE/fights/V_791.mp4,16,224
Fights/REAL_LIFE_VIOLENCE_V_79.pt,Fights,1,REAL_LIFE_VIOLENCE,REAL_LIFE_VIOLENCE/fights/V_79.mp4,16,224
Fights/REAL_LIFE_VIOLENCE_V_792.pt,Fights,1,REAL_LIFE_VIOLENCE,REAL_LIFE_VIOLENCE/fights/V_792.mp4,16,224
Fights/REAL_LIFE_VIOLENCE_V_795.pt,Fights,1,REAL_LIFE_VIOLENCE,REAL_LIFE_VIOLENCE/fights/V_795.mp4,16,224
Fights/REAL_LIFE_VIOLENCE_V_793.pt,Fights,1,REAL_LIFE_VIOLENCE,REAL_LIFE_VIOLENCE/fights/V_793.mp4,16,224
Fights/REAL_LIFE_VIOLENCE_V_790.pt,Fights,1,REAL_LIFE_VIOLENCE,REAL_LIFE_VIOLENCE/fights/V_790.mp4,16,224
Fights/REAL_LIFE_VIOLENCE_V_802.pt,Fights,1,REAL_LIFE_VIOLENCE,REAL_LIFE_VIOLENCE/fights/V_802.mp4,16,224
Fights/REAL_LIFE_VIOLENCE_V_80.pt,Fights,1,REAL_LIFE_VIOLENCE,REAL_LIFE_VIOLENCE/fights/V_80.mp4,16,224
Fights/REAL_LIFE_VIOLENCE_V_799.pt,Fights,1,REAL_LIFE_VIOLENCE,REAL_LIFE_VIOLENCE/fights/V_799.mp4,16,224
Fights/REAL_LIFE_VIOLENCE_V_798.pt,Fights,1,REAL_LIFE_VIOLENCE,REAL_LIFE_VIOLENCE/fights/V_798.mp4,16,224
Fights/REAL_LIFE_VIOLENCE_V_801.pt,Fights,1,REAL_LIFE_VIOLENCE,REAL_LIFE_VIOLENCE/fights/V_801.mp4,16,224
Fights/REAL_LIFE_VIOLENCE_V_8.pt,Fights,1,REAL_LIFE_VIOLENCE,REAL_LIFE_VIOLENCE/fights/V_8.mp4,16,224
Fights/REAL_LIFE_VIOLENCE_V_800.pt,Fights,1,REAL_LIFE_VIOLENCE,REAL_LIFE_VIOLENCE/fights/V_800.mp4,16,224
Fights/REAL_LIFE_VIOLENCE_V_807.pt,Fights,1,REAL_LIFE_VIOLENCE,REAL_LIFE_VIOLENCE/fights/V_807.mp4,16,224
Fights/REAL_LIFE_VIOLENCE_V_809.pt,Fights,1,REAL_LIFE_VIOLENCE,REAL_LIFE_VIOLENCE/fights/V_809.mp4,16,224
Fights/REAL_LIFE_VIOLENCE_V_805.pt,Fights,1,REAL_LIFE_VIOLENCE,REAL_LIFE_VIOLENCE/fights/V_805.mp4,16,224
Fights/REAL_LIFE_VIOLENCE_V_82.pt,Fights,1,REAL_LIFE_VIOLENCE,REAL_LIFE_VIOLENCE/fights/V_82.mp4,16,224
Fights/REAL_LIFE_VIOLENCE_V_823.pt,Fights,1,REAL_LIFE_VIOLENCE,REAL_LIFE_VIOLENCE/fights/V_823.mp4,16,224
Fights/REAL_LIFE_VIOLENCE_V_812.pt,Fights,1,REAL_LIFE_VIOLENCE,REAL_LIFE_VIOLENCE/fights/V_812.mp4,16,224
Fights/REAL_LIFE_VIOLENCE_V_81.pt,Fights,1,REAL_LIFE_VIOLENCE,REAL_LIFE_VIOLENCE/fights/V_81.mp4,16,224
Fights/REAL_LIFE_VIOLENCE_V_824.pt,Fights,1,REAL_LIFE_VIOLENCE,REAL_LIFE_VIOLENCE/fights/V_824.mp4,16,224
Fights/REAL_LIFE_VIOLENCE_V_808.pt,Fights,1,REAL_LIFE_VIOLENCE,REAL_LIFE_VIOLENCE/fights/V_808.mp4,16,224
Fights/REAL_LIFE_VIOLENCE_V_815.pt,Fights,1,REAL_LIFE_VIOLENCE,REAL_LIFE_VIOLENCE/fights/V_815.mp4,16,224
Fights/REAL_LIFE_VIOLENCE_V_811.pt,Fights,1,REAL_LIFE_VIOLENCE,REAL_LIFE_VIOLENCE/fights/V_811.mp4,16,224
Fights/REAL_LIFE_VIOLENCE_V_804.pt,Fights,1,REAL_LIFE_VIOLENCE,REAL_LIFE_VIOLENCE/fights/V_804.mp4,16,224
Fights/REAL_LIFE_VIOLENCE_V_803.pt,Fights,1,REAL_LIFE_VIOLENCE,REAL_LIFE_VIOLENCE/fights/V_803.mp4,16,224
Fights/REAL_LIFE_VIOLENCE_V_825.pt,Fights,1,REAL_LIFE_VIOLENCE,REAL_LIFE_VIOLENCE/fights/V_825.mp4,16,224
Fights/REAL_LIFE_VIOLENCE_V_827.pt,Fights,1,REAL_LIFE_VIOLENCE,REAL_LIFE_VIOLENCE/fights/V_827.mp4,16,224
Fights/REAL_LIFE_VIOLENCE_V_826.pt,Fights,1,REAL_LIFE_VIOLENCE,REAL_LIFE_VIOLENCE/fights/V_826.mp4,16,224
Fights/REAL_LIFE_VIOLENCE_V_828.pt,Fights,1,REAL_LIFE_VIOLENCE,REAL_LIFE_VIOLENCE/fights/V_828.mp4,16,224
Fights/REAL_LIFE_VIOLENCE_V_821.pt,Fights,1,REAL_LIFE_VIOLENCE,REAL_LIFE_VIOLENCE/fights/V_821.mp4,16,224
Fights/REAL_LIFE_VIOLENCE_V_813.pt,Fights,1,REAL_LIFE_VIOLENCE,REAL_LIFE_VIOLENCE/fights/V_813.mp4,16,224
Fights/REAL_LIFE_VIOLENCE_V_820.pt,Fights,1,REAL_LIFE_VIOLENCE,REAL_LIFE_VIOLENCE/fights/V_820.mp4,16,224
Fights/REAL_LIFE_VIOLENCE_V_819.pt,Fights,1,REAL_LIFE_VIOLENCE,REAL_LIFE_VIOLENCE/fights/V_819.mp4,16,224
Fights/REAL_LIFE_VIOLENCE_V_814.pt,Fights,1,REAL_LIFE_VIOLENCE,REAL_LIFE_VIOLENCE/fights/V_814.mp4,16,224
Fights/REAL_LIFE_VIOLENCE_V_818.pt,Fights,1,REAL_LIFE_VIOLENCE,REAL_LIFE_VIOLENCE/fights/V_818.mp4,16,224
Fights/REAL_LIFE_VIOLENCE_V_810.pt,Fights,1,REAL_LIFE_VIOLENCE,REAL_LIFE_VIOLENCE/fights/V_810.mp4,16,224
Fights/REAL_LIFE_VIOLENCE_V_822.pt,Fights,1,REAL_LIFE_VIOLENCE,REAL_LIFE_VIOLENCE/fights/V_822.mp4,16,224
Fights/REAL_LIFE_VIOLENCE_V_806.pt,Fights,1,REAL_LIFE_VIOLENCE,REAL_LIFE_VIOLENCE/fights/V_806.mp4,16,224
Fights/REAL_LIFE_VIOLENCE_V_816.pt,Fights,1,REAL_LIFE_VIOLENCE,REAL_LIFE_VIOLENCE/fights/V_816.mp4,16,224
Fights/REAL_LIFE_VIOLENCE_V_817.pt,Fights,1,REAL_LIFE_VIOLENCE,REAL_LIFE_VIOLENCE/fights/V_817.mp4,16,224
Fights/REAL_LIFE_VIOLENCE_V_836.pt,Fights,1,REAL_LIFE_VIOLENCE,REAL_LIFE_VIOLENCE/fights/V_836.mp4,16,224
Fights/REAL_LIFE_VIOLENCE_V_833.pt,Fights,1,REAL_LIFE_VIOLENCE,REAL_LIFE_VIOLENCE/fights/V_833.mp4,16,224
Fights/REAL_LIFE_VIOLENCE_V_837.pt,Fights,1,REAL_LIFE_VIOLENCE,REAL_LIFE_VIOLENCE/fights/V_837.mp4,16,224
Fights/REAL_LIFE_VIOLENCE_V_848.pt,Fights,1,REAL_LIFE_VIOLENCE,REAL_LIFE_VIOLENCE/fights/V_848.mp4,16,224
Fights/REAL_LIFE_VIOLENCE_V_841.pt,Fights,1,REAL_LIFE_VIOLENCE,REAL_LIFE_VIOLENCE/fights/V_841.mp4,16,224
Fights/REAL_LIFE_VIOLENCE_V_830.pt,Fights,1,REAL_LIFE_VIOLENCE,REAL_LIFE_VIOLENCE/fights/V_830.mp4,16,224
Fights/REAL_LIFE_VIOLENCE_V_849.pt,Fights,1,REAL_LIFE_VIOLENCE,REAL_LIFE_VIOLENCE/fights/V_849.mp4,16,224
Fights/REAL_LIFE_VIOLENCE_V_829.pt,Fights,1,REAL_LIFE_VIOLENCE,REAL_LIFE_VIOLENCE/fights/V_829.mp4,16,224
Fights/REAL_LIFE_VIOLENCE_V_838.pt,Fights,1,REAL_LIFE_VIOLENCE,REAL_LIFE_VIOLENCE/fights/V_838.mp4,16,224
Fights/REAL_LIFE_VIOLENCE_V_846.pt,Fights,1,REAL_LIFE_VIOLENCE,REAL_LIFE_VIOLENCE/fights/V_846.mp4,16,224
Fights/REAL_LIFE_VIOLENCE_V_831.pt,Fights,1,REAL_LIFE_VIOLENCE,REAL_LIFE_VIOLENCE/fights/V_831.mp4,16,224
Fights/REAL_LIFE_VIOLENCE_V_844.pt,Fights,1,REAL_LIFE_VIOLENCE,REAL_LIFE_VIOLENCE/fights/V_844.mp4,16,224
Fights/REAL_LIFE_VIOLENCE_V_842.pt,Fights,1,REAL_LIFE_VIOLENCE,REAL_LIFE_VIOLENCE/fights/V_842.mp4,16,224
Fights/REAL_LIFE_VIOLENCE_V_832.pt,Fights,1,REAL_LIFE_VIOLENCE,REAL_LIFE_VIOLENCE/fights/V_832.mp4,16,224
Fights/REAL_LIFE_VIOLENCE_V_843.pt,Fights,1,REAL_LIFE_VIOLENCE,REAL_LIFE_VIOLENCE/fights/V_843.mp4,16,224
Fights/REAL_LIFE_VIOLENCE_V_835.pt,Fights,1,REAL_LIFE_VIOLENCE,REAL_LIFE_VIOLENCE/fights/V_835.mp4,16,224
Fights/REAL_LIFE_VIOLENCE_V_834.pt,Fights,1,REAL_LIFE_VIOLENCE,REAL_LIFE_VIOLENCE/fights/V_834.mp4,16,224
Fights/REAL_LIFE_VIOLENCE_V_84.pt,Fights,1,REAL_LIFE_VIOLENCE,REAL_LIFE_VIOLENCE/fights/V_84.mp4,16,224
Fights/REAL_LIFE_VIOLENCE_V_839.pt,Fights,1,REAL_LIFE_VIOLENCE,REAL_LIFE_VIOLENCE/fights/V_839.mp4,16,224
Fights/REAL_LIFE_VIOLENCE_V_847.pt,Fights,1,REAL_LIFE_VIOLENCE,REAL_LIFE_VIOLENCE/fights/V_847.mp4,16,224
Fights/REAL_LIFE_VIOLENCE_V_845.pt,Fights,1,REAL_LIFE_VIOLENCE,REAL_LIFE_VIOLENCE/fights/V_845.mp4,16,224
Fights/REAL_LIFE_VIOLENCE_V_840.pt,Fights,1,REAL_LIFE_VIOLENCE,REAL_LIFE_VIOLENCE/fights/V_840.mp4,16,224
Fights/REAL_LIFE_VIOLENCE_V_83.pt,Fights,1,REAL_LIFE_VIOLENCE,REAL_LIFE_VIOLENCE/fights/V_83.mp4,16,224
Fights/REAL_LIFE_VIOLENCE_V_851.pt,Fights,1,REAL_LIFE_VIOLENCE,REAL_LIFE_VIOLENCE/fights/V_851.mp4,16,224
Fights/REAL_LIFE_VIOLENCE_V_85.pt,Fights,1,REAL_LIFE_VIOLENCE,REAL_LIFE_VIOLENCE/fights/V_85.mp4,16,224
Fights/REAL_LIFE_VIOLENCE_V_861.pt,Fights,1,REAL_LIFE_VIOLENCE,REAL_LIFE_VIOLENCE/fights/V_861.mp4,16,224
Fights/REAL_LIFE_VIOLENCE_V_857.pt,Fights,1,REAL_LIFE_VIOLENCE,REAL_LIFE_VIOLENCE/fights/V_857.mp4,16,224
Fights/REAL_LIFE_VIOLENCE_V_855.pt,Fights,1,REAL_LIFE_VIOLENCE,REAL_LIFE_VIOLENCE/fights/V_855.mp4,16,224
Fights/REAL_LIFE_VIOLENCE_V_853.pt,Fights,1,REAL_LIFE_VIOLENCE,REAL_LIFE_VIOLENCE/fights/V_853.mp4,16,224
Fights/REAL_LIFE_VIOLENCE_V_869.pt,Fights,1,REAL_LIFE_VIOLENCE,REAL_LIFE_VIOLENCE/fights/V_869.mp4,16,224
Fights/REAL_LIFE_VIOLENCE_V_870.pt,Fights,1,REAL_LIFE_VIOLENCE,REAL_LIFE_VIOLENCE/fights/V_870.mp4,16,224
Fights/REAL_LIFE_VIOLENCE_V_864.pt,Fights,1,REAL_LIFE_VIOLENCE,REAL_LIFE_VIOLENCE/fights/V_864.mp4,16,224
Fights/REAL_LIFE_VIOLENCE_V_859.pt,Fights,1,REAL_LIFE_VIOLENCE,REAL_LIFE_VIOLENCE/fights/V_859.mp4,16,224
Fights/REAL_LIFE_VIOLENCE_V_850.pt,Fights,1,REAL_LIFE_VIOLENCE,REAL_LIFE_VIOLENCE/fights/V_850.mp4,16,224
Fights/REAL_LIFE_VIOLENCE_V_86.pt,Fights,1,REAL_LIFE_VIOLENCE,REAL_LIFE_VIOLENCE/fights/V_86.mp4,16,224
Fights/REAL_LIFE_VIOLENCE_V_852.pt,Fights,1,REAL_LIFE_VIOLENCE,REAL_LIFE_VIOLENCE/fights/V_852.mp4,16,224
Fights/REAL_LIFE_VIOLENCE_V_858.pt,Fights,1,REAL_LIFE_VIOLENCE,REAL_LIFE_VIOLENCE/fights/V_858.mp4,16,224
Fights/REAL_LIFE_VIOLENCE_V_856.pt,Fights,1,REAL_LIFE_VIOLENCE,REAL_LIFE_VIOLENCE/fights/V_856.mp4,16,224
Fights/REAL_LIFE_VIOLENCE_V_863.pt,Fights,1,REAL_LIFE_VIOLENCE,REAL_LIFE_VIOLENCE/fights/V_863.mp4,16,224
Fights/REAL_LIFE_VIOLENCE_V_860.pt,Fights,1,REAL_LIFE_VIOLENCE,REAL_LIFE_VIOLENCE/fights/V_860.mp4,16,224
Fights/REAL_LIFE_VIOLENCE_V_868.pt,Fights,1,REAL_LIFE_VIOLENCE,REAL_LIFE_VIOLENCE/fights/V_868.mp4,16,224
Fights/REAL_LIFE_VIOLENCE_V_865.pt,Fights,1,REAL_LIFE_VIOLENCE,REAL_LIFE_VIOLENCE/fights/V_865.mp4,16,224
Fights/REAL_LIFE_VIOLENCE_V_862.pt,Fights,1,REAL_LIFE_VIOLENCE,REAL_LIFE_VIOLENCE/fights/V_862.mp4,16,224
Fights/REAL_LIFE_VIOLENCE_V_867.pt,Fights,1,REAL_LIFE_VIOLENCE,REAL_LIFE_VIOLENCE/fights/V_867.mp4,16,224
Fights/REAL_LIFE_VIOLENCE_V_854.pt,Fights,1,REAL_LIFE_VIOLENCE,REAL_LIFE_VIOLENCE/fights/V_854.mp4,16,224
Fights/REAL_LIFE_VIOLENCE_V_87.pt,Fights,1,REAL_LIFE_VIOLENCE,REAL_LIFE_VIOLENCE/fights/V_87.mp4,16,224
Fights/REAL_LIFE_VIOLENCE_V_866.pt,Fights,1,REAL_LIFE_VIOLENCE,REAL_LIFE_VIOLENCE/fights/V_866.mp4,16,224
Fights/REAL_LIFE_VIOLENCE_V_878.pt,Fights,1,REAL_LIFE_VIOLENCE,REAL_LIFE_VIOLENCE/fights/V_878.mp4,16,224
Fights/REAL_LIFE_VIOLENCE_V_873.pt,Fights,1,REAL_LIFE_VIOLENCE,REAL_LIFE_VIOLENCE/fights/V_873.mp4,16,224
Fights/REAL_LIFE_VIOLENCE_V_872.pt,Fights,1,REAL_LIFE_VIOLENCE,REAL_LIFE_VIOLENCE/fights/V_872.mp4,16,224
Fights/REAL_LIFE_VIOLENCE_V_88.pt,Fights,1,REAL_LIFE_VIOLENCE,REAL_LIFE_VIOLENCE/fights/V_88.mp4,16,224
Fights/REAL_LIFE_VIOLENCE_V_876.pt,Fights,1,REAL_LIFE_VIOLENCE,REAL_LIFE_VIOLENCE/fights/V_876.mp4,16,224
Fights/REAL_LIFE_VIOLENCE_V_874.pt,Fights,1,REAL_LIFE_VIOLENCE,REAL_LIFE_VIOLENCE/fights/V_874.mp4,16,224
Fights/REAL_LIFE_VIOLENCE_V_898.pt,Fights,1,REAL_LIFE_VIOLENCE,REAL_LIFE_VIOLENCE/fights/V_898.mp4,16,224
Fights/REAL_LIFE_VIOLENCE_V_875.pt,Fights,1,REAL_LIFE_VIOLENCE,REAL_LIFE_VIOLENCE/fights/V_875.mp4,16,224
Fights/REAL_LIFE_VIOLENCE_V_895.pt,Fights,1,REAL_LIFE_VIOLENCE,REAL_LIFE_VIOLENCE/fights/V_895.mp4,16,224
Fights/REAL_LIFE_VIOLENCE_V_893.pt,Fights,1,REAL_LIFE_VIOLENCE,REAL_LIFE_VIOLENCE/fights/V_893.mp4,16,224
Fights/REAL_LIFE_VIOLENCE_V_889.pt,Fights,1,REAL_LIFE_VIOLENCE,REAL_LIFE_VIOLENCE/fights/V_889.mp4,16,224
Fights/REAL_LIFE_VIOLENCE_V_879.pt,Fights,1,REAL_LIFE_VIOLENCE,REAL_LIFE_VIOLENCE/fights/V_879.mp4,16,224
Fights/REAL_LIFE_VIOLENCE_V_884.pt,Fights,1,REAL_LIFE_VIOLENCE,REAL_LIFE_VIOLENCE/fights/V_884.mp4,16,224
Fights/REAL_LIFE_VIOLENCE_V_887.pt,Fights,1,REAL_LIFE_VIOLENCE,REAL_LIFE_VIOLENCE/fights/V_887.mp4,16,224
Fights/REAL_LIFE_VIOLENCE_V_897.pt,Fights,1,REAL_LIFE_VIOLENCE,REAL_LIFE_VIOLENCE/fights/V_897.mp4,16,224
Fights/REAL_LIFE_VIOLENCE_V_883.pt,Fights,1,REAL_LIFE_VIOLENCE,REAL_LIFE_VIOLENCE/fights/V_883.mp4,16,224
Fights/REAL_LIFE_VIOLENCE_V_877.pt,Fights,1,REAL_LIFE_VIOLENCE,REAL_LIFE_VIOLENCE/fights/V_877.mp4,16,224
Fights/REAL_LIFE_VIOLENCE_V_891.pt,Fights,1,REAL_LIFE_VIOLENCE,REAL_LIFE_VIOLENCE/fights/V_891.mp4,16,224
Fights/REAL_LIFE_VIOLENCE_V_890.pt,Fights,1,REAL_LIFE_VIOLENCE,REAL_LIFE_VIOLENCE/fights/V_890.mp4,16,224
Fights/REAL_LIFE_VIOLENCE_V_882.pt,Fights,1,REAL_LIFE_VIOLENCE,REAL_LIFE_VIOLENCE/fights/V_882.mp4,16,224
Fights/REAL_LIFE_VIOLENCE_V_885.pt,Fights,1,REAL_LIFE_VIOLENCE,REAL_LIFE_VIOLENCE/fights/V_885.mp4,16,224
Fights/REAL_LIFE_VIOLENCE_V_896.pt,Fights,1,REAL_LIFE_VIOLENCE,REAL_LIFE_VIOLENCE/fights/V_896.mp4,16,224
Fights/REAL_LIFE_VIOLENCE_V_880.pt,Fights,1,REAL_LIFE_VIOLENCE,REAL_LIFE_VIOLENCE/fights/V_880.mp4,16,224
Fights/REAL_LIFE_VIOLENCE_V_894.pt,Fights,1,REAL_LIFE_VIOLENCE,REAL_LIFE_VIOLENCE/fights/V_894.mp4,16,224
Fights/REAL_LIFE_VIOLENCE_V_89.pt,Fights,1,REAL_LIFE_VIOLENCE,REAL_LIFE_VIOLENCE/fights/V_89.mp4,16,224
Fights/REAL_LIFE_VIOLENCE_V_899.pt,Fights,1,REAL_LIFE_VIOLENCE,REAL_LIFE_VIOLENCE/fights/V_899.mp4,16,224
Fights/REAL_LIFE_VIOLENCE_V_888.pt,Fights,1,REAL_LIFE_VIOLENCE,REAL_LIFE_VIOLENCE/fights/V_888.mp4,16,224
Fights/REAL_LIFE_VIOLENCE_V_881.pt,Fights,1,REAL_LIFE_VIOLENCE,REAL_LIFE_VIOLENCE/fights/V_881.mp4,16,224
Fights/REAL_LIFE_VIOLENCE_V_892.pt,Fights,1,REAL_LIFE_VIOLENCE,REAL_LIFE_VIOLENCE/fights/V_892.mp4,16,224
Fights/REAL_LIFE_VIOLENCE_V_871.pt,Fights,1,REAL_LIFE_VIOLENCE,REAL_LIFE_VIOLENCE/fights/V_871.mp4,16,224
Fights/REAL_LIFE_VIOLENCE_V_886.pt,Fights,1,REAL_LIFE_VIOLENCE,REAL_LIFE_VIOLENCE/fights/V_886.mp4,16,224
Fights/REAL_LIFE_VIOLENCE_V_919.pt,Fights,1,REAL_LIFE_VIOLENCE,REAL_LIFE_VIOLENCE/fights/V_919.mp4,16,224
Fights/REAL_LIFE_VIOLENCE_V_915.pt,Fights,1,REAL_LIFE_VIOLENCE,REAL_LIFE_VIOLENCE/fights/V_915.mp4,16,224
Fights/REAL_LIFE_VIOLENCE_V_90.pt,Fights,1,REAL_LIFE_VIOLENCE,REAL_LIFE_VIOLENCE/fights/V_90.mp4,16,224
Fights/REAL_LIFE_VIOLENCE_V_901.pt,Fights,1,REAL_LIFE_VIOLENCE,REAL_LIFE_VIOLENCE/fights/V_901.mp4,16,224
Fights/REAL_LIFE_VIOLENCE_V_914.pt,Fights,1,REAL_LIFE_VIOLENCE,REAL_LIFE_VIOLENCE/fights/V_914.mp4,16,224
Fights/REAL_LIFE_VIOLENCE_V_926.pt,Fights,1,REAL_LIFE_VIOLENCE,REAL_LIFE_VIOLENCE/fights/V_926.mp4,16,224
Fights/REAL_LIFE_VIOLENCE_V_903.pt,Fights,1,REAL_LIFE_VIOLENCE,REAL_LIFE_VIOLENCE/fights/V_903.mp4,16,224
Fights/REAL_LIFE_VIOLENCE_V_91.pt,Fights,1,REAL_LIFE_VIOLENCE,REAL_LIFE_VIOLENCE/fights/V_91.mp4,16,224
Fights/REAL_LIFE_VIOLENCE_V_925.pt,Fights,1,REAL_LIFE_VIOLENCE,REAL_LIFE_VIOLENCE/fights/V_925.mp4,16,224
Fights/REAL_LIFE_VIOLENCE_V_913.pt,Fights,1,REAL_LIFE_VIOLENCE,REAL_LIFE_VIOLENCE/fights/V_913.mp4,16,224
Fights/REAL_LIFE_VIOLENCE_V_908.pt,Fights,1,REAL_LIFE_VIOLENCE,REAL_LIFE_VIOLENCE/fights/V_908.mp4,16,224
Fights/REAL_LIFE_VIOLENCE_V_920.pt,Fights,1,REAL_LIFE_VIOLENCE,REAL_LIFE_VIOLENCE/fights/V_920.mp4,16,224
Fights/REAL_LIFE_VIOLENCE_V_927.pt,Fights,1,REAL_LIFE_VIOLENCE,REAL_LIFE_VIOLENCE/fights/V_927.mp4,16,224
Fights/REAL_LIFE_VIOLENCE_V_92.pt,Fights,1,REAL_LIFE_VIOLENCE,REAL_LIFE_VIOLENCE/fights/V_92.mp4,16,224
Fights/REAL_LIFE_VIOLENCE_V_93.pt,Fights,1,REAL_LIFE_VIOLENCE,REAL_LIFE_VIOLENCE/fights/V_93.mp4,16,224
Fights/REAL_LIFE_VIOLENCE_V_924.pt,Fights,1,REAL_LIFE_VIOLENCE,REAL_LIFE_VIOLENCE/fights/V_924.mp4,16,224
Fights/REAL_LIFE_VIOLENCE_V_911.pt,Fights,1,REAL_LIFE_VIOLENCE,REAL_LIFE_VIOLENCE/fights/V_911.mp4,16,224
Fights/REAL_LIFE_VIOLENCE_V_923.pt,Fights,1,REAL_LIFE_VIOLENCE,REAL_LIFE_VIOLENCE/fights/V_923.mp4,16,224
Fights/REAL_LIFE_VIOLENCE_V_900.pt,Fights,1,REAL_LIFE_VIOLENCE,REAL_LIFE_VIOLENCE/fights/V_900.mp4,16,224
Fights/REAL_LIFE_VIOLENCE_V_909.pt,Fights,1,REAL_LIFE_VIOLENCE,REAL_LIFE_VIOLENCE/fights/V_909.mp4,16,224
Fights/REAL_LIFE_VIOLENCE_V_907.pt,Fights,1,REAL_LIFE_VIOLENCE,REAL_LIFE_VIOLENCE/fights/V_907.mp4,16,224
Fights/REAL_LIFE_VIOLENCE_V_918.pt,Fights,1,REAL_LIFE_VIOLENCE,REAL_LIFE_VIOLENCE/fights/V_918.mp4,16,224
Fights/REAL_LIFE_VIOLENCE_V_921.pt,Fights,1,REAL_LIFE_VIOLENCE,REAL_LIFE_VIOLENCE/fights/V_921.mp4,16,224
Fights/REAL_LIFE_VIOLENCE_V_912.pt,Fights,1,REAL_LIFE_VIOLENCE,REAL_LIFE_VIOLENCE/fights/V_912.mp4,16,224
Fights/REAL_LIFE_VIOLENCE_V_922.pt,Fights,1,REAL_LIFE_VIOLENCE,REAL_LIFE_VIOLENCE/fights/V_922.mp4,16,224
Fights/REAL_LIFE_VIOLENCE_V_910.pt,Fights,1,REAL_LIFE_VIOLENCE,REAL_LIFE_VIOLENCE/fights/V_910.mp4,16,224
Fights/REAL_LIFE_VIOLENCE_V_916.pt,Fights,1,REAL_LIFE_VIOLENCE,REAL_LIFE_VIOLENCE/fights/V_916.mp4,16,224
Fights/REAL_LIFE_VIOLENCE_V_928.pt,Fights,1,REAL_LIFE_VIOLENCE,REAL_LIFE_VIOLENCE/fights/V_928.mp4,16,224
Fights/REAL_LIFE_VIOLENCE_V_906.pt,Fights,1,REAL_LIFE_VIOLENCE,REAL_LIFE_VIOLENCE/fights/V_906.mp4,16,224
Fights/REAL_LIFE_VIOLENCE_V_9.pt,Fights,1,REAL_LIFE_VIOLENCE,REAL_LIFE_VIOLENCE/fights/V_9.mp4,16,224
Fights/REAL_LIFE_VIOLENCE_V_904.pt,Fights,1,REAL_LIFE_VIOLENCE,REAL_LIFE_VIOLENCE/fights/V_904.mp4,16,224
Fights/REAL_LIFE_VIOLENCE_V_902.pt,Fights,1,REAL_LIFE_VIOLENCE,REAL_LIFE_VIOLENCE/fights/V_902.mp4,16,224
Fights/REAL_LIFE_VIOLENCE_V_917.pt,Fights,1,REAL_LIFE_VIOLENCE,REAL_LIFE_VIOLENCE/fights/V_917.mp4,16,224
Fights/REAL_LIFE_VIOLENCE_V_905.pt,Fights,1,REAL_LIFE_VIOLENCE,REAL_LIFE_VIOLENCE/fights/V_905.mp4,16,224
Fights/REAL_LIFE_VIOLENCE_V_929.pt,Fights,1,REAL_LIFE_VIOLENCE,REAL_LIFE_VIOLENCE/fights/V_929.mp4,16,224
Fights/REAL_LIFE_VIOLENCE_V_945.pt,Fights,1,REAL_LIFE_VIOLENCE,REAL_LIFE_VIOLENCE/fights/V_945.mp4,16,224
Fights/REAL_LIFE_VIOLENCE_V_960.pt,Fights,1,REAL_LIFE_VIOLENCE,REAL_LIFE_VIOLENCE/fights/V_960.mp4,16,224
Fights/REAL_LIFE_VIOLENCE_V_937.pt,Fights,1,REAL_LIFE_VIOLENCE,REAL_LIFE_VIOLENCE/fights/V_937.mp4,16,224
Fights/REAL_LIFE_VIOLENCE_V_930.pt,Fights,1,REAL_LIFE_VIOLENCE,REAL_LIFE_VIOLENCE/fights/V_930.mp4,16,224
Fights/REAL_LIFE_VIOLENCE_V_941.pt,Fights,1,REAL_LIFE_VIOLENCE,REAL_LIFE_VIOLENCE/fights/V_941.mp4,16,224
Fights/REAL_LIFE_VIOLENCE_V_951.pt,Fights,1,REAL_LIFE_VIOLENCE,REAL_LIFE_VIOLENCE/fights/V_951.mp4,16,224
Fights/REAL_LIFE_VIOLENCE_V_94.pt,Fights,1,REAL_LIFE_VIOLENCE,REAL_LIFE_VIOLENCE/fights/V_94.mp4,16,224
Fights/REAL_LIFE_VIOLENCE_V_963.pt,Fights,1,REAL_LIFE_VIOLENCE,REAL_LIFE_VIOLENCE/fights/V_963.mp4,16,224
Fights/REAL_LIFE_VIOLENCE_V_966.pt,Fights,1,REAL_LIFE_VIOLENCE,REAL_LIFE_VIOLENCE/fights/V_966.mp4,16,224
Fights/REAL_LIFE_VIOLENCE_V_968.pt,Fights,1,REAL_LIFE_VIOLENCE,REAL_LIFE_VIOLENCE/fights/V_968.mp4,16,224
Fights/REAL_LIFE_VIOLENCE_V_962.pt,Fights,1,REAL_LIFE_VIOLENCE,REAL_LIFE_VIOLENCE/fights/V_962.mp4,16,224
Fights/REAL_LIFE_VIOLENCE_V_933.pt,Fights,1,REAL_LIFE_VIOLENCE,REAL_LIFE_VIOLENCE/fights/V_933.mp4,16,224
Fights/REAL_LIFE_VIOLENCE_V_956.pt,Fights,1,REAL_LIFE_VIOLENCE,REAL_LIFE_VIOLENCE/fights/V_956.mp4,16,224
Fights/REAL_LIFE_VIOLENCE_V_942.pt,Fights,1,REAL_LIFE_VIOLENCE,REAL_LIFE_VIOLENCE/fights/V_942.mp4,16,224
Fights/REAL_LIFE_VIOLENCE_V_957.pt,Fights,1,REAL_LIFE_VIOLENCE,REAL_LIFE_VIOLENCE/fights/V_957.mp4,16,224
Fights/REAL_LIFE_VIOLENCE_V_952.pt,Fights,1,REAL_LIFE_VIOLENCE,REAL_LIFE_VIOLENCE/fights/V_952.mp4,16,224
Fights/REAL_LIFE_VIOLENCE_V_964.pt,Fights,1,REAL_LIFE_VIOLENCE,REAL_LIFE_VIOLENCE/fights/V_964.mp4,16,224
Fights/REAL_LIFE_VIOLENCE_V_965.pt,Fights,1,REAL_LIFE_VIOLENCE,REAL_LIFE_VIOLENCE/fights/V_965.mp4,16,224
Fights/REAL_LIFE_VIOLENCE_V_938.pt,Fights,1,REAL_LIFE_VIOLENCE,REAL_LIFE_VIOLENCE/fights/V_938.mp4,16,224
Fights/REAL_LIFE_VIOLENCE_V_948.pt,Fights,1,REAL_LIFE_VIOLENCE,REAL_LIFE_VIOLENCE/fights/V_948.mp4,16,224
Fights/REAL_LIFE_VIOLENCE_V_959.pt,Fights,1,REAL_LIFE_VIOLENCE,REAL_LIFE_VIOLENCE/fights/V_959.mp4,16,224
Fights/REAL_LIFE_VIOLENCE_V_939.pt,Fights,1,REAL_LIFE_VIOLENCE,REAL_LIFE_VIOLENCE/fights/V_939.mp4,16,224
Fights/REAL_LIFE_VIOLENCE_V_961.pt,Fights,1,REAL_LIFE_VIOLENCE,REAL_LIFE_VIOLENCE/fights/V_961.mp4,16,224
Fights/REAL_LIFE_VIOLENCE_V_935.pt,Fights,1,REAL_LIFE_VIOLENCE,REAL_LIFE_VIOLENCE/fights/V_935.mp4,16,224
Fights/REAL_LIFE_VIOLENCE_V_953.pt,Fights,1,REAL_LIFE_VIOLENCE,REAL_LIFE_VIOLENCE/fights/V_953.mp4,16,224
Fights/REAL_LIFE_VIOLENCE_V_95.pt,Fights,1,REAL_LIFE_VIOLENCE,REAL_LIFE_VIOLENCE/fights/V_95.mp4,16,224
Fights/REAL_LIFE_VIOLENCE_V_954.pt,Fights,1,REAL_LIFE_VIOLENCE,REAL_LIFE_VIOLENCE/fights/V_954.mp4,16,224
Fights/REAL_LIFE_VIOLENCE_V_940.pt,Fights,1,REAL_LIFE_VIOLENCE,REAL_LIFE_VIOLENCE/fights/V_940.mp4,16,224
Fights/REAL_LIFE_VIOLENCE_V_931.pt,Fights,1,REAL_LIFE_VIOLENCE,REAL_LIFE_VIOLENCE/fights/V_931.mp4,16,224
Fights/REAL_LIFE_VIOLENCE_V_950.pt,Fights,1,REAL_LIFE_VIOLENCE,REAL_LIFE_VIOLENCE/fights/V_950.mp4,16,224
Fights/REAL_LIFE_VIOLENCE_V_949.pt,Fights,1,REAL_LIFE_VIOLENCE,REAL_LIFE_VIOLENCE/fights/V_949.mp4,16,224
Fights/REAL_LIFE_VIOLENCE_V_936.pt,Fights,1,REAL_LIFE_VIOLENCE,REAL_LIFE_VIOLENCE/fights/V_936.mp4,16,224
Fights/REAL_LIFE_VIOLENCE_V_944.pt,Fights,1,REAL_LIFE_VIOLENCE,REAL_LIFE_VIOLENCE/fights/V_944.mp4,16,224
Fights/REAL_LIFE_VIOLENCE_V_946.pt,Fights,1,REAL_LIFE_VIOLENCE,REAL_LIFE_VIOLENCE/fights/V_946.mp4,16,224
Fights/REAL_LIFE_VIOLENCE_V_96.pt,Fights,1,REAL_LIFE_VIOLENCE,REAL_LIFE_VIOLENCE/fights/V_96.mp4,16,224
Fights/REAL_LIFE_VIOLENCE_V_943.pt,Fights,1,REAL_LIFE_VIOLENCE,REAL_LIFE_VIOLENCE/fights/V_943.mp4,16,224
Fights/REAL_LIFE_VIOLENCE_V_932.pt,Fights,1,REAL_LIFE_VIOLENCE,REAL_LIFE_VIOLENCE/fights/V_932.mp4,16,224
Fights/REAL_LIFE_VIOLENCE_V_967.pt,Fights,1,REAL_LIFE_VIOLENCE,REAL_LIFE_VIOLENCE/fights/V_967.mp4,16,224
Fights/REAL_LIFE_VIOLENCE_V_955.pt,Fights,1,REAL_LIFE_VIOLENCE,REAL_LIFE_VIOLENCE/fights/V_955.mp4,16,224
Fights/REAL_LIFE_VIOLENCE_V_934.pt,Fights,1,REAL_LIFE_VIOLENCE,REAL_LIFE_VIOLENCE/fights/V_934.mp4,16,224
Fights/REAL_LIFE_VIOLENCE_V_947.pt,Fights,1,REAL_LIFE_VIOLENCE,REAL_LIFE_VIOLENCE/fights/V_947.mp4,16,224
Fights/REAL_LIFE_VIOLENCE_V_958.pt,Fights,1,REAL_LIFE_VIOLENCE,REAL_LIFE_VIOLENCE/fights/V_958.mp4,16,224
Fights/REAL_LIFE_VIOLENCE_V_988.pt,Fights,1,REAL_LIFE_VIOLENCE,REAL_LIFE_VIOLENCE/fights/V_988.mp4,16,224
Fights/REAL_LIFE_VIOLENCE_V_98.pt,Fights,1,REAL_LIFE_VIOLENCE,REAL_LIFE_VIOLENCE/fights/V_98.mp4,16,224
Fights/REAL_LIFE_VIOLENCE_V_973.pt,Fights,1,REAL_LIFE_VIOLENCE,REAL_LIFE_VIOLENCE/fights/V_973.mp4,16,224
Fights/REAL_LIFE_VIOLENCE_V_993.pt,Fights,1,REAL_LIFE_VIOLENCE,REAL_LIFE_VIOLENCE/fights/V_993.mp4,16,224
Fights/REAL_LIFE_VIOLENCE_V_974.pt,Fights,1,REAL_LIFE_VIOLENCE,REAL_LIFE_VIOLENCE/fights/V_974.mp4,16,224
Fights/REAL_LIFE_VIOLENCE_V_985.pt,Fights,1,REAL_LIFE_VIOLENCE,REAL_LIFE_VIOLENCE/fights/V_985.mp4,16,224
Fights/REAL_LIFE_VIOLENCE_V_986.pt,Fights,1,REAL_LIFE_VIOLENCE,REAL_LIFE_VIOLENCE/fights/V_986.mp4,16,224
Fights/REAL_LIFE_VIOLENCE_V_971.pt,Fights,1,REAL_LIFE_VIOLENCE,REAL_LIFE_VIOLENCE/fights/V_971.mp4,16,224
Fights/REAL_LIFE_VIOLENCE_V_976.pt,Fights,1,REAL_LIFE_VIOLENCE,REAL_LIFE_VIOLENCE/fights/V_976.mp4,16,224
Fights/REAL_LIFE_VIOLENCE_V_979.pt,Fights,1,REAL_LIFE_VIOLENCE,REAL_LIFE_VIOLENCE/fights/V_979.mp4,16,224
Fights/REAL_LIFE_VIOLENCE_V_972.pt,Fights,1,REAL_LIFE_VIOLENCE,REAL_LIFE_VIOLENCE/fights/V_972.mp4,16,224
Fights/REAL_LIFE_VIOLENCE_V_981.pt,Fights,1,REAL_LIFE_VIOLENCE,REAL_LIFE_VIOLENCE/fights/V_981.mp4,16,224
Fights/REAL_LIFE_VIOLENCE_V_99.pt,Fights,1,REAL_LIFE_VIOLENCE,REAL_LIFE_VIOLENCE/fights/V_99.mp4,16,224
Fights/REAL_LIFE_VIOLENCE_V_997.pt,Fights,1,REAL_LIFE_VIOLENCE,REAL_LIFE_VIOLENCE/fights/V_997.mp4,16,224
Fights/REAL_LIFE_VIOLENCE_V_984.pt,Fights,1,REAL_LIFE_VIOLENCE,REAL_LIFE_VIOLENCE/fights/V_984.mp4,16,224
Fights/REAL_LIFE_VIOLENCE_V_994.pt,Fights,1,REAL_LIFE_VIOLENCE,REAL_LIFE_VIOLENCE/fights/V_994.mp4,16,224
Fights/REAL_LIFE_VIOLENCE_V_990.pt,Fights,1,REAL_LIFE_VIOLENCE,REAL_LIFE_VIOLENCE/fights/V_990.mp4,16,224
Fights/REAL_LIFE_VIOLENCE_V_970.pt,Fights,1,REAL_LIFE_VIOLENCE,REAL_LIFE_VIOLENCE/fights/V_970.mp4,16,224
Fights/REAL_LIFE_VIOLENCE_V_978.pt,Fights,1,REAL_LIFE_VIOLENCE,REAL_LIFE_VIOLENCE/fights/V_978.mp4,16,224
Fights/REAL_LIFE_VIOLENCE_V_987.pt,Fights,1,REAL_LIFE_VIOLENCE,REAL_LIFE_VIOLENCE/fights/V_987.mp4,16,224
Fights/REAL_LIFE_VIOLENCE_V_989.pt,Fights,1,REAL_LIFE_VIOLENCE,REAL_LIFE_VIOLENCE/fights/V_989.mp4,16,224
Fights/REAL_LIFE_VIOLENCE_V_991.pt,Fights,1,REAL_LIFE_VIOLENCE,REAL_LIFE_VIOLENCE/fights/V_991.mp4,16,224
Fights/REAL_LIFE_VIOLENCE_V_97.pt,Fights,1,REAL_LIFE_VIOLENCE,REAL_LIFE_VIOLENCE/fights/V_97.mp4,16,224
Fights/REAL_LIFE_VIOLENCE_V_995.pt,Fights,1,REAL_LIFE_VIOLENCE,REAL_LIFE_VIOLENCE/fights/V_995.mp4,16,224
Fights/REAL_LIFE_VIOLENCE_V_992.pt,Fights,1,REAL_LIFE_VIOLENCE,REAL_LIFE_VIOLENCE/fights/V_992.mp4,16,224
Fights/REAL_LIFE_VIOLENCE_V_983.pt,Fights,1,REAL_LIFE_VIOLENCE,REAL_LIFE_VIOLENCE/fights/V_983.mp4,16,224
Fights/REAL_LIFE_VIOLENCE_V_969.pt,Fights,1,REAL_LIFE_VIOLENCE,REAL_LIFE_VIOLENCE/fights/V_969.mp4,16,224
Fights/REAL_LIFE_VIOLENCE_V_980.pt,Fights,1,REAL_LIFE_VIOLENCE,REAL_LIFE_VIOLENCE/fights/V_980.mp4,16,224
Fights/REAL_LIFE_VIOLENCE_V_975.pt,Fights,1,REAL_LIFE_VIOLENCE,REAL_LIFE_VIOLENCE/fights/V_975.mp4,16,224
Fights/REAL_LIFE_VIOLENCE_V_996.pt,Fights,1,REAL_LIFE_VIOLENCE,REAL_LIFE_VIOLENCE/fights/V_996.mp4,16,224
Fights/REAL_LIFE_VIOLENCE_V_977.pt,Fights,1,REAL_LIFE_VIOLENCE,REAL_LIFE_VIOLENCE/fights/V_977.mp4,16,224
Fights/REAL_LIFE_VIOLENCE_V_982.pt,Fights,1,REAL_LIFE_VIOLENCE,REAL_LIFE_VIOLENCE/fights/V_982.mp4,16,224
Fights/REAL_LIFE_VIOLENCE_V_998.pt,Fights,1,REAL_LIFE_VIOLENCE,REAL_LIFE_VIOLENCE/fights/V_998.mp4,16,224
Fights/REAL_LIFE_VIOLENCE_V_999.pt,Fights,1,REAL_LIFE_VIOLENCE,REAL_LIFE_VIOLENCE/fights/V_999.mp4,16,224
Fights/REAL_LIFE_VIOLENCE_fighting_winter_men.pt,Fights,1,REAL_LIFE_VIOLENCE,REAL_LIFE_VIOLENCE/fights/fighting_winter_men.mp4,16,224
Fights/fight_detection_cctv_fi001.pt,Fights,1,fight_detection_cctv,fight_detection_cctv/fight/fi001.mp4,16,224
Fights/fight_detection_cctv_fi002.pt,Fights,1,fight_detection_cctv,fight_detection_cctv/fight/fi002.mp4,16,224
Fights/fight_detection_cctv_fi003.pt,Fights,1,fight_detection_cctv,fight_detection_cctv/fight/fi003.mp4,16,224
Fights/fight_detection_cctv_fi004.pt,Fights,1,fight_detection_cctv,fight_detection_cctv/fight/fi004.mp4,16,224
Fights/fight_detection_cctv_fi005.pt,Fights,1,fight_detection_cctv,fight_detection_cctv/fight/fi005.mp4,16,224
Fights/fight_detection_cctv_fi006.pt,Fights,1,fight_detection_cctv,fight_detection_cctv/fight/fi006.mp4,16,224
Fights/fight_detection_cctv_fi007.pt,Fights,1,fight_detection_cctv,fight_detection_cctv/fight/fi007.mp4,16,224
Fights/fight_detection_cctv_fi008.pt,Fights,1,fight_detection_cctv,fight_detection_cctv/fight/fi008.mp4,16,224
Fights/fight_detection_cctv_fi009.pt,Fights,1,fight_detection_cctv,fight_detection_cctv/fight/fi009.mp4,16,224
Fights/fight_detection_cctv_fi010.pt,Fights,1,fight_detection_cctv,fight_detection_cctv/fight/fi010.mp4,16,224
Fights/fight_detection_cctv_fi011.pt,Fights,1,fight_detection_cctv,fight_detection_cctv/fight/fi011.mp4,16,224
Fights/fight_detection_cctv_fi012.pt,Fights,1,fight_detection_cctv,fight_detection_cctv/fight/fi012.mp4,16,224
Fights/fight_detection_cctv_fi013.pt,Fights,1,fight_detection_cctv,fight_detection_cctv/fight/fi013.mp4,16,224
Fights/fight_detection_cctv_fi014.pt,Fights,1,fight_detection_cctv,fight_detection_cctv/fight/fi014.mp4,16,224
Fights/fight_detection_cctv_fi015.pt,Fights,1,fight_detection_cctv,fight_detection_cctv/fight/fi015.mp4,16,224
Fights/fight_detection_cctv_fi016.pt,Fights,1,fight_detection_cctv,fight_detection_cctv/fight/fi016.mp4,16,224
Fights/fight_detection_cctv_fi017.pt,Fights,1,fight_detection_cctv,fight_detection_cctv/fight/fi017.mp4,16,224
Fights/fight_detection_cctv_fi018.pt,Fights,1,fight_detection_cctv,fight_detection_cctv/fight/fi018.mp4,16,224
Fights/fight_detection_cctv_fi019.pt,Fights,1,fight_detection_cctv,fight_detection_cctv/fight/fi019.mp4,16,224
Fights/fight_detection_cctv_fi020.pt,Fights,1,fight_detection_cctv,fight_detection_cctv/fight/fi020.mp4,16,224
Fights/fight_detection_cctv_fi021.pt,Fights,1,fight_detection_cctv,fight_detection_cctv/fight/fi021.mp4,16,224
Fights/fight_detection_cctv_fi022.pt,Fights,1,fight_detection_cctv,fight_detection_cctv/fight/fi022.mp4,16,224
Fights/fight_detection_cctv_fi023.pt,Fights,1,fight_detection_cctv,fight_detection_cctv/fight/fi023.mp4,16,224
Fights/fight_detection_cctv_fi024.pt,Fights,1,fight_detection_cctv,fight_detection_cctv/fight/fi024.mp4,16,224
Fights/fight_detection_cctv_fi025.pt,Fights,1,fight_detection_cctv,fight_detection_cctv/fight/fi025.mp4,16,224
Fights/fight_detection_cctv_fi026.pt,Fights,1,fight_detection_cctv,fight_detection_cctv/fight/fi026.mp4,16,224
Fights/fight_detection_cctv_fi027.pt,Fights,1,fight_detection_cctv,fight_detection_cctv/fight/fi027.mp4,16,224
Fights/fight_detection_cctv_fi028.pt,Fights,1,fight_detection_cctv,fight_detection_cctv/fight/fi028.mp4,16,224
Fights/fight_detection_cctv_fi029.pt,Fights,1,fight_detection_cctv,fight_detection_cctv/fight/fi029.mp4,16,224
Fights/fight_detection_cctv_fi030.pt,Fights,1,fight_detection_cctv,fight_detection_cctv/fight/fi030.mp4,16,224
Fights/fight_detection_cctv_fi031.pt,Fights,1,fight_detection_cctv,fight_detection_cctv/fight/fi031.mp4,16,224
Fights/fight_detection_cctv_fi032.pt,Fights,1,fight_detection_cctv,fight_detection_cctv/fight/fi032.mp4,16,224
Fights/fight_detection_cctv_fi033.pt,Fights,1,fight_detection_cctv,fight_detection_cctv/fight/fi033.mp4,16,224
Fights/fight_detection_cctv_fi034.pt,Fights,1,fight_detection_cctv,fight_detection_cctv/fight/fi034.mp4,16,224
Fights/fight_detection_cctv_fi035.pt,Fights,1,fight_detection_cctv,fight_detection_cctv/fight/fi035.mp4,16,224
Fights/fight_detection_cctv_fi036.pt,Fights,1,fight_detection_cctv,fight_detection_cctv/fight/fi036.mp4,16,224
Fights/fight_detection_cctv_fi037.pt,Fights,1,fight_detection_cctv,fight_detection_cctv/fight/fi037.mp4,16,224
Fights/fight_detection_cctv_fi038.pt,Fights,1,fight_detection_cctv,fight_detection_cctv/fight/fi038.mp4,16,224
Fights/fight_detection_cctv_fi039.pt,Fights,1,fight_detection_cctv,fight_detection_cctv/fight/fi039.mp4,16,224
Fights/fight_detection_cctv_fi040.pt,Fights,1,fight_detection_cctv,fight_detection_cctv/fight/fi040.mp4,16,224
Fights/fight_detection_cctv_fi041.pt,Fights,1,fight_detection_cctv,fight_detection_cctv/fight/fi041.mp4,16,224
Fights/fight_detection_cctv_fi042.pt,Fights,1,fight_detection_cctv,fight_detection_cctv/fight/fi042.mp4,16,224
Fights/fight_detection_cctv_fi043.pt,Fights,1,fight_detection_cctv,fight_detection_cctv/fight/fi043.mp4,16,224
Fights/fight_detection_cctv_fi044.pt,Fights,1,fight_detection_cctv,fight_detection_cctv/fight/fi044.mp4,16,224
Fights/fight_detection_cctv_fi045.pt,Fights,1,fight_detection_cctv,fight_detection_cctv/fight/fi045.mp4,16,224
Fights/fight_detection_cctv_fi046.pt,Fights,1,fight_detection_cctv,fight_detection_cctv/fight/fi046.mp4,16,224
Fights/fight_detection_cctv_fi047.pt,Fights,1,fight_detection_cctv,fight_detection_cctv/fight/fi047.mp4,16,224
Fights/fight_detection_cctv_fi048.pt,Fights,1,fight_detection_cctv,fight_detection_cctv/fight/fi048.mp4,16,224
Fights/fight_detection_cctv_fi049.pt,Fights,1,fight_detection_cctv,fight_detection_cctv/fight/fi049.mp4,16,224
Fights/fight_detection_cctv_fi050.pt,Fights,1,fight_detection_cctv,fight_detection_cctv/fight/fi050.mp4,16,224
Fights/fight_detection_cctv_fi051.pt,Fights,1,fight_detection_cctv,fight_detection_cctv/fight/fi051.mp4,16,224
Fights/fight_detection_cctv_fi052.pt,Fights,1,fight_detection_cctv,fight_detection_cctv/fight/fi052.mp4,16,224
Fights/fight_detection_cctv_fi053.pt,Fights,1,fight_detection_cctv,fight_detection_cctv/fight/fi053.mp4,16,224
Fights/fight_detection_cctv_fi054.pt,Fights,1,fight_detection_cctv,fight_detection_cctv/fight/fi054.mp4,16,224
Fights/fight_detection_cctv_fi055.pt,Fights,1,fight_detection_cctv,fight_detection_cctv/fight/fi055.mp4,16,224
Fights/fight_detection_cctv_fi056.pt,Fights,1,fight_detection_cctv,fight_detection_cctv/fight/fi056.mp4,16,224
Fights/fight_detection_cctv_fi057.pt,Fights,1,fight_detection_cctv,fight_detection_cctv/fight/fi057.mp4,16,224
Fights/fight_detection_cctv_fi058.pt,Fights,1,fight_detection_cctv,fight_detection_cctv/fight/fi058.mp4,16,224
Fights/fight_detection_cctv_fi059.pt,Fights,1,fight_detection_cctv,fight_detection_cctv/fight/fi059.mp4,16,224
Fights/fight_detection_cctv_fi060.pt,Fights,1,fight_detection_cctv,fight_detection_cctv/fight/fi060.mp4,16,224
Fights/fight_detection_cctv_fi061.pt,Fights,1,fight_detection_cctv,fight_detection_cctv/fight/fi061.mp4,16,224
Fights/fight_detection_cctv_fi062.pt,Fights,1,fight_detection_cctv,fight_detection_cctv/fight/fi062.mp4,16,224
Fights/fight_detection_cctv_fi063.pt,Fights,1,fight_detection_cctv,fight_detection_cctv/fight/fi063.mp4,16,224
Fights/fight_detection_cctv_fi064.pt,Fights,1,fight_detection_cctv,fight_detection_cctv/fight/fi064.mp4,16,224
Fights/fight_detection_cctv_fi065.pt,Fights,1,fight_detection_cctv,fight_detection_cctv/fight/fi065.mp4,16,224
Fights/fight_detection_cctv_fi066.pt,Fights,1,fight_detection_cctv,fight_detection_cctv/fight/fi066.mp4,16,224
Fights/fight_detection_cctv_fi067.pt,Fights,1,fight_detection_cctv,fight_detection_cctv/fight/fi067.mp4,16,224
Fights/fight_detection_cctv_fi068.pt,Fights,1,fight_detection_cctv,fight_detection_cctv/fight/fi068.mp4,16,224
Fights/fight_detection_cctv_fi069.pt,Fights,1,fight_detection_cctv,fight_detection_cctv/fight/fi069.mp4,16,224
Fights/fight_detection_cctv_fi070.pt,Fights,1,fight_detection_cctv,fight_detection_cctv/fight/fi070.mp4,16,224
Fights/fight_detection_cctv_fi071.pt,Fights,1,fight_detection_cctv,fight_detection_cctv/fight/fi071.mp4,16,224
Fights/fight_detection_cctv_fi072.pt,Fights,1,fight_detection_cctv,fight_detection_cctv/fight/fi072.mp4,16,224
Fights/fight_detection_cctv_fi073.pt,Fights,1,fight_detection_cctv,fight_detection_cctv/fight/fi073.mp4,16,224
Fights/fight_detection_cctv_fi074.pt,Fights,1,fight_detection_cctv,fight_detection_cctv/fight/fi074.mp4,16,224
Fights/fight_detection_cctv_fi075.pt,Fights,1,fight_detection_cctv,fight_detection_cctv/fight/fi075.mp4,16,224
Fights/fight_detection_cctv_fi076.pt,Fights,1,fight_detection_cctv,fight_detection_cctv/fight/fi076.mp4,16,224
Fights/fight_detection_cctv_fi077.pt,Fights,1,fight_detection_cctv,fight_detection_cctv/fight/fi077.mp4,16,224
Fights/fight_detection_cctv_fi078.pt,Fights,1,fight_detection_cctv,fight_detection_cctv/fight/fi078.mp4,16,224
Fights/fight_detection_cctv_fi079.pt,Fights,1,fight_detection_cctv,fight_detection_cctv/fight/fi079.mp4,16,224
Fights/fight_detection_cctv_fi080.pt,Fights,1,fight_detection_cctv,fight_detection_cctv/fight/fi080.mp4,16,224
Fights/fight_detection_cctv_fi081.pt,Fights,1,fight_detection_cctv,fight_detection_cctv/fight/fi081.mp4,16,224
Fights/fight_detection_cctv_fi082.pt,Fights,1,fight_detection_cctv,fight_detection_cctv/fight/fi082.mp4,16,224
Fights/fight_detection_cctv_fi083.pt,Fights,1,fight_detection_cctv,fight_detection_cctv/fight/fi083.mp4,16,224
Fights/fight_detection_cctv_fi084.pt,Fights,1,fight_detection_cctv,fight_detection_cctv/fight/fi084.mp4,16,224
Fights/fight_detection_cctv_fi085.pt,Fights,1,fight_detection_cctv,fight_detection_cctv/fight/fi085.mp4,16,224
Fights/fight_detection_cctv_fi086.pt,Fights,1,fight_detection_cctv,fight_detection_cctv/fight/fi086.mp4,16,224
Fights/fight_detection_cctv_fi087.pt,Fights,1,fight_detection_cctv,fight_detection_cctv/fight/fi087.mp4,16,224
Fights/fight_detection_cctv_fi088.pt,Fights,1,fight_detection_cctv,fight_detection_cctv/fight/fi088.mp4,16,224
Fights/fight_detection_cctv_fi089.pt,Fights,1,fight_detection_cctv,fight_detection_cctv/fight/fi089.mp4,16,224
Fights/fight_detection_cctv_fi090.pt,Fights,1,fight_detection_cctv,fight_detection_cctv/fight/fi090.mp4,16,224
Fights/fight_detection_cctv_fi091.pt,Fights,1,fight_detection_cctv,fight_detection_cctv/fight/fi091.mp4,16,224
Fights/fight_detection_cctv_fi092.pt,Fights,1,fight_detection_cctv,fight_detection_cctv/fight/fi092.mp4,16,224
Fights/fight_detection_cctv_fi093.pt,Fights,1,fight_detection_cctv,fight_detection_cctv/fight/fi093.mp4,16,224
Fights/fight_detection_cctv_fi094.pt,Fights,1,fight_detection_cctv,fight_detection_cctv/fight/fi094.mp4,16,224
Fights/fight_detection_cctv_fi095.pt,Fights,1,fight_detection_cctv,fight_detection_cctv/fight/fi095.mp4,16,224
Fights/fight_detection_cctv_fi096.pt,Fights,1,fight_detection_cctv,fight_detection_cctv/fight/fi096.mp4,16,224
Fights/fight_detection_cctv_fi097.pt,Fights,1,fight_detection_cctv,fight_detection_cctv/fight/fi097.mp4,16,224
Fights/fight_detection_cctv_fi098.pt,Fights,1,fight_detection_cctv,fight_detection_cctv/fight/fi098.mp4,16,224
Fights/fight_detection_cctv_fi099.pt,Fights,1,fight_detection_cctv,fight_detection_cctv/fight/fi099.mp4,16,224
Fights/fight_detection_cctv_fi100.pt,Fights,1,fight_detection_cctv,fight_detection_cctv/fight/fi100.mp4,16,224
Fights/fight_detection_cctv_fi101.pt,Fights,1,fight_detection_cctv,fight_detection_cctv/fight/fi101.mp4,16,224
Fights/fight_detection_cctv_fi102.pt,Fights,1,fight_detection_cctv,fight_detection_cctv/fight/fi102.mp4,16,224
Fights/fight_detection_cctv_fi103.pt,Fights,1,fight_detection_cctv,fight_detection_cctv/fight/fi103.mp4,16,224
Fights/fight_detection_cctv_fi104.pt,Fights,1,fight_detection_cctv,fight_detection_cctv/fight/fi104.mp4,16,224
Fights/fight_detection_cctv_fi105.pt,Fights,1,fight_detection_cctv,fight_detection_cctv/fight/fi105.mp4,16,224
Fights/fight_detection_cctv_fi106.pt,Fights,1,fight_detection_cctv,fight_detection_cctv/fight/fi106.mp4,16,224
Fights/fight_detection_cctv_fi107.pt,Fights,1,fight_detection_cctv,fight_detection_cctv/fight/fi107.mp4,16,224
Fights/fight_detection_cctv_fi108.pt,Fights,1,fight_detection_cctv,fight_detection_cctv/fight/fi108.mp4,16,224
Fights/fight_detection_cctv_fi109.pt,Fights,1,fight_detection_cctv,fight_detection_cctv/fight/fi109.mp4,16,224
Fights/fight_detection_cctv_fi110.pt,Fights,1,fight_detection_cctv,fight_detection_cctv/fight/fi110.mp4,16,224
Fights/fight_detection_cctv_fi111.pt,Fights,1,fight_detection_cctv,fight_detection_cctv/fight/fi111.mp4,16,224
Fights/fight_detection_cctv_fi112.pt,Fights,1,fight_detection_cctv,fight_detection_cctv/fight/fi112.mp4,16,224
Fights/fight_detection_cctv_fi113.pt,Fights,1,fight_detection_cctv,fight_detection_cctv/fight/fi113.mp4,16,224
Fights/fight_detection_cctv_fi114.pt,Fights,1,fight_detection_cctv,fight_detection_cctv/fight/fi114.mp4,16,224
Fights/fight_detection_cctv_fi115.pt,Fights,1,fight_detection_cctv,fight_detection_cctv/fight/fi115.mp4,16,224
Fights/fight_detection_cctv_fi116.pt,Fights,1,fight_detection_cctv,fight_detection_cctv/fight/fi116.mp4,16,224
Fights/fight_detection_cctv_fi117.pt,Fights,1,fight_detection_cctv,fight_detection_cctv/fight/fi117.mp4,16,224
Fights/fight_detection_cctv_fi118.pt,Fights,1,fight_detection_cctv,fight_detection_cctv/fight/fi118.mp4,16,224
Fights/fight_detection_cctv_fi119.pt,Fights,1,fight_detection_cctv,fight_detection_cctv/fight/fi119.mp4,16,224
Fights/fight_detection_cctv_fi120.pt,Fights,1,fight_detection_cctv,fight_detection_cctv/fight/fi120.mp4,16,224
Fights/fight_detection_cctv_fi121.pt,Fights,1,fight_detection_cctv,fight_detection_cctv/fight/fi121.mp4,16,224
Fights/fight_detection_cctv_fi122.pt,Fights,1,fight_detection_cctv,fight_detection_cctv/fight/fi122.mp4,16,224
Fights/fight_detection_cctv_fi123.pt,Fights,1,fight_detection_cctv,fight_detection_cctv/fight/fi123.mp4,16,224
Fights/fight_detection_cctv_fi124.pt,Fights,1,fight_detection_cctv,fight_detection_cctv/fight/fi124.mp4,16,224
Fights/fight_detection_cctv_fi125.pt,Fights,1,fight_detection_cctv,fight_detection_cctv/fight/fi125.mp4,16,224
Fights/fight_detection_cctv_fi126.pt,Fights,1,fight_detection_cctv,fight_detection_cctv/fight/fi126.mp4,16,224
Fights/fight_detection_cctv_fi127.pt,Fights,1,fight_detection_cctv,fight_detection_cctv/fight/fi127.mp4,16,224
Fights/fight_detection_cctv_fi128.pt,Fights,1,fight_detection_cctv,fight_detection_cctv/fight/fi128.mp4,16,224
Fights/fight_detection_cctv_fi129.pt,Fights,1,fight_detection_cctv,fight_detection_cctv/fight/fi129.mp4,16,224
Fights/fight_detection_cctv_fi130.pt,Fights,1,fight_detection_cctv,fight_detection_cctv/fight/fi130.mp4,16,224
Fights/fight_detection_cctv_fi131.pt,Fights,1,fight_detection_cctv,fight_detection_cctv/fight/fi131.mp4,16,224
Fights/fight_detection_cctv_fi132.pt,Fights,1,fight_detection_cctv,fight_detection_cctv/fight/fi132.mp4,16,224
Fights/fight_detection_cctv_fi133.pt,Fights,1,fight_detection_cctv,fight_detection_cctv/fight/fi133.mp4,16,224
Fights/fight_detection_cctv_fi134.pt,Fights,1,fight_detection_cctv,fight_detection_cctv/fight/fi134.mp4,16,224
Fights/fight_detection_cctv_fi135.pt,Fights,1,fight_detection_cctv,fight_detection_cctv/fight/fi135.mp4,16,224
Fights/fight_detection_cctv_fi136.pt,Fights,1,fight_detection_cctv,fight_detection_cctv/fight/fi136.mp4,16,224
Fights/fight_detection_cctv_fi137.pt,Fights,1,fight_detection_cctv,fight_detection_cctv/fight/fi137.mp4,16,224
Fights/fight_detection_cctv_fi138.pt,Fights,1,fight_detection_cctv,fight_detection_cctv/fight/fi138.mp4,16,224
Fights/fight_detection_cctv_fi139.pt,Fights,1,fight_detection_cctv,fight_detection_cctv/fight/fi139.mp4,16,224
Fights/fight_detection_cctv_fi140.pt,Fights,1,fight_detection_cctv,fight_detection_cctv/fight/fi140.mp4,16,224
Fights/fight_detection_cctv_fi141.pt,Fights,1,fight_detection_cctv,fight_detection_cctv/fight/fi141.mp4,16,224
Fights/fight_detection_cctv_fi142.pt,Fights,1,fight_detection_cctv,fight_detection_cctv/fight/fi142.mp4,16,224
Fights/fight_detection_cctv_fi143.pt,Fights,1,fight_detection_cctv,fight_detection_cctv/fight/fi143.mp4,16,224
Fights/fight_detection_cctv_fi144.pt,Fights,1,fight_detection_cctv,fight_detection_cctv/fight/fi144.mp4,16,224
Fights/fight_detection_cctv_fi145.pt,Fights,1,fight_detection_cctv,fight_detection_cctv/fight/fi145.mp4,16,224
Fights/fight_detection_cctv_fi146.pt,Fights,1,fight_detection_cctv,fight_detection_cctv/fight/fi146.mp4,16,224
Fights/fight_detection_cctv_fi147.pt,Fights,1,fight_detection_cctv,fight_detection_cctv/fight/fi147.mp4,16,224
Fights/fight_detection_cctv_fi148.pt,Fights,1,fight_detection_cctv,fight_detection_cctv/fight/fi148.mp4,16,224
Fights/fight_detection_cctv_fi150.pt,Fights,1,fight_detection_cctv,fight_detection_cctv/fight/fi150.mp4,16,224
NoFights/fight_detection_cctv_nofi001.pt,NoFights,0,fight_detection_cctv,fight_detection_cctv/noFight/nofi001.mp4,16,224
NoFights/fight_detection_cctv_nofi002.pt,NoFights,0,fight_detection_cctv,fight_detection_cctv/noFight/nofi002.mp4,16,224
NoFights/fight_detection_cctv_nofi003.pt,NoFights,0,fight_detection_cctv,fight_detection_cctv/noFight/nofi003.mp4,16,224
NoFights/fight_detection_cctv_nofi004.pt,NoFights,0,fight_detection_cctv,fight_detection_cctv/noFight/nofi004.mp4,16,224
NoFights/fight_detection_cctv_nofi005.pt,NoFights,0,fight_detection_cctv,fight_detection_cctv/noFight/nofi005.mp4,16,224
NoFights/fight_detection_cctv_nofi006.pt,NoFights,0,fight_detection_cctv,fight_detection_cctv/noFight/nofi006.mp4,16,224
NoFights/fight_detection_cctv_nofi007.pt,NoFights,0,fight_detection_cctv,fight_detection_cctv/noFight/nofi007.mp4,16,224
NoFights/fight_detection_cctv_nofi008.pt,NoFights,0,fight_detection_cctv,fight_detection_cctv/noFight/nofi008.mp4,16,224
NoFights/fight_detection_cctv_nofi009.pt,NoFights,0,fight_detection_cctv,fight_detection_cctv/noFight/nofi009.mp4,16,224
NoFights/fight_detection_cctv_nofi010.pt,NoFights,0,fight_detection_cctv,fight_detection_cctv/noFight/nofi010.mp4,16,224
NoFights/fight_detection_cctv_nofi011.pt,NoFights,0,fight_detection_cctv,fight_detection_cctv/noFight/nofi011.mp4,16,224
NoFights/fight_detection_cctv_nofi012.pt,NoFights,0,fight_detection_cctv,fight_detection_cctv/noFight/nofi012.mp4,16,224
NoFights/fight_detection_cctv_nofi013.pt,NoFights,0,fight_detection_cctv,fight_detection_cctv/noFight/nofi013.mp4,16,224
NoFights/fight_detection_cctv_nofi014.pt,NoFights,0,fight_detection_cctv,fight_detection_cctv/noFight/nofi014.mp4,16,224
NoFights/fight_detection_cctv_nofi015.pt,NoFights,0,fight_detection_cctv,fight_detection_cctv/noFight/nofi015.mp4,16,224
NoFights/fight_detection_cctv_nofi016.pt,NoFights,0,fight_detection_cctv,fight_detection_cctv/noFight/nofi016.mp4,16,224
NoFights/fight_detection_cctv_nofi017.pt,NoFights,0,fight_detection_cctv,fight_detection_cctv/noFight/nofi017.mp4,16,224
NoFights/fight_detection_cctv_nofi018.pt,NoFights,0,fight_detection_cctv,fight_detection_cctv/noFight/nofi018.mp4,16,224
NoFights/fight_detection_cctv_nofi019.pt,NoFights,0,fight_detection_cctv,fight_detection_cctv/noFight/nofi019.mp4,16,224
NoFights/fight_detection_cctv_nofi020.pt,NoFights,0,fight_detection_cctv,fight_detection_cctv/noFight/nofi020.mp4,16,224
NoFights/fight_detection_cctv_nofi021.pt,NoFights,0,fight_detection_cctv,fight_detection_cctv/noFight/nofi021.mp4,16,224
NoFights/fight_detection_cctv_nofi022.pt,NoFights,0,fight_detection_cctv,fight_detection_cctv/noFight/nofi022.mp4,16,224
NoFights/fight_detection_cctv_nofi023.pt,NoFights,0,fight_detection_cctv,fight_detection_cctv/noFight/nofi023.mp4,16,224
NoFights/fight_detection_cctv_nofi024.pt,NoFights,0,fight_detection_cctv,fight_detection_cctv/noFight/nofi024.mp4,16,224
NoFights/fight_detection_cctv_nofi025.pt,NoFights,0,fight_detection_cctv,fight_detection_cctv/noFight/nofi025.mp4,16,224
NoFights/fight_detection_cctv_nofi026.pt,NoFights,0,fight_detection_cctv,fight_detection_cctv/noFight/nofi026.mp4,16,224
NoFights/fight_detection_cctv_nofi027.pt,NoFights,0,fight_detection_cctv,fight_detection_cctv/noFight/nofi027.mp4,16,224
NoFights/fight_detection_cctv_nofi028.pt,NoFights,0,fight_detection_cctv,fight_detection_cctv/noFight/nofi028.mp4,16,224
NoFights/fight_detection_cctv_nofi029.pt,NoFights,0,fight_detection_cctv,fight_detection_cctv/noFight/nofi029.mp4,16,224
NoFights/fight_detection_cctv_nofi030.pt,NoFights,0,fight_detection_cctv,fight_detection_cctv/noFight/nofi030.mp4,16,224
NoFights/fight_detection_cctv_nofi031.pt,NoFights,0,fight_detection_cctv,fight_detection_cctv/noFight/nofi031.mp4,16,224
NoFights/fight_detection_cctv_nofi032.pt,NoFights,0,fight_detection_cctv,fight_detection_cctv/noFight/nofi032.mp4,16,224
NoFights/fight_detection_cctv_nofi033.pt,NoFights,0,fight_detection_cctv,fight_detection_cctv/noFight/nofi033.mp4,16,224
NoFights/fight_detection_cctv_nofi034.pt,NoFights,0,fight_detection_cctv,fight_detection_cctv/noFight/nofi034.mp4,16,224
NoFights/fight_detection_cctv_nofi035.pt,NoFights,0,fight_detection_cctv,fight_detection_cctv/noFight/nofi035.mp4,16,224
NoFights/fight_detection_cctv_nofi036.pt,NoFights,0,fight_detection_cctv,fight_detection_cctv/noFight/nofi036.mp4,16,224
NoFights/fight_detection_cctv_nofi037.pt,NoFights,0,fight_detection_cctv,fight_detection_cctv/noFight/nofi037.mp4,16,224
NoFights/fight_detection_cctv_nofi038.pt,NoFights,0,fight_detection_cctv,fight_detection_cctv/noFight/nofi038.mp4,16,224
NoFights/fight_detection_cctv_nofi039.pt,NoFights,0,fight_detection_cctv,fight_detection_cctv/noFight/nofi039.mp4,16,224
NoFights/fight_detection_cctv_nofi040.pt,NoFights,0,fight_detection_cctv,fight_detection_cctv/noFight/nofi040.mp4,16,224
NoFights/fight_detection_cctv_nofi041.pt,NoFights,0,fight_detection_cctv,fight_detection_cctv/noFight/nofi041.mp4,16,224
NoFights/fight_detection_cctv_nofi042.pt,NoFights,0,fight_detection_cctv,fight_detection_cctv/noFight/nofi042.mp4,16,224
NoFights/fight_detection_cctv_nofi043.pt,NoFights,0,fight_detection_cctv,fight_detection_cctv/noFight/nofi043.mp4,16,224
NoFights/fight_detection_cctv_nofi044.pt,NoFights,0,fight_detection_cctv,fight_detection_cctv/noFight/nofi044.mp4,16,224
NoFights/fight_detection_cctv_nofi045.pt,NoFights,0,fight_detection_cctv,fight_detection_cctv/noFight/nofi045.mp4,16,224
NoFights/fight_detection_cctv_nofi046.pt,NoFights,0,fight_detection_cctv,fight_detection_cctv/noFight/nofi046.mp4,16,224
NoFights/fight_detection_cctv_nofi047.pt,NoFights,0,fight_detection_cctv,fight_detection_cctv/noFight/nofi047.mp4,16,224
NoFights/fight_detection_cctv_nofi048.pt,NoFights,0,fight_detection_cctv,fight_detection_cctv/noFight/nofi048.mp4,16,224
NoFights/fight_detection_cctv_nofi049.pt,NoFights,0,fight_detection_cctv,fight_detection_cctv/noFight/nofi049.mp4,16,224
NoFights/fight_detection_cctv_nofi050.pt,NoFights,0,fight_detection_cctv,fight_detection_cctv/noFight/nofi050.mp4,16,224
NoFights/fight_detection_cctv_nofi051.pt,NoFights,0,fight_detection_cctv,fight_detection_cctv/noFight/nofi051.mp4,16,224
NoFights/fight_detection_cctv_nofi052.pt,NoFights,0,fight_detection_cctv,fight_detection_cctv/noFight/nofi052.mp4,16,224
NoFights/fight_detection_cctv_nofi053.pt,NoFights,0,fight_detection_cctv,fight_detection_cctv/noFight/nofi053.mp4,16,224
NoFights/fight_detection_cctv_nofi054.pt,NoFights,0,fight_detection_cctv,fight_detection_cctv/noFight/nofi054.mp4,16,224
NoFights/fight_detection_cctv_nofi055.pt,NoFights,0,fight_detection_cctv,fight_detection_cctv/noFight/nofi055.mp4,16,224
NoFights/fight_detection_cctv_nofi056.pt,NoFights,0,fight_detection_cctv,fight_detection_cctv/noFight/nofi056.mp4,16,224
NoFights/fight_detection_cctv_nofi057.pt,NoFights,0,fight_detection_cctv,fight_detection_cctv/noFight/nofi057.mp4,16,224
NoFights/fight_detection_cctv_nofi058.pt,NoFights,0,fight_detection_cctv,fight_detection_cctv/noFight/nofi058.mp4,16,224
NoFights/fight_detection_cctv_nofi059.pt,NoFights,0,fight_detection_cctv,fight_detection_cctv/noFight/nofi059.mp4,16,224
NoFights/fight_detection_cctv_nofi060.pt,NoFights,0,fight_detection_cctv,fight_detection_cctv/noFight/nofi060.mp4,16,224
NoFights/fight_detection_cctv_nofi061.pt,NoFights,0,fight_detection_cctv,fight_detection_cctv/noFight/nofi061.mp4,16,224
NoFights/fight_detection_cctv_nofi062.pt,NoFights,0,fight_detection_cctv,fight_detection_cctv/noFight/nofi062.mp4,16,224
NoFights/fight_detection_cctv_nofi063.pt,NoFights,0,fight_detection_cctv,fight_detection_cctv/noFight/nofi063.mp4,16,224
NoFights/fight_detection_cctv_nofi064.pt,NoFights,0,fight_detection_cctv,fight_detection_cctv/noFight/nofi064.mp4,16,224
NoFights/fight_detection_cctv_nofi065.pt,NoFights,0,fight_detection_cctv,fight_detection_cctv/noFight/nofi065.mp4,16,224
NoFights/fight_detection_cctv_nofi066.pt,NoFights,0,fight_detection_cctv,fight_detection_cctv/noFight/nofi066.mp4,16,224
NoFights/fight_detection_cctv_nofi067.pt,NoFights,0,fight_detection_cctv,fight_detection_cctv/noFight/nofi067.mp4,16,224
NoFights/fight_detection_cctv_nofi068.pt,NoFights,0,fight_detection_cctv,fight_detection_cctv/noFight/nofi068.mp4,16,224
NoFights/fight_detection_cctv_nofi069.pt,NoFights,0,fight_detection_cctv,fight_detection_cctv/noFight/nofi069.mp4,16,224
NoFights/fight_detection_cctv_nofi070.pt,NoFights,0,fight_detection_cctv,fight_detection_cctv/noFight/nofi070.mp4,16,224
NoFights/fight_detection_cctv_nofi071.pt,NoFights,0,fight_detection_cctv,fight_detection_cctv/noFight/nofi071.mp4,16,224
NoFights/fight_detection_cctv_nofi072.pt,NoFights,0,fight_detection_cctv,fight_detection_cctv/noFight/nofi072.mp4,16,224
NoFights/fight_detection_cctv_nofi073.pt,NoFights,0,fight_detection_cctv,fight_detection_cctv/noFight/nofi073.mp4,16,224
NoFights/fight_detection_cctv_nofi074.pt,NoFights,0,fight_detection_cctv,fight_detection_cctv/noFight/nofi074.mp4,16,224
NoFights/fight_detection_cctv_nofi075.pt,NoFights,0,fight_detection_cctv,fight_detection_cctv/noFight/nofi075.mp4,16,224
NoFights/fight_detection_cctv_nofi076.pt,NoFights,0,fight_detection_cctv,fight_detection_cctv/noFight/nofi076.mp4,16,224
NoFights/fight_detection_cctv_nofi077.pt,NoFights,0,fight_detection_cctv,fight_detection_cctv/noFight/nofi077.mp4,16,224
NoFights/fight_detection_cctv_nofi078.pt,NoFights,0,fight_detection_cctv,fight_detection_cctv/noFight/nofi078.mp4,16,224
NoFights/fight_detection_cctv_nofi079.pt,NoFights,0,fight_detection_cctv,fight_detection_cctv/noFight/nofi079.mp4,16,224
NoFights/fight_detection_cctv_nofi080.pt,NoFights,0,fight_detection_cctv,fight_detection_cctv/noFight/nofi080.mp4,16,224
NoFights/fight_detection_cctv_nofi081.pt,NoFights,0,fight_detection_cctv,fight_detection_cctv/noFight/nofi081.mp4,16,224
NoFights/fight_detection_cctv_nofi082.pt,NoFights,0,fight_detection_cctv,fight_detection_cctv/noFight/nofi082.mp4,16,224
NoFights/fight_detection_cctv_nofi083.pt,NoFights,0,fight_detection_cctv,fight_detection_cctv/noFight/nofi083.mp4,16,224
NoFights/fight_detection_cctv_nofi084.pt,NoFights,0,fight_detection_cctv,fight_detection_cctv/noFight/nofi084.mp4,16,224
NoFights/fight_detection_cctv_nofi085.pt,NoFights,0,fight_detection_cctv,fight_detection_cctv/noFight/nofi085.mp4,16,224
NoFights/fight_detection_cctv_nofi086.pt,NoFights,0,fight_detection_cctv,fight_detection_cctv/noFight/nofi086.mp4,16,224
NoFights/fight_detection_cctv_nofi087.pt,NoFights,0,fight_detection_cctv,fight_detection_cctv/noFight/nofi087.mp4,16,224
NoFights/fight_detection_cctv_nofi088.pt,NoFights,0,fight_detection_cctv,fight_detection_cctv/noFight/nofi088.mp4,16,224
NoFights/fight_detection_cctv_nofi089.pt,NoFights,0,fight_detection_cctv,fight_detection_cctv/noFight/nofi089.mp4,16,224
NoFights/fight_detection_cctv_nofi090.pt,NoFights,0,fight_detection_cctv,fight_detection_cctv/noFight/nofi090.mp4,16,224
NoFights/fight_detection_cctv_nofi091.pt,NoFights,0,fight_detection_cctv,fight_detection_cctv/noFight/nofi091.mp4,16,224
NoFights/fight_detection_cctv_nofi092.pt,NoFights,0,fight_detection_cctv,fight_detection_cctv/noFight/nofi092.mp4,16,224
NoFights/fight_detection_cctv_nofi093.pt,NoFights,0,fight_detection_cctv,fight_detection_cctv/noFight/nofi093.mp4,16,224
NoFights/fight_detection_cctv_nofi094.pt,NoFights,0,fight_detection_cctv,fight_detection_cctv/noFight/nofi094.mp4,16,224
NoFights/fight_detection_cctv_nofi095.pt,NoFights,0,fight_detection_cctv,fight_detection_cctv/noFight/nofi095.mp4,16,224
NoFights/fight_detection_cctv_nofi096.pt,NoFights,0,fight_detection_cctv,fight_detection_cctv/noFight/nofi096.mp4,16,224
NoFights/fight_detection_cctv_nofi097.pt,NoFights,0,fight_detection_cctv,fight_detection_cctv/noFight/nofi097.mp4,16,224
NoFights/fight_detection_cctv_nofi098.pt,NoFights,0,fight_detection_cctv,fight_detection_cctv/noFight/nofi098.mp4,16,224
NoFights/fight_detection_cctv_nofi099.pt,NoFights,0,fight_detection_cctv,fight_detection_cctv/noFight/nofi099.mp4,16,224
NoFights/fight_detection_cctv_nofi100.pt,NoFights,0,fight_detection_cctv,fight_detection_cctv/noFight/nofi100.mp4,16,224
NoFights/fight_detection_cctv_nofi101.pt,NoFights,0,fight_detection_cctv,fight_detection_cctv/noFight/nofi101.mp4,16,224
NoFights/fight_detection_cctv_nofi102.pt,NoFights,0,fight_detection_cctv,fight_detection_cctv/noFight/nofi102.mp4,16,224
NoFights/fight_detection_cctv_nofi103.pt,NoFights,0,fight_detection_cctv,fight_detection_cctv/noFight/nofi103.mp4,16,224
NoFights/fight_detection_cctv_nofi104.pt,NoFights,0,fight_detection_cctv,fight_detection_cctv/noFight/nofi104.mp4,16,224
NoFights/fight_detection_cctv_nofi105.pt,NoFights,0,fight_detection_cctv,fight_detection_cctv/noFight/nofi105.mp4,16,224
NoFights/fight_detection_cctv_nofi106.pt,NoFights,0,fight_detection_cctv,fight_detection_cctv/noFight/nofi106.mp4,16,224
NoFights/fight_detection_cctv_nofi107.pt,NoFights,0,fight_detection_cctv,fight_detection_cctv/noFight/nofi107.mp4,16,224
NoFights/fight_detection_cctv_nofi108.pt,NoFights,0,fight_detection_cctv,fight_detection_cctv/noFight/nofi108.mp4,16,224
NoFights/fight_detection_cctv_nofi109.pt,NoFights,0,fight_detection_cctv,fight_detection_cctv/noFight/nofi109.mp4,16,224
NoFights/fight_detection_cctv_nofi110.pt,NoFights,0,fight_detection_cctv,fight_detection_cctv/noFight/nofi110.mp4,16,224
NoFights/fight_detection_cctv_nofi111.pt,NoFights,0,fight_detection_cctv,fight_detection_cctv/noFight/nofi111.mp4,16,224
NoFights/fight_detection_cctv_nofi112.pt,NoFights,0,fight_detection_cctv,fight_detection_cctv/noFight/nofi112.mp4,16,224
NoFights/fight_detection_cctv_nofi113.pt,NoFights,0,fight_detection_cctv,fight_detection_cctv/noFight/nofi113.mp4,16,224
NoFights/fight_detection_cctv_nofi114.pt,NoFights,0,fight_detection_cctv,fight_detection_cctv/noFight/nofi114.mp4,16,224
NoFights/fight_detection_cctv_nofi115.pt,NoFights,0,fight_detection_cctv,fight_detection_cctv/noFight/nofi115.mp4,16,224
NoFights/fight_detection_cctv_nofi116.pt,NoFights,0,fight_detection_cctv,fight_detection_cctv/noFight/nofi116.mp4,16,224
NoFights/fight_detection_cctv_nofi117.pt,NoFights,0,fight_detection_cctv,fight_detection_cctv/noFight/nofi117.mp4,16,224
NoFights/fight_detection_cctv_nofi118.pt,NoFights,0,fight_detection_cctv,fight_detection_cctv/noFight/nofi118.mp4,16,224
NoFights/fight_detection_cctv_nofi119.pt,NoFights,0,fight_detection_cctv,fight_detection_cctv/noFight/nofi119.mp4,16,224
NoFights/fight_detection_cctv_nofi120.pt,NoFights,0,fight_detection_cctv,fight_detection_cctv/noFight/nofi120.mp4,16,224
NoFights/fight_detection_cctv_nofi121.pt,NoFights,0,fight_detection_cctv,fight_detection_cctv/noFight/nofi121.mp4,16,224
NoFights/fight_detection_cctv_nofi122.pt,NoFights,0,fight_detection_cctv,fight_detection_cctv/noFight/nofi122.mp4,16,224
NoFights/fight_detection_cctv_nofi123.pt,NoFights,0,fight_detection_cctv,fight_detection_cctv/noFight/nofi123.mp4,16,224
NoFights/fight_detection_cctv_nofi124.pt,NoFights,0,fight_detection_cctv,fight_detection_cctv/noFight/nofi124.mp4,16,224
NoFights/fight_detection_cctv_nofi125.pt,NoFights,0,fight_detection_cctv,fight_detection_cctv/noFight/nofi125.mp4,16,224
NoFights/fight_detection_cctv_nofi126.pt,NoFights,0,fight_detection_cctv,fight_detection_cctv/noFight/nofi126.mp4,16,224
NoFights/fight_detection_cctv_nofi127.pt,NoFights,0,fight_detection_cctv,fight_detection_cctv/noFight/nofi127.mp4,16,224
NoFights/fight_detection_cctv_nofi128.pt,NoFights,0,fight_detection_cctv,fight_detection_cctv/noFight/nofi128.mp4,16,224
NoFights/fight_detection_cctv_nofi129.pt,NoFights,0,fight_detection_cctv,fight_detection_cctv/noFight/nofi129.mp4,16,224
NoFights/fight_detection_cctv_nofi130.pt,NoFights,0,fight_detection_cctv,fight_detection_cctv/noFight/nofi130.mp4,16,224
NoFights/fight_detection_cctv_nofi131.pt,NoFights,0,fight_detection_cctv,fight_detection_cctv/noFight/nofi131.mp4,16,224
NoFights/fight_detection_cctv_nofi132.pt,NoFights,0,fight_detection_cctv,fight_detection_cctv/noFight/nofi132.mp4,16,224
NoFights/fight_detection_cctv_nofi133.pt,NoFights,0,fight_detection_cctv,fight_detection_cctv/noFight/nofi133.mp4,16,224
NoFights/fight_detection_cctv_nofi134.pt,NoFights,0,fight_detection_cctv,fight_detection_cctv/noFight/nofi134.mp4,16,224
NoFights/fight_detection_cctv_nofi135.pt,NoFights,0,fight_detection_cctv,fight_detection_cctv/noFight/nofi135.mp4,16,224
NoFights/fight_detection_cctv_nofi136.pt,NoFights,0,fight_detection_cctv,fight_detection_cctv/noFight/nofi136.mp4,16,224
NoFights/fight_detection_cctv_nofi137.pt,NoFights,0,fight_detection_cctv,fight_detection_cctv/noFight/nofi137.mp4,16,224
NoFights/fight_detection_cctv_nofi138.pt,NoFights,0,fight_detection_cctv,fight_detection_cctv/noFight/nofi138.mp4,16,224
NoFights/fight_detection_cctv_nofi139.pt,NoFights,0,fight_detection_cctv,fight_detection_cctv/noFight/nofi139.mp4,16,224
NoFights/fight_detection_cctv_nofi140.pt,NoFights,0,fight_detection_cctv,fight_detection_cctv/noFight/nofi140.mp4,16,224
NoFights/fight_detection_cctv_nofi141.pt,NoFights,0,fight_detection_cctv,fight_detection_cctv/noFight/nofi141.mp4,16,224
NoFights/fight_detection_cctv_nofi142.pt,NoFights,0,fight_detection_cctv,fight_detection_cctv/noFight/nofi142.mp4,16,224
NoFights/fight_detection_cctv_nofi143.pt,NoFights,0,fight_detection_cctv,fight_detection_cctv/noFight/nofi143.mp4,16,224
NoFights/fight_detection_cctv_nofi144.pt,NoFights,0,fight_detection_cctv,fight_detection_cctv/noFight/nofi144.mp4,16,224
NoFights/fight_detection_cctv_nofi145.pt,NoFights,0,fight_detection_cctv,fight_detection_cctv/noFight/nofi145.mp4,16,224
NoFights/fight_detection_cctv_nofi146.pt,NoFights,0,fight_detection_cctv,fight_detection_cctv/noFight/nofi146.mp4,16,224
NoFights/fight_detection_cctv_nofi147.pt,NoFights,0,fight_detection_cctv,fight_detection_cctv/noFight/nofi147.mp4,16,224
NoFights/fight_detection_cctv_nofi148.pt,NoFights,0,fight_detection_cctv,fight_detection_cctv/noFight/nofi148.mp4,16,224
NoFights/fight_detection_cctv_nofi149.pt,NoFights,0,fight_detection_cctv,fight_detection_cctv/noFight/nofi149.mp4,16,224
NoFights/fight_detection_cctv_nofi150.pt,NoFights,0,fight_detection_cctv,fight_detection_cctv/noFight/nofi150.mp4,16,224
Fights/VideosClips_fi003.pt,Fights,1,VideosClips,VideosClips/Fights/fi003.mp4,16,224
Fights/VideosClips_fi110.pt,Fights,1,VideosClips,VideosClips/Fights/fi110.mp4,16,224
Fights/VideosClips_agressive_gym_boy3.pt,Fights,0,VideosClips,VideosClips/Fights/agressive_gym_boy3.mp4,16,224
Fights/VideosClips_golden_warrior_01.pt,Fights,1,VideosClips,VideosClips/Fights/golden_warrior_01.mp4,16,224
Fights/VideosClips_golden_warrior_02.pt,Fights,1,VideosClips,VideosClips/Fights/golden_warrior_02.mp4,16,224
Fights/VideosClips_slaver_boy1.pt,Fights,1,VideosClips,VideosClips/Fights/slaver_boy1.mp4,16,224
Fights/VideosClips_narcisit_warrior1.pt,Fights,0,VideosClips,VideosClips/Fights/narcisit_warrior1.mp4,16,224
Fights/VideosClips_fire_warrior2.pt,Fights,1,VideosClips,VideosClips/Fights/fire_warrior2.mp4,16,224
Fights/VideosClips_fighting_prince.pt,Fights,1,VideosClips,VideosClips/Fights/fighting_prince.mp4,16,224
Fights/VideosClips_bully_prince.pt,Fights,1,VideosClips,VideosClips/Fights/bully_prince.mp4,16,224
Fights/VideosClips_evil_prince.pt,Fights,1,VideosClips,VideosClips/Fights/evil_prince.mp4,16,224
Fights/VideosClips_doungeon_confrontation.pt,Fights,1,VideosClips,VideosClips/Fights/doungeon_confrontation.mp4,16,224
Fights/VideosClips_warrior_blond_prince.pt,Fights,1,VideosClips,VideosClips/Fights/warrior_blond_prince.mp4,16,224
Fights/VideosClips_war_men_01.pt,Fights,1,VideosClips,VideosClips/Fights/war_men_01.mp4,16,224
Fights/VideosClips_war_men_02.pt,Fights,1,VideosClips,VideosClips/Fights/war_men_02.mp4,16,224
Fights/VideosClips_cruel_prince_03.pt,Fights,1,VideosClips,VideosClips/Fights/cruel_prince_03.mp4,16,224
Fights/VideosClips_figithing_prince_06.pt,Fights,1,VideosClips,VideosClips/Fights/figithing_prince_06.mp4,16,224
Fights/VideosClips_brave_prince_05.pt,Fights,1,VideosClips,VideosClips/Fights/brave_prince_05.mp4,16,224
Fights/VideosClips_fighting_men.pt,Fights,1,VideosClips,VideosClips/Fights/fighting_men.mp4,16,224
Fights/VideosClips_fire_golden_warrior1.pt,Fights,1,VideosClips,VideosClips/Fights/fire_golden_warrior1.mp4,16,224
Fights/VideosClips_turning_kick_boy.pt,Fights,1,VideosClips,VideosClips/Fights/turning_kick_boy.mp4,16,224
Fights/VideosClips_fighting_soldiers.pt,Fights,1,VideosClips,VideosClips/Fights/fighting_soldiers.mp4,16,224
Fights/VideosClips_white_sword_warrior2.pt,Fights,1,VideosClips,VideosClips/Fights/white_sword_warrior2.mp4,16,224
Fights/VideosClips_sdfghjk5.pt,Fights,1,VideosClips,VideosClips/Fights/sdfghjk5.mp4,16,224
Fights/VideosClips_fighting-battle.pt,Fights,1,VideosClips,VideosClips/Fights/fighting-battle.mp4,16,224
Fights/VideosClips_happy-st.pt,Fights,1,VideosClips,VideosClips/Fights/happy-st.mp4,16,224
Fights/VideosClips_sdfghjkghjk.pt,Fights,1,VideosClips,VideosClips/Fights/sdfghjkghjk.mp4,16,224
Fights/VideosClips_BODY_FIGHT.pt,Fights,1,VideosClips,VideosClips/Fights/BODY_FIGHT.mp4,16,224
Fights/VideosClips_plate-smash-over-head.pt,Fights,1,VideosClips,VideosClips/Fights/plate-smash-over-head.mp4,16,224
Fights/VideosClips_kick-fight.pt,Fights,1,VideosClips,VideosClips/Fights/kick-fight.mp4,16,224
Fights/VideosClips_women-fight.pt,Fights,1,VideosClips,VideosClips/Fights/women-fight.mp4,16,224
Fights/VideosClips_body-slam-slam.pt,Fights,1,VideosClips,VideosClips/Fights/body-slam-slam.mp4,16,224
Fights/VideosClips_street-gang.pt,Fights,1,VideosClips,VideosClips/Fights/street-gang.mp4,16,224
Fights/VideosClips_mm-fighting.pt,Fights,1,VideosClips,VideosClips/Fights/mm-fighting.mp4,16,224
Fights/VideosClips_street-fight-teenagers.pt,Fights,1,VideosClips,VideosClips/Fights/street-fight-teenagers.mp4,16,224
Fights/VideosClips_xcvbnmdfgh.pt,Fights,1,VideosClips,VideosClips/Fights/xcvbnmdfgh.mp4,16,224
Fights/VideosClips_minnie-mouse-fight-minnie-mouse.pt,Fights,1,VideosClips,VideosClips/Fights/minnie-mouse-fight-minnie-mouse.mp4,16,224
Fights/VideosClips_firends-fight.pt,Fights,1,VideosClips,VideosClips/Fights/firends-fight.mp4,16,224
Fights/VideosClips_men-fight-2 (1).pt,Fights,1,VideosClips,VideosClips/Fights/men-fight-2 (1).mp4,16,224
Fights/VideosClips_men-fight-2.pt,Fights,1,VideosClips,VideosClips/Fights/men-fight-2.mp4,16,224
Fights/VideosClips_women-hair-fight.pt,Fights,1,VideosClips,VideosClips/Fights/women-hair-fight.mp4,16,224
Fights/VideosClips_gits-fight.pt,Fights,1,VideosClips,VideosClips/Fights/gits-fight.mp4,16,224
Fights/VideosClips_crazy-man-fight-door.pt,Fights,1,VideosClips,VideosClips/Fights/crazy-man-fight-door.mp4,16,224
Fights/VideosClips_spoiled-teen.pt,Fights,1,VideosClips,VideosClips/Fights/spoiled-teen.mp4,16,224
Fights/VideosClips_women-fight3.pt,Fights,1,VideosClips,VideosClips/Fights/women-fight3.mp4,16,224
Fights/VideosClips_travas-fight.pt,Fights,1,VideosClips,VideosClips/Fights/travas-fight.mp4,16,224
Fights/VideosClips_weird-fight.pt,Fights,1,VideosClips,VideosClips/Fights/weird-fight.mp4,16,224
Fights/VideosClips_brutal-hit.pt,Fights,1,VideosClips,VideosClips/Fights/brutal-hit.mp4,16,224
Fights/VideosClips_clown-fight.pt,Fights,1,VideosClips,VideosClips/Fights/clown-fight.mp4,16,224
Fights/VideosClips_awesome-fight.pt,Fights,1,VideosClips,VideosClips/Fights/awesome-fight.mp4,16,224
Fights/VideosClips_hard-kick.pt,Fights,1,VideosClips,VideosClips/Fights/hard-kick.mp4,16,224
Fights/VideosClips_kimbo-destroy_2_guys.pt,Fights,1,VideosClips,VideosClips/Fights/kimbo-destroy_2_guys.mp4,16,224
Fights/VideosClips_super_hit.pt,Fights,1,VideosClips,VideosClips/Fights/super_hit.mp4,16,224
Fights/VideosClips_streetfight.pt,Fights,1,VideosClips,VideosClips/Fights/streetfight.mp4,16,224
Fights/VideosClips_moxkfigjt .pt,Fights,1,VideosClips,VideosClips/Fights/moxkfigjt .mp4,16,224
Fights/VideosClips_boxers_players_fighting.pt,Fights,1,VideosClips,VideosClips/Fights/boxers_players_fighting.mp4,16,224
Fights/VideosClips_karate_fight.pt,Fights,1,VideosClips,VideosClips/Fights/karate_fight.mp4,16,224
Fights/VideosClips_fighting_men_01.pt,Fights,1,VideosClips,VideosClips/Fights/fighting_men_01.mp4,16,224
Fights/VideosClips_fighting_men_02.pt,Fights,1,VideosClips,VideosClips/Fights/fighting_men_02.mp4,16,224
Fights/VideosClips_fighting_men_03.pt,Fights,1,VideosClips,VideosClips/Fights/fighting_men_03.mp4,16,224
Fights/VideosClips_shirtless_fighting_men.pt,Fights,1,VideosClips,VideosClips/Fights/shirtless_fighting_men.mp4,16,224
Fights/VideosClips_hash_fighting_men01.pt,Fights,1,VideosClips,VideosClips/Fights/hash_fighting_men01.mp4,16,224
Fights/VideosClips_fi072.pt,Fights,1,VideosClips,VideosClips/Fights/fi072.mp4,16,224
Fights/VideosClips_unrest_riots01.pt,Fights,1,VideosClips,VideosClips/Fights/unrest_riots01.mp4,16,224
Fights/VideosClips_arson_riots_unrest.pt,Fights,1,VideosClips,VideosClips/Fights/arson_riots_unrest.mp4,16,224
Fights/VideosClips_fighting_breakDance.pt,Fights,1,VideosClips,VideosClips/Fights/fighting_breakDance.mp4,16,224
Fights/VideosClips_fire_men.pt,Fights,1,VideosClips,VideosClips/Fights/fire_men.mp4,16,224
Fights/VideosClips_mad_unrested_men.pt,Fights,1,VideosClips,VideosClips/Fights/mad_unrested_men.mp4,16,224
Fights/VideosClips_winter_figithing_men.pt,Fights,1,VideosClips,VideosClips/Fights/winter_figithing_men.mp4,16,224
NoFights/VideosClips_Dawn_Island_video.pt,NoFights,0,VideosClips,VideosClips/noFights/Dawn_Island_video.mp4,16,224
NoFights/VideosClips_happy_prince.pt,NoFights,0,VideosClips,VideosClips/noFights/happy_prince.mp4,16,224
NoFights/VideosClips_gym_boy_3.pt,NoFights,0,VideosClips,VideosClips/noFights/gym_boy_3.mp4,16,224
NoFights/VideosClips_gym_boy_4.pt,NoFights,0,VideosClips,VideosClips/noFights/gym_boy_4.mp4,16,224
NoFights/VideosClips_gym_boy_1.pt,NoFights,0,VideosClips,VideosClips/noFights/gym_boy_1.mp4,16,224
NoFights/VideosClips_hyom_boy_5.pt,NoFights,0,VideosClips,VideosClips/noFights/hyom_boy_5.mp4,16,224
NoFights/VideosClips_happy_gym_boy_6.pt,NoFights,0,VideosClips,VideosClips/noFights/happy_gym_boy_6.mp4,16,224
NoFights/VideosClips_gym_boy_2.pt,NoFights,0,VideosClips,VideosClips/noFights/gym_boy_2.mp4,16,224
NoFights/VideosClips_friendly_gym_boy_1.pt,NoFights,0,VideosClips,VideosClips/noFights/friendly_gym_boy_1.mp4,16,224
NoFights/VideosClips_runnging_gym_boy5.pt,NoFights,0,VideosClips,VideosClips/noFights/runnging_gym_boy5.mp4,16,224
NoFights/VideosClips_smiling_gym_boy_6.pt,NoFights,0,VideosClips,VideosClips/noFights/smiling_gym_boy_6.mp4,16,224
NoFights/VideosClips_proud_athletic_boy1.pt,NoFights,0,VideosClips,VideosClips/noFights/proud_athletic_boy1.mp4,16,224
NoFights/VideosClips_proud_boy_2.pt,NoFights,0,VideosClips,VideosClips/noFights/proud_boy_2.mp4,16,224
NoFights/VideosClips_gym_boy_on_street01.pt,NoFights,0,VideosClips,VideosClips/noFights/gym_boy_on_street01.mp4,16,224
NoFights/VideosClips_biker_gym_boy02.pt,NoFights,0,VideosClips,VideosClips/noFights/biker_gym_boy02.mp4,16,224
NoFights/VideosClips_happy_gym_boy_01.pt,NoFights,0,VideosClips,VideosClips/noFights/happy_gym_boy_01.mp4,16,224
NoFights/VideosClips_happy_blond_gym_boy_02.pt,NoFights,0,VideosClips,VideosClips/noFights/happy_blond_gym_boy_02.mp4,16,224
NoFights/VideosClips_snesual_warrior.pt,NoFights,0,VideosClips,VideosClips/noFights/snesual_warrior.mp4,16,224
NoFights/VideosClips_tavern_boy_2.pt,NoFights,0,VideosClips,VideosClips/noFights/tavern_boy_2.mp4,16,224
NoFights/VideosClips_students_boys.pt,NoFights,0,VideosClips,VideosClips/noFights/students_boys.mp4,16,224
NoFights/VideosClips_proud_gym_boy09.pt,NoFights,0,VideosClips,VideosClips/noFights/proud_gym_boy09.mp4,16,224
NoFights/VideosClips_blond_gym_boy10.pt,NoFights,0,VideosClips,VideosClips/noFights/blond_gym_boy10.mp4,16,224
NoFights/VideosClips_narcisist_prince.pt,NoFights,0,VideosClips,VideosClips/noFights/narcisist_prince.mp4,16,224
NoFights/VideosClips_happy_princes.pt,NoFights,0,VideosClips,VideosClips/noFights/happy_princes.mp4,16,224
NoFights/VideosClips_good_prince.pt,NoFights,0,VideosClips,VideosClips/noFights/good_prince.mp4,16,224
NoFights/VideosClips_lust_prince.pt,NoFights,0,VideosClips,VideosClips/noFights/lust_prince.mp4,16,224
NoFights/VideosClips_dancing_prince.pt,NoFights,0,VideosClips,VideosClips/noFights/dancing_prince.mp4,16,224
NoFights/VideosClips_vain_prince.pt,NoFights,0,VideosClips,VideosClips/noFights/vain_prince.mp4,16,224
NoFights/VideosClips_waiter_prince.pt,NoFights,0,VideosClips,VideosClips/noFights/waiter_prince.mp4,16,224
NoFights/VideosClips_walking_gym_bro01.pt,NoFights,0,VideosClips,VideosClips/noFights/walking_gym_bro01.mp4,16,224
NoFights/VideosClips_walking_gym_bro_02.pt,NoFights,0,VideosClips,VideosClips/noFights/walking_gym_bro_02.mp4,16,224
NoFights/VideosClips_walking_gym_bro03.pt,NoFights,0,VideosClips,VideosClips/noFights/walking_gym_bro03.mp4,16,224
NoFights/VideosClips_walking_gym_bro_04.pt,NoFights,0,VideosClips,VideosClips/noFights/walking_gym_bro_04.mp4,16,224
NoFights/VideosClips_walking_gym_bro_05.pt,NoFights,0,VideosClips,VideosClips/noFights/walking_gym_bro_05.mp4,16,224
NoFights/VideosClips_joy_prince_03.pt,NoFights,0,VideosClips,VideosClips/noFights/joy_prince_03.mp4,16,224
NoFights/VideosClips_narciso_prince_05.pt,NoFights,0,VideosClips,VideosClips/noFights/narciso_prince_05.mp4,16,224
NoFights/VideosClips_princes_at_office.pt,NoFights,0,VideosClips,VideosClips/noFights/princes_at_office.mp4,16,224
NoFights/VideosClips_moto_boy.pt,NoFights,0,VideosClips,VideosClips/noFights/moto_boy.mp4,16,224
NoFights/VideosClips_coding_boy.pt,NoFights,0,VideosClips,VideosClips/noFights/coding_boy.mp4,16,224
NoFights/VideosClips_happy_gym_boy1.pt,NoFights,0,VideosClips,VideosClips/noFights/happy_gym_boy1.mp4,16,224
NoFights/VideosClips_happy_gym_boy2.pt,NoFights,0,VideosClips,VideosClips/noFights/happy_gym_boy2.mp4,16,224
NoFights/VideosClips_happy_gym_boy3.pt,NoFights,0,VideosClips,VideosClips/noFights/happy_gym_boy3.mp4,16,224
NoFights/VideosClips_good_firends.pt,NoFights,0,VideosClips,VideosClips/noFights/good_firends.mp4,16,224
NoFights/VideosClips_students_friends.pt,NoFights,0,VideosClips,VideosClips/noFights/students_friends.mp4,16,224
NoFights/VideosClips_walking_gym_boy_06.pt,NoFights,0,VideosClips,VideosClips/noFights/walking_gym_boy_06.mp4,16,224
NoFights/VideosClips_teens_hugs.pt,NoFights,0,VideosClips,VideosClips/noFights/teens_hugs.mp4,16,224
NoFights/VideosClips_shaking_hands.pt,NoFights,0,VideosClips,VideosClips/noFights/shaking_hands.mp4,16,224
NoFights/VideosClips_shopping_mall_ppl.pt,NoFights,0,VideosClips,VideosClips/noFights/shopping_mall_ppl.mp4,16,224
NoFights/VideosClips_walking_anime_boy2.pt,NoFights,0,VideosClips,VideosClips/noFights/walking_anime_boy2.mp4,16,224
NoFights/VideosClips_spoiled_prince.pt,NoFights,0,VideosClips,VideosClips/noFights/spoiled_prince.mp4,16,224
NoFights/VideosClips_Golazo.pt,NoFights,0,VideosClips,VideosClips/noFights/Golazo.mp4,16,224
NoFights/VideosClips_good-men.pt,NoFights,0,VideosClips,VideosClips/noFights/good-men.mp4,16,224
NoFights/VideosClips_soccerPlayers .pt,NoFights,0,VideosClips,VideosClips/noFights/soccerPlayers .mp4,16,224
NoFights/VideosClips_artisTogether .pt,NoFights,0,VideosClips,VideosClips/noFights/artisTogether .mp4,16,224
NoFights/VideosClips_dancing_ppl2.pt,NoFights,0,VideosClips,VideosClips/noFights/dancing_ppl2.mp4,16,224
NoFights/VideosClips_dancing_ppl.pt,NoFights,0,VideosClips,VideosClips/noFights/dancing_ppl.mp4,16,224
NoFights/VideosClips_good_friends6.pt,NoFights,0,VideosClips,VideosClips/noFights/good_friends6.mp4,16,224
NoFights/VideosClips_teenlove1.pt,NoFights,0,VideosClips,VideosClips/noFights/teenlove1.mp4,16,224
NoFights/VideosClips_good_friends3.pt,NoFights,0,VideosClips,VideosClips/noFights/good_friends3.mp4,16,224
NoFights/VideosClips_good_friend05.pt,NoFights,0,VideosClips,VideosClips/noFights/good_friend05.mp4,16,224
NoFights/VideosClips_loved_teen_at_park02.pt,NoFights,0,VideosClips,VideosClips/noFights/loved_teen_at_park02.mp4,16,224
NoFights/VideosClips_loving_teens_2.pt,NoFights,0,VideosClips,VideosClips/noFights/loving_teens_2.mp4,16,224
NoFights/VideosClips_city_avenue.pt,NoFights,0,VideosClips,VideosClips/noFights/city_avenue.mp4,16,224
NoFights/VideosClips_city_avenue2.pt,NoFights,0,VideosClips,VideosClips/noFights/city_avenue2.mp4,16,224
NoFights/VideosClips_loving_teens1.pt,NoFights,0,VideosClips,VideosClips/noFights/loving_teens1.mp4,16,224
NoFights/VideosClips_playing_brothers.pt,NoFights,0,VideosClips,VideosClips/noFights/playing_brothers.mp4,16,224
NoFights/VideosClips_loving_teens3.pt,NoFights,0,VideosClips,VideosClips/noFights/loving_teens3.mp4,16,224
NoFights/VideosClips_happy_friends1.pt,NoFights,0,VideosClips,VideosClips/noFights/happy_friends1.mp4,16,224
NoFights/VideosClips_happy_friends2.pt,NoFights,0,VideosClips,VideosClips/noFights/happy_friends2.mp4,16,224
NoFights/VideosClips_happy_friends3.pt,NoFights,0,VideosClips,VideosClips/noFights/happy_friends3.mp4,16,224
NoFights/VideosClips_fresh_beach_boy.pt,NoFights,0,VideosClips,VideosClips/noFights/fresh_beach_boy.mp4,16,224
NoFights/VideosClips_happy_school_kids.pt,NoFights,0,VideosClips,VideosClips/noFights/happy_school_kids.mp4,16,224
NoFights/VideosClips_happy_school_kids2.pt,NoFights,0,VideosClips,VideosClips/noFights/happy_school_kids2.mp4,16,224
NoFights/VideosClips_desperate_running_men.pt,NoFights,0,VideosClips,VideosClips/noFights/desperate_running_men.mp4,16,224
NoFights/VideosClips_road_workers_men.pt,NoFights,0,VideosClips,VideosClips/noFights/road_workers_men.mp4,16,224
NoFights/VideosClips_cross_fit_men.pt,NoFights,0,VideosClips,VideosClips/noFights/cross_fit_men.mp4,16,224
NoFights/VideosClips_athletes.pt,NoFights,0,VideosClips,VideosClips/noFights/athletes.mp4,16,224
NoFights/VideosClips_singing_girls.pt,NoFights,0,VideosClips,VideosClips/noFights/singing_girls.mp4,16,224
NoFights/VideosClips_hansome_male_student.pt,NoFights,0,VideosClips,VideosClips/noFights/hansome_male_student.mp4,16,224
NoFights/VideosClips_narcisit_male_prince.pt,NoFights,0,VideosClips,VideosClips/noFights/narcisit_male_prince.mp4,16,224
NoFights/VideosClips_young_man_walking_dog.pt,NoFights,0,VideosClips,VideosClips/noFights/young_man_walking_dog.mp4,16,224
NoFights/VideosClips_dogs_lover_friends.pt,NoFights,0,VideosClips,VideosClips/noFights/dogs_lover_friends.mp4,16,224
