dataset,split,label,filename,relative_path,extension,duration_sec,fps,width,height,codec,nb_frames,size_mb,bitrate_kbps,error
RWF_2000,train,Violence,Train_Fight_101.avi,RWF_2000/train/Train_Fight/Train_Fight_101.avi,.avi,5.0,30.0,480,360,mjpeg,150,3.23,5411.3,
RWF_2000,train,Violence,Train_Fight_105.avi,RWF_2000/train/Train_Fight/Train_Fight_105.avi,.avi,5.0,30.0,320,240,mjpeg,150,1.3,2175.1,
RWF_2000,train,Violence,Train_Fight_107.avi,RWF_2000/train/Train_Fight/Train_Fight_107.avi,.avi,5.0,30.0,428,240,mjpeg,150,3.07,5147.9,
RWF_2000,train,Violence,Train_Fight_112.avi,RWF_2000/train/Train_Fight/Train_Fight_112.avi,.avi,5.0,30.0,352,288,mjpeg,150,2.31,3882.3,
RWF_2000,train,Violence,Train_Fight_113.avi,RWF_2000/train/Train_Fight/Train_Fight_113.avi,.avi,5.0,30.0,398,224,mjpeg,150,2.23,3743.6,
RWF_2000,train,Violence,Train_Fight_118.avi,RWF_2000/train/Train_Fight/Train_Fight_118.avi,.avi,5.0,30.0,1280,720,mjpeg,150,14.52,24352.9,
RWF_2000,train,Violence,Train_Fight_119.avi,RWF_2000/train/Train_Fight/Train_Fight_119.avi,.avi,5.0,30.0,480,360,mjpeg,150,3.8,6377.5,
RWF_2000,train,Violence,Train_Fight_125.avi,RWF_2000/train/Train_Fight/Train_Fight_125.avi,.avi,5.0,30.0,352,288,mjpeg,150,2.32,3886.2,
RWF_2000,train,Violence,Train_Fight_127.avi,RWF_2000/train/Train_Fight/Train_Fight_127.avi,.avi,5.0,30.0,428,240,mjpeg,150,2.7,4526.0,
RWF_2000,train,Violence,Train_Fight_133.avi,RWF_2000/train/Train_Fight/Train_Fight_133.avi,.avi,5.0,30.0,398,224,mjpeg,150,1.78,2985.8,
RWF_2000,train,Violence,Train_Fight_150.avi,RWF_2000/train/Train_Fight/Train_Fight_150.avi,.avi,5.0,30.0,640,360,mjpeg,150,2.27,3812.3,
RWF_2000,train,Violence,Train_Fight_152.avi,RWF_2000/train/Train_Fight/Train_Fight_152.avi,.avi,5.0,30.0,320,240,mjpeg,150,1.28,2148.0,
RWF_2000,train,Violence,Train_Fight_153.avi,RWF_2000/train/Train_Fight/Train_Fight_153.avi,.avi,5.0,30.0,1280,720,mjpeg,150,9.23,15488.0,
RWF_2000,train,Violence,Train_Fight_173.avi,RWF_2000/train/Train_Fight/Train_Fight_173.avi,.avi,5.0,30.0,320,240,mjpeg,150,1.92,3229.2,
RWF_2000,train,Violence,Train_Fight_178.avi,RWF_2000/train/Train_Fight/Train_Fight_178.avi,.avi,5.0,30.0,320,240,mjpeg,150,2.09,3511.8,
RWF_2000,train,Violence,Train_Fight_179.avi,RWF_2000/train/Train_Fight/Train_Fight_179.avi,.avi,5.0,30.0,426,240,mjpeg,150,1.72,2880.2,
RWF_2000,train,Violence,Train_Fight_181.avi,RWF_2000/train/Train_Fight/Train_Fight_181.avi,.avi,5.0,30.0,320,240,mjpeg,150,1.87,3140.4,
RWF_2000,train,Violence,Train_Fight_187.avi,RWF_2000/train/Train_Fight/Train_Fight_187.avi,.avi,5.0,30.0,480,360,mjpeg,150,4.0,6707.6,
RWF_2000,train,Violence,Train_Fight_188.avi,RWF_2000/train/Train_Fight/Train_Fight_188.avi,.avi,5.0,30.0,320,240,mjpeg,150,1.79,3003.1,
RWF_2000,train,Violence,Train_Fight_192.avi,RWF_2000/train/Train_Fight/Train_Fight_192.avi,.avi,5.0,30.0,480,360,mjpeg,150,2.76,4634.5,
RWF_2000,train,Violence,Train_Fight_198.avi,RWF_2000/train/Train_Fight/Train_Fight_198.avi,.avi,5.0,30.0,1280,720,mjpeg,150,4.91,8242.4,
RWF_2000,train,Violence,Train_Fight_204.avi,RWF_2000/train/Train_Fight/Train_Fight_204.avi,.avi,5.0,30.0,1280,720,mjpeg,150,9.49,15927.7,
RWF_2000,train,Violence,Train_Fight_207.avi,RWF_2000/train/Train_Fight/Train_Fight_207.avi,.avi,5.0,30.0,1280,720,mjpeg,150,14.58,24467.0,
RWF_2000,train,Violence,Train_Fight_208.avi,RWF_2000/train/Train_Fight/Train_Fight_208.avi,.avi,5.0,30.0,1280,720,mjpeg,150,15.68,26302.4,
RWF_2000,train,Violence,Train_Fight_210.avi,RWF_2000/train/Train_Fight/Train_Fight_210.avi,.avi,5.0,30.0,568,320,mjpeg,150,4.0,6717.1,
RWF_2000,train,Violence,Train_Fight_213.avi,RWF_2000/train/Train_Fight/Train_Fight_213.avi,.avi,5.0,30.0,1920,1080,mjpeg,150,24.3,40772.8,
RWF_2000,train,Violence,Train_Fight_214.avi,RWF_2000/train/Train_Fight/Train_Fight_214.avi,.avi,5.0,30.0,1280,720,mjpeg,150,7.25,12165.9,
RWF_2000,train,Violence,Train_Fight_220.avi,RWF_2000/train/Train_Fight/Train_Fight_220.avi,.avi,5.0,30.0,640,360,mjpeg,150,6.33,10616.4,
RWF_2000,train,Violence,Train_Fight_226.avi,RWF_2000/train/Train_Fight/Train_Fight_226.avi,.avi,5.0,30.0,1280,720,mjpeg,150,7.67,12864.5,
RWF_2000,train,Violence,Train_Fight_232.avi,RWF_2000/train/Train_Fight/Train_Fight_232.avi,.avi,5.0,30.0,640,360,mjpeg,150,5.55,9306.0,
RWF_2000,train,Violence,Train_Fight_235.avi,RWF_2000/train/Train_Fight/Train_Fight_235.avi,.avi,5.0,30.0,640,360,mjpeg,150,2.3,3861.6,
RWF_2000,train,Violence,Train_Fight_236.avi,RWF_2000/train/Train_Fight/Train_Fight_236.avi,.avi,5.0,30.0,640,360,mjpeg,150,2.64,4437.2,
RWF_2000,train,Violence,Train_Fight_238.avi,RWF_2000/train/Train_Fight/Train_Fight_238.avi,.avi,5.0,30.0,368,276,mjpeg,150,6.04,10130.6,
RWF_2000,train,Violence,Train_Fight_245.avi,RWF_2000/train/Train_Fight/Train_Fight_245.avi,.avi,5.0,30.0,320,240,mjpeg,150,2.1,3530.0,
RWF_2000,train,Violence,Train_Fight_257.avi,RWF_2000/train/Train_Fight/Train_Fight_257.avi,.avi,5.0,30.0,320,240,mjpeg,150,3.51,5885.9,
RWF_2000,train,Violence,Train_Fight_261.avi,RWF_2000/train/Train_Fight/Train_Fight_261.avi,.avi,5.0,30.0,640,360,mjpeg,150,3.26,5468.6,
RWF_2000,train,Violence,Train_Fight_270.avi,RWF_2000/train/Train_Fight/Train_Fight_270.avi,.avi,5.0,30.0,640,360,mjpeg,150,4.13,6932.2,
RWF_2000,train,Violence,Train_Fight_272.avi,RWF_2000/train/Train_Fight/Train_Fight_272.avi,.avi,5.0,30.0,640,360,mjpeg,150,5.32,8931.4,
RWF_2000,train,Violence,Train_Fight_277.avi,RWF_2000/train/Train_Fight/Train_Fight_277.avi,.avi,5.0,30.0,400,224,mjpeg,150,5.09,8536.9,
RWF_2000,train,Violence,Train_Fight_279.avi,RWF_2000/train/Train_Fight/Train_Fight_279.avi,.avi,5.0,30.0,320,240,mjpeg,150,1.38,2308.9,
RWF_2000,train,Violence,Train_Fight_280.avi,RWF_2000/train/Train_Fight/Train_Fight_280.avi,.avi,5.0,30.0,320,240,mjpeg,150,1.17,1963.3,
RWF_2000,train,Violence,Train_Fight_284.avi,RWF_2000/train/Train_Fight/Train_Fight_284.avi,.avi,5.0,30.0,320,240,mjpeg,150,2.23,3743.9,
RWF_2000,train,Violence,Train_Fight_286.avi,RWF_2000/train/Train_Fight/Train_Fight_286.avi,.avi,5.0,30.0,1280,720,mjpeg,150,11.2,18783.6,
RWF_2000,train,Violence,Train_Fight_287.avi,RWF_2000/train/Train_Fight/Train_Fight_287.avi,.avi,5.0,30.0,480,360,mjpeg,150,4.14,6937.9,
RWF_2000,train,Violence,Train_Fight_289.avi,RWF_2000/train/Train_Fight/Train_Fight_289.avi,.avi,5.0,30.0,1280,720,mjpeg,150,11.59,19446.9,
RWF_2000,train,Violence,Train_Fight_290.avi,RWF_2000/train/Train_Fight/Train_Fight_290.avi,.avi,5.0,30.0,1280,720,mjpeg,150,6.98,11706.6,
RWF_2000,train,Violence,Train_Fight_292.avi,RWF_2000/train/Train_Fight/Train_Fight_292.avi,.avi,5.0,30.0,1280,720,mjpeg,150,9.67,16216.9,
RWF_2000,train,Violence,Train_Fight_294.avi,RWF_2000/train/Train_Fight/Train_Fight_294.avi,.avi,5.0,30.0,1280,720,mjpeg,150,7.33,12295.9,
RWF_2000,train,Violence,Train_Fight_297.avi,RWF_2000/train/Train_Fight/Train_Fight_297.avi,.avi,5.0,30.0,320,240,mjpeg,150,2.64,4430.5,
RWF_2000,train,Violence,Train_Fight_30.avi,RWF_2000/train/Train_Fight/Train_Fight_30.avi,.avi,5.0,30.0,1280,720,mjpeg,150,14.51,24347.8,
RWF_2000,train,Violence,Train_Fight_300.avi,RWF_2000/train/Train_Fight/Train_Fight_300.avi,.avi,5.0,30.0,640,360,mjpeg,150,2.58,4332.4,
RWF_2000,train,Violence,Train_Fight_304.avi,RWF_2000/train/Train_Fight/Train_Fight_304.avi,.avi,5.0,30.0,320,240,mjpeg,150,1.18,1977.8,
RWF_2000,train,Violence,Train_Fight_305.avi,RWF_2000/train/Train_Fight/Train_Fight_305.avi,.avi,5.0,30.0,1280,720,mjpeg,150,8.76,14693.0,
RWF_2000,train,Violence,Train_Fight_306.avi,RWF_2000/train/Train_Fight/Train_Fight_306.avi,.avi,5.0,30.0,1280,720,mjpeg,150,6.08,10193.3,
RWF_2000,train,Violence,Train_Fight_31.avi,RWF_2000/train/Train_Fight/Train_Fight_31.avi,.avi,5.0,30.0,1280,720,mjpeg,150,12.92,21681.1,
RWF_2000,train,Violence,Train_Fight_310.avi,RWF_2000/train/Train_Fight/Train_Fight_310.avi,.avi,5.0,30.0,320,240,mjpeg,150,1.69,2837.8,
RWF_2000,train,Violence,Train_Fight_313.avi,RWF_2000/train/Train_Fight/Train_Fight_313.avi,.avi,5.0,30.0,400,222,mjpeg,150,1.43,2396.7,
RWF_2000,train,Violence,Train_Fight_314.avi,RWF_2000/train/Train_Fight/Train_Fight_314.avi,.avi,5.0,30.0,1280,720,mjpeg,150,4.84,8114.0,
RWF_2000,train,Violence,Train_Fight_315.avi,RWF_2000/train/Train_Fight/Train_Fight_315.avi,.avi,5.0,30.0,640,360,mjpeg,150,2.55,4275.6,
RWF_2000,train,Violence,Train_Fight_316.avi,RWF_2000/train/Train_Fight/Train_Fight_316.avi,.avi,5.0,30.0,624,352,mjpeg,150,3.22,5408.1,
RWF_2000,train,Violence,Train_Fight_317.avi,RWF_2000/train/Train_Fight/Train_Fight_317.avi,.avi,5.0,30.0,488,360,mjpeg,150,2.46,4122.2,
RWF_2000,train,Violence,Train_Fight_322.avi,RWF_2000/train/Train_Fight/Train_Fight_322.avi,.avi,5.0,30.0,320,240,mjpeg,150,1.62,2719.9,
RWF_2000,train,Violence,Train_Fight_323.avi,RWF_2000/train/Train_Fight/Train_Fight_323.avi,.avi,5.0,30.0,640,358,mjpeg,150,8.53,14315.1,
RWF_2000,train,Violence,Train_Fight_326.avi,RWF_2000/train/Train_Fight/Train_Fight_326.avi,.avi,5.0,30.0,640,360,mjpeg,150,4.3,7213.0,
RWF_2000,train,Violence,Train_Fight_327.avi,RWF_2000/train/Train_Fight/Train_Fight_327.avi,.avi,5.0,30.0,1280,720,mjpeg,150,6.76,11342.3,
RWF_2000,train,Violence,Train_Fight_328.avi,RWF_2000/train/Train_Fight/Train_Fight_328.avi,.avi,5.0,30.0,1280,720,mjpeg,150,17.36,29128.0,
RWF_2000,train,Violence,Train_Fight_329.avi,RWF_2000/train/Train_Fight/Train_Fight_329.avi,.avi,5.0,30.0,626,360,mjpeg,150,6.0,10063.2,
RWF_2000,train,Violence,Train_Fight_332.avi,RWF_2000/train/Train_Fight/Train_Fight_332.avi,.avi,5.0,30.0,1280,720,mjpeg,150,8.36,14020.7,
RWF_2000,train,Violence,Train_Fight_333.avi,RWF_2000/train/Train_Fight/Train_Fight_333.avi,.avi,5.0,30.0,1280,720,mjpeg,150,12.45,20885.7,
RWF_2000,train,Violence,Train_Fight_335.avi,RWF_2000/train/Train_Fight/Train_Fight_335.avi,.avi,5.0,30.0,640,360,mjpeg,150,3.27,5491.4,
RWF_2000,train,Violence,Train_Fight_336.avi,RWF_2000/train/Train_Fight/Train_Fight_336.avi,.avi,5.0,30.0,1280,720,mjpeg,150,16.65,27931.8,
RWF_2000,train,Violence,Train_Fight_340.avi,RWF_2000/train/Train_Fight/Train_Fight_340.avi,.avi,5.0,30.0,1280,720,mjpeg,150,3.81,6399.0,
RWF_2000,train,Violence,Train_Fight_341.avi,RWF_2000/train/Train_Fight/Train_Fight_341.avi,.avi,5.0,30.0,384,288,mjpeg,150,2.08,3495.6,
RWF_2000,train,Violence,Train_Fight_344.avi,RWF_2000/train/Train_Fight/Train_Fight_344.avi,.avi,5.0,30.0,1280,720,mjpeg,150,16.93,28412.2,
RWF_2000,train,Violence,Train_Fight_345.avi,RWF_2000/train/Train_Fight/Train_Fight_345.avi,.avi,5.0,30.0,320,240,mjpeg,150,2.19,3673.9,
RWF_2000,train,Violence,Train_Fight_349.avi,RWF_2000/train/Train_Fight/Train_Fight_349.avi,.avi,5.0,30.0,960,720,mjpeg,150,3.8,6378.6,
RWF_2000,train,Violence,Train_Fight_350.avi,RWF_2000/train/Train_Fight/Train_Fight_350.avi,.avi,5.0,30.0,320,240,mjpeg,150,1.29,2171.4,
RWF_2000,train,Violence,Train_Fight_352.avi,RWF_2000/train/Train_Fight/Train_Fight_352.avi,.avi,5.0,30.0,426,240,mjpeg,150,2.76,4633.4,
RWF_2000,train,Violence,Train_Fight_359.avi,RWF_2000/train/Train_Fight/Train_Fight_359.avi,.avi,5.0,30.0,1280,720,mjpeg,150,9.68,16240.2,
RWF_2000,train,Violence,Train_Fight_360.avi,RWF_2000/train/Train_Fight/Train_Fight_360.avi,.avi,5.0,30.0,568,320,mjpeg,150,4.03,6764.7,
RWF_2000,train,Violence,Train_Fight_361.avi,RWF_2000/train/Train_Fight/Train_Fight_361.avi,.avi,5.0,30.0,320,240,mjpeg,150,2.02,3391.4,
RWF_2000,train,Violence,Train_Fight_369.avi,RWF_2000/train/Train_Fight/Train_Fight_369.avi,.avi,5.0,30.0,1280,720,mjpeg,150,15.92,26701.8,
RWF_2000,train,Violence,Train_Fight_371.avi,RWF_2000/train/Train_Fight/Train_Fight_371.avi,.avi,5.0,30.0,320,240,mjpeg,150,1.39,2337.2,
RWF_2000,train,Violence,Train_Fight_374.avi,RWF_2000/train/Train_Fight/Train_Fight_374.avi,.avi,5.0,30.0,1280,720,mjpeg,150,10.74,18017.0,
RWF_2000,train,Violence,Train_Fight_378.avi,RWF_2000/train/Train_Fight/Train_Fight_378.avi,.avi,5.0,30.0,1280,720,mjpeg,150,10.24,17183.5,
RWF_2000,train,Violence,Train_Fight_380.avi,RWF_2000/train/Train_Fight/Train_Fight_380.avi,.avi,5.0,30.0,1280,720,mjpeg,150,23.86,40028.2,
RWF_2000,train,Violence,Train_Fight_381.avi,RWF_2000/train/Train_Fight/Train_Fight_381.avi,.avi,5.0,30.0,1280,720,mjpeg,150,13.59,22806.3,
RWF_2000,train,Violence,Train_Fight_383.avi,RWF_2000/train/Train_Fight/Train_Fight_383.avi,.avi,5.0,30.0,320,240,mjpeg,150,1.38,2316.6,
RWF_2000,train,Violence,Train_Fight_385.avi,RWF_2000/train/Train_Fight/Train_Fight_385.avi,.avi,5.0,30.0,1280,720,mjpeg,150,7.46,12523.4,
RWF_2000,train,Violence,Train_Fight_386.avi,RWF_2000/train/Train_Fight/Train_Fight_386.avi,.avi,5.0,30.0,320,240,mjpeg,150,1.47,2458.6,
RWF_2000,train,Violence,Train_Fight_388.avi,RWF_2000/train/Train_Fight/Train_Fight_388.avi,.avi,5.0,30.0,1280,720,mjpeg,150,17.43,29237.8,
RWF_2000,train,Violence,Train_Fight_392.avi,RWF_2000/train/Train_Fight/Train_Fight_392.avi,.avi,5.0,30.0,480,360,mjpeg,150,3.69,6195.7,
RWF_2000,train,Violence,Train_Fight_394.avi,RWF_2000/train/Train_Fight/Train_Fight_394.avi,.avi,5.0,30.0,406,720,mjpeg,150,3.89,6523.0,
RWF_2000,train,Violence,Train_Fight_395.avi,RWF_2000/train/Train_Fight/Train_Fight_395.avi,.avi,5.0,30.0,1280,720,mjpeg,150,9.49,15921.2,
RWF_2000,train,Violence,Train_Fight_399.avi,RWF_2000/train/Train_Fight/Train_Fight_399.avi,.avi,5.0,30.0,640,360,mjpeg,150,6.4,10740.7,
RWF_2000,train,Violence,Train_Fight_400.avi,RWF_2000/train/Train_Fight/Train_Fight_400.avi,.avi,5.0,30.0,400,216,mjpeg,150,2.21,3699.5,
RWF_2000,train,Violence,Train_Fight_401.avi,RWF_2000/train/Train_Fight/Train_Fight_401.avi,.avi,5.0,30.0,626,360,mjpeg,150,5.69,9549.7,
RWF_2000,train,Violence,Train_Fight_402.avi,RWF_2000/train/Train_Fight/Train_Fight_402.avi,.avi,5.0,30.0,320,240,mjpeg,150,2.21,3713.6,
RWF_2000,train,Violence,Train_Fight_404.avi,RWF_2000/train/Train_Fight/Train_Fight_404.avi,.avi,5.0,30.0,320,240,mjpeg,150,2.64,4430.7,
RWF_2000,train,Violence,Train_Fight_405.avi,RWF_2000/train/Train_Fight/Train_Fight_405.avi,.avi,5.0,30.0,1280,720,mjpeg,150,13.08,21951.0,
RWF_2000,train,Violence,Train_Fight_407.avi,RWF_2000/train/Train_Fight/Train_Fight_407.avi,.avi,5.0,30.0,1280,720,mjpeg,150,9.5,15939.3,
RWF_2000,train,Violence,Train_Fight_410.avi,RWF_2000/train/Train_Fight/Train_Fight_410.avi,.avi,5.0,30.0,320,240,mjpeg,150,2.06,3455.5,
RWF_2000,train,Violence,Train_Fight_412.avi,RWF_2000/train/Train_Fight/Train_Fight_412.avi,.avi,5.0,30.0,1280,720,mjpeg,150,6.29,10560.0,
RWF_2000,train,Violence,Train_Fight_413.avi,RWF_2000/train/Train_Fight/Train_Fight_413.avi,.avi,5.0,30.0,384,288,mjpeg,150,2.0,3360.2,
RWF_2000,train,Violence,Train_Fight_414.avi,RWF_2000/train/Train_Fight/Train_Fight_414.avi,.avi,5.0,30.0,1280,720,mjpeg,150,13.76,23088.9,
RWF_2000,train,Violence,Train_Fight_415.avi,RWF_2000/train/Train_Fight/Train_Fight_415.avi,.avi,5.0,30.0,1280,720,mjpeg,150,13.57,22775.1,
RWF_2000,train,Violence,Train_Fight_416.avi,RWF_2000/train/Train_Fight/Train_Fight_416.avi,.avi,5.0,30.0,640,360,mjpeg,150,4.65,7796.8,
RWF_2000,train,Violence,Train_Fight_417.avi,RWF_2000/train/Train_Fight/Train_Fight_417.avi,.avi,5.0,30.0,464,348,mjpeg,150,2.52,4228.8,
RWF_2000,train,Violence,Train_Fight_419.avi,RWF_2000/train/Train_Fight/Train_Fight_419.avi,.avi,5.0,30.0,1280,720,mjpeg,150,11.23,18838.5,
RWF_2000,train,Violence,Train_Fight_420.avi,RWF_2000/train/Train_Fight/Train_Fight_420.avi,.avi,5.0,30.0,1280,720,mjpeg,150,13.82,23191.7,
RWF_2000,train,Violence,Train_Fight_421.avi,RWF_2000/train/Train_Fight/Train_Fight_421.avi,.avi,5.0,30.0,204,360,mjpeg,150,1.59,2668.3,
RWF_2000,train,Violence,Train_Fight_422.avi,RWF_2000/train/Train_Fight/Train_Fight_422.avi,.avi,5.0,30.0,478,360,mjpeg,150,2.94,4927.7,
RWF_2000,train,Violence,Train_Fight_423.avi,RWF_2000/train/Train_Fight/Train_Fight_423.avi,.avi,5.0,30.0,400,188,mjpeg,150,1.45,2440.9,
RWF_2000,train,Violence,Train_Fight_424.avi,RWF_2000/train/Train_Fight/Train_Fight_424.avi,.avi,5.0,30.0,1280,720,mjpeg,150,15.69,26330.0,
RWF_2000,train,Violence,Train_Fight_425.avi,RWF_2000/train/Train_Fight/Train_Fight_425.avi,.avi,5.0,30.0,1280,720,mjpeg,150,6.08,10199.4,
RWF_2000,train,Violence,Train_Fight_432.avi,RWF_2000/train/Train_Fight/Train_Fight_432.avi,.avi,5.0,30.0,1920,1080,mjpeg,150,18.53,31093.7,
RWF_2000,train,Violence,Train_Fight_433.avi,RWF_2000/train/Train_Fight/Train_Fight_433.avi,.avi,5.0,30.0,204,360,mjpeg,150,1.68,2822.7,
RWF_2000,train,Violence,Train_Fight_435.avi,RWF_2000/train/Train_Fight/Train_Fight_435.avi,.avi,5.0,30.0,640,360,mjpeg,150,5.95,9987.0,
RWF_2000,train,Violence,Train_Fight_436.avi,RWF_2000/train/Train_Fight/Train_Fight_436.avi,.avi,5.0,30.0,1280,720,mjpeg,150,18.38,30831.0,
RWF_2000,train,Violence,Train_Fight_437.avi,RWF_2000/train/Train_Fight/Train_Fight_437.avi,.avi,5.0,30.0,636,480,mjpeg,150,4.75,7969.7,
RWF_2000,train,Violence,Train_Fight_440.avi,RWF_2000/train/Train_Fight/Train_Fight_440.avi,.avi,5.0,30.0,720,720,mjpeg,150,5.63,9440.3,
RWF_2000,train,Violence,Train_Fight_442.avi,RWF_2000/train/Train_Fight/Train_Fight_442.avi,.avi,5.0,30.0,1280,720,mjpeg,150,6.84,11478.0,
RWF_2000,train,Violence,Train_Fight_443.avi,RWF_2000/train/Train_Fight/Train_Fight_443.avi,.avi,5.0,30.0,480,360,mjpeg,150,3.04,5092.6,
RWF_2000,train,Violence,Train_Fight_444.avi,RWF_2000/train/Train_Fight/Train_Fight_444.avi,.avi,5.0,30.0,352,288,mjpeg,150,2.29,3847.0,
RWF_2000,train,Violence,Train_Fight_445.avi,RWF_2000/train/Train_Fight/Train_Fight_445.avi,.avi,5.0,30.0,1280,720,mjpeg,150,9.07,15209.4,
RWF_2000,train,Violence,Train_Fight_446.avi,RWF_2000/train/Train_Fight/Train_Fight_446.avi,.avi,5.0,30.0,1280,720,mjpeg,150,6.57,11016.6,
RWF_2000,train,Violence,Train_Fight_449.avi,RWF_2000/train/Train_Fight/Train_Fight_449.avi,.avi,5.0,30.0,640,360,mjpeg,150,6.15,10322.4,
RWF_2000,train,Violence,Train_Fight_453.avi,RWF_2000/train/Train_Fight/Train_Fight_453.avi,.avi,5.0,30.0,1280,720,mjpeg,150,11.4,19117.8,
RWF_2000,train,Violence,Train_Fight_454.avi,RWF_2000/train/Train_Fight/Train_Fight_454.avi,.avi,5.0,30.0,320,240,mjpeg,150,1.79,2999.1,
RWF_2000,train,Violence,Train_Fight_455.avi,RWF_2000/train/Train_Fight/Train_Fight_455.avi,.avi,5.0,30.0,720,720,mjpeg,150,5.14,8630.7,
RWF_2000,train,Violence,Train_Fight_456.avi,RWF_2000/train/Train_Fight/Train_Fight_456.avi,.avi,5.0,30.0,1280,720,mjpeg,150,8.21,13767.4,
RWF_2000,train,Violence,Train_Fight_457.avi,RWF_2000/train/Train_Fight/Train_Fight_457.avi,.avi,5.0,30.0,640,360,mjpeg,150,3.54,5944.9,
RWF_2000,train,Violence,Train_Fight_458.avi,RWF_2000/train/Train_Fight/Train_Fight_458.avi,.avi,5.0,30.0,640,360,mjpeg,150,2.31,3876.8,
RWF_2000,train,Violence,Train_Fight_459.avi,RWF_2000/train/Train_Fight/Train_Fight_459.avi,.avi,5.0,30.0,1280,720,mjpeg,150,13.11,21987.3,
RWF_2000,train,Violence,Train_Fight_461.avi,RWF_2000/train/Train_Fight/Train_Fight_461.avi,.avi,5.0,30.0,640,360,mjpeg,150,6.23,10455.6,
RWF_2000,train,Violence,Train_Fight_462.avi,RWF_2000/train/Train_Fight/Train_Fight_462.avi,.avi,5.0,30.0,720,480,mjpeg,150,2.73,4576.9,
RWF_2000,train,Violence,Train_Fight_463.avi,RWF_2000/train/Train_Fight/Train_Fight_463.avi,.avi,5.0,30.0,960,720,mjpeg,150,5.41,9084.1,
RWF_2000,train,Violence,Train_Fight_464.avi,RWF_2000/train/Train_Fight/Train_Fight_464.avi,.avi,5.0,30.0,1280,720,mjpeg,150,6.01,10090.1,
RWF_2000,train,Violence,Train_Fight_465.avi,RWF_2000/train/Train_Fight/Train_Fight_465.avi,.avi,5.0,30.0,368,276,mjpeg,150,6.36,10677.3,
RWF_2000,train,Violence,Train_Fight_466.avi,RWF_2000/train/Train_Fight/Train_Fight_466.avi,.avi,5.0,30.0,426,240,mjpeg,150,2.69,4514.8,
RWF_2000,train,Violence,Train_Fight_467.avi,RWF_2000/train/Train_Fight/Train_Fight_467.avi,.avi,5.0,30.0,640,360,mjpeg,150,2.22,3718.1,
RWF_2000,train,Violence,Train_Fight_468.avi,RWF_2000/train/Train_Fight/Train_Fight_468.avi,.avi,5.0,30.0,480,360,mjpeg,150,3.75,6291.4,
RWF_2000,train,Violence,Train_Fight_469.avi,RWF_2000/train/Train_Fight/Train_Fight_469.avi,.avi,5.0,30.0,320,240,mjpeg,150,1.15,1936.9,
RWF_2000,train,Violence,Train_Fight_470.avi,RWF_2000/train/Train_Fight/Train_Fight_470.avi,.avi,5.0,30.0,640,360,mjpeg,150,4.46,7489.6,
RWF_2000,train,Violence,Train_Fight_471.avi,RWF_2000/train/Train_Fight/Train_Fight_471.avi,.avi,5.0,30.0,1280,720,mjpeg,150,11.5,19301.0,
RWF_2000,train,Violence,Train_Fight_472.avi,RWF_2000/train/Train_Fight/Train_Fight_472.avi,.avi,5.0,30.0,640,360,mjpeg,150,1.97,3308.8,
RWF_2000,train,Violence,Train_Fight_474.avi,RWF_2000/train/Train_Fight/Train_Fight_474.avi,.avi,5.0,30.0,568,320,mjpeg,150,3.95,6635.0,
RWF_2000,train,Violence,Train_Fight_476.avi,RWF_2000/train/Train_Fight/Train_Fight_476.avi,.avi,5.0,30.0,1280,720,mjpeg,150,6.57,11025.2,
RWF_2000,train,Violence,Train_Fight_478.avi,RWF_2000/train/Train_Fight/Train_Fight_478.avi,.avi,5.0,30.0,1280,720,mjpeg,150,10.3,17277.8,
RWF_2000,train,Violence,Train_Fight_479.avi,RWF_2000/train/Train_Fight/Train_Fight_479.avi,.avi,5.0,30.0,320,240,mjpeg,150,1.21,2036.3,
RWF_2000,train,Violence,Train_Fight_480.avi,RWF_2000/train/Train_Fight/Train_Fight_480.avi,.avi,5.0,30.0,1280,720,mjpeg,150,26.0,43628.8,
RWF_2000,train,Violence,Train_Fight_481.avi,RWF_2000/train/Train_Fight/Train_Fight_481.avi,.avi,5.0,30.0,464,348,mjpeg,150,2.26,3798.8,
RWF_2000,train,Violence,Train_Fight_482.avi,RWF_2000/train/Train_Fight/Train_Fight_482.avi,.avi,5.0,30.0,1280,720,mjpeg,150,9.25,15522.7,
RWF_2000,train,Violence,Train_Fight_483.avi,RWF_2000/train/Train_Fight/Train_Fight_483.avi,.avi,5.0,30.0,320,240,mjpeg,150,1.07,1801.0,
RWF_2000,train,Violence,Train_Fight_484.avi,RWF_2000/train/Train_Fight/Train_Fight_484.avi,.avi,5.0,30.0,640,360,mjpeg,150,4.38,7344.4,
RWF_2000,train,Violence,Train_Fight_485.avi,RWF_2000/train/Train_Fight/Train_Fight_485.avi,.avi,5.0,30.0,720,720,mjpeg,150,5.28,8852.5,
RWF_2000,train,Violence,Train_Fight_486.avi,RWF_2000/train/Train_Fight/Train_Fight_486.avi,.avi,5.0,30.0,1280,720,mjpeg,150,9.96,16716.6,
RWF_2000,train,Violence,Train_Fight_488.avi,RWF_2000/train/Train_Fight/Train_Fight_488.avi,.avi,5.0,30.0,320,240,mjpeg,150,2.9,4860.4,
RWF_2000,train,Violence,Train_Fight_492.avi,RWF_2000/train/Train_Fight/Train_Fight_492.avi,.avi,5.0,30.0,450,360,mjpeg,150,3.24,5443.8,
RWF_2000,train,Violence,Train_Fight_496.avi,RWF_2000/train/Train_Fight/Train_Fight_496.avi,.avi,5.0,30.0,640,352,mjpeg,150,5.55,9316.0,
RWF_2000,train,Violence,Train_Fight_498.avi,RWF_2000/train/Train_Fight/Train_Fight_498.avi,.avi,5.0,30.0,1280,720,mjpeg,150,10.18,17081.9,
RWF_2000,train,Violence,Train_Fight_500.avi,RWF_2000/train/Train_Fight/Train_Fight_500.avi,.avi,5.0,30.0,400,222,mjpeg,150,1.6,2679.2,
RWF_2000,train,Violence,Train_Fight_501.avi,RWF_2000/train/Train_Fight/Train_Fight_501.avi,.avi,5.0,30.0,526,360,mjpeg,150,2.47,4149.7,
RWF_2000,train,Violence,Train_Fight_503.avi,RWF_2000/train/Train_Fight/Train_Fight_503.avi,.avi,5.0,30.0,1280,720,mjpeg,150,6.92,11608.7,
RWF_2000,train,Violence,Train_Fight_504.avi,RWF_2000/train/Train_Fight/Train_Fight_504.avi,.avi,5.0,30.0,932,720,mjpeg,150,15.04,25230.0,
RWF_2000,train,Violence,Train_Fight_505.avi,RWF_2000/train/Train_Fight/Train_Fight_505.avi,.avi,5.0,30.0,1280,720,mjpeg,150,12.82,21504.1,
RWF_2000,train,Violence,Train_Fight_506.avi,RWF_2000/train/Train_Fight/Train_Fight_506.avi,.avi,5.0,30.0,320,240,mjpeg,150,2.09,3504.6,
RWF_2000,train,Violence,Train_Fight_509.avi,RWF_2000/train/Train_Fight/Train_Fight_509.avi,.avi,5.0,30.0,320,240,mjpeg,150,1.9,3183.3,
RWF_2000,train,Violence,Train_Fight_510.avi,RWF_2000/train/Train_Fight/Train_Fight_510.avi,.avi,5.0,30.0,320,240,mjpeg,150,1.0,1674.9,
RWF_2000,train,Violence,Train_Fight_511.avi,RWF_2000/train/Train_Fight/Train_Fight_511.avi,.avi,5.0,30.0,1280,720,mjpeg,150,9.99,16756.6,
RWF_2000,train,Violence,Train_Fight_513.avi,RWF_2000/train/Train_Fight/Train_Fight_513.avi,.avi,5.0,30.0,1280,720,mjpeg,150,15.16,25427.8,
RWF_2000,train,Violence,Train_Fight_514.avi,RWF_2000/train/Train_Fight/Train_Fight_514.avi,.avi,5.0,30.0,320,240,mjpeg,150,1.69,2841.5,
RWF_2000,train,Violence,Train_Fight_515.avi,RWF_2000/train/Train_Fight/Train_Fight_515.avi,.avi,5.0,30.0,1280,720,mjpeg,150,16.47,27635.6,
RWF_2000,train,Violence,Train_Fight_516.avi,RWF_2000/train/Train_Fight/Train_Fight_516.avi,.avi,5.0,30.0,464,332,mjpeg,150,4.04,6771.1,
RWF_2000,train,Violence,Train_Fight_519.avi,RWF_2000/train/Train_Fight/Train_Fight_519.avi,.avi,5.0,30.0,320,240,mjpeg,150,1.39,2328.2,
RWF_2000,train,Violence,Train_Fight_521.avi,RWF_2000/train/Train_Fight/Train_Fight_521.avi,.avi,5.0,30.0,1280,720,mjpeg,150,10.05,16861.2,
RWF_2000,train,Violence,Train_Fight_522.avi,RWF_2000/train/Train_Fight/Train_Fight_522.avi,.avi,5.0,30.0,640,360,mjpeg,150,2.63,4412.0,
RWF_2000,train,Violence,Train_Fight_524.avi,RWF_2000/train/Train_Fight/Train_Fight_524.avi,.avi,5.0,30.0,1280,720,mjpeg,150,13.43,22525.1,
RWF_2000,train,Violence,Train_Fight_525.avi,RWF_2000/train/Train_Fight/Train_Fight_525.avi,.avi,5.0,30.0,1280,720,mjpeg,150,11.58,19425.6,
RWF_2000,train,Violence,Train_Fight_526.avi,RWF_2000/train/Train_Fight/Train_Fight_526.avi,.avi,5.0,30.0,320,240,mjpeg,150,1.31,2204.9,
RWF_2000,train,Violence,Train_Fight_528.avi,RWF_2000/train/Train_Fight/Train_Fight_528.avi,.avi,5.0,30.0,1280,720,mjpeg,150,13.05,21895.0,
RWF_2000,train,Violence,Train_Fight_529.avi,RWF_2000/train/Train_Fight/Train_Fight_529.avi,.avi,5.0,30.0,320,240,mjpeg,150,2.75,4606.2,
RWF_2000,train,Violence,Train_Fight_530.avi,RWF_2000/train/Train_Fight/Train_Fight_530.avi,.avi,5.0,30.0,480,360,mjpeg,150,3.2,5371.5,
RWF_2000,train,Violence,Train_Fight_531.avi,RWF_2000/train/Train_Fight/Train_Fight_531.avi,.avi,5.0,30.0,640,360,mjpeg,150,2.09,3503.4,
RWF_2000,train,Violence,Train_Fight_532.avi,RWF_2000/train/Train_Fight/Train_Fight_532.avi,.avi,5.0,30.0,516,360,mjpeg,150,2.14,3598.2,
RWF_2000,train,Violence,Train_Fight_533.avi,RWF_2000/train/Train_Fight/Train_Fight_533.avi,.avi,5.0,30.0,320,240,mjpeg,150,2.35,3938.7,
RWF_2000,train,Violence,Train_Fight_535.avi,RWF_2000/train/Train_Fight/Train_Fight_535.avi,.avi,5.0,30.0,1280,720,mjpeg,150,7.06,11852.7,
RWF_2000,train,Violence,Train_Fight_536.avi,RWF_2000/train/Train_Fight/Train_Fight_536.avi,.avi,5.0,30.0,640,344,mjpeg,150,2.27,3809.6,
RWF_2000,train,Violence,Train_Fight_537.avi,RWF_2000/train/Train_Fight/Train_Fight_537.avi,.avi,5.0,30.0,352,288,mjpeg,150,2.32,3888.1,
RWF_2000,train,Violence,Train_Fight_538.avi,RWF_2000/train/Train_Fight/Train_Fight_538.avi,.avi,5.0,30.0,1280,720,mjpeg,150,16.3,27346.9,
RWF_2000,train,Violence,Train_Fight_539.avi,RWF_2000/train/Train_Fight/Train_Fight_539.avi,.avi,5.0,30.0,320,240,mjpeg,150,2.18,3653.9,
RWF_2000,train,Violence,Train_Fight_541.avi,RWF_2000/train/Train_Fight/Train_Fight_541.avi,.avi,5.0,30.0,1280,720,mjpeg,150,16.17,27128.9,
RWF_2000,train,Violence,Train_Fight_542.avi,RWF_2000/train/Train_Fight/Train_Fight_542.avi,.avi,5.0,30.0,640,360,mjpeg,150,1.89,3170.6,
RWF_2000,train,Violence,Train_Fight_543.avi,RWF_2000/train/Train_Fight/Train_Fight_543.avi,.avi,5.0,30.0,398,224,mjpeg,150,2.14,3596.5,
RWF_2000,train,Violence,Train_Fight_545.avi,RWF_2000/train/Train_Fight/Train_Fight_545.avi,.avi,5.0,30.0,1280,720,mjpeg,150,13.89,23306.2,
RWF_2000,train,Violence,Train_Fight_546.avi,RWF_2000/train/Train_Fight/Train_Fight_546.avi,.avi,5.0,30.0,1280,720,mjpeg,150,17.21,28881.2,
RWF_2000,train,Violence,Train_Fight_548.avi,RWF_2000/train/Train_Fight/Train_Fight_548.avi,.avi,5.0,30.0,480,360,mjpeg,150,7.29,12237.4,
RWF_2000,train,Violence,Train_Fight_550.avi,RWF_2000/train/Train_Fight/Train_Fight_550.avi,.avi,5.0,30.0,320,240,mjpeg,150,2.05,3444.0,
RWF_2000,train,Violence,Train_Fight_552.avi,RWF_2000/train/Train_Fight/Train_Fight_552.avi,.avi,5.0,30.0,1280,720,mjpeg,150,7.95,13336.6,
RWF_2000,train,Violence,Train_Fight_553.avi,RWF_2000/train/Train_Fight/Train_Fight_553.avi,.avi,5.0,30.0,1280,720,mjpeg,150,8.75,14680.2,
RWF_2000,train,Violence,Train_Fight_554.avi,RWF_2000/train/Train_Fight/Train_Fight_554.avi,.avi,5.0,30.0,640,360,mjpeg,150,3.21,5383.3,
RWF_2000,train,Violence,Train_Fight_556.avi,RWF_2000/train/Train_Fight/Train_Fight_556.avi,.avi,5.0,30.0,1280,720,mjpeg,150,9.59,16085.4,
RWF_2000,train,Violence,Train_Fight_557.avi,RWF_2000/train/Train_Fight/Train_Fight_557.avi,.avi,5.0,30.0,1280,720,mjpeg,150,9.38,15733.7,
RWF_2000,train,Violence,Train_Fight_558.avi,RWF_2000/train/Train_Fight/Train_Fight_558.avi,.avi,5.0,30.0,320,240,mjpeg,150,1.0,1674.3,
RWF_2000,train,Violence,Train_Fight_559.avi,RWF_2000/train/Train_Fight/Train_Fight_559.avi,.avi,5.0,30.0,640,360,mjpeg,150,6.97,11696.6,
RWF_2000,train,Violence,Train_Fight_560.avi,RWF_2000/train/Train_Fight/Train_Fight_560.avi,.avi,5.0,30.0,368,276,mjpeg,150,6.22,10436.4,
RWF_2000,train,Violence,Train_Fight_562.avi,RWF_2000/train/Train_Fight/Train_Fight_562.avi,.avi,5.0,30.0,624,352,mjpeg,150,3.1,5203.8,
RWF_2000,train,Violence,Train_Fight_563.avi,RWF_2000/train/Train_Fight/Train_Fight_563.avi,.avi,5.0,30.0,1280,720,mjpeg,150,11.88,19930.8,
RWF_2000,train,Violence,Train_Fight_565.avi,RWF_2000/train/Train_Fight/Train_Fight_565.avi,.avi,5.0,30.0,480,360,mjpeg,150,3.29,5512.8,
RWF_2000,train,Violence,Train_Fight_568.avi,RWF_2000/train/Train_Fight/Train_Fight_568.avi,.avi,5.0,30.0,352,288,mjpeg,150,2.41,4050.9,
RWF_2000,train,Violence,Train_Fight_569.avi,RWF_2000/train/Train_Fight/Train_Fight_569.avi,.avi,5.0,30.0,932,720,mjpeg,150,14.57,24437.2,
RWF_2000,train,Violence,Train_Fight_57.avi,RWF_2000/train/Train_Fight/Train_Fight_57.avi,.avi,5.0,30.0,1920,1080,mjpeg,150,23.7,39762.6,
RWF_2000,train,Violence,Train_Fight_571.avi,RWF_2000/train/Train_Fight/Train_Fight_571.avi,.avi,5.0,30.0,320,240,mjpeg,150,1.37,2290.7,
RWF_2000,train,Violence,Train_Fight_572.avi,RWF_2000/train/Train_Fight/Train_Fight_572.avi,.avi,5.0,30.0,1280,720,mjpeg,150,8.87,14875.0,
RWF_2000,train,Violence,Train_Fight_573.avi,RWF_2000/train/Train_Fight/Train_Fight_573.avi,.avi,5.0,30.0,568,320,mjpeg,150,4.1,6884.7,
RWF_2000,train,Violence,Train_Fight_574.avi,RWF_2000/train/Train_Fight/Train_Fight_574.avi,.avi,5.0,30.0,1280,720,mjpeg,150,16.25,27256.9,
RWF_2000,train,Violence,Train_Fight_575.avi,RWF_2000/train/Train_Fight/Train_Fight_575.avi,.avi,5.0,30.0,1280,720,mjpeg,150,5.92,9931.7,
RWF_2000,train,Violence,Train_Fight_576.avi,RWF_2000/train/Train_Fight/Train_Fight_576.avi,.avi,5.0,30.0,640,352,mjpeg,150,5.28,8858.1,
RWF_2000,train,Violence,Train_Fight_577.avi,RWF_2000/train/Train_Fight/Train_Fight_577.avi,.avi,5.0,30.0,480,360,mjpeg,150,3.06,5133.6,
RWF_2000,train,Violence,Train_Fight_579.avi,RWF_2000/train/Train_Fight/Train_Fight_579.avi,.avi,5.0,30.0,320,240,mjpeg,150,1.18,1972.4,
RWF_2000,train,Violence,Train_Fight_580.avi,RWF_2000/train/Train_Fight/Train_Fight_580.avi,.avi,5.0,30.0,636,360,mjpeg,150,1.21,2035.9,
RWF_2000,train,Violence,Train_Fight_582.avi,RWF_2000/train/Train_Fight/Train_Fight_582.avi,.avi,5.0,30.0,1280,720,mjpeg,150,9.94,16677.0,
RWF_2000,train,Violence,Train_Fight_583.avi,RWF_2000/train/Train_Fight/Train_Fight_583.avi,.avi,5.0,30.0,1280,720,mjpeg,150,17.04,28584.5,
RWF_2000,train,Violence,Train_Fight_584.avi,RWF_2000/train/Train_Fight/Train_Fight_584.avi,.avi,5.0,30.0,854,480,mjpeg,150,6.69,11221.8,
RWF_2000,train,Violence,Train_Fight_586.avi,RWF_2000/train/Train_Fight/Train_Fight_586.avi,.avi,5.0,30.0,526,360,mjpeg,150,2.78,4657.8,
RWF_2000,train,Violence,Train_Fight_587.avi,RWF_2000/train/Train_Fight/Train_Fight_587.avi,.avi,5.0,30.0,1280,720,mjpeg,150,14.73,24716.5,
RWF_2000,train,Violence,Train_Fight_589.avi,RWF_2000/train/Train_Fight/Train_Fight_589.avi,.avi,5.0,30.0,446,360,mjpeg,150,1.47,2462.3,
RWF_2000,train,Violence,Train_Fight_590.avi,RWF_2000/train/Train_Fight/Train_Fight_590.avi,.avi,5.0,30.0,1280,720,mjpeg,150,24.94,41835.4,
RWF_2000,train,Violence,Train_Fight_592.avi,RWF_2000/train/Train_Fight/Train_Fight_592.avi,.avi,5.0,30.0,1280,720,mjpeg,150,8.97,15047.8,
RWF_2000,train,Violence,Train_Fight_597.avi,RWF_2000/train/Train_Fight/Train_Fight_597.avi,.avi,5.0,30.0,320,240,mjpeg,150,3.51,5893.0,
RWF_2000,train,Violence,Train_Fight_599.avi,RWF_2000/train/Train_Fight/Train_Fight_599.avi,.avi,5.0,30.0,1280,720,mjpeg,150,13.63,22872.5,
RWF_2000,train,Violence,Train_Fight_601.avi,RWF_2000/train/Train_Fight/Train_Fight_601.avi,.avi,5.0,30.0,568,320,mjpeg,150,4.02,6740.0,
RWF_2000,train,Violence,Train_Fight_603.avi,RWF_2000/train/Train_Fight/Train_Fight_603.avi,.avi,5.0,30.0,640,360,mjpeg,150,2.68,4495.6,
RWF_2000,train,Violence,Train_Fight_604.avi,RWF_2000/train/Train_Fight/Train_Fight_604.avi,.avi,5.0,30.0,1280,720,mjpeg,150,9.96,16714.7,
RWF_2000,train,Violence,Train_Fight_605.avi,RWF_2000/train/Train_Fight/Train_Fight_605.avi,.avi,5.0,30.0,1280,720,mjpeg,150,9.37,15719.0,
RWF_2000,train,Violence,Train_Fight_606.avi,RWF_2000/train/Train_Fight/Train_Fight_606.avi,.avi,5.0,30.0,1280,720,mjpeg,150,4.46,7480.0,
RWF_2000,train,Violence,Train_Fight_607.avi,RWF_2000/train/Train_Fight/Train_Fight_607.avi,.avi,5.0,30.0,480,360,mjpeg,150,3.31,5550.8,
RWF_2000,train,Violence,Train_Fight_608.avi,RWF_2000/train/Train_Fight/Train_Fight_608.avi,.avi,5.0,30.0,1280,720,mjpeg,150,13.54,22714.3,
RWF_2000,train,Violence,Train_Fight_609.avi,RWF_2000/train/Train_Fight/Train_Fight_609.avi,.avi,5.0,30.0,1280,720,mjpeg,150,8.72,14632.5,
RWF_2000,train,Violence,Train_Fight_610.avi,RWF_2000/train/Train_Fight/Train_Fight_610.avi,.avi,5.0,30.0,1280,720,mjpeg,150,15.55,26087.0,
RWF_2000,train,Violence,Train_Fight_611.avi,RWF_2000/train/Train_Fight/Train_Fight_611.avi,.avi,5.0,30.0,320,240,mjpeg,150,1.07,1789.5,
RWF_2000,train,Violence,Train_Fight_612.avi,RWF_2000/train/Train_Fight/Train_Fight_612.avi,.avi,5.0,30.0,398,224,mjpeg,150,1.31,2205.3,
RWF_2000,train,Violence,Train_Fight_613.avi,RWF_2000/train/Train_Fight/Train_Fight_613.avi,.avi,5.0,30.0,960,720,mjpeg,150,6.05,10151.2,
RWF_2000,train,Violence,Train_Fight_614.avi,RWF_2000/train/Train_Fight/Train_Fight_614.avi,.avi,5.0,30.0,1280,720,mjpeg,150,6.63,11124.3,
RWF_2000,train,Violence,Train_Fight_615.avi,RWF_2000/train/Train_Fight/Train_Fight_615.avi,.avi,5.0,30.0,320,240,mjpeg,150,3.12,5227.9,
RWF_2000,train,Violence,Train_Fight_617.avi,RWF_2000/train/Train_Fight/Train_Fight_617.avi,.avi,5.0,30.0,772,480,mjpeg,150,7.3,12245.2,
RWF_2000,train,Violence,Train_Fight_618.avi,RWF_2000/train/Train_Fight/Train_Fight_618.avi,.avi,5.0,30.0,1280,720,mjpeg,150,14.65,24577.7,
RWF_2000,train,Violence,Train_Fight_619.avi,RWF_2000/train/Train_Fight/Train_Fight_619.avi,.avi,5.0,30.0,480,360,mjpeg,150,2.23,3738.8,
RWF_2000,train,Violence,Train_Fight_620.avi,RWF_2000/train/Train_Fight/Train_Fight_620.avi,.avi,5.0,30.0,632,360,mjpeg,150,4.55,7639.7,
RWF_2000,train,Violence,Train_Fight_624.avi,RWF_2000/train/Train_Fight/Train_Fight_624.avi,.avi,5.0,30.0,1280,720,mjpeg,150,10.53,17668.1,
RWF_2000,train,Violence,Train_Fight_625.avi,RWF_2000/train/Train_Fight/Train_Fight_625.avi,.avi,5.0,30.0,720,720,mjpeg,150,5.4,9058.9,
RWF_2000,train,Violence,Train_Fight_626.avi,RWF_2000/train/Train_Fight/Train_Fight_626.avi,.avi,5.0,30.0,640,360,mjpeg,150,2.6,4354.3,
RWF_2000,train,Violence,Train_Fight_628.avi,RWF_2000/train/Train_Fight/Train_Fight_628.avi,.avi,5.0,30.0,320,240,mjpeg,150,2.9,4857.7,
RWF_2000,train,Violence,Train_Fight_629.avi,RWF_2000/train/Train_Fight/Train_Fight_629.avi,.avi,5.0,30.0,398,224,mjpeg,150,2.19,3666.0,
RWF_2000,train,Violence,Train_Fight_630.avi,RWF_2000/train/Train_Fight/Train_Fight_630.avi,.avi,5.0,30.0,320,240,mjpeg,150,1.57,2635.4,
RWF_2000,train,Violence,Train_Fight_631.avi,RWF_2000/train/Train_Fight/Train_Fight_631.avi,.avi,5.0,30.0,1280,720,mjpeg,150,8.99,15076.0,
RWF_2000,train,Violence,Train_Fight_632.avi,RWF_2000/train/Train_Fight/Train_Fight_632.avi,.avi,5.0,30.0,640,360,mjpeg,150,2.19,3668.4,
RWF_2000,train,Violence,Train_Fight_633.avi,RWF_2000/train/Train_Fight/Train_Fight_633.avi,.avi,5.0,30.0,640,360,mjpeg,150,2.35,3944.9,
RWF_2000,train,Violence,Train_Fight_634.avi,RWF_2000/train/Train_Fight/Train_Fight_634.avi,.avi,5.0,30.0,640,356,mjpeg,150,8.74,14655.1,
RWF_2000,train,Violence,Train_Fight_636.avi,RWF_2000/train/Train_Fight/Train_Fight_636.avi,.avi,5.0,30.0,1280,720,mjpeg,150,10.07,16901.1,
RWF_2000,train,Violence,Train_Fight_637.avi,RWF_2000/train/Train_Fight/Train_Fight_637.avi,.avi,5.0,30.0,1280,720,mjpeg,150,18.09,30346.6,
RWF_2000,train,Violence,Train_Fight_638.avi,RWF_2000/train/Train_Fight/Train_Fight_638.avi,.avi,5.0,30.0,1280,720,mjpeg,150,13.59,22802.7,
RWF_2000,train,Violence,Train_Fight_639.avi,RWF_2000/train/Train_Fight/Train_Fight_639.avi,.avi,5.0,30.0,1280,720,mjpeg,150,10.48,17584.2,
RWF_2000,train,Violence,Train_Fight_640.avi,RWF_2000/train/Train_Fight/Train_Fight_640.avi,.avi,5.0,30.0,636,360,mjpeg,150,1.14,1918.6,
RWF_2000,train,Violence,Train_Fight_641.avi,RWF_2000/train/Train_Fight/Train_Fight_641.avi,.avi,5.0,30.0,1280,720,mjpeg,150,13.36,22420.3,
RWF_2000,train,Violence,Train_Fight_642.avi,RWF_2000/train/Train_Fight/Train_Fight_642.avi,.avi,5.0,30.0,640,352,mjpeg,150,6.86,11504.5,
RWF_2000,train,Violence,Train_Fight_643.avi,RWF_2000/train/Train_Fight/Train_Fight_643.avi,.avi,5.0,30.0,478,360,mjpeg,150,2.89,4852.4,
RWF_2000,train,Violence,Train_Fight_644.avi,RWF_2000/train/Train_Fight/Train_Fight_644.avi,.avi,5.0,30.0,1280,720,mjpeg,150,8.97,15049.0,
RWF_2000,train,Violence,Train_Fight_645.avi,RWF_2000/train/Train_Fight/Train_Fight_645.avi,.avi,5.0,30.0,400,222,mjpeg,150,1.36,2276.0,
RWF_2000,train,Violence,Train_Fight_647.avi,RWF_2000/train/Train_Fight/Train_Fight_647.avi,.avi,5.0,30.0,1280,720,mjpeg,150,6.94,11642.7,
RWF_2000,train,Violence,Train_Fight_648.avi,RWF_2000/train/Train_Fight/Train_Fight_648.avi,.avi,5.0,30.0,1280,720,mjpeg,150,8.09,13578.3,
RWF_2000,train,Violence,Train_Fight_649.avi,RWF_2000/train/Train_Fight/Train_Fight_649.avi,.avi,5.0,30.0,640,480,mjpeg,150,4.84,8122.3,
RWF_2000,train,Violence,Train_Fight_650.avi,RWF_2000/train/Train_Fight/Train_Fight_650.avi,.avi,5.0,30.0,480,272,mjpeg,150,2.4,4034.5,
RWF_2000,train,Violence,Train_Fight_651.avi,RWF_2000/train/Train_Fight/Train_Fight_651.avi,.avi,5.0,30.0,640,360,mjpeg,150,2.72,4569.6,
RWF_2000,train,Violence,Train_Fight_652.avi,RWF_2000/train/Train_Fight/Train_Fight_652.avi,.avi,5.0,30.0,640,360,mjpeg,150,5.27,8846.1,
RWF_2000,train,Violence,Train_Fight_654.avi,RWF_2000/train/Train_Fight/Train_Fight_654.avi,.avi,5.0,30.0,576,324,mjpeg,150,1.51,2532.9,
RWF_2000,train,Violence,Train_Fight_655.avi,RWF_2000/train/Train_Fight/Train_Fight_655.avi,.avi,5.0,30.0,320,240,mjpeg,150,1.13,1893.9,
RWF_2000,train,Violence,Train_Fight_656.avi,RWF_2000/train/Train_Fight/Train_Fight_656.avi,.avi,5.0,30.0,320,240,mjpeg,150,2.3,3854.0,
RWF_2000,train,Violence,Train_Fight_657.avi,RWF_2000/train/Train_Fight/Train_Fight_657.avi,.avi,5.0,30.0,1280,720,mjpeg,150,4.38,7346.5,
RWF_2000,train,Violence,Train_Fight_659.avi,RWF_2000/train/Train_Fight/Train_Fight_659.avi,.avi,5.0,30.0,640,360,mjpeg,150,3.47,5813.4,
RWF_2000,train,Violence,Train_Fight_661.avi,RWF_2000/train/Train_Fight/Train_Fight_661.avi,.avi,5.0,30.0,384,288,mjpeg,150,2.09,3508.1,
RWF_2000,train,Violence,Train_Fight_663.avi,RWF_2000/train/Train_Fight/Train_Fight_663.avi,.avi,5.0,30.0,1280,720,mjpeg,150,6.89,11551.1,
RWF_2000,train,Violence,Train_Fight_664.avi,RWF_2000/train/Train_Fight/Train_Fight_664.avi,.avi,5.0,30.0,512,288,mjpeg,150,2.71,4550.9,
RWF_2000,train,Violence,Train_Fight_666.avi,RWF_2000/train/Train_Fight/Train_Fight_666.avi,.avi,5.0,30.0,640,360,mjpeg,150,4.44,7448.6,
RWF_2000,train,Violence,Train_Fight_667.avi,RWF_2000/train/Train_Fight/Train_Fight_667.avi,.avi,5.0,30.0,1280,720,mjpeg,150,21.77,36527.1,
RWF_2000,train,Violence,Train_Fight_668.avi,RWF_2000/train/Train_Fight/Train_Fight_668.avi,.avi,5.0,30.0,600,360,mjpeg,150,4.25,7128.9,
RWF_2000,train,Violence,Train_Fight_669.avi,RWF_2000/train/Train_Fight/Train_Fight_669.avi,.avi,5.0,30.0,1280,720,mjpeg,150,16.31,27359.9,
RWF_2000,train,Violence,Train_Fight_670.avi,RWF_2000/train/Train_Fight/Train_Fight_670.avi,.avi,5.0,30.0,1280,720,mjpeg,150,5.99,10047.6,
RWF_2000,train,Violence,Train_Fight_671.avi,RWF_2000/train/Train_Fight/Train_Fight_671.avi,.avi,5.0,30.0,1280,720,mjpeg,150,5.71,9580.8,
RWF_2000,train,Violence,Train_Fight_673.avi,RWF_2000/train/Train_Fight/Train_Fight_673.avi,.avi,5.0,30.0,1280,720,mjpeg,150,9.36,15708.7,
RWF_2000,train,Violence,Train_Fight_674.avi,RWF_2000/train/Train_Fight/Train_Fight_674.avi,.avi,5.0,30.0,1280,720,mjpeg,150,11.66,19564.0,
RWF_2000,train,Violence,Train_Fight_675.avi,RWF_2000/train/Train_Fight/Train_Fight_675.avi,.avi,5.0,30.0,1280,720,mjpeg,150,6.8,11405.2,
RWF_2000,train,Violence,Train_Fight_676.avi,RWF_2000/train/Train_Fight/Train_Fight_676.avi,.avi,5.0,30.0,1280,720,mjpeg,150,6.22,10438.9,
RWF_2000,train,Violence,Train_Fight_677.avi,RWF_2000/train/Train_Fight/Train_Fight_677.avi,.avi,5.0,30.0,1920,1080,mjpeg,150,23.42,39295.2,
RWF_2000,train,Violence,Train_Fight_679.avi,RWF_2000/train/Train_Fight/Train_Fight_679.avi,.avi,5.0,30.0,1280,720,mjpeg,150,8.4,14092.6,
RWF_2000,train,Violence,Train_Fight_680.avi,RWF_2000/train/Train_Fight/Train_Fight_680.avi,.avi,5.0,30.0,320,240,mjpeg,150,1.53,2566.1,
RWF_2000,train,Violence,Train_Fight_681.avi,RWF_2000/train/Train_Fight/Train_Fight_681.avi,.avi,5.0,30.0,640,360,mjpeg,150,3.02,5064.1,
RWF_2000,train,Violence,Train_Fight_682.avi,RWF_2000/train/Train_Fight/Train_Fight_682.avi,.avi,5.0,30.0,526,360,mjpeg,150,2.79,4679.9,
RWF_2000,train,Violence,Train_Fight_683.avi,RWF_2000/train/Train_Fight/Train_Fight_683.avi,.avi,5.0,30.0,1280,720,mjpeg,150,15.62,26212.1,
RWF_2000,train,Violence,Train_Fight_684.avi,RWF_2000/train/Train_Fight/Train_Fight_684.avi,.avi,5.0,30.0,320,240,mjpeg,150,3.01,5056.1,
RWF_2000,train,Violence,Train_Fight_686.avi,RWF_2000/train/Train_Fight/Train_Fight_686.avi,.avi,5.0,30.0,1280,720,mjpeg,150,6.55,10988.7,
RWF_2000,train,Violence,Train_Fight_687.avi,RWF_2000/train/Train_Fight/Train_Fight_687.avi,.avi,5.0,30.0,320,240,mjpeg,150,1.29,2171.3,
RWF_2000,train,Violence,Train_Fight_688.avi,RWF_2000/train/Train_Fight/Train_Fight_688.avi,.avi,5.0,30.0,320,240,mjpeg,150,2.34,3924.2,
RWF_2000,train,Violence,Train_Fight_689.avi,RWF_2000/train/Train_Fight/Train_Fight_689.avi,.avi,5.0,30.0,480,360,mjpeg,150,4.78,8013.7,
RWF_2000,train,Violence,Train_Fight_690.avi,RWF_2000/train/Train_Fight/Train_Fight_690.avi,.avi,5.0,30.0,640,360,mjpeg,150,2.54,4263.3,
RWF_2000,train,Violence,Train_Fight_692.avi,RWF_2000/train/Train_Fight/Train_Fight_692.avi,.avi,5.0,30.0,1280,720,mjpeg,150,10.69,17929.2,
RWF_2000,train,Violence,Train_Fight_693.avi,RWF_2000/train/Train_Fight/Train_Fight_693.avi,.avi,5.0,30.0,1280,720,mjpeg,150,16.42,27555.1,
RWF_2000,train,Violence,Train_Fight_694.avi,RWF_2000/train/Train_Fight/Train_Fight_694.avi,.avi,5.0,30.0,320,240,mjpeg,150,2.08,3482.1,
RWF_2000,train,Violence,Train_Fight_696.avi,RWF_2000/train/Train_Fight/Train_Fight_696.avi,.avi,5.0,30.0,512,288,mjpeg,150,2.79,4684.9,
RWF_2000,train,Violence,Train_Fight_697.avi,RWF_2000/train/Train_Fight/Train_Fight_697.avi,.avi,5.0,30.0,320,240,mjpeg,150,2.25,3772.9,
RWF_2000,train,Violence,Train_Fight_698.avi,RWF_2000/train/Train_Fight/Train_Fight_698.avi,.avi,5.0,30.0,320,262,mjpeg,150,2.11,3533.8,
RWF_2000,train,Violence,Train_Fight_699.avi,RWF_2000/train/Train_Fight/Train_Fight_699.avi,.avi,5.0,30.0,320,240,mjpeg,150,1.66,2784.9,
RWF_2000,train,Violence,Train_Fight_700.avi,RWF_2000/train/Train_Fight/Train_Fight_700.avi,.avi,5.0,30.0,1280,720,mjpeg,150,11.28,18917.7,
RWF_2000,train,Violence,Train_Fight_701.avi,RWF_2000/train/Train_Fight/Train_Fight_701.avi,.avi,5.0,30.0,640,360,mjpeg,150,2.39,4005.4,
RWF_2000,train,Violence,Train_Fight_702.avi,RWF_2000/train/Train_Fight/Train_Fight_702.avi,.avi,5.0,30.0,480,272,mjpeg,150,2.49,4175.2,
RWF_2000,train,Violence,Train_Fight_703.avi,RWF_2000/train/Train_Fight/Train_Fight_703.avi,.avi,5.0,30.0,640,360,mjpeg,150,2.22,3727.3,
RWF_2000,train,Violence,Train_Fight_704.avi,RWF_2000/train/Train_Fight/Train_Fight_704.avi,.avi,5.0,30.0,1280,720,mjpeg,150,8.16,13689.0,
RWF_2000,train,Violence,Train_Fight_705.avi,RWF_2000/train/Train_Fight/Train_Fight_705.avi,.avi,5.0,30.0,1280,720,mjpeg,150,6.88,11543.7,
RWF_2000,train,Violence,Train_Fight_706.avi,RWF_2000/train/Train_Fight/Train_Fight_706.avi,.avi,5.0,30.0,1280,720,mjpeg,150,15.52,26042.9,
RWF_2000,train,Violence,Train_Fight_707.avi,RWF_2000/train/Train_Fight/Train_Fight_707.avi,.avi,5.0,30.0,320,240,mjpeg,150,1.05,1759.7,
RWF_2000,train,Violence,Train_Fight_708.avi,RWF_2000/train/Train_Fight/Train_Fight_708.avi,.avi,5.0,30.0,1280,720,mjpeg,150,10.21,17129.0,
RWF_2000,train,Violence,Train_Fight_709.avi,RWF_2000/train/Train_Fight/Train_Fight_709.avi,.avi,5.0,30.0,636,360,mjpeg,150,1.33,2238.0,
RWF_2000,train,Violence,Train_Fight_710.avi,RWF_2000/train/Train_Fight/Train_Fight_710.avi,.avi,5.0,30.0,480,360,mjpeg,150,2.99,5010.2,
RWF_2000,train,Violence,Train_Fight_711.avi,RWF_2000/train/Train_Fight/Train_Fight_711.avi,.avi,5.0,30.0,320,240,mjpeg,150,2.48,4158.5,
RWF_2000,train,Violence,Train_Fight_712.avi,RWF_2000/train/Train_Fight/Train_Fight_712.avi,.avi,5.0,30.0,320,240,mjpeg,150,1.1,1848.9,
RWF_2000,train,Violence,Train_Fight_713.avi,RWF_2000/train/Train_Fight/Train_Fight_713.avi,.avi,5.0,30.0,640,352,mjpeg,150,5.45,9148.8,
RWF_2000,train,Violence,Train_Fight_714.avi,RWF_2000/train/Train_Fight/Train_Fight_714.avi,.avi,5.0,30.0,720,720,mjpeg,150,5.74,9626.8,
RWF_2000,train,Violence,Train_Fight_715.avi,RWF_2000/train/Train_Fight/Train_Fight_715.avi,.avi,5.0,30.0,640,360,mjpeg,150,3.92,6571.2,
RWF_2000,train,Violence,Train_Fight_716.avi,RWF_2000/train/Train_Fight/Train_Fight_716.avi,.avi,5.0,30.0,1280,720,mjpeg,150,12.7,21300.8,
RWF_2000,train,Violence,Train_Fight_717.avi,RWF_2000/train/Train_Fight/Train_Fight_717.avi,.avi,5.0,30.0,480,360,mjpeg,150,3.31,5545.5,
RWF_2000,train,Violence,Train_Fight_718.avi,RWF_2000/train/Train_Fight/Train_Fight_718.avi,.avi,5.0,30.0,480,360,mjpeg,150,3.3,5540.2,
RWF_2000,train,Violence,Train_Fight_719.avi,RWF_2000/train/Train_Fight/Train_Fight_719.avi,.avi,5.0,30.0,480,272,mjpeg,150,1.85,3101.9,
RWF_2000,train,Violence,Train_Fight_720.avi,RWF_2000/train/Train_Fight/Train_Fight_720.avi,.avi,5.0,30.0,398,224,mjpeg,150,1.39,2324.9,
RWF_2000,train,Violence,Train_Fight_721.avi,RWF_2000/train/Train_Fight/Train_Fight_721.avi,.avi,5.0,30.0,624,352,mjpeg,150,3.11,5222.6,
RWF_2000,train,Violence,Train_Fight_722.avi,RWF_2000/train/Train_Fight/Train_Fight_722.avi,.avi,5.0,30.0,1280,720,mjpeg,150,11.16,18721.8,
RWF_2000,train,Violence,Train_Fight_723.avi,RWF_2000/train/Train_Fight/Train_Fight_723.avi,.avi,5.0,30.0,848,480,mjpeg,150,8.6,14434.8,
RWF_2000,train,Violence,Train_Fight_724.avi,RWF_2000/train/Train_Fight/Train_Fight_724.avi,.avi,5.0,30.0,320,240,mjpeg,150,2.55,4274.0,
RWF_2000,train,Violence,Train_Fight_725.avi,RWF_2000/train/Train_Fight/Train_Fight_725.avi,.avi,5.0,30.0,320,240,mjpeg,150,2.34,3922.0,
RWF_2000,train,Violence,Train_Fight_726.avi,RWF_2000/train/Train_Fight/Train_Fight_726.avi,.avi,5.0,30.0,960,720,mjpeg,150,3.87,6496.1,
RWF_2000,train,Violence,Train_Fight_727.avi,RWF_2000/train/Train_Fight/Train_Fight_727.avi,.avi,5.0,30.0,426,240,mjpeg,150,1.77,2969.1,
RWF_2000,train,Violence,Train_Fight_728.avi,RWF_2000/train/Train_Fight/Train_Fight_728.avi,.avi,5.0,30.0,320,240,mjpeg,150,1.71,2863.4,
RWF_2000,train,Violence,Train_Fight_729.avi,RWF_2000/train/Train_Fight/Train_Fight_729.avi,.avi,5.0,30.0,320,240,mjpeg,150,3.09,5182.8,
RWF_2000,train,Violence,Train_Fight_730.avi,RWF_2000/train/Train_Fight/Train_Fight_730.avi,.avi,5.0,30.0,1280,720,mjpeg,150,8.25,13835.9,
RWF_2000,train,Violence,Train_Fight_731.avi,RWF_2000/train/Train_Fight/Train_Fight_731.avi,.avi,5.0,30.0,1280,720,mjpeg,150,6.07,10188.9,
RWF_2000,train,Violence,Train_Fight_732.avi,RWF_2000/train/Train_Fight/Train_Fight_732.avi,.avi,5.0,30.0,320,240,mjpeg,150,1.92,3214.0,
RWF_2000,train,Violence,Train_Fight_733.avi,RWF_2000/train/Train_Fight/Train_Fight_733.avi,.avi,5.0,30.0,1280,720,mjpeg,150,11.3,18955.4,
RWF_2000,train,Violence,Train_Fight_734.avi,RWF_2000/train/Train_Fight/Train_Fight_734.avi,.avi,5.0,30.0,1280,720,mjpeg,150,14.33,24047.7,
RWF_2000,train,Violence,Train_Fight_735.avi,RWF_2000/train/Train_Fight/Train_Fight_735.avi,.avi,5.0,30.0,320,240,mjpeg,150,1.66,2792.9,
RWF_2000,train,Violence,Train_Fight_736.avi,RWF_2000/train/Train_Fight/Train_Fight_736.avi,.avi,5.0,30.0,1280,720,mjpeg,150,6.0,10064.2,
RWF_2000,train,Violence,Train_Fight_737.avi,RWF_2000/train/Train_Fight/Train_Fight_737.avi,.avi,5.0,30.0,1280,720,mjpeg,150,7.68,12884.1,
RWF_2000,train,Violence,Train_Fight_738.avi,RWF_2000/train/Train_Fight/Train_Fight_738.avi,.avi,5.0,30.0,1280,720,mjpeg,150,9.04,15162.0,
RWF_2000,train,Violence,Train_Fight_739.avi,RWF_2000/train/Train_Fight/Train_Fight_739.avi,.avi,5.0,30.0,640,360,mjpeg,150,2.46,4125.9,
RWF_2000,train,Violence,Train_Fight_740.avi,RWF_2000/train/Train_Fight/Train_Fight_740.avi,.avi,5.0,30.0,1920,1080,mjpeg,150,17.72,29734.1,
RWF_2000,train,Violence,Train_Fight_742.avi,RWF_2000/train/Train_Fight/Train_Fight_742.avi,.avi,5.0,30.0,320,240,mjpeg,150,1.66,2783.2,
RWF_2000,train,Violence,Train_Fight_743.avi,RWF_2000/train/Train_Fight/Train_Fight_743.avi,.avi,5.0,30.0,528,360,mjpeg,150,4.32,7255.7,
RWF_2000,train,Violence,Train_Fight_744.avi,RWF_2000/train/Train_Fight/Train_Fight_744.avi,.avi,5.0,30.0,1280,720,mjpeg,150,9.23,15482.2,
RWF_2000,train,Violence,Train_Fight_745.avi,RWF_2000/train/Train_Fight/Train_Fight_745.avi,.avi,5.0,30.0,640,352,mjpeg,150,5.45,9149.5,
RWF_2000,train,Violence,Train_Fight_746.avi,RWF_2000/train/Train_Fight/Train_Fight_746.avi,.avi,5.0,30.0,640,356,mjpeg,150,9.0,15095.4,
RWF_2000,train,Violence,Train_Fight_747.avi,RWF_2000/train/Train_Fight/Train_Fight_747.avi,.avi,5.0,30.0,624,352,mjpeg,150,3.15,5286.4,
RWF_2000,train,Violence,Train_Fight_748.avi,RWF_2000/train/Train_Fight/Train_Fight_748.avi,.avi,5.0,30.0,448,336,mjpeg,150,1.8,3018.4,
RWF_2000,train,Violence,Train_Fight_749.avi,RWF_2000/train/Train_Fight/Train_Fight_749.avi,.avi,5.0,30.0,1280,720,mjpeg,150,8.75,14685.8,
RWF_2000,train,Violence,Train_Fight_750.avi,RWF_2000/train/Train_Fight/Train_Fight_750.avi,.avi,5.0,30.0,1280,720,mjpeg,150,7.12,11953.5,
RWF_2000,train,Violence,Train_Fight_751.avi,RWF_2000/train/Train_Fight/Train_Fight_751.avi,.avi,5.0,30.0,1280,720,mjpeg,150,6.12,10271.5,
RWF_2000,train,Violence,Train_Fight_752.avi,RWF_2000/train/Train_Fight/Train_Fight_752.avi,.avi,5.0,30.0,1280,720,mjpeg,150,10.02,16819.0,
RWF_2000,train,Violence,Train_Fight_753.avi,RWF_2000/train/Train_Fight/Train_Fight_753.avi,.avi,5.0,30.0,450,360,mjpeg,150,2.63,4410.5,
RWF_2000,train,Violence,Train_Fight_754.avi,RWF_2000/train/Train_Fight/Train_Fight_754.avi,.avi,5.0,30.0,640,360,mjpeg,150,6.14,10307.0,
RWF_2000,train,Violence,Train_Fight_756.avi,RWF_2000/train/Train_Fight/Train_Fight_756.avi,.avi,5.0,30.0,1280,720,mjpeg,150,15.58,26141.1,
RWF_2000,train,Violence,Train_Fight_757.avi,RWF_2000/train/Train_Fight/Train_Fight_757.avi,.avi,5.0,30.0,450,360,mjpeg,150,2.54,4266.6,
RWF_2000,train,Violence,Train_Fight_758.avi,RWF_2000/train/Train_Fight/Train_Fight_758.avi,.avi,5.0,30.0,600,360,mjpeg,150,4.2,7046.8,
RWF_2000,train,Violence,Train_Fight_759.avi,RWF_2000/train/Train_Fight/Train_Fight_759.avi,.avi,5.0,30.0,1280,720,mjpeg,150,12.21,20483.1,
RWF_2000,train,Violence,Train_Fight_760.avi,RWF_2000/train/Train_Fight/Train_Fight_760.avi,.avi,5.0,30.0,320,240,mjpeg,150,1.52,2557.7,
RWF_2000,train,Violence,Train_Fight_761.avi,RWF_2000/train/Train_Fight/Train_Fight_761.avi,.avi,5.0,30.0,1280,720,mjpeg,150,9.66,16210.6,
RWF_2000,train,Violence,Train_Fight_762.avi,RWF_2000/train/Train_Fight/Train_Fight_762.avi,.avi,5.0,30.0,320,240,mjpeg,150,2.85,4775.9,
RWF_2000,train,Violence,Train_Fight_763.avi,RWF_2000/train/Train_Fight/Train_Fight_763.avi,.avi,5.0,30.0,320,240,mjpeg,150,2.15,3601.2,
RWF_2000,train,Violence,Train_Fight_764.avi,RWF_2000/train/Train_Fight/Train_Fight_764.avi,.avi,5.0,30.0,1280,720,mjpeg,150,17.39,29176.2,
RWF_2000,train,Violence,Train_Fight_765.avi,RWF_2000/train/Train_Fight/Train_Fight_765.avi,.avi,5.0,30.0,1280,720,mjpeg,150,12.06,20231.8,
RWF_2000,train,Violence,Train_Fight_766.avi,RWF_2000/train/Train_Fight/Train_Fight_766.avi,.avi,5.0,30.0,1280,720,mjpeg,150,12.94,21702.3,
RWF_2000,train,Violence,Train_Fight_767.avi,RWF_2000/train/Train_Fight/Train_Fight_767.avi,.avi,5.0,30.0,512,288,mjpeg,150,1.95,3267.7,
RWF_2000,train,Violence,Train_Fight_768.avi,RWF_2000/train/Train_Fight/Train_Fight_768.avi,.avi,5.0,30.0,1280,720,mjpeg,150,9.12,15306.5,
RWF_2000,train,Violence,Train_Fight_769.avi,RWF_2000/train/Train_Fight/Train_Fight_769.avi,.avi,5.0,30.0,320,240,mjpeg,150,1.76,2948.6,
RWF_2000,train,Violence,Train_Fight_770.avi,RWF_2000/train/Train_Fight/Train_Fight_770.avi,.avi,5.0,30.0,320,240,mjpeg,150,1.41,2371.5,
RWF_2000,train,Violence,Train_Fight_771.avi,RWF_2000/train/Train_Fight/Train_Fight_771.avi,.avi,5.0,30.0,1280,720,mjpeg,150,20.9,35066.0,
RWF_2000,train,Violence,Train_Fight_772.avi,RWF_2000/train/Train_Fight/Train_Fight_772.avi,.avi,5.0,30.0,480,360,mjpeg,150,2.72,4568.9,
RWF_2000,train,Violence,Train_Fight_773.avi,RWF_2000/train/Train_Fight/Train_Fight_773.avi,.avi,5.0,30.0,320,240,mjpeg,150,2.62,4400.2,
RWF_2000,train,Violence,Train_Fight_774.avi,RWF_2000/train/Train_Fight/Train_Fight_774.avi,.avi,5.0,30.0,320,240,mjpeg,150,2.24,3761.6,
RWF_2000,train,Violence,Train_Fight_775.avi,RWF_2000/train/Train_Fight/Train_Fight_775.avi,.avi,5.0,30.0,1280,720,mjpeg,150,15.43,25893.8,
RWF_2000,train,Violence,Train_Fight_80.avi,RWF_2000/train/Train_Fight/Train_Fight_80.avi,.avi,5.0,30.0,640,360,mjpeg,150,2.97,4974.9,
RWF_2000,train,Violence,Train_Fight_91.avi,RWF_2000/train/Train_Fight/Train_Fight_91.avi,.avi,5.0,30.0,1280,720,mjpeg,150,18.23,30591.9,
RWF_2000,train,No-Violence,Train_NonFight_172.avi,RWF_2000/train/Train_Fight/Train_NonFight_172.avi,.avi,5.0,30.0,1280,720,mjpeg,150,6.35,10656.1,
RWF_2000,train,No-Violence,Train_NonFight_219.avi,RWF_2000/train/Train_Fight/Train_NonFight_219.avi,.avi,5.0,30.0,1280,720,mjpeg,150,11.14,18690.9,
RWF_2000,train,No-Violence,Train_NonFight_564.avi,RWF_2000/train/Train_Fight/Train_NonFight_564.avi,.avi,5.0,30.0,1280,720,mjpeg,150,10.13,16987.8,
RWF_2000,train,No-Violence,Train_NonFight_103.avi,RWF_2000/train/Train_NonFight/Train_NonFight_103.avi,.avi,5.0,30.0,320,240,mjpeg,150,2.74,4597.3,
RWF_2000,train,No-Violence,Train_NonFight_118.avi,RWF_2000/train/Train_NonFight/Train_NonFight_118.avi,.avi,5.0,30.0,320,240,mjpeg,150,2.2,3692.2,
RWF_2000,train,No-Violence,Train_NonFight_124.avi,RWF_2000/train/Train_NonFight/Train_NonFight_124.avi,.avi,5.0,30.0,320,240,mjpeg,150,2.63,4406.2,
RWF_2000,train,No-Violence,Train_NonFight_129.avi,RWF_2000/train/Train_NonFight/Train_NonFight_129.avi,.avi,5.0,30.0,488,360,mjpeg,150,2.5,4194.9,
RWF_2000,train,No-Violence,Train_NonFight_130.avi,RWF_2000/train/Train_NonFight/Train_NonFight_130.avi,.avi,5.0,30.0,450,360,mjpeg,150,3.2,5360.6,
RWF_2000,train,No-Violence,Train_NonFight_140.avi,RWF_2000/train/Train_NonFight/Train_NonFight_140.avi,.avi,5.0,30.0,1280,720,mjpeg,150,5.85,9822.5,
RWF_2000,train,No-Violence,Train_NonFight_141.avi,RWF_2000/train/Train_NonFight/Train_NonFight_141.avi,.avi,5.0,30.0,1280,720,mjpeg,150,6.52,10938.4,
RWF_2000,train,No-Violence,Train_NonFight_143.avi,RWF_2000/train/Train_NonFight/Train_NonFight_143.avi,.avi,5.0,30.0,320,240,mjpeg,150,2.09,3499.5,
RWF_2000,train,No-Violence,Train_NonFight_144.avi,RWF_2000/train/Train_NonFight/Train_NonFight_144.avi,.avi,5.0,30.0,1280,720,mjpeg,150,8.29,13913.9,
RWF_2000,train,No-Violence,Train_NonFight_146.avi,RWF_2000/train/Train_NonFight/Train_NonFight_146.avi,.avi,5.0,30.0,320,240,mjpeg,150,2.51,4206.2,
RWF_2000,train,No-Violence,Train_NonFight_163.avi,RWF_2000/train/Train_NonFight/Train_NonFight_163.avi,.avi,5.0,30.0,320,240,mjpeg,150,3.06,5132.7,
RWF_2000,train,No-Violence,Train_NonFight_164.avi,RWF_2000/train/Train_NonFight/Train_NonFight_164.avi,.avi,5.0,30.0,1280,720,mjpeg,150,9.78,16409.1,
RWF_2000,train,No-Violence,Train_NonFight_176.avi,RWF_2000/train/Train_NonFight/Train_NonFight_176.avi,.avi,5.0,30.0,1280,720,mjpeg,150,10.3,17278.7,
RWF_2000,train,No-Violence,Train_NonFight_179.avi,RWF_2000/train/Train_NonFight/Train_NonFight_179.avi,.avi,5.0,30.0,640,360,mjpeg,150,6.45,10823.7,
RWF_2000,train,No-Violence,Train_NonFight_181.avi,RWF_2000/train/Train_NonFight/Train_NonFight_181.avi,.avi,5.0,30.0,320,240,mjpeg,150,2.05,3444.8,
RWF_2000,train,No-Violence,Train_NonFight_182.avi,RWF_2000/train/Train_NonFight/Train_NonFight_182.avi,.avi,5.0,30.0,320,240,mjpeg,150,2.8,4691.2,
RWF_2000,train,No-Violence,Train_NonFight_184.avi,RWF_2000/train/Train_NonFight/Train_NonFight_184.avi,.avi,5.0,30.0,1280,720,mjpeg,150,9.95,16698.6,
RWF_2000,train,No-Violence,Train_NonFight_185.avi,RWF_2000/train/Train_NonFight/Train_NonFight_185.avi,.avi,5.0,30.0,1280,720,mjpeg,150,8.22,13785.8,
RWF_2000,train,No-Violence,Train_NonFight_189.avi,RWF_2000/train/Train_NonFight/Train_NonFight_189.avi,.avi,5.0,30.0,320,240,mjpeg,150,3.83,6425.9,
RWF_2000,train,No-Violence,Train_NonFight_190.avi,RWF_2000/train/Train_NonFight/Train_NonFight_190.avi,.avi,5.0,30.0,320,240,mjpeg,150,3.66,6135.4,
RWF_2000,train,No-Violence,Train_NonFight_192.avi,RWF_2000/train/Train_NonFight/Train_NonFight_192.avi,.avi,5.0,30.0,320,240,mjpeg,150,2.55,4278.9,
RWF_2000,train,No-Violence,Train_NonFight_193.avi,RWF_2000/train/Train_NonFight/Train_NonFight_193.avi,.avi,5.0,30.0,1280,658,mjpeg,150,11.11,18640.1,
RWF_2000,train,No-Violence,Train_NonFight_196.avi,RWF_2000/train/Train_NonFight/Train_NonFight_196.avi,.avi,5.0,30.0,320,240,mjpeg,150,2.48,4165.2,
RWF_2000,train,No-Violence,Train_NonFight_201.avi,RWF_2000/train/Train_NonFight/Train_NonFight_201.avi,.avi,5.0,30.0,320,240,mjpeg,150,2.19,3671.9,
RWF_2000,train,No-Violence,Train_NonFight_202.avi,RWF_2000/train/Train_NonFight/Train_NonFight_202.avi,.avi,5.0,30.0,640,360,mjpeg,150,2.49,4172.3,
RWF_2000,train,No-Violence,Train_NonFight_210.avi,RWF_2000/train/Train_NonFight/Train_NonFight_210.avi,.avi,5.0,30.0,320,240,mjpeg,150,3.84,6449.3,
RWF_2000,train,No-Violence,Train_NonFight_213.avi,RWF_2000/train/Train_NonFight/Train_NonFight_213.avi,.avi,5.0,30.0,320,240,mjpeg,150,2.32,3889.7,
RWF_2000,train,No-Violence,Train_NonFight_218.avi,RWF_2000/train/Train_NonFight/Train_NonFight_218.avi,.avi,5.0,30.0,1280,720,mjpeg,150,13.42,22522.0,
RWF_2000,train,No-Violence,Train_NonFight_229.avi,RWF_2000/train/Train_NonFight/Train_NonFight_229.avi,.avi,5.0,30.0,320,240,mjpeg,150,3.27,5488.5,
RWF_2000,train,No-Violence,Train_NonFight_230.avi,RWF_2000/train/Train_NonFight/Train_NonFight_230.avi,.avi,5.0,30.0,480,360,mjpeg,150,1.37,2291.5,
RWF_2000,train,No-Violence,Train_NonFight_235.avi,RWF_2000/train/Train_NonFight/Train_NonFight_235.avi,.avi,5.0,30.0,322,240,mjpeg,150,2.33,3909.9,
RWF_2000,train,No-Violence,Train_NonFight_237.avi,RWF_2000/train/Train_NonFight/Train_NonFight_237.avi,.avi,5.0,30.0,320,240,mjpeg,150,2.39,4004.6,
RWF_2000,train,No-Violence,Train_NonFight_240.avi,RWF_2000/train/Train_NonFight/Train_NonFight_240.avi,.avi,5.0,30.0,480,360,mjpeg,150,3.57,5981.1,
RWF_2000,train,No-Violence,Train_NonFight_244.avi,RWF_2000/train/Train_NonFight/Train_NonFight_244.avi,.avi,5.0,30.0,320,240,mjpeg,150,2.18,3665.1,
RWF_2000,train,No-Violence,Train_NonFight_248.avi,RWF_2000/train/Train_NonFight/Train_NonFight_248.avi,.avi,5.0,30.0,320,240,mjpeg,150,1.94,3257.9,
RWF_2000,train,No-Violence,Train_NonFight_250.avi,RWF_2000/train/Train_NonFight/Train_NonFight_250.avi,.avi,5.0,30.0,320,240,mjpeg,150,2.42,4061.1,
RWF_2000,train,No-Violence,Train_NonFight_252.avi,RWF_2000/train/Train_NonFight/Train_NonFight_252.avi,.avi,5.0,30.0,320,240,mjpeg,150,2.9,4865.4,
RWF_2000,train,No-Violence,Train_NonFight_254.avi,RWF_2000/train/Train_NonFight/Train_NonFight_254.avi,.avi,5.0,30.0,320,240,mjpeg,150,1.31,2202.4,
RWF_2000,train,No-Violence,Train_NonFight_257.avi,RWF_2000/train/Train_NonFight/Train_NonFight_257.avi,.avi,5.0,30.0,1280,720,mjpeg,150,18.3,30694.7,
RWF_2000,train,No-Violence,Train_NonFight_258.avi,RWF_2000/train/Train_NonFight/Train_NonFight_258.avi,.avi,5.0,30.0,320,240,mjpeg,150,4.08,6848.6,
RWF_2000,train,No-Violence,Train_NonFight_268.avi,RWF_2000/train/Train_NonFight/Train_NonFight_268.avi,.avi,5.0,30.0,1280,720,mjpeg,150,14.05,23563.7,
RWF_2000,train,No-Violence,Train_NonFight_271.avi,RWF_2000/train/Train_NonFight/Train_NonFight_271.avi,.avi,5.0,30.0,1280,720,mjpeg,150,14.61,24511.7,
RWF_2000,train,No-Violence,Train_NonFight_274.avi,RWF_2000/train/Train_NonFight/Train_NonFight_274.avi,.avi,5.0,30.0,1280,720,mjpeg,150,19.26,32307.4,
RWF_2000,train,No-Violence,Train_NonFight_275.avi,RWF_2000/train/Train_NonFight/Train_NonFight_275.avi,.avi,5.0,30.0,1280,720,mjpeg,150,15.61,26188.0,
RWF_2000,train,No-Violence,Train_NonFight_282.avi,RWF_2000/train/Train_NonFight/Train_NonFight_282.avi,.avi,5.0,30.0,1280,720,mjpeg,150,11.1,18620.7,
RWF_2000,train,No-Violence,Train_NonFight_283.avi,RWF_2000/train/Train_NonFight/Train_NonFight_283.avi,.avi,5.0,30.0,320,240,mjpeg,150,2.46,4123.5,
RWF_2000,train,No-Violence,Train_NonFight_285.avi,RWF_2000/train/Train_NonFight/Train_NonFight_285.avi,.avi,5.0,30.0,320,240,mjpeg,150,1.78,2981.6,
RWF_2000,train,No-Violence,Train_NonFight_288.avi,RWF_2000/train/Train_NonFight/Train_NonFight_288.avi,.avi,5.0,30.0,1280,720,mjpeg,150,10.24,17171.9,
RWF_2000,train,No-Violence,Train_NonFight_289.avi,RWF_2000/train/Train_NonFight/Train_NonFight_289.avi,.avi,5.0,30.0,320,240,mjpeg,150,2.79,4676.8,
RWF_2000,train,No-Violence,Train_NonFight_294.avi,RWF_2000/train/Train_NonFight/Train_NonFight_294.avi,.avi,5.0,30.0,1280,720,mjpeg,150,7.83,13130.8,
RWF_2000,train,No-Violence,Train_NonFight_295.avi,RWF_2000/train/Train_NonFight/Train_NonFight_295.avi,.avi,5.0,30.0,320,240,mjpeg,150,3.2,5367.7,
RWF_2000,train,No-Violence,Train_NonFight_296.avi,RWF_2000/train/Train_NonFight/Train_NonFight_296.avi,.avi,5.0,30.0,320,240,mjpeg,150,3.41,5719.9,
RWF_2000,train,No-Violence,Train_NonFight_299.avi,RWF_2000/train/Train_NonFight/Train_NonFight_299.avi,.avi,5.0,30.0,640,360,mjpeg,150,3.09,5182.3,
RWF_2000,train,No-Violence,Train_NonFight_301.avi,RWF_2000/train/Train_NonFight/Train_NonFight_301.avi,.avi,5.0,30.0,320,240,mjpeg,150,1.82,3053.8,
RWF_2000,train,No-Violence,Train_NonFight_302.avi,RWF_2000/train/Train_NonFight/Train_NonFight_302.avi,.avi,5.0,30.0,320,240,mjpeg,150,3.05,5115.3,
RWF_2000,train,No-Violence,Train_NonFight_303.avi,RWF_2000/train/Train_NonFight/Train_NonFight_303.avi,.avi,5.0,30.0,320,240,mjpeg,150,3.15,5289.5,
RWF_2000,train,No-Violence,Train_NonFight_304.avi,RWF_2000/train/Train_NonFight/Train_NonFight_304.avi,.avi,5.0,30.0,320,240,mjpeg,150,1.83,3076.5,
RWF_2000,train,No-Violence,Train_NonFight_305.avi,RWF_2000/train/Train_NonFight/Train_NonFight_305.avi,.avi,5.0,30.0,406,720,mjpeg,150,4.39,7369.1,
RWF_2000,train,No-Violence,Train_NonFight_307.avi,RWF_2000/train/Train_NonFight/Train_NonFight_307.avi,.avi,5.0,30.0,320,240,mjpeg,150,2.31,3883.3,
RWF_2000,train,No-Violence,Train_NonFight_308.avi,RWF_2000/train/Train_NonFight/Train_NonFight_308.avi,.avi,5.0,30.0,320,240,mjpeg,150,2.37,3970.3,
RWF_2000,train,No-Violence,Train_NonFight_309.avi,RWF_2000/train/Train_NonFight/Train_NonFight_309.avi,.avi,5.0,30.0,320,240,mjpeg,150,2.66,4467.9,
RWF_2000,train,No-Violence,Train_NonFight_312.avi,RWF_2000/train/Train_NonFight/Train_NonFight_312.avi,.avi,5.0,30.0,1280,720,mjpeg,150,21.05,35311.9,
RWF_2000,train,No-Violence,Train_NonFight_313.avi,RWF_2000/train/Train_NonFight/Train_NonFight_313.avi,.avi,5.0,30.0,480,360,mjpeg,150,3.06,5129.2,
RWF_2000,train,No-Violence,Train_NonFight_317.avi,RWF_2000/train/Train_NonFight/Train_NonFight_317.avi,.avi,5.0,30.0,1280,720,mjpeg,150,8.93,14976.5,
RWF_2000,train,No-Violence,Train_NonFight_318.avi,RWF_2000/train/Train_NonFight/Train_NonFight_318.avi,.avi,5.0,30.0,400,300,mjpeg,150,2.42,4053.9,
RWF_2000,train,No-Violence,Train_NonFight_322.avi,RWF_2000/train/Train_NonFight/Train_NonFight_322.avi,.avi,5.0,30.0,320,240,mjpeg,150,1.31,2198.6,
RWF_2000,train,No-Violence,Train_NonFight_323.avi,RWF_2000/train/Train_NonFight/Train_NonFight_323.avi,.avi,5.0,30.0,320,240,mjpeg,150,3.34,5602.5,
RWF_2000,train,No-Violence,Train_NonFight_325.avi,RWF_2000/train/Train_NonFight/Train_NonFight_325.avi,.avi,5.0,30.0,320,240,mjpeg,150,2.79,4682.5,
RWF_2000,train,No-Violence,Train_NonFight_328.avi,RWF_2000/train/Train_NonFight/Train_NonFight_328.avi,.avi,5.0,30.0,1280,720,mjpeg,150,9.91,16621.4,
RWF_2000,train,No-Violence,Train_NonFight_330.avi,RWF_2000/train/Train_NonFight/Train_NonFight_330.avi,.avi,5.0,30.0,320,240,mjpeg,150,3.68,6166.9,
RWF_2000,train,No-Violence,Train_NonFight_333.avi,RWF_2000/train/Train_NonFight/Train_NonFight_333.avi,.avi,5.0,30.0,1280,720,mjpeg,150,9.47,15890.3,
RWF_2000,train,No-Violence,Train_NonFight_335.avi,RWF_2000/train/Train_NonFight/Train_NonFight_335.avi,.avi,5.0,30.0,640,360,mjpeg,150,2.94,4927.2,
RWF_2000,train,No-Violence,Train_NonFight_340.avi,RWF_2000/train/Train_NonFight/Train_NonFight_340.avi,.avi,5.0,30.0,320,240,mjpeg,150,2.33,3909.3,
RWF_2000,train,No-Violence,Train_NonFight_342.avi,RWF_2000/train/Train_NonFight/Train_NonFight_342.avi,.avi,5.0,30.0,320,240,mjpeg,150,3.37,5656.4,
RWF_2000,train,No-Violence,Train_NonFight_344.avi,RWF_2000/train/Train_NonFight/Train_NonFight_344.avi,.avi,5.0,30.0,320,240,mjpeg,150,2.83,4741.9,
RWF_2000,train,No-Violence,Train_NonFight_347.avi,RWF_2000/train/Train_NonFight/Train_NonFight_347.avi,.avi,5.0,30.0,1280,720,mjpeg,150,11.12,18664.1,
RWF_2000,train,No-Violence,Train_NonFight_350.avi,RWF_2000/train/Train_NonFight/Train_NonFight_350.avi,.avi,5.0,30.0,320,240,mjpeg,150,2.8,4694.5,
RWF_2000,train,No-Violence,Train_NonFight_351.avi,RWF_2000/train/Train_NonFight/Train_NonFight_351.avi,.avi,5.0,30.0,1280,720,mjpeg,150,8.79,14741.1,
RWF_2000,train,No-Violence,Train_NonFight_352.avi,RWF_2000/train/Train_NonFight/Train_NonFight_352.avi,.avi,5.0,30.0,640,360,mjpeg,150,3.17,5321.5,
RWF_2000,train,No-Violence,Train_NonFight_354.avi,RWF_2000/train/Train_NonFight/Train_NonFight_354.avi,.avi,5.0,30.0,640,360,mjpeg,150,2.58,4325.5,
RWF_2000,train,No-Violence,Train_NonFight_357.avi,RWF_2000/train/Train_NonFight/Train_NonFight_357.avi,.avi,5.0,30.0,320,240,mjpeg,150,2.13,3566.7,
RWF_2000,train,No-Violence,Train_NonFight_358.avi,RWF_2000/train/Train_NonFight/Train_NonFight_358.avi,.avi,5.0,30.0,518,360,mjpeg,150,1.68,2814.1,
RWF_2000,train,No-Violence,Train_NonFight_359.avi,RWF_2000/train/Train_NonFight/Train_NonFight_359.avi,.avi,5.0,30.0,320,240,mjpeg,150,2.69,4507.9,
RWF_2000,train,No-Violence,Train_NonFight_360.avi,RWF_2000/train/Train_NonFight/Train_NonFight_360.avi,.avi,5.0,30.0,1280,720,mjpeg,150,13.05,21887.2,
RWF_2000,train,No-Violence,Train_NonFight_363.avi,RWF_2000/train/Train_NonFight/Train_NonFight_363.avi,.avi,5.0,30.0,1280,720,mjpeg,150,10.3,17287.4,
RWF_2000,train,No-Violence,Train_NonFight_365.avi,RWF_2000/train/Train_NonFight/Train_NonFight_365.avi,.avi,5.0,30.0,320,240,mjpeg,150,2.44,4095.1,
RWF_2000,train,No-Violence,Train_NonFight_366.avi,RWF_2000/train/Train_NonFight/Train_NonFight_366.avi,.avi,5.0,30.0,1280,720,mjpeg,150,16.7,28018.3,
RWF_2000,train,No-Violence,Train_NonFight_370.avi,RWF_2000/train/Train_NonFight/Train_NonFight_370.avi,.avi,5.0,30.0,872,720,mjpeg,150,4.92,8259.0,
RWF_2000,train,No-Violence,Train_NonFight_373.avi,RWF_2000/train/Train_NonFight/Train_NonFight_373.avi,.avi,5.0,30.0,960,720,mjpeg,150,22.38,37555.6,
RWF_2000,train,No-Violence,Train_NonFight_381.avi,RWF_2000/train/Train_NonFight/Train_NonFight_381.avi,.avi,5.0,30.0,1920,1080,mjpeg,150,19.14,32111.3,
RWF_2000,train,No-Violence,Train_NonFight_390.avi,RWF_2000/train/Train_NonFight/Train_NonFight_390.avi,.avi,5.0,30.0,320,240,mjpeg,150,2.81,4712.5,
RWF_2000,train,No-Violence,Train_NonFight_392.avi,RWF_2000/train/Train_NonFight/Train_NonFight_392.avi,.avi,5.0,30.0,320,240,mjpeg,150,2.43,4069.8,
RWF_2000,train,No-Violence,Train_NonFight_393.avi,RWF_2000/train/Train_NonFight/Train_NonFight_393.avi,.avi,5.0,30.0,1280,720,mjpeg,150,9.96,16706.9,
RWF_2000,train,No-Violence,Train_NonFight_398.avi,RWF_2000/train/Train_NonFight/Train_NonFight_398.avi,.avi,5.0,30.0,640,360,mjpeg,150,7.61,12775.5,
RWF_2000,train,No-Violence,Train_NonFight_400.avi,RWF_2000/train/Train_NonFight/Train_NonFight_400.avi,.avi,5.0,30.0,526,360,mjpeg,150,2.68,4488.0,
RWF_2000,train,No-Violence,Train_NonFight_401.avi,RWF_2000/train/Train_NonFight/Train_NonFight_401.avi,.avi,5.0,30.0,320,240,mjpeg,150,2.69,4505.5,
RWF_2000,train,No-Violence,Train_NonFight_402.avi,RWF_2000/train/Train_NonFight/Train_NonFight_402.avi,.avi,5.0,30.0,1280,720,mjpeg,150,8.01,13440.8,
RWF_2000,train,No-Violence,Train_NonFight_407.avi,RWF_2000/train/Train_NonFight/Train_NonFight_407.avi,.avi,5.0,30.0,320,240,mjpeg,150,1.79,3002.2,
RWF_2000,train,No-Violence,Train_NonFight_409.avi,RWF_2000/train/Train_NonFight/Train_NonFight_409.avi,.avi,5.0,30.0,1280,720,mjpeg,150,20.18,33858.2,
RWF_2000,train,No-Violence,Train_NonFight_411.avi,RWF_2000/train/Train_NonFight/Train_NonFight_411.avi,.avi,5.0,30.0,1280,720,mjpeg,150,10.31,17290.2,
RWF_2000,train,No-Violence,Train_NonFight_413.avi,RWF_2000/train/Train_NonFight/Train_NonFight_413.avi,.avi,5.0,30.0,320,240,mjpeg,150,2.15,3600.9,
RWF_2000,train,No-Violence,Train_NonFight_414.avi,RWF_2000/train/Train_NonFight/Train_NonFight_414.avi,.avi,5.0,30.0,1280,720,mjpeg,150,9.23,15491.6,
RWF_2000,train,No-Violence,Train_NonFight_416.avi,RWF_2000/train/Train_NonFight/Train_NonFight_416.avi,.avi,5.0,30.0,640,360,mjpeg,150,2.45,4105.9,
RWF_2000,train,No-Violence,Train_NonFight_417.avi,RWF_2000/train/Train_NonFight/Train_NonFight_417.avi,.avi,5.0,30.0,600,360,mjpeg,150,4.05,6788.7,
RWF_2000,train,No-Violence,Train_NonFight_418.avi,RWF_2000/train/Train_NonFight/Train_NonFight_418.avi,.avi,5.0,30.0,320,240,mjpeg,150,1.58,2651.7,
RWF_2000,train,No-Violence,Train_NonFight_419.avi,RWF_2000/train/Train_NonFight/Train_NonFight_419.avi,.avi,5.0,30.0,320,240,mjpeg,150,2.35,3943.8,
RWF_2000,train,No-Violence,Train_NonFight_420.avi,RWF_2000/train/Train_NonFight/Train_NonFight_420.avi,.avi,5.0,30.0,1280,720,mjpeg,150,5.41,9068.3,
RWF_2000,train,No-Violence,Train_NonFight_421.avi,RWF_2000/train/Train_NonFight/Train_NonFight_421.avi,.avi,5.0,30.0,640,360,mjpeg,150,2.78,4656.0,
RWF_2000,train,No-Violence,Train_NonFight_423.avi,RWF_2000/train/Train_NonFight/Train_NonFight_423.avi,.avi,5.0,30.0,446,360,mjpeg,150,1.32,2212.7,
RWF_2000,train,No-Violence,Train_NonFight_424.avi,RWF_2000/train/Train_NonFight/Train_NonFight_424.avi,.avi,5.0,30.0,320,240,mjpeg,150,1.56,2624.2,
RWF_2000,train,No-Violence,Train_NonFight_426.avi,RWF_2000/train/Train_NonFight/Train_NonFight_426.avi,.avi,5.0,30.0,320,240,mjpeg,150,2.85,4786.8,
RWF_2000,train,No-Violence,Train_NonFight_427.avi,RWF_2000/train/Train_NonFight/Train_NonFight_427.avi,.avi,5.0,30.0,320,240,mjpeg,150,2.3,3852.8,
RWF_2000,train,No-Violence,Train_NonFight_430.avi,RWF_2000/train/Train_NonFight/Train_NonFight_430.avi,.avi,5.0,30.0,320,240,mjpeg,150,3.66,6134.4,
RWF_2000,train,No-Violence,Train_NonFight_431.avi,RWF_2000/train/Train_NonFight/Train_NonFight_431.avi,.avi,5.0,30.0,1280,720,mjpeg,150,9.18,15393.7,
RWF_2000,train,No-Violence,Train_NonFight_434.avi,RWF_2000/train/Train_NonFight/Train_NonFight_434.avi,.avi,5.0,30.0,320,240,mjpeg,150,2.81,4714.7,
RWF_2000,train,No-Violence,Train_NonFight_435.avi,RWF_2000/train/Train_NonFight/Train_NonFight_435.avi,.avi,5.0,30.0,1280,720,mjpeg,150,8.8,14769.4,
RWF_2000,train,No-Violence,Train_NonFight_436.avi,RWF_2000/train/Train_NonFight/Train_NonFight_436.avi,.avi,5.0,30.0,320,240,mjpeg,150,3.45,5789.9,
RWF_2000,train,No-Violence,Train_NonFight_437.avi,RWF_2000/train/Train_NonFight/Train_NonFight_437.avi,.avi,5.0,30.0,320,240,mjpeg,150,2.85,4785.2,
RWF_2000,train,No-Violence,Train_NonFight_440.avi,RWF_2000/train/Train_NonFight/Train_NonFight_440.avi,.avi,5.0,30.0,320,240,mjpeg,150,2.27,3801.9,
RWF_2000,train,No-Violence,Train_NonFight_443.avi,RWF_2000/train/Train_NonFight/Train_NonFight_443.avi,.avi,5.0,30.0,1280,720,mjpeg,150,13.41,22490.2,
RWF_2000,train,No-Violence,Train_NonFight_444.avi,RWF_2000/train/Train_NonFight/Train_NonFight_444.avi,.avi,5.0,30.0,320,240,mjpeg,150,2.61,4372.7,
RWF_2000,train,No-Violence,Train_NonFight_446.avi,RWF_2000/train/Train_NonFight/Train_NonFight_446.avi,.avi,5.0,30.0,320,240,mjpeg,150,3.76,6308.0,
RWF_2000,train,No-Violence,Train_NonFight_447.avi,RWF_2000/train/Train_NonFight/Train_NonFight_447.avi,.avi,5.0,30.0,320,240,mjpeg,150,2.03,3399.5,
RWF_2000,train,No-Violence,Train_NonFight_448.avi,RWF_2000/train/Train_NonFight/Train_NonFight_448.avi,.avi,5.0,30.0,1280,720,mjpeg,150,6.14,10300.7,
RWF_2000,train,No-Violence,Train_NonFight_451.avi,RWF_2000/train/Train_NonFight/Train_NonFight_451.avi,.avi,5.0,30.0,1280,720,mjpeg,150,9.15,15346.9,
RWF_2000,train,No-Violence,Train_NonFight_452.avi,RWF_2000/train/Train_NonFight/Train_NonFight_452.avi,.avi,5.0,30.0,1018,720,mjpeg,150,12.87,21599.3,
RWF_2000,train,No-Violence,Train_NonFight_453.avi,RWF_2000/train/Train_NonFight/Train_NonFight_453.avi,.avi,5.0,30.0,640,344,mjpeg,150,2.34,3929.3,
RWF_2000,train,No-Violence,Train_NonFight_455.avi,RWF_2000/train/Train_NonFight/Train_NonFight_455.avi,.avi,5.0,30.0,320,240,mjpeg,150,2.18,3654.6,
RWF_2000,train,No-Violence,Train_NonFight_456.avi,RWF_2000/train/Train_NonFight/Train_NonFight_456.avi,.avi,5.0,30.0,568,320,mjpeg,150,4.43,7435.1,
RWF_2000,train,No-Violence,Train_NonFight_461.avi,RWF_2000/train/Train_NonFight/Train_NonFight_461.avi,.avi,5.0,30.0,320,240,mjpeg,150,2.66,4462.3,
RWF_2000,train,No-Violence,Train_NonFight_462.avi,RWF_2000/train/Train_NonFight/Train_NonFight_462.avi,.avi,5.0,30.0,406,720,mjpeg,150,4.61,7733.5,
RWF_2000,train,No-Violence,Train_NonFight_463.avi,RWF_2000/train/Train_NonFight/Train_NonFight_463.avi,.avi,5.0,30.0,1280,720,mjpeg,150,9.14,15330.1,
RWF_2000,train,No-Violence,Train_NonFight_465.avi,RWF_2000/train/Train_NonFight/Train_NonFight_465.avi,.avi,5.0,30.0,320,240,mjpeg,150,3.63,6082.0,
RWF_2000,train,No-Violence,Train_NonFight_467.avi,RWF_2000/train/Train_NonFight/Train_NonFight_467.avi,.avi,5.0,30.0,320,240,mjpeg,150,2.26,3793.7,
RWF_2000,train,No-Violence,Train_NonFight_476.avi,RWF_2000/train/Train_NonFight/Train_NonFight_476.avi,.avi,5.0,30.0,526,360,mjpeg,150,2.6,4358.1,
RWF_2000,train,No-Violence,Train_NonFight_477.avi,RWF_2000/train/Train_NonFight/Train_NonFight_477.avi,.avi,5.0,30.0,640,360,mjpeg,150,2.44,4098.2,
RWF_2000,train,No-Violence,Train_NonFight_478.avi,RWF_2000/train/Train_NonFight/Train_NonFight_478.avi,.avi,5.0,30.0,320,240,mjpeg,150,1.72,2879.1,
RWF_2000,train,No-Violence,Train_NonFight_479.avi,RWF_2000/train/Train_NonFight/Train_NonFight_479.avi,.avi,5.0,30.0,320,240,mjpeg,150,2.57,4315.4,
RWF_2000,train,No-Violence,Train_NonFight_480.avi,RWF_2000/train/Train_NonFight/Train_NonFight_480.avi,.avi,5.0,30.0,480,360,mjpeg,150,3.82,6407.5,
RWF_2000,train,No-Violence,Train_NonFight_481.avi,RWF_2000/train/Train_NonFight/Train_NonFight_481.avi,.avi,5.0,30.0,320,240,mjpeg,150,2.45,4107.9,
RWF_2000,train,No-Violence,Train_NonFight_482.avi,RWF_2000/train/Train_NonFight/Train_NonFight_482.avi,.avi,5.0,30.0,1280,658,mjpeg,150,11.19,18768.0,
RWF_2000,train,No-Violence,Train_NonFight_484.avi,RWF_2000/train/Train_NonFight/Train_NonFight_484.avi,.avi,5.0,30.0,1280,720,mjpeg,150,25.74,43191.8,
RWF_2000,train,No-Violence,Train_NonFight_485.avi,RWF_2000/train/Train_NonFight/Train_NonFight_485.avi,.avi,5.0,30.0,320,240,mjpeg,150,3.31,5552.1,
RWF_2000,train,No-Violence,Train_NonFight_491.avi,RWF_2000/train/Train_NonFight/Train_NonFight_491.avi,.avi,5.0,30.0,320,240,mjpeg,150,3.22,5410.6,
RWF_2000,train,No-Violence,Train_NonFight_492.avi,RWF_2000/train/Train_NonFight/Train_NonFight_492.avi,.avi,5.0,30.0,320,240,mjpeg,150,2.36,3967.5,
RWF_2000,train,No-Violence,Train_NonFight_497.avi,RWF_2000/train/Train_NonFight/Train_NonFight_497.avi,.avi,5.0,30.0,322,240,mjpeg,150,2.36,3956.0,
RWF_2000,train,No-Violence,Train_NonFight_498.avi,RWF_2000/train/Train_NonFight/Train_NonFight_498.avi,.avi,5.0,30.0,1280,720,mjpeg,150,21.19,35551.3,
RWF_2000,train,No-Violence,Train_NonFight_499.avi,RWF_2000/train/Train_NonFight/Train_NonFight_499.avi,.avi,5.0,30.0,320,240,mjpeg,150,3.82,6409.4,
RWF_2000,train,No-Violence,Train_NonFight_500.avi,RWF_2000/train/Train_NonFight/Train_NonFight_500.avi,.avi,5.0,30.0,320,240,mjpeg,150,2.46,4125.0,
RWF_2000,train,No-Violence,Train_NonFight_501.avi,RWF_2000/train/Train_NonFight/Train_NonFight_501.avi,.avi,5.0,30.0,428,240,mjpeg,150,2.78,4655.7,
RWF_2000,train,No-Violence,Train_NonFight_502.avi,RWF_2000/train/Train_NonFight/Train_NonFight_502.avi,.avi,5.0,30.0,320,240,mjpeg,150,1.98,3319.8,
RWF_2000,train,No-Violence,Train_NonFight_505.avi,RWF_2000/train/Train_NonFight/Train_NonFight_505.avi,.avi,5.0,30.0,1280,720,mjpeg,150,17.11,28700.8,
RWF_2000,train,No-Violence,Train_NonFight_506.avi,RWF_2000/train/Train_NonFight/Train_NonFight_506.avi,.avi,5.0,30.0,320,240,mjpeg,150,2.9,4862.8,
RWF_2000,train,No-Violence,Train_NonFight_507.avi,RWF_2000/train/Train_NonFight/Train_NonFight_507.avi,.avi,5.0,30.0,320,240,mjpeg,150,2.5,4191.8,
RWF_2000,train,No-Violence,Train_NonFight_508.avi,RWF_2000/train/Train_NonFight/Train_NonFight_508.avi,.avi,5.0,30.0,320,240,mjpeg,150,2.7,4521.8,
RWF_2000,train,No-Violence,Train_NonFight_509.avi,RWF_2000/train/Train_NonFight/Train_NonFight_509.avi,.avi,5.0,30.0,1280,720,mjpeg,150,8.53,14305.8,
RWF_2000,train,No-Violence,Train_NonFight_510.avi,RWF_2000/train/Train_NonFight/Train_NonFight_510.avi,.avi,5.0,30.0,320,240,mjpeg,150,1.15,1934.2,
RWF_2000,train,No-Violence,Train_NonFight_511.avi,RWF_2000/train/Train_NonFight/Train_NonFight_511.avi,.avi,5.0,30.0,1280,720,mjpeg,150,6.81,11423.2,
RWF_2000,train,No-Violence,Train_NonFight_516.avi,RWF_2000/train/Train_NonFight/Train_NonFight_516.avi,.avi,5.0,30.0,320,240,mjpeg,150,3.34,5600.3,
RWF_2000,train,No-Violence,Train_NonFight_517.avi,RWF_2000/train/Train_NonFight/Train_NonFight_517.avi,.avi,5.0,30.0,1280,720,mjpeg,150,11.06,18551.0,
RWF_2000,train,No-Violence,Train_NonFight_518.avi,RWF_2000/train/Train_NonFight/Train_NonFight_518.avi,.avi,5.0,30.0,320,240,mjpeg,150,2.17,3648.2,
RWF_2000,train,No-Violence,Train_NonFight_519.avi,RWF_2000/train/Train_NonFight/Train_NonFight_519.avi,.avi,5.0,30.0,320,240,mjpeg,150,3.98,6683.2,
RWF_2000,train,No-Violence,Train_NonFight_520.avi,RWF_2000/train/Train_NonFight/Train_NonFight_520.avi,.avi,5.0,30.0,320,240,mjpeg,150,3.74,6268.1,
RWF_2000,train,No-Violence,Train_NonFight_523.avi,RWF_2000/train/Train_NonFight/Train_NonFight_523.avi,.avi,5.0,30.0,1280,720,mjpeg,150,5.43,9109.7,
RWF_2000,train,No-Violence,Train_NonFight_524.avi,RWF_2000/train/Train_NonFight/Train_NonFight_524.avi,.avi,5.0,30.0,320,240,mjpeg,150,2.03,3410.1,
RWF_2000,train,No-Violence,Train_NonFight_526.avi,RWF_2000/train/Train_NonFight/Train_NonFight_526.avi,.avi,5.0,30.0,320,240,mjpeg,150,3.72,6238.3,
RWF_2000,train,No-Violence,Train_NonFight_528.avi,RWF_2000/train/Train_NonFight/Train_NonFight_528.avi,.avi,5.0,30.0,320,240,mjpeg,150,2.48,4161.7,
RWF_2000,train,No-Violence,Train_NonFight_529.avi,RWF_2000/train/Train_NonFight/Train_NonFight_529.avi,.avi,5.0,30.0,320,240,mjpeg,150,1.1,1852.2,
RWF_2000,train,No-Violence,Train_NonFight_530.avi,RWF_2000/train/Train_NonFight/Train_NonFight_530.avi,.avi,5.0,30.0,320,240,mjpeg,150,3.48,5846.8,
RWF_2000,train,No-Violence,Train_NonFight_531.avi,RWF_2000/train/Train_NonFight/Train_NonFight_531.avi,.avi,5.0,30.0,1280,720,mjpeg,150,9.95,16696.0,
RWF_2000,train,No-Violence,Train_NonFight_532.avi,RWF_2000/train/Train_NonFight/Train_NonFight_532.avi,.avi,5.0,30.0,1280,720,mjpeg,150,11.8,19798.5,
RWF_2000,train,No-Violence,Train_NonFight_533.avi,RWF_2000/train/Train_NonFight/Train_NonFight_533.avi,.avi,5.0,30.0,320,240,mjpeg,150,2.55,4269.9,
RWF_2000,train,No-Violence,Train_NonFight_535.avi,RWF_2000/train/Train_NonFight/Train_NonFight_535.avi,.avi,5.0,30.0,1280,720,mjpeg,150,11.86,19893.0,
RWF_2000,train,No-Violence,Train_NonFight_536.avi,RWF_2000/train/Train_NonFight/Train_NonFight_536.avi,.avi,5.0,30.0,1280,712,mjpeg,150,5.43,9107.7,
RWF_2000,train,No-Violence,Train_NonFight_537.avi,RWF_2000/train/Train_NonFight/Train_NonFight_537.avi,.avi,5.0,30.0,320,240,mjpeg,150,2.9,4871.5,
RWF_2000,train,No-Violence,Train_NonFight_538.avi,RWF_2000/train/Train_NonFight/Train_NonFight_538.avi,.avi,5.0,30.0,320,240,mjpeg,150,3.61,6053.1,
RWF_2000,train,No-Violence,Train_NonFight_540.avi,RWF_2000/train/Train_NonFight/Train_NonFight_540.avi,.avi,5.0,30.0,1280,720,mjpeg,150,8.48,14223.6,
RWF_2000,train,No-Violence,Train_NonFight_541.avi,RWF_2000/train/Train_NonFight/Train_NonFight_541.avi,.avi,5.0,30.0,320,240,mjpeg,150,2.37,3977.6,
RWF_2000,train,No-Violence,Train_NonFight_542.avi,RWF_2000/train/Train_NonFight/Train_NonFight_542.avi,.avi,5.0,30.0,640,326,mjpeg,150,5.31,8913.6,
RWF_2000,train,No-Violence,Train_NonFight_544.avi,RWF_2000/train/Train_NonFight/Train_NonFight_544.avi,.avi,5.0,30.0,1280,720,mjpeg,150,6.75,11323.6,
RWF_2000,train,No-Violence,Train_NonFight_545.avi,RWF_2000/train/Train_NonFight/Train_NonFight_545.avi,.avi,5.0,30.0,480,360,mjpeg,150,3.34,5601.8,
RWF_2000,train,No-Violence,Train_NonFight_546.avi,RWF_2000/train/Train_NonFight/Train_NonFight_546.avi,.avi,5.0,30.0,1280,720,mjpeg,150,10.29,17267.3,
RWF_2000,train,No-Violence,Train_NonFight_547.avi,RWF_2000/train/Train_NonFight/Train_NonFight_547.avi,.avi,5.0,30.0,320,240,mjpeg,150,2.2,3692.1,
RWF_2000,train,No-Violence,Train_NonFight_548.avi,RWF_2000/train/Train_NonFight/Train_NonFight_548.avi,.avi,5.0,30.0,320,240,mjpeg,150,3.04,5104.0,
RWF_2000,train,No-Violence,Train_NonFight_55.avi,RWF_2000/train/Train_NonFight/Train_NonFight_55.avi,.avi,5.0,30.0,320,240,mjpeg,150,3.5,5864.1,
RWF_2000,train,No-Violence,Train_NonFight_550.avi,RWF_2000/train/Train_NonFight/Train_NonFight_550.avi,.avi,5.0,30.0,320,240,mjpeg,150,2.58,4332.8,
RWF_2000,train,No-Violence,Train_NonFight_552.avi,RWF_2000/train/Train_NonFight/Train_NonFight_552.avi,.avi,5.0,30.0,320,240,mjpeg,150,2.9,4867.1,
RWF_2000,train,No-Violence,Train_NonFight_553.avi,RWF_2000/train/Train_NonFight/Train_NonFight_553.avi,.avi,5.0,30.0,320,240,mjpeg,150,2.38,3988.2,
RWF_2000,train,No-Violence,Train_NonFight_554.avi,RWF_2000/train/Train_NonFight/Train_NonFight_554.avi,.avi,5.0,30.0,320,240,mjpeg,150,2.51,4214.0,
RWF_2000,train,No-Violence,Train_NonFight_555.avi,RWF_2000/train/Train_NonFight/Train_NonFight_555.avi,.avi,5.0,30.0,398,224,mjpeg,150,1.42,2385.6,
RWF_2000,train,No-Violence,Train_NonFight_556.avi,RWF_2000/train/Train_NonFight/Train_NonFight_556.avi,.avi,5.0,30.0,320,240,mjpeg,150,2.77,4641.6,
RWF_2000,train,No-Violence,Train_NonFight_557.avi,RWF_2000/train/Train_NonFight/Train_NonFight_557.avi,.avi,5.0,30.0,320,240,mjpeg,150,2.11,3537.8,
RWF_2000,train,No-Violence,Train_NonFight_558.avi,RWF_2000/train/Train_NonFight/Train_NonFight_558.avi,.avi,5.0,30.0,320,240,mjpeg,150,3.01,5051.0,
RWF_2000,train,No-Violence,Train_NonFight_559.avi,RWF_2000/train/Train_NonFight/Train_NonFight_559.avi,.avi,5.0,30.0,1280,720,mjpeg,150,14.72,24704.4,
RWF_2000,train,No-Violence,Train_NonFight_560.avi,RWF_2000/train/Train_NonFight/Train_NonFight_560.avi,.avi,5.0,30.0,320,240,mjpeg,150,3.67,6154.1,
RWF_2000,train,No-Violence,Train_NonFight_562.avi,RWF_2000/train/Train_NonFight/Train_NonFight_562.avi,.avi,5.0,30.0,320,240,mjpeg,150,2.01,3373.7,
RWF_2000,train,No-Violence,Train_NonFight_565.avi,RWF_2000/train/Train_NonFight/Train_NonFight_565.avi,.avi,5.0,30.0,320,240,mjpeg,150,2.94,4930.3,
RWF_2000,train,No-Violence,Train_NonFight_566.avi,RWF_2000/train/Train_NonFight/Train_NonFight_566.avi,.avi,5.0,30.0,352,288,mjpeg,150,2.36,3959.8,
RWF_2000,train,No-Violence,Train_NonFight_567.avi,RWF_2000/train/Train_NonFight/Train_NonFight_567.avi,.avi,5.0,30.0,320,240,mjpeg,150,2.58,4329.6,
RWF_2000,train,No-Violence,Train_NonFight_568.avi,RWF_2000/train/Train_NonFight/Train_NonFight_568.avi,.avi,5.0,30.0,320,240,mjpeg,150,2.34,3932.6,
RWF_2000,train,No-Violence,Train_NonFight_569.avi,RWF_2000/train/Train_NonFight/Train_NonFight_569.avi,.avi,5.0,30.0,320,240,mjpeg,150,1.95,3264.4,
RWF_2000,train,No-Violence,Train_NonFight_572.avi,RWF_2000/train/Train_NonFight/Train_NonFight_572.avi,.avi,5.0,30.0,320,240,mjpeg,150,3.78,6344.8,
RWF_2000,train,No-Violence,Train_NonFight_574.avi,RWF_2000/train/Train_NonFight/Train_NonFight_574.avi,.avi,5.0,30.0,1280,720,mjpeg,150,15.66,26276.9,
RWF_2000,train,No-Violence,Train_NonFight_575.avi,RWF_2000/train/Train_NonFight/Train_NonFight_575.avi,.avi,5.0,30.0,320,240,mjpeg,150,1.91,3208.8,
RWF_2000,train,No-Violence,Train_NonFight_577.avi,RWF_2000/train/Train_NonFight/Train_NonFight_577.avi,.avi,5.0,30.0,450,360,mjpeg,150,2.63,4404.9,
RWF_2000,train,No-Violence,Train_NonFight_578.avi,RWF_2000/train/Train_NonFight/Train_NonFight_578.avi,.avi,5.0,30.0,480,360,mjpeg,150,3.07,5142.8,
RWF_2000,train,No-Violence,Train_NonFight_580.avi,RWF_2000/train/Train_NonFight/Train_NonFight_580.avi,.avi,5.0,30.0,320,240,mjpeg,150,2.04,3428.6,
RWF_2000,train,No-Violence,Train_NonFight_581.avi,RWF_2000/train/Train_NonFight/Train_NonFight_581.avi,.avi,5.0,30.0,320,240,mjpeg,150,3.49,5860.7,
RWF_2000,train,No-Violence,Train_NonFight_582.avi,RWF_2000/train/Train_NonFight/Train_NonFight_582.avi,.avi,5.0,30.0,640,360,mjpeg,150,7.01,11762.4,
RWF_2000,train,No-Violence,Train_NonFight_584.avi,RWF_2000/train/Train_NonFight/Train_NonFight_584.avi,.avi,5.0,30.0,320,240,mjpeg,150,2.39,4016.7,
RWF_2000,train,No-Violence,Train_NonFight_585.avi,RWF_2000/train/Train_NonFight/Train_NonFight_585.avi,.avi,5.0,30.0,320,240,mjpeg,150,3.02,5074.5,
RWF_2000,train,No-Violence,Train_NonFight_586.avi,RWF_2000/train/Train_NonFight/Train_NonFight_586.avi,.avi,5.0,30.0,872,720,mjpeg,150,2.73,4583.6,
RWF_2000,train,No-Violence,Train_NonFight_588.avi,RWF_2000/train/Train_NonFight/Train_NonFight_588.avi,.avi,5.0,30.0,526,360,mjpeg,150,2.53,4237.1,
RWF_2000,train,No-Violence,Train_NonFight_589.avi,RWF_2000/train/Train_NonFight/Train_NonFight_589.avi,.avi,5.0,30.0,320,240,mjpeg,150,3.34,5599.3,
RWF_2000,train,No-Violence,Train_NonFight_591.avi,RWF_2000/train/Train_NonFight/Train_NonFight_591.avi,.avi,5.0,30.0,400,222,mjpeg,150,1.44,2420.3,
RWF_2000,train,No-Violence,Train_NonFight_593.avi,RWF_2000/train/Train_NonFight/Train_NonFight_593.avi,.avi,5.0,30.0,320,240,mjpeg,150,2.39,4015.6,
RWF_2000,train,No-Violence,Train_NonFight_594.avi,RWF_2000/train/Train_NonFight/Train_NonFight_594.avi,.avi,5.0,30.0,1280,720,mjpeg,150,20.2,33894.4,
RWF_2000,train,No-Violence,Train_NonFight_595.avi,RWF_2000/train/Train_NonFight/Train_NonFight_595.avi,.avi,5.0,30.0,320,240,mjpeg,150,1.32,2216.0,
RWF_2000,train,No-Violence,Train_NonFight_596.avi,RWF_2000/train/Train_NonFight/Train_NonFight_596.avi,.avi,5.0,30.0,320,240,mjpeg,150,1.66,2782.7,
RWF_2000,train,No-Violence,Train_NonFight_598.avi,RWF_2000/train/Train_NonFight/Train_NonFight_598.avi,.avi,5.0,30.0,320,240,mjpeg,150,2.22,3729.3,
RWF_2000,train,No-Violence,Train_NonFight_599.avi,RWF_2000/train/Train_NonFight/Train_NonFight_599.avi,.avi,5.0,30.0,320,240,mjpeg,150,3.7,6213.0,
RWF_2000,train,No-Violence,Train_NonFight_600.avi,RWF_2000/train/Train_NonFight/Train_NonFight_600.avi,.avi,5.0,30.0,320,240,mjpeg,150,2.78,4669.7,
RWF_2000,train,No-Violence,Train_NonFight_601.avi,RWF_2000/train/Train_NonFight/Train_NonFight_601.avi,.avi,5.0,30.0,1280,720,mjpeg,150,21.67,36361.6,
RWF_2000,train,No-Violence,Train_NonFight_602.avi,RWF_2000/train/Train_NonFight/Train_NonFight_602.avi,.avi,5.0,30.0,1280,720,mjpeg,150,8.43,14150.8,
RWF_2000,train,No-Violence,Train_NonFight_603.avi,RWF_2000/train/Train_NonFight/Train_NonFight_603.avi,.avi,5.0,30.0,320,240,mjpeg,150,1.75,2942.1,
RWF_2000,train,No-Violence,Train_NonFight_604.avi,RWF_2000/train/Train_NonFight/Train_NonFight_604.avi,.avi,5.0,30.0,400,222,mjpeg,150,1.5,2510.9,
RWF_2000,train,No-Violence,Train_NonFight_605.avi,RWF_2000/train/Train_NonFight/Train_NonFight_605.avi,.avi,5.0,30.0,1280,720,mjpeg,150,10.01,16799.4,
RWF_2000,train,No-Violence,Train_NonFight_607.avi,RWF_2000/train/Train_NonFight/Train_NonFight_607.avi,.avi,5.0,30.0,320,240,mjpeg,150,2.96,4963.9,
RWF_2000,train,No-Violence,Train_NonFight_608.avi,RWF_2000/train/Train_NonFight/Train_NonFight_608.avi,.avi,5.0,30.0,640,360,mjpeg,150,3.64,6110.4,
RWF_2000,train,No-Violence,Train_NonFight_609.avi,RWF_2000/train/Train_NonFight/Train_NonFight_609.avi,.avi,5.0,30.0,320,240,mjpeg,150,1.76,2944.6,
RWF_2000,train,No-Violence,Train_NonFight_611.avi,RWF_2000/train/Train_NonFight/Train_NonFight_611.avi,.avi,5.0,30.0,1280,720,mjpeg,150,13.69,22969.5,
RWF_2000,train,No-Violence,Train_NonFight_613.avi,RWF_2000/train/Train_NonFight/Train_NonFight_613.avi,.avi,5.0,30.0,320,240,mjpeg,150,1.73,2894.6,
RWF_2000,train,No-Violence,Train_NonFight_614.avi,RWF_2000/train/Train_NonFight/Train_NonFight_614.avi,.avi,5.0,30.0,1280,720,mjpeg,150,7.84,13161.3,
RWF_2000,train,No-Violence,Train_NonFight_615.avi,RWF_2000/train/Train_NonFight/Train_NonFight_615.avi,.avi,5.0,30.0,320,240,mjpeg,150,3.25,5460.0,
RWF_2000,train,No-Violence,Train_NonFight_616.avi,RWF_2000/train/Train_NonFight/Train_NonFight_616.avi,.avi,5.0,30.0,1280,720,mjpeg,150,7.8,13090.4,
RWF_2000,train,No-Violence,Train_NonFight_617.avi,RWF_2000/train/Train_NonFight/Train_NonFight_617.avi,.avi,5.0,30.0,1280,720,mjpeg,150,18.7,31366.9,
RWF_2000,train,No-Violence,Train_NonFight_619.avi,RWF_2000/train/Train_NonFight/Train_NonFight_619.avi,.avi,5.0,30.0,320,240,mjpeg,150,3.3,5535.7,
RWF_2000,train,No-Violence,Train_NonFight_620.avi,RWF_2000/train/Train_NonFight/Train_NonFight_620.avi,.avi,5.0,30.0,320,240,mjpeg,150,2.67,4483.1,
RWF_2000,train,No-Violence,Train_NonFight_621.avi,RWF_2000/train/Train_NonFight/Train_NonFight_621.avi,.avi,5.0,30.0,320,240,mjpeg,150,2.5,4191.0,
RWF_2000,train,No-Violence,Train_NonFight_622.avi,RWF_2000/train/Train_NonFight/Train_NonFight_622.avi,.avi,5.0,30.0,320,240,mjpeg,150,2.88,4833.3,
RWF_2000,train,No-Violence,Train_NonFight_623.avi,RWF_2000/train/Train_NonFight/Train_NonFight_623.avi,.avi,5.0,30.0,1280,720,mjpeg,150,9.36,15699.6,
RWF_2000,train,No-Violence,Train_NonFight_624.avi,RWF_2000/train/Train_NonFight/Train_NonFight_624.avi,.avi,5.0,30.0,1280,720,mjpeg,150,7.43,12465.2,
RWF_2000,train,No-Violence,Train_NonFight_625.avi,RWF_2000/train/Train_NonFight/Train_NonFight_625.avi,.avi,5.0,30.0,320,240,mjpeg,150,3.09,5191.4,
RWF_2000,train,No-Violence,Train_NonFight_627.avi,RWF_2000/train/Train_NonFight/Train_NonFight_627.avi,.avi,5.0,30.0,320,240,mjpeg,150,2.85,4788.2,
RWF_2000,train,No-Violence,Train_NonFight_629.avi,RWF_2000/train/Train_NonFight/Train_NonFight_629.avi,.avi,5.0,30.0,320,240,mjpeg,150,2.42,4056.5,
RWF_2000,train,No-Violence,Train_NonFight_630.avi,RWF_2000/train/Train_NonFight/Train_NonFight_630.avi,.avi,5.0,30.0,320,240,mjpeg,150,1.61,2695.8,
RWF_2000,train,No-Violence,Train_NonFight_631.avi,RWF_2000/train/Train_NonFight/Train_NonFight_631.avi,.avi,5.0,30.0,464,348,mjpeg,150,2.04,3427.3,
RWF_2000,train,No-Violence,Train_NonFight_634.avi,RWF_2000/train/Train_NonFight/Train_NonFight_634.avi,.avi,5.0,30.0,320,240,mjpeg,150,2.03,3410.8,
RWF_2000,train,No-Violence,Train_NonFight_635.avi,RWF_2000/train/Train_NonFight/Train_NonFight_635.avi,.avi,5.0,30.0,320,240,mjpeg,150,2.8,4700.2,
RWF_2000,train,No-Violence,Train_NonFight_638.avi,RWF_2000/train/Train_NonFight/Train_NonFight_638.avi,.avi,5.0,30.0,322,240,mjpeg,150,2.21,3703.2,
RWF_2000,train,No-Violence,Train_NonFight_640.avi,RWF_2000/train/Train_NonFight/Train_NonFight_640.avi,.avi,5.0,30.0,320,240,mjpeg,150,2.86,4803.6,
RWF_2000,train,No-Violence,Train_NonFight_641.avi,RWF_2000/train/Train_NonFight/Train_NonFight_641.avi,.avi,5.0,30.0,480,360,mjpeg,150,2.34,3917.5,
RWF_2000,train,No-Violence,Train_NonFight_642.avi,RWF_2000/train/Train_NonFight/Train_NonFight_642.avi,.avi,5.0,30.0,320,240,mjpeg,150,3.37,5658.2,
RWF_2000,train,No-Violence,Train_NonFight_643.avi,RWF_2000/train/Train_NonFight/Train_NonFight_643.avi,.avi,5.0,30.0,320,240,mjpeg,150,4.15,6966.1,
RWF_2000,train,No-Violence,Train_NonFight_647.avi,RWF_2000/train/Train_NonFight/Train_NonFight_647.avi,.avi,5.0,30.0,320,240,mjpeg,150,3.44,5774.2,
RWF_2000,train,No-Violence,Train_NonFight_648.avi,RWF_2000/train/Train_NonFight/Train_NonFight_648.avi,.avi,5.0,30.0,1280,720,mjpeg,150,5.79,9720.9,
RWF_2000,train,No-Violence,Train_NonFight_649.avi,RWF_2000/train/Train_NonFight/Train_NonFight_649.avi,.avi,5.0,30.0,320,240,mjpeg,150,2.05,3444.5,
RWF_2000,train,No-Violence,Train_NonFight_650.avi,RWF_2000/train/Train_NonFight/Train_NonFight_650.avi,.avi,5.0,30.0,320,240,mjpeg,150,3.48,5831.6,
RWF_2000,train,No-Violence,Train_NonFight_651.avi,RWF_2000/train/Train_NonFight/Train_NonFight_651.avi,.avi,5.0,30.0,320,240,mjpeg,150,2.64,4433.5,
RWF_2000,train,No-Violence,Train_NonFight_652.avi,RWF_2000/train/Train_NonFight/Train_NonFight_652.avi,.avi,5.0,30.0,320,240,mjpeg,150,3.66,6144.7,
RWF_2000,train,No-Violence,Train_NonFight_653.avi,RWF_2000/train/Train_NonFight/Train_NonFight_653.avi,.avi,5.0,30.0,320,240,mjpeg,150,2.8,4696.3,
RWF_2000,train,No-Violence,Train_NonFight_655.avi,RWF_2000/train/Train_NonFight/Train_NonFight_655.avi,.avi,5.0,30.0,320,240,mjpeg,150,1.42,2374.9,
RWF_2000,train,No-Violence,Train_NonFight_656.avi,RWF_2000/train/Train_NonFight/Train_NonFight_656.avi,.avi,5.0,30.0,320,240,mjpeg,150,1.37,2302.2,
RWF_2000,train,No-Violence,Train_NonFight_657.avi,RWF_2000/train/Train_NonFight/Train_NonFight_657.avi,.avi,5.0,30.0,320,240,mjpeg,150,2.88,4834.8,
RWF_2000,train,No-Violence,Train_NonFight_658.avi,RWF_2000/train/Train_NonFight/Train_NonFight_658.avi,.avi,5.0,30.0,1280,720,mjpeg,150,7.98,13387.7,
RWF_2000,train,No-Violence,Train_NonFight_659.avi,RWF_2000/train/Train_NonFight/Train_NonFight_659.avi,.avi,5.0,30.0,320,240,mjpeg,150,2.73,4581.0,
RWF_2000,train,No-Violence,Train_NonFight_660.avi,RWF_2000/train/Train_NonFight/Train_NonFight_660.avi,.avi,5.0,30.0,320,240,mjpeg,150,3.57,5982.5,
RWF_2000,train,No-Violence,Train_NonFight_661.avi,RWF_2000/train/Train_NonFight/Train_NonFight_661.avi,.avi,5.0,30.0,640,352,mjpeg,150,5.59,9371.0,
RWF_2000,train,No-Violence,Train_NonFight_662.avi,RWF_2000/train/Train_NonFight/Train_NonFight_662.avi,.avi,5.0,30.0,320,240,mjpeg,150,1.45,2437.5,
RWF_2000,train,No-Violence,Train_NonFight_664.avi,RWF_2000/train/Train_NonFight/Train_NonFight_664.avi,.avi,5.0,30.0,320,240,mjpeg,150,2.9,4860.9,
RWF_2000,train,No-Violence,Train_NonFight_665.avi,RWF_2000/train/Train_NonFight/Train_NonFight_665.avi,.avi,5.0,30.0,320,240,mjpeg,150,1.39,2333.8,
RWF_2000,train,No-Violence,Train_NonFight_666.avi,RWF_2000/train/Train_NonFight/Train_NonFight_666.avi,.avi,5.0,30.0,1280,720,mjpeg,150,10.23,17157.2,
RWF_2000,train,No-Violence,Train_NonFight_668.avi,RWF_2000/train/Train_NonFight/Train_NonFight_668.avi,.avi,5.0,30.0,320,240,mjpeg,150,1.82,3053.2,
RWF_2000,train,No-Violence,Train_NonFight_669.avi,RWF_2000/train/Train_NonFight/Train_NonFight_669.avi,.avi,5.0,30.0,320,240,mjpeg,150,2.32,3889.7,
RWF_2000,train,No-Violence,Train_NonFight_670.avi,RWF_2000/train/Train_NonFight/Train_NonFight_670.avi,.avi,5.0,30.0,320,240,mjpeg,150,1.65,2769.3,
RWF_2000,train,No-Violence,Train_NonFight_671.avi,RWF_2000/train/Train_NonFight/Train_NonFight_671.avi,.avi,5.0,30.0,320,240,mjpeg,150,1.97,3302.4,
RWF_2000,train,No-Violence,Train_NonFight_672.avi,RWF_2000/train/Train_NonFight/Train_NonFight_672.avi,.avi,5.0,30.0,480,360,mjpeg,150,2.18,3665.3,
RWF_2000,train,No-Violence,Train_NonFight_673.avi,RWF_2000/train/Train_NonFight/Train_NonFight_673.avi,.avi,5.0,30.0,1280,720,mjpeg,150,15.41,25851.2,
RWF_2000,train,No-Violence,Train_NonFight_674.avi,RWF_2000/train/Train_NonFight/Train_NonFight_674.avi,.avi,5.0,30.0,624,352,mjpeg,150,2.92,4900.3,
RWF_2000,train,No-Violence,Train_NonFight_675.avi,RWF_2000/train/Train_NonFight/Train_NonFight_675.avi,.avi,5.0,30.0,640,358,mjpeg,150,8.16,13685.0,
RWF_2000,train,No-Violence,Train_NonFight_676.avi,RWF_2000/train/Train_NonFight/Train_NonFight_676.avi,.avi,5.0,30.0,1280,720,mjpeg,150,5.97,10017.7,
RWF_2000,train,No-Violence,Train_NonFight_677.avi,RWF_2000/train/Train_NonFight/Train_NonFight_677.avi,.avi,5.0,30.0,320,240,mjpeg,150,2.46,4131.8,
RWF_2000,train,No-Violence,Train_NonFight_678.avi,RWF_2000/train/Train_NonFight/Train_NonFight_678.avi,.avi,5.0,30.0,320,240,mjpeg,150,3.51,5895.4,
RWF_2000,train,No-Violence,Train_NonFight_679.avi,RWF_2000/train/Train_NonFight/Train_NonFight_679.avi,.avi,5.0,30.0,320,240,mjpeg,150,2.05,3445.0,
RWF_2000,train,No-Violence,Train_NonFight_680.avi,RWF_2000/train/Train_NonFight/Train_NonFight_680.avi,.avi,5.0,30.0,320,240,mjpeg,150,2.97,4983.6,
RWF_2000,train,No-Violence,Train_NonFight_681.avi,RWF_2000/train/Train_NonFight/Train_NonFight_681.avi,.avi,5.0,30.0,1280,720,mjpeg,150,14.32,24033.1,
RWF_2000,train,No-Violence,Train_NonFight_682.avi,RWF_2000/train/Train_NonFight/Train_NonFight_682.avi,.avi,5.0,30.0,1280,720,mjpeg,150,8.32,13964.0,
RWF_2000,train,No-Violence,Train_NonFight_683.avi,RWF_2000/train/Train_NonFight/Train_NonFight_683.avi,.avi,5.0,30.0,320,240,mjpeg,150,2.99,5024.4,
RWF_2000,train,No-Violence,Train_NonFight_684.avi,RWF_2000/train/Train_NonFight/Train_NonFight_684.avi,.avi,5.0,30.0,320,240,mjpeg,150,3.24,5428.0,
RWF_2000,train,No-Violence,Train_NonFight_685.avi,RWF_2000/train/Train_NonFight/Train_NonFight_685.avi,.avi,5.0,30.0,320,240,mjpeg,150,2.7,4526.2,
RWF_2000,train,No-Violence,Train_NonFight_686.avi,RWF_2000/train/Train_NonFight/Train_NonFight_686.avi,.avi,5.0,30.0,1920,1080,mjpeg,150,23.33,39142.8,
RWF_2000,train,No-Violence,Train_NonFight_689.avi,RWF_2000/train/Train_NonFight/Train_NonFight_689.avi,.avi,5.0,30.0,640,360,mjpeg,150,1.97,3297.4,
RWF_2000,train,No-Violence,Train_NonFight_69.avi,RWF_2000/train/Train_NonFight/Train_NonFight_69.avi,.avi,5.0,30.0,1280,720,mjpeg,150,8.11,13600.0,
RWF_2000,train,No-Violence,Train_NonFight_690.avi,RWF_2000/train/Train_NonFight/Train_NonFight_690.avi,.avi,5.0,30.0,1280,720,mjpeg,150,5.97,10008.5,
RWF_2000,train,No-Violence,Train_NonFight_691.avi,RWF_2000/train/Train_NonFight/Train_NonFight_691.avi,.avi,5.0,30.0,320,240,mjpeg,150,2.91,4889.9,
RWF_2000,train,No-Violence,Train_NonFight_692.avi,RWF_2000/train/Train_NonFight/Train_NonFight_692.avi,.avi,5.0,30.0,320,240,mjpeg,150,2.52,4229.8,
RWF_2000,train,No-Violence,Train_NonFight_693.avi,RWF_2000/train/Train_NonFight/Train_NonFight_693.avi,.avi,5.0,30.0,320,240,mjpeg,150,3.08,5171.0,
RWF_2000,train,No-Violence,Train_NonFight_694.avi,RWF_2000/train/Train_NonFight/Train_NonFight_694.avi,.avi,5.0,30.0,320,240,mjpeg,150,2.49,4176.6,
RWF_2000,train,No-Violence,Train_NonFight_695.avi,RWF_2000/train/Train_NonFight/Train_NonFight_695.avi,.avi,5.0,30.0,320,240,mjpeg,150,2.34,3933.3,
RWF_2000,train,No-Violence,Train_NonFight_696.avi,RWF_2000/train/Train_NonFight/Train_NonFight_696.avi,.avi,5.0,30.0,398,224,mjpeg,150,1.31,2189.9,
RWF_2000,train,No-Violence,Train_NonFight_697.avi,RWF_2000/train/Train_NonFight/Train_NonFight_697.avi,.avi,5.0,30.0,426,240,mjpeg,150,1.96,3295.7,
RWF_2000,train,No-Violence,Train_NonFight_698.avi,RWF_2000/train/Train_NonFight/Train_NonFight_698.avi,.avi,5.0,30.0,320,240,mjpeg,150,3.45,5795.5,
RWF_2000,train,No-Violence,Train_NonFight_699.avi,RWF_2000/train/Train_NonFight/Train_NonFight_699.avi,.avi,5.0,30.0,320,240,mjpeg,150,2.48,4157.2,
RWF_2000,train,No-Violence,Train_NonFight_700.avi,RWF_2000/train/Train_NonFight/Train_NonFight_700.avi,.avi,5.0,30.0,320,240,mjpeg,150,2.67,4483.8,
RWF_2000,train,No-Violence,Train_NonFight_701.avi,RWF_2000/train/Train_NonFight/Train_NonFight_701.avi,.avi,5.0,30.0,1280,720,mjpeg,150,7.0,11751.5,
RWF_2000,train,No-Violence,Train_NonFight_702.avi,RWF_2000/train/Train_NonFight/Train_NonFight_702.avi,.avi,5.0,30.0,1280,720,mjpeg,150,20.66,34662.9,
RWF_2000,train,No-Violence,Train_NonFight_703.avi,RWF_2000/train/Train_NonFight/Train_NonFight_703.avi,.avi,5.0,30.0,1280,720,mjpeg,150,21.11,35411.0,
RWF_2000,train,No-Violence,Train_NonFight_705.avi,RWF_2000/train/Train_NonFight/Train_NonFight_705.avi,.avi,5.0,30.0,540,360,mjpeg,150,6.8,11406.1,
RWF_2000,train,No-Violence,Train_NonFight_706.avi,RWF_2000/train/Train_NonFight/Train_NonFight_706.avi,.avi,5.0,30.0,480,360,mjpeg,150,2.7,4532.7,
RWF_2000,train,No-Violence,Train_NonFight_708.avi,RWF_2000/train/Train_NonFight/Train_NonFight_708.avi,.avi,5.0,30.0,320,240,mjpeg,150,2.38,3991.6,
RWF_2000,train,No-Violence,Train_NonFight_709.avi,RWF_2000/train/Train_NonFight/Train_NonFight_709.avi,.avi,5.0,30.0,948,720,mjpeg,150,14.96,25100.7,
RWF_2000,train,No-Violence,Train_NonFight_710.avi,RWF_2000/train/Train_NonFight/Train_NonFight_710.avi,.avi,5.0,30.0,1280,720,mjpeg,150,12.07,20255.8,
RWF_2000,train,No-Violence,Train_NonFight_711.avi,RWF_2000/train/Train_NonFight/Train_NonFight_711.avi,.avi,5.0,30.0,320,240,mjpeg,150,3.05,5121.0,
RWF_2000,train,No-Violence,Train_NonFight_712.avi,RWF_2000/train/Train_NonFight/Train_NonFight_712.avi,.avi,5.0,30.0,632,360,mjpeg,150,4.89,8208.0,
RWF_2000,train,No-Violence,Train_NonFight_713.avi,RWF_2000/train/Train_NonFight/Train_NonFight_713.avi,.avi,5.0,30.0,320,240,mjpeg,150,4.03,6755.8,
RWF_2000,train,No-Violence,Train_NonFight_714.avi,RWF_2000/train/Train_NonFight/Train_NonFight_714.avi,.avi,5.0,30.0,320,240,mjpeg,150,2.77,4643.2,
RWF_2000,train,No-Violence,Train_NonFight_717.avi,RWF_2000/train/Train_NonFight/Train_NonFight_717.avi,.avi,5.0,30.0,320,240,mjpeg,150,3.02,5065.6,
RWF_2000,train,No-Violence,Train_NonFight_718.avi,RWF_2000/train/Train_NonFight/Train_NonFight_718.avi,.avi,5.0,30.0,320,240,mjpeg,150,3.52,5910.6,
RWF_2000,train,No-Violence,Train_NonFight_719.avi,RWF_2000/train/Train_NonFight/Train_NonFight_719.avi,.avi,5.0,30.0,320,240,mjpeg,150,3.53,5920.0,
RWF_2000,train,No-Violence,Train_NonFight_720.avi,RWF_2000/train/Train_NonFight/Train_NonFight_720.avi,.avi,5.0,30.0,320,240,mjpeg,150,2.83,4755.9,
RWF_2000,train,No-Violence,Train_NonFight_721.avi,RWF_2000/train/Train_NonFight/Train_NonFight_721.avi,.avi,5.0,30.0,1920,1080,mjpeg,150,23.37,39211.9,
RWF_2000,train,No-Violence,Train_NonFight_722.avi,RWF_2000/train/Train_NonFight/Train_NonFight_722.avi,.avi,5.0,30.0,320,240,mjpeg,150,2.56,4287.7,
RWF_2000,train,No-Violence,Train_NonFight_724.avi,RWF_2000/train/Train_NonFight/Train_NonFight_724.avi,.avi,5.0,30.0,320,240,mjpeg,150,3.66,6136.7,
RWF_2000,train,No-Violence,Train_NonFight_725.avi,RWF_2000/train/Train_NonFight/Train_NonFight_725.avi,.avi,5.0,30.0,640,360,mjpeg,150,2.93,4917.6,
RWF_2000,train,No-Violence,Train_NonFight_726.avi,RWF_2000/train/Train_NonFight/Train_NonFight_726.avi,.avi,5.0,30.0,640,360,mjpeg,150,2.11,3538.6,
RWF_2000,train,No-Violence,Train_NonFight_727.avi,RWF_2000/train/Train_NonFight/Train_NonFight_727.avi,.avi,5.0,30.0,320,240,mjpeg,150,2.4,4024.3,
RWF_2000,train,No-Violence,Train_NonFight_728.avi,RWF_2000/train/Train_NonFight/Train_NonFight_728.avi,.avi,5.0,30.0,320,240,mjpeg,150,2.34,3931.9,
RWF_2000,train,No-Violence,Train_NonFight_729.avi,RWF_2000/train/Train_NonFight/Train_NonFight_729.avi,.avi,5.0,30.0,320,240,mjpeg,150,2.74,4603.3,
RWF_2000,train,No-Violence,Train_NonFight_73.avi,RWF_2000/train/Train_NonFight/Train_NonFight_73.avi,.avi,5.0,30.0,1280,720,mjpeg,150,12.66,21245.3,
RWF_2000,train,No-Violence,Train_NonFight_730.avi,RWF_2000/train/Train_NonFight/Train_NonFight_730.avi,.avi,5.0,30.0,320,240,mjpeg,150,2.32,3890.9,
RWF_2000,train,No-Violence,Train_NonFight_731.avi,RWF_2000/train/Train_NonFight/Train_NonFight_731.avi,.avi,5.0,30.0,320,240,mjpeg,150,1.73,2902.4,
RWF_2000,train,No-Violence,Train_NonFight_733.avi,RWF_2000/train/Train_NonFight/Train_NonFight_733.avi,.avi,5.0,30.0,320,240,mjpeg,150,2.69,4516.7,
RWF_2000,train,No-Violence,Train_NonFight_734.avi,RWF_2000/train/Train_NonFight/Train_NonFight_734.avi,.avi,5.0,30.0,960,720,mjpeg,150,21.51,36093.5,
RWF_2000,train,No-Violence,Train_NonFight_735.avi,RWF_2000/train/Train_NonFight/Train_NonFight_735.avi,.avi,5.0,30.0,320,240,mjpeg,150,3.55,5962.7,
RWF_2000,train,No-Violence,Train_NonFight_736.avi,RWF_2000/train/Train_NonFight/Train_NonFight_736.avi,.avi,5.0,30.0,320,240,mjpeg,150,2.91,4879.8,
RWF_2000,train,No-Violence,Train_NonFight_737.avi,RWF_2000/train/Train_NonFight/Train_NonFight_737.avi,.avi,5.0,30.0,320,240,mjpeg,150,2.65,4439.0,
RWF_2000,train,No-Violence,Train_NonFight_738.avi,RWF_2000/train/Train_NonFight/Train_NonFight_738.avi,.avi,5.0,30.0,1280,720,mjpeg,150,10.4,17454.0,
RWF_2000,train,No-Violence,Train_NonFight_739.avi,RWF_2000/train/Train_NonFight/Train_NonFight_739.avi,.avi,5.0,30.0,540,360,mjpeg,150,5.3,8893.2,
RWF_2000,train,No-Violence,Train_NonFight_741.avi,RWF_2000/train/Train_NonFight/Train_NonFight_741.avi,.avi,5.0,30.0,1920,1080,mjpeg,150,17.52,29392.8,
RWF_2000,train,No-Violence,Train_NonFight_742.avi,RWF_2000/train/Train_NonFight/Train_NonFight_742.avi,.avi,5.0,30.0,320,240,mjpeg,150,3.22,5410.0,
RWF_2000,train,No-Violence,Train_NonFight_744.avi,RWF_2000/train/Train_NonFight/Train_NonFight_744.avi,.avi,5.0,30.0,320,240,mjpeg,150,2.92,4904.5,
RWF_2000,train,No-Violence,Train_NonFight_745.avi,RWF_2000/train/Train_NonFight/Train_NonFight_745.avi,.avi,5.0,30.0,1280,720,mjpeg,150,18.8,31539.8,
RWF_2000,train,No-Violence,Train_NonFight_746.avi,RWF_2000/train/Train_NonFight/Train_NonFight_746.avi,.avi,5.0,30.0,320,240,mjpeg,150,3.18,5327.2,
RWF_2000,train,No-Violence,Train_NonFight_747.avi,RWF_2000/train/Train_NonFight/Train_NonFight_747.avi,.avi,5.0,30.0,1280,720,mjpeg,150,8.42,14134.2,
RWF_2000,train,No-Violence,Train_NonFight_748.avi,RWF_2000/train/Train_NonFight/Train_NonFight_748.avi,.avi,5.0,30.0,320,240,mjpeg,150,2.11,3540.4,
RWF_2000,train,No-Violence,Train_NonFight_749.avi,RWF_2000/train/Train_NonFight/Train_NonFight_749.avi,.avi,5.0,30.0,640,360,mjpeg,150,3.18,5327.4,
RWF_2000,train,No-Violence,Train_NonFight_750.avi,RWF_2000/train/Train_NonFight/Train_NonFight_750.avi,.avi,5.0,30.0,632,360,mjpeg,150,3.21,5391.7,
RWF_2000,train,No-Violence,Train_NonFight_751.avi,RWF_2000/train/Train_NonFight/Train_NonFight_751.avi,.avi,5.0,30.0,1280,720,mjpeg,150,18.74,31446.5,
RWF_2000,train,No-Violence,Train_NonFight_752.avi,RWF_2000/train/Train_NonFight/Train_NonFight_752.avi,.avi,5.0,30.0,518,360,mjpeg,150,1.6,2688.3,
RWF_2000,train,No-Violence,Train_NonFight_753.avi,RWF_2000/train/Train_NonFight/Train_NonFight_753.avi,.avi,5.0,30.0,320,240,mjpeg,150,2.57,4314.7,
RWF_2000,train,No-Violence,Train_NonFight_754.avi,RWF_2000/train/Train_NonFight/Train_NonFight_754.avi,.avi,5.0,30.0,320,240,mjpeg,150,2.48,4160.5,
RWF_2000,train,No-Violence,Train_NonFight_755.avi,RWF_2000/train/Train_NonFight/Train_NonFight_755.avi,.avi,5.0,30.0,320,240,mjpeg,150,1.9,3184.8,
RWF_2000,train,No-Violence,Train_NonFight_756.avi,RWF_2000/train/Train_NonFight/Train_NonFight_756.avi,.avi,5.0,30.0,320,240,mjpeg,150,1.73,2909.1,
RWF_2000,train,No-Violence,Train_NonFight_757.avi,RWF_2000/train/Train_NonFight/Train_NonFight_757.avi,.avi,5.0,30.0,480,360,mjpeg,150,3.3,5528.7,
RWF_2000,train,No-Violence,Train_NonFight_758.avi,RWF_2000/train/Train_NonFight/Train_NonFight_758.avi,.avi,5.0,30.0,320,240,mjpeg,150,2.77,4654.9,
RWF_2000,train,No-Violence,Train_NonFight_759.avi,RWF_2000/train/Train_NonFight/Train_NonFight_759.avi,.avi,5.0,30.0,1280,720,mjpeg,150,11.62,19487.8,
RWF_2000,train,No-Violence,Train_NonFight_760.avi,RWF_2000/train/Train_NonFight/Train_NonFight_760.avi,.avi,5.0,30.0,640,360,mjpeg,150,4.06,6811.1,
RWF_2000,train,No-Violence,Train_NonFight_761.avi,RWF_2000/train/Train_NonFight/Train_NonFight_761.avi,.avi,5.0,30.0,540,360,mjpeg,150,3.85,6461.5,
RWF_2000,train,No-Violence,Train_NonFight_762.avi,RWF_2000/train/Train_NonFight/Train_NonFight_762.avi,.avi,5.0,30.0,320,240,mjpeg,150,2.81,4721.7,
RWF_2000,train,No-Violence,Train_NonFight_763.avi,RWF_2000/train/Train_NonFight/Train_NonFight_763.avi,.avi,5.0,30.0,320,240,mjpeg,150,2.7,4527.4,
RWF_2000,train,No-Violence,Train_NonFight_764.avi,RWF_2000/train/Train_NonFight/Train_NonFight_764.avi,.avi,5.0,30.0,320,240,mjpeg,150,3.26,5463.7,
RWF_2000,train,No-Violence,Train_NonFight_765.avi,RWF_2000/train/Train_NonFight/Train_NonFight_765.avi,.avi,5.0,30.0,480,360,mjpeg,150,7.37,12369.0,
RWF_2000,train,No-Violence,Train_NonFight_766.avi,RWF_2000/train/Train_NonFight/Train_NonFight_766.avi,.avi,5.0,30.0,320,240,mjpeg,150,2.43,4079.8,
RWF_2000,train,No-Violence,Train_NonFight_767.avi,RWF_2000/train/Train_NonFight/Train_NonFight_767.avi,.avi,5.0,30.0,640,344,mjpeg,150,2.35,3948.0,
RWF_2000,train,No-Violence,Train_NonFight_768.avi,RWF_2000/train/Train_NonFight/Train_NonFight_768.avi,.avi,5.0,30.0,1280,720,mjpeg,150,9.08,15230.6,
RWF_2000,train,No-Violence,Train_NonFight_769.avi,RWF_2000/train/Train_NonFight/Train_NonFight_769.avi,.avi,5.0,30.0,1280,720,mjpeg,150,13.68,22954.9,
RWF_2000,train,No-Violence,Train_NonFight_770.avi,RWF_2000/train/Train_NonFight/Train_NonFight_770.avi,.avi,5.0,30.0,320,240,mjpeg,150,2.97,4981.6,
RWF_2000,train,No-Violence,Train_NonFight_771.avi,RWF_2000/train/Train_NonFight/Train_NonFight_771.avi,.avi,5.0,30.0,320,240,mjpeg,150,2.48,4154.1,
RWF_2000,train,No-Violence,Train_NonFight_772.avi,RWF_2000/train/Train_NonFight/Train_NonFight_772.avi,.avi,5.0,30.0,1280,720,mjpeg,150,5.85,9813.5,
RWF_2000,train,No-Violence,Train_NonFight_773.avi,RWF_2000/train/Train_NonFight/Train_NonFight_773.avi,.avi,5.0,30.0,320,240,mjpeg,150,2.84,4761.6,
RWF_2000,train,No-Violence,Train_NonFight_774.avi,RWF_2000/train/Train_NonFight/Train_NonFight_774.avi,.avi,5.0,30.0,1280,720,mjpeg,150,20.33,34115.5,
RWF_2000,train,No-Violence,Train_NonFight_775.avi,RWF_2000/train/Train_NonFight/Train_NonFight_775.avi,.avi,5.0,30.0,320,240,mjpeg,150,2.83,4744.1,
RWF_2000,train,No-Violence,Train_NonFight_776.avi,RWF_2000/train/Train_NonFight/Train_NonFight_776.avi,.avi,5.0,30.0,320,240,mjpeg,150,2.98,5007.6,
RWF_2000,train,No-Violence,Train_NonFight_777.avi,RWF_2000/train/Train_NonFight/Train_NonFight_777.avi,.avi,5.0,30.0,320,240,mjpeg,150,3.32,5567.1,
RWF_2000,train,No-Violence,Train_NonFight_778.avi,RWF_2000/train/Train_NonFight/Train_NonFight_778.avi,.avi,5.0,30.0,320,240,mjpeg,150,4.1,6881.8,
RWF_2000,train,No-Violence,Train_NonFight_779.avi,RWF_2000/train/Train_NonFight/Train_NonFight_779.avi,.avi,5.0,30.0,320,240,mjpeg,150,2.09,3501.2,
RWF_2000,train,No-Violence,Train_NonFight_780.avi,RWF_2000/train/Train_NonFight/Train_NonFight_780.avi,.avi,5.0,30.0,1280,720,mjpeg,150,19.27,32323.6,
RWF_2000,train,No-Violence,Train_NonFight_781.avi,RWF_2000/train/Train_NonFight/Train_NonFight_781.avi,.avi,5.0,30.0,464,348,mjpeg,150,2.12,3562.3,
RWF_2000,train,No-Violence,Train_NonFight_782.avi,RWF_2000/train/Train_NonFight/Train_NonFight_782.avi,.avi,5.0,30.0,640,360,mjpeg,150,3.62,6080.7,
RWF_2000,train,No-Violence,Train_NonFight_783.avi,RWF_2000/train/Train_NonFight/Train_NonFight_783.avi,.avi,5.0,30.0,320,240,mjpeg,150,1.92,3213.2,
RWF_2000,train,No-Violence,Train_NonFight_784.avi,RWF_2000/train/Train_NonFight/Train_NonFight_784.avi,.avi,5.0,30.0,320,240,mjpeg,150,3.0,5038.2,
RWF_2000,train,No-Violence,Train_NonFight_785.avi,RWF_2000/train/Train_NonFight/Train_NonFight_785.avi,.avi,5.0,30.0,1280,720,mjpeg,150,14.06,23596.9,
RWF_2000,train,No-Violence,Train_NonFight_786.avi,RWF_2000/train/Train_NonFight/Train_NonFight_786.avi,.avi,5.0,30.0,1920,1080,mjpeg,150,19.77,33164.6,
RWF_2000,train,No-Violence,Train_NonFight_787.avi,RWF_2000/train/Train_NonFight/Train_NonFight_787.avi,.avi,5.0,30.0,640,360,mjpeg,150,1.73,2897.3,
RWF_2000,train,No-Violence,Train_NonFight_788.avi,RWF_2000/train/Train_NonFight/Train_NonFight_788.avi,.avi,5.0,30.0,1920,1080,mjpeg,150,23.19,38898.1,
RWF_2000,train,No-Violence,Train_NonFight_789.avi,RWF_2000/train/Train_NonFight/Train_NonFight_789.avi,.avi,5.0,30.0,320,240,mjpeg,150,2.44,4089.7,
RWF_2000,train,No-Violence,Train_NonFight_790.avi,RWF_2000/train/Train_NonFight/Train_NonFight_790.avi,.avi,5.0,30.0,320,240,mjpeg,150,2.62,4388.3,
RWF_2000,train,No-Violence,Train_NonFight_791.avi,RWF_2000/train/Train_NonFight/Train_NonFight_791.avi,.avi,5.0,30.0,320,240,mjpeg,150,3.55,5963.5,
RWF_2000,train,No-Violence,Train_NonFight_792.avi,RWF_2000/train/Train_NonFight/Train_NonFight_792.avi,.avi,5.0,30.0,320,240,mjpeg,150,3.06,5140.1,
RWF_2000,train,No-Violence,Train_NonFight_793.avi,RWF_2000/train/Train_NonFight/Train_NonFight_793.avi,.avi,5.0,30.0,640,358,mjpeg,150,8.44,14158.6,
RWF_2000,train,No-Violence,Train_NonFight_794.avi,RWF_2000/train/Train_NonFight/Train_NonFight_794.avi,.avi,5.0,30.0,1280,720,mjpeg,150,3.82,6405.3,
RWF_2000,train,No-Violence,Train_NonFight_795.avi,RWF_2000/train/Train_NonFight/Train_NonFight_795.avi,.avi,5.0,30.0,320,240,mjpeg,150,2.85,4787.6,
RWF_2000,train,No-Violence,Train_NonFight_796.avi,RWF_2000/train/Train_NonFight/Train_NonFight_796.avi,.avi,5.0,30.0,1920,1080,mjpeg,150,14.29,23978.5,
RWF_2000,train,No-Violence,Train_NonFight_797.avi,RWF_2000/train/Train_NonFight/Train_NonFight_797.avi,.avi,5.0,30.0,1920,1080,mjpeg,150,19.49,32704.6,
RWF_2000,train,No-Violence,Train_NonFight_798.avi,RWF_2000/train/Train_NonFight/Train_NonFight_798.avi,.avi,5.0,30.0,528,360,mjpeg,150,4.52,7579.1,
RWF_2000,train,No-Violence,Train_NonFight_799.avi,RWF_2000/train/Train_NonFight/Train_NonFight_799.avi,.avi,5.0,30.0,640,360,mjpeg,150,2.31,3869.0,
RWF_2000,train,No-Violence,Train_NonFight_92.avi,RWF_2000/train/Train_NonFight/Train_NonFight_92.avi,.avi,5.0,30.0,320,240,mjpeg,150,2.52,4234.0,
RWF_2000,train,No-Violence,Train_NonFight_99.avi,RWF_2000/train/Train_NonFight/Train_NonFight_99.avi,.avi,5.0,30.0,320,240,mjpeg,150,3.28,5505.9,
RWF_2000,val,Violence,Val_Fight_100.avi,RWF_2000/val/Val_Fight/Val_Fight_100.avi,.avi,5.0,30.0,1280,720,mjpeg,150,9.14,15337.9,
RWF_2000,val,Violence,Val_Fight_106.avi,RWF_2000/val/Val_Fight/Val_Fight_106.avi,.avi,5.0,30.0,480,360,mjpeg,150,3.37,5653.8,
RWF_2000,val,Violence,Val_Fight_107.avi,RWF_2000/val/Val_Fight/Val_Fight_107.avi,.avi,5.0,30.0,480,360,mjpeg,150,5.7,9569.8,
RWF_2000,val,Violence,Val_Fight_110.avi,RWF_2000/val/Val_Fight/Val_Fight_110.avi,.avi,5.0,30.0,640,360,mjpeg,150,4.63,7769.2,
RWF_2000,val,Violence,Val_Fight_112.avi,RWF_2000/val/Val_Fight/Val_Fight_112.avi,.avi,5.0,30.0,1280,720,mjpeg,150,6.48,10878.6,
RWF_2000,val,Violence,Val_Fight_113.avi,RWF_2000/val/Val_Fight/Val_Fight_113.avi,.avi,5.0,30.0,1280,720,mjpeg,150,8.1,13591.4,
RWF_2000,val,Violence,Val_Fight_116.avi,RWF_2000/val/Val_Fight/Val_Fight_116.avi,.avi,5.0,30.0,1280,720,mjpeg,150,5.94,9959.2,
RWF_2000,val,Violence,Val_Fight_118.avi,RWF_2000/val/Val_Fight/Val_Fight_118.avi,.avi,5.0,30.0,1280,720,mjpeg,150,10.99,18435.2,
RWF_2000,val,Violence,Val_Fight_119.avi,RWF_2000/val/Val_Fight/Val_Fight_119.avi,.avi,5.0,30.0,424,320,mjpeg,150,3.8,6383.1,
RWF_2000,val,Violence,Val_Fight_122.avi,RWF_2000/val/Val_Fight/Val_Fight_122.avi,.avi,5.0,30.0,300,240,mjpeg,150,2.25,3767.5,
RWF_2000,val,Violence,Val_Fight_123.avi,RWF_2000/val/Val_Fight/Val_Fight_123.avi,.avi,5.0,30.0,480,360,mjpeg,150,3.68,6171.7,
RWF_2000,val,Violence,Val_Fight_124.avi,RWF_2000/val/Val_Fight/Val_Fight_124.avi,.avi,5.0,30.0,480,360,mjpeg,150,5.36,8991.1,
RWF_2000,val,Violence,Val_Fight_126.avi,RWF_2000/val/Val_Fight/Val_Fight_126.avi,.avi,5.0,30.0,640,360,mjpeg,150,4.61,7734.9,
RWF_2000,val,Violence,Val_Fight_127.avi,RWF_2000/val/Val_Fight/Val_Fight_127.avi,.avi,5.0,30.0,1280,720,mjpeg,150,10.99,18437.2,
RWF_2000,val,Violence,Val_Fight_128.avi,RWF_2000/val/Val_Fight/Val_Fight_128.avi,.avi,5.0,30.0,480,360,mjpeg,150,3.34,5604.5,
RWF_2000,val,Violence,Val_Fight_129.avi,RWF_2000/val/Val_Fight/Val_Fight_129.avi,.avi,5.0,30.0,1280,720,mjpeg,150,10.99,18446.4,
RWF_2000,val,Violence,Val_Fight_130.avi,RWF_2000/val/Val_Fight/Val_Fight_130.avi,.avi,5.0,30.0,1280,720,mjpeg,150,5.28,8860.9,
RWF_2000,val,Violence,Val_Fight_131.avi,RWF_2000/val/Val_Fight/Val_Fight_131.avi,.avi,5.0,30.0,352,288,mjpeg,150,2.93,4909.2,
RWF_2000,val,Violence,Val_Fight_133.avi,RWF_2000/val/Val_Fight/Val_Fight_133.avi,.avi,5.0,30.0,1280,720,mjpeg,150,7.4,12408.0,
RWF_2000,val,Violence,Val_Fight_134.avi,RWF_2000/val/Val_Fight/Val_Fight_134.avi,.avi,5.0,30.0,406,720,mjpeg,150,3.63,6088.2,
RWF_2000,val,Violence,Val_Fight_135.avi,RWF_2000/val/Val_Fight/Val_Fight_135.avi,.avi,5.0,30.0,480,360,mjpeg,150,2.97,4983.1,
RWF_2000,val,Violence,Val_Fight_136.avi,RWF_2000/val/Val_Fight/Val_Fight_136.avi,.avi,5.0,30.0,1280,720,mjpeg,150,6.15,10313.0,
RWF_2000,val,Violence,Val_Fight_137.avi,RWF_2000/val/Val_Fight/Val_Fight_137.avi,.avi,5.0,30.0,640,360,mjpeg,150,5.37,9011.5,
RWF_2000,val,Violence,Val_Fight_139.avi,RWF_2000/val/Val_Fight/Val_Fight_139.avi,.avi,5.0,30.0,320,240,mjpeg,150,1.81,3032.5,
RWF_2000,val,Violence,Val_Fight_140.avi,RWF_2000/val/Val_Fight/Val_Fight_140.avi,.avi,5.0,30.0,640,360,mjpeg,150,2.72,4570.3,
RWF_2000,val,Violence,Val_Fight_142.avi,RWF_2000/val/Val_Fight/Val_Fight_142.avi,.avi,5.0,30.0,1280,720,mjpeg,150,18.54,31098.2,
RWF_2000,val,Violence,Val_Fight_143.avi,RWF_2000/val/Val_Fight/Val_Fight_143.avi,.avi,5.0,30.0,1280,720,mjpeg,150,23.72,39795.4,
RWF_2000,val,Violence,Val_Fight_145.avi,RWF_2000/val/Val_Fight/Val_Fight_145.avi,.avi,5.0,30.0,1280,720,mjpeg,150,10.47,17563.3,
RWF_2000,val,Violence,Val_Fight_146.avi,RWF_2000/val/Val_Fight/Val_Fight_146.avi,.avi,5.0,30.0,1920,1080,mjpeg,150,18.34,30770.1,
RWF_2000,val,Violence,Val_Fight_147.avi,RWF_2000/val/Val_Fight/Val_Fight_147.avi,.avi,5.0,30.0,1280,720,mjpeg,150,12.8,21476.5,
RWF_2000,val,Violence,Val_Fight_148.avi,RWF_2000/val/Val_Fight/Val_Fight_148.avi,.avi,5.0,30.0,300,240,mjpeg,150,1.59,2666.0,
RWF_2000,val,Violence,Val_Fight_151.avi,RWF_2000/val/Val_Fight/Val_Fight_151.avi,.avi,5.0,30.0,920,720,mjpeg,150,13.05,21902.6,
RWF_2000,val,Violence,Val_Fight_154.avi,RWF_2000/val/Val_Fight/Val_Fight_154.avi,.avi,5.0,30.0,300,240,mjpeg,150,2.31,3882.8,
RWF_2000,val,Violence,Val_Fight_155.avi,RWF_2000/val/Val_Fight/Val_Fight_155.avi,.avi,5.0,30.0,320,240,mjpeg,150,1.8,3018.4,
RWF_2000,val,Violence,Val_Fight_156.avi,RWF_2000/val/Val_Fight/Val_Fight_156.avi,.avi,5.0,30.0,1280,720,mjpeg,150,7.63,12801.5,
RWF_2000,val,Violence,Val_Fight_157.avi,RWF_2000/val/Val_Fight/Val_Fight_157.avi,.avi,5.0,30.0,1280,720,mjpeg,150,7.48,12544.1,
RWF_2000,val,Violence,Val_Fight_158.avi,RWF_2000/val/Val_Fight/Val_Fight_158.avi,.avi,5.0,30.0,1280,720,mjpeg,150,6.31,10589.0,
RWF_2000,val,Violence,Val_Fight_159.avi,RWF_2000/val/Val_Fight/Val_Fight_159.avi,.avi,5.0,30.0,1280,720,mjpeg,150,23.42,39284.7,
RWF_2000,val,Violence,Val_Fight_160.avi,RWF_2000/val/Val_Fight/Val_Fight_160.avi,.avi,5.0,30.0,1152,720,mjpeg,150,16.04,26913.4,
RWF_2000,val,Violence,Val_Fight_161.avi,RWF_2000/val/Val_Fight/Val_Fight_161.avi,.avi,5.0,30.0,1280,720,mjpeg,150,17.63,29580.2,
RWF_2000,val,Violence,Val_Fight_162.avi,RWF_2000/val/Val_Fight/Val_Fight_162.avi,.avi,5.0,30.0,1280,720,mjpeg,150,18.14,30439.1,
RWF_2000,val,Violence,Val_Fight_163.avi,RWF_2000/val/Val_Fight/Val_Fight_163.avi,.avi,5.0,30.0,424,320,mjpeg,150,3.73,6258.3,
RWF_2000,val,Violence,Val_Fight_164.avi,RWF_2000/val/Val_Fight/Val_Fight_164.avi,.avi,5.0,30.0,1280,720,mjpeg,150,8.37,14046.1,
RWF_2000,val,Violence,Val_Fight_165.avi,RWF_2000/val/Val_Fight/Val_Fight_165.avi,.avi,5.0,30.0,1280,720,mjpeg,150,10.18,17085.3,
RWF_2000,val,Violence,Val_Fight_166.avi,RWF_2000/val/Val_Fight/Val_Fight_166.avi,.avi,5.0,30.0,1280,720,mjpeg,150,17.4,29199.0,
RWF_2000,val,Violence,Val_Fight_167.avi,RWF_2000/val/Val_Fight/Val_Fight_167.avi,.avi,5.0,30.0,640,360,mjpeg,150,5.31,8908.6,
RWF_2000,val,Violence,Val_Fight_168.avi,RWF_2000/val/Val_Fight/Val_Fight_168.avi,.avi,5.0,30.0,1280,720,mjpeg,150,6.53,10959.0,
RWF_2000,val,Violence,Val_Fight_169.avi,RWF_2000/val/Val_Fight/Val_Fight_169.avi,.avi,5.0,30.0,1280,720,mjpeg,150,8.35,14016.0,
RWF_2000,val,Violence,Val_Fight_170.avi,RWF_2000/val/Val_Fight/Val_Fight_170.avi,.avi,5.0,30.0,480,360,mjpeg,150,2.69,4506.4,
RWF_2000,val,Violence,Val_Fight_173.avi,RWF_2000/val/Val_Fight/Val_Fight_173.avi,.avi,5.0,30.0,640,360,mjpeg,150,4.66,7821.7,
RWF_2000,val,Violence,Val_Fight_174.avi,RWF_2000/val/Val_Fight/Val_Fight_174.avi,.avi,5.0,30.0,1280,720,mjpeg,150,7.52,12617.5,
RWF_2000,val,Violence,Val_Fight_175.avi,RWF_2000/val/Val_Fight/Val_Fight_175.avi,.avi,5.0,30.0,424,320,mjpeg,150,3.79,6354.0,
RWF_2000,val,Violence,Val_Fight_177.avi,RWF_2000/val/Val_Fight/Val_Fight_177.avi,.avi,5.0,30.0,1280,720,mjpeg,150,16.29,27330.8,
RWF_2000,val,Violence,Val_Fight_178.avi,RWF_2000/val/Val_Fight/Val_Fight_178.avi,.avi,5.0,30.0,1280,720,mjpeg,150,8.32,13966.1,
RWF_2000,val,Violence,Val_Fight_179.avi,RWF_2000/val/Val_Fight/Val_Fight_179.avi,.avi,5.0,30.0,640,360,mjpeg,150,4.11,6892.0,
RWF_2000,val,Violence,Val_Fight_180.avi,RWF_2000/val/Val_Fight/Val_Fight_180.avi,.avi,5.0,30.0,1280,720,mjpeg,150,11.76,19731.1,
RWF_2000,val,Violence,Val_Fight_182.avi,RWF_2000/val/Val_Fight/Val_Fight_182.avi,.avi,5.0,30.0,1280,720,mjpeg,150,11.24,18855.8,
RWF_2000,val,Violence,Val_Fight_183.avi,RWF_2000/val/Val_Fight/Val_Fight_183.avi,.avi,5.0,30.0,480,360,mjpeg,150,5.19,8703.8,
RWF_2000,val,Violence,Val_Fight_184.avi,RWF_2000/val/Val_Fight/Val_Fight_184.avi,.avi,5.0,30.0,424,320,mjpeg,150,3.93,6587.9,
RWF_2000,val,Violence,Val_Fight_185.avi,RWF_2000/val/Val_Fight/Val_Fight_185.avi,.avi,5.0,30.0,1280,720,mjpeg,150,10.12,16970.8,
RWF_2000,val,Violence,Val_Fight_186.avi,RWF_2000/val/Val_Fight/Val_Fight_186.avi,.avi,5.0,30.0,300,240,mjpeg,150,1.8,3019.1,
RWF_2000,val,Violence,Val_Fight_187.avi,RWF_2000/val/Val_Fight/Val_Fight_187.avi,.avi,5.0,30.0,480,360,mjpeg,150,3.67,6160.1,
RWF_2000,val,Violence,Val_Fight_189.avi,RWF_2000/val/Val_Fight/Val_Fight_189.avi,.avi,5.0,30.0,1280,720,mjpeg,150,5.52,9264.0,
RWF_2000,val,Violence,Val_Fight_190.avi,RWF_2000/val/Val_Fight/Val_Fight_190.avi,.avi,5.0,30.0,352,288,mjpeg,150,2.89,4846.2,
RWF_2000,val,Violence,Val_Fight_191.avi,RWF_2000/val/Val_Fight/Val_Fight_191.avi,.avi,5.0,30.0,300,240,mjpeg,150,1.96,3291.7,
RWF_2000,val,Violence,Val_Fight_192.avi,RWF_2000/val/Val_Fight/Val_Fight_192.avi,.avi,5.0,30.0,1280,720,mjpeg,150,6.74,11304.5,
RWF_2000,val,Violence,Val_Fight_193.avi,RWF_2000/val/Val_Fight/Val_Fight_193.avi,.avi,5.0,30.0,320,240,mjpeg,150,1.31,2204.9,
RWF_2000,val,Violence,Val_Fight_194.avi,RWF_2000/val/Val_Fight/Val_Fight_194.avi,.avi,5.0,30.0,640,360,mjpeg,150,2.71,4542.5,
RWF_2000,val,Violence,Val_Fight_195.avi,RWF_2000/val/Val_Fight/Val_Fight_195.avi,.avi,5.0,30.0,300,240,mjpeg,150,1.59,2667.8,
RWF_2000,val,Violence,Val_Fight_196.avi,RWF_2000/val/Val_Fight/Val_Fight_196.avi,.avi,5.0,30.0,1280,720,mjpeg,150,8.43,14135.5,
RWF_2000,val,Violence,Val_Fight_197.avi,RWF_2000/val/Val_Fight/Val_Fight_197.avi,.avi,5.0,30.0,640,356,mjpeg,150,4.12,6910.0,
RWF_2000,val,Violence,Val_Fight_198.avi,RWF_2000/val/Val_Fight/Val_Fight_198.avi,.avi,5.0,30.0,406,720,mjpeg,150,3.63,6087.6,
RWF_2000,val,Violence,Val_Fight_199.avi,RWF_2000/val/Val_Fight/Val_Fight_199.avi,.avi,5.0,30.0,1280,720,mjpeg,150,14.79,24818.2,
RWF_2000,val,Violence,Val_Fight_28.avi,RWF_2000/val/Val_Fight/Val_Fight_28.avi,.avi,5.0,30.0,406,720,mjpeg,150,3.46,5806.4,
RWF_2000,val,Violence,Val_Fight_29.avi,RWF_2000/val/Val_Fight/Val_Fight_29.avi,.avi,5.0,30.0,640,360,mjpeg,150,4.77,8009.8,
RWF_2000,val,Violence,Val_Fight_30.avi,RWF_2000/val/Val_Fight/Val_Fight_30.avi,.avi,5.0,30.0,1280,720,mjpeg,150,18.03,30244.4,
RWF_2000,val,Violence,Val_Fight_38.avi,RWF_2000/val/Val_Fight/Val_Fight_38.avi,.avi,5.0,30.0,1280,720,mjpeg,150,18.13,30411.5,
RWF_2000,val,Violence,Val_Fight_40.avi,RWF_2000/val/Val_Fight/Val_Fight_40.avi,.avi,5.0,30.0,1280,720,mjpeg,150,6.25,10479.1,
RWF_2000,val,Violence,Val_Fight_45.avi,RWF_2000/val/Val_Fight/Val_Fight_45.avi,.avi,5.0,30.0,1280,720,mjpeg,150,13.03,21867.2,
RWF_2000,val,Violence,Val_Fight_48.avi,RWF_2000/val/Val_Fight/Val_Fight_48.avi,.avi,5.0,30.0,1280,720,mjpeg,150,9.22,15468.5,
RWF_2000,val,Violence,Val_Fight_49.avi,RWF_2000/val/Val_Fight/Val_Fight_49.avi,.avi,5.0,30.0,1280,720,mjpeg,150,11.4,19120.3,
RWF_2000,val,Violence,Val_Fight_56.avi,RWF_2000/val/Val_Fight/Val_Fight_56.avi,.avi,5.0,30.0,1280,720,mjpeg,150,6.41,10748.9,
RWF_2000,val,Violence,Val_Fight_57.avi,RWF_2000/val/Val_Fight/Val_Fight_57.avi,.avi,5.0,30.0,352,288,mjpeg,150,2.93,4922.4,
RWF_2000,val,Violence,Val_Fight_58.avi,RWF_2000/val/Val_Fight/Val_Fight_58.avi,.avi,5.0,30.0,1280,720,mjpeg,150,8.5,14256.9,
RWF_2000,val,Violence,Val_Fight_61.avi,RWF_2000/val/Val_Fight/Val_Fight_61.avi,.avi,5.0,30.0,1280,720,mjpeg,150,8.39,14080.9,
RWF_2000,val,Violence,Val_Fight_64.avi,RWF_2000/val/Val_Fight/Val_Fight_64.avi,.avi,5.0,30.0,1280,720,mjpeg,150,21.28,35705.6,
RWF_2000,val,Violence,Val_Fight_65.avi,RWF_2000/val/Val_Fight/Val_Fight_65.avi,.avi,5.0,30.0,480,360,mjpeg,150,3.43,5762.5,
RWF_2000,val,Violence,Val_Fight_67.avi,RWF_2000/val/Val_Fight/Val_Fight_67.avi,.avi,5.0,30.0,480,360,mjpeg,150,5.49,9208.0,
RWF_2000,val,Violence,Val_Fight_77.avi,RWF_2000/val/Val_Fight/Val_Fight_77.avi,.avi,5.0,30.0,640,360,mjpeg,150,4.29,7193.1,
RWF_2000,val,Violence,Val_Fight_79.avi,RWF_2000/val/Val_Fight/Val_Fight_79.avi,.avi,5.0,30.0,1280,720,mjpeg,150,11.39,19107.5,
RWF_2000,val,Violence,Val_Fight_83.avi,RWF_2000/val/Val_Fight/Val_Fight_83.avi,.avi,5.0,30.0,424,320,mjpeg,150,3.82,6409.3,
RWF_2000,val,Violence,Val_Fight_84.avi,RWF_2000/val/Val_Fight/Val_Fight_84.avi,.avi,5.0,30.0,640,360,mjpeg,150,3.58,6014.1,
RWF_2000,val,Violence,Val_Fight_85.avi,RWF_2000/val/Val_Fight/Val_Fight_85.avi,.avi,5.0,30.0,640,360,mjpeg,150,2.68,4492.0,
RWF_2000,val,Violence,Val_Fight_88.avi,RWF_2000/val/Val_Fight/Val_Fight_88.avi,.avi,5.0,30.0,424,320,mjpeg,150,3.87,6486.4,
RWF_2000,val,Violence,Val_Fight_90.avi,RWF_2000/val/Val_Fight/Val_Fight_90.avi,.avi,5.0,30.0,1280,720,mjpeg,150,6.15,10314.2,
RWF_2000,val,Violence,Val_Fight_94.avi,RWF_2000/val/Val_Fight/Val_Fight_94.avi,.avi,5.0,30.0,1280,720,mjpeg,150,18.13,30409.2,
RWF_2000,val,Violence,Val_Fight_98.avi,RWF_2000/val/Val_Fight/Val_Fight_98.avi,.avi,5.0,30.0,1280,720,mjpeg,150,17.06,28627.7,
RWF_2000,val,No-Violence,Val_NonFight_100.avi,RWF_2000/val/Val_NonFight/Val_NonFight_100.avi,.avi,5.0,30.0,320,240,mjpeg,150,2.65,4451.5,
RWF_2000,val,No-Violence,Val_NonFight_102.avi,RWF_2000/val/Val_NonFight/Val_NonFight_102.avi,.avi,5.0,30.0,320,240,mjpeg,150,2.58,4331.8,
RWF_2000,val,No-Violence,Val_NonFight_104.avi,RWF_2000/val/Val_NonFight/Val_NonFight_104.avi,.avi,5.0,30.0,1280,720,mjpeg,150,22.56,37853.5,
RWF_2000,val,No-Violence,Val_NonFight_106.avi,RWF_2000/val/Val_NonFight/Val_NonFight_106.avi,.avi,5.0,30.0,1280,720,mjpeg,150,6.25,10478.7,
RWF_2000,val,No-Violence,Val_NonFight_108.avi,RWF_2000/val/Val_NonFight/Val_NonFight_108.avi,.avi,5.0,30.0,1280,720,mjpeg,150,6.55,10985.5,
RWF_2000,val,No-Violence,Val_NonFight_109.avi,RWF_2000/val/Val_NonFight/Val_NonFight_109.avi,.avi,5.0,30.0,320,240,mjpeg,150,3.5,5864.1,
RWF_2000,val,No-Violence,Val_NonFight_111.avi,RWF_2000/val/Val_NonFight/Val_NonFight_111.avi,.avi,5.0,30.0,320,240,mjpeg,150,2.69,4509.6,
RWF_2000,val,No-Violence,Val_NonFight_113.avi,RWF_2000/val/Val_NonFight/Val_NonFight_113.avi,.avi,5.0,30.0,320,240,mjpeg,150,4.35,7290.8,
RWF_2000,val,No-Violence,Val_NonFight_114.avi,RWF_2000/val/Val_NonFight/Val_NonFight_114.avi,.avi,5.0,30.0,320,240,mjpeg,150,2.06,3457.0,
RWF_2000,val,No-Violence,Val_NonFight_117.avi,RWF_2000/val/Val_NonFight/Val_NonFight_117.avi,.avi,5.0,30.0,480,360,mjpeg,150,5.54,9297.3,
RWF_2000,val,No-Violence,Val_NonFight_118.avi,RWF_2000/val/Val_NonFight/Val_NonFight_118.avi,.avi,5.0,30.0,320,240,mjpeg,150,2.88,4829.0,
RWF_2000,val,No-Violence,Val_NonFight_119.avi,RWF_2000/val/Val_NonFight/Val_NonFight_119.avi,.avi,5.0,30.0,320,240,mjpeg,150,1.53,2571.5,
RWF_2000,val,No-Violence,Val_NonFight_120.avi,RWF_2000/val/Val_NonFight/Val_NonFight_120.avi,.avi,5.0,30.0,1280,720,mjpeg,150,19.27,32332.6,
RWF_2000,val,No-Violence,Val_NonFight_122.avi,RWF_2000/val/Val_NonFight/Val_NonFight_122.avi,.avi,5.0,30.0,320,240,mjpeg,150,3.04,5106.0,
RWF_2000,val,No-Violence,Val_NonFight_123.avi,RWF_2000/val/Val_NonFight/Val_NonFight_123.avi,.avi,5.0,30.0,320,240,mjpeg,150,3.55,5957.3,
RWF_2000,val,No-Violence,Val_NonFight_124.avi,RWF_2000/val/Val_NonFight/Val_NonFight_124.avi,.avi,5.0,30.0,320,240,mjpeg,150,3.31,5552.3,
RWF_2000,val,No-Violence,Val_NonFight_126.avi,RWF_2000/val/Val_NonFight/Val_NonFight_126.avi,.avi,5.0,30.0,320,240,mjpeg,150,3.3,5534.8,
RWF_2000,val,No-Violence,Val_NonFight_130.avi,RWF_2000/val/Val_NonFight/Val_NonFight_130.avi,.avi,5.0,30.0,320,240,mjpeg,150,2.95,4956.6,
RWF_2000,val,No-Violence,Val_NonFight_131.avi,RWF_2000/val/Val_NonFight/Val_NonFight_131.avi,.avi,5.0,30.0,320,240,mjpeg,150,3.17,5319.3,
RWF_2000,val,No-Violence,Val_NonFight_132.avi,RWF_2000/val/Val_NonFight/Val_NonFight_132.avi,.avi,5.0,30.0,320,240,mjpeg,150,1.73,2904.0,
RWF_2000,val,No-Violence,Val_NonFight_136.avi,RWF_2000/val/Val_NonFight/Val_NonFight_136.avi,.avi,5.0,30.0,320,240,mjpeg,150,2.15,3614.3,
RWF_2000,val,No-Violence,Val_NonFight_137.avi,RWF_2000/val/Val_NonFight/Val_NonFight_137.avi,.avi,5.0,30.0,640,360,mjpeg,150,2.69,4515.9,
RWF_2000,val,No-Violence,Val_NonFight_138.avi,RWF_2000/val/Val_NonFight/Val_NonFight_138.avi,.avi,5.0,30.0,320,240,mjpeg,150,1.47,2470.4,
RWF_2000,val,No-Violence,Val_NonFight_139.avi,RWF_2000/val/Val_NonFight/Val_NonFight_139.avi,.avi,5.0,30.0,432,240,mjpeg,150,1.99,3335.4,
RWF_2000,val,No-Violence,Val_NonFight_140.avi,RWF_2000/val/Val_NonFight/Val_NonFight_140.avi,.avi,5.0,30.0,640,358,mjpeg,150,2.26,3790.4,
RWF_2000,val,No-Violence,Val_NonFight_141.avi,RWF_2000/val/Val_NonFight/Val_NonFight_141.avi,.avi,5.0,30.0,320,240,mjpeg,150,2.96,4974.4,
RWF_2000,val,No-Violence,Val_NonFight_142.avi,RWF_2000/val/Val_NonFight/Val_NonFight_142.avi,.avi,5.0,30.0,320,240,mjpeg,150,3.41,5721.5,
RWF_2000,val,No-Violence,Val_NonFight_144.avi,RWF_2000/val/Val_NonFight/Val_NonFight_144.avi,.avi,5.0,30.0,320,240,mjpeg,150,3.62,6081.1,
RWF_2000,val,No-Violence,Val_NonFight_146.avi,RWF_2000/val/Val_NonFight/Val_NonFight_146.avi,.avi,5.0,30.0,320,240,mjpeg,150,2.85,4788.4,
RWF_2000,val,No-Violence,Val_NonFight_147.avi,RWF_2000/val/Val_NonFight/Val_NonFight_147.avi,.avi,5.0,30.0,320,240,mjpeg,150,3.07,5158.1,
RWF_2000,val,No-Violence,Val_NonFight_149.avi,RWF_2000/val/Val_NonFight/Val_NonFight_149.avi,.avi,5.0,30.0,320,240,mjpeg,150,2.44,4090.5,
RWF_2000,val,No-Violence,Val_NonFight_150.avi,RWF_2000/val/Val_NonFight/Val_NonFight_150.avi,.avi,5.0,30.0,320,240,mjpeg,150,3.04,5093.3,
RWF_2000,val,No-Violence,Val_NonFight_151.avi,RWF_2000/val/Val_NonFight/Val_NonFight_151.avi,.avi,5.0,30.0,320,240,mjpeg,150,2.54,4264.9,
RWF_2000,val,No-Violence,Val_NonFight_152.avi,RWF_2000/val/Val_NonFight/Val_NonFight_152.avi,.avi,5.0,30.0,1280,720,mjpeg,150,20.69,34710.6,
RWF_2000,val,No-Violence,Val_NonFight_153.avi,RWF_2000/val/Val_NonFight/Val_NonFight_153.avi,.avi,5.0,30.0,528,360,mjpeg,150,3.09,5192.5,
RWF_2000,val,No-Violence,Val_NonFight_154.avi,RWF_2000/val/Val_NonFight/Val_NonFight_154.avi,.avi,5.0,30.0,1280,720,mjpeg,150,12.0,20132.4,
RWF_2000,val,No-Violence,Val_NonFight_155.avi,RWF_2000/val/Val_NonFight/Val_NonFight_155.avi,.avi,5.0,30.0,320,240,mjpeg,150,2.49,4172.9,
RWF_2000,val,No-Violence,Val_NonFight_156.avi,RWF_2000/val/Val_NonFight/Val_NonFight_156.avi,.avi,5.0,30.0,1280,720,mjpeg,150,15.22,25539.6,
RWF_2000,val,No-Violence,Val_NonFight_157.avi,RWF_2000/val/Val_NonFight/Val_NonFight_157.avi,.avi,5.0,30.0,320,240,mjpeg,150,2.52,4235.6,
RWF_2000,val,No-Violence,Val_NonFight_158.avi,RWF_2000/val/Val_NonFight/Val_NonFight_158.avi,.avi,5.0,30.0,320,240,mjpeg,150,1.96,3288.2,
RWF_2000,val,No-Violence,Val_NonFight_159.avi,RWF_2000/val/Val_NonFight/Val_NonFight_159.avi,.avi,5.0,30.0,320,240,mjpeg,150,2.57,4318.4,
RWF_2000,val,No-Violence,Val_NonFight_160.avi,RWF_2000/val/Val_NonFight/Val_NonFight_160.avi,.avi,5.0,30.0,1280,720,mjpeg,150,11.45,19208.3,
RWF_2000,val,No-Violence,Val_NonFight_161.avi,RWF_2000/val/Val_NonFight/Val_NonFight_161.avi,.avi,5.0,30.0,1280,720,mjpeg,150,6.41,10757.2,
RWF_2000,val,No-Violence,Val_NonFight_162.avi,RWF_2000/val/Val_NonFight/Val_NonFight_162.avi,.avi,5.0,30.0,320,240,mjpeg,150,3.88,6503.1,
RWF_2000,val,No-Violence,Val_NonFight_163.avi,RWF_2000/val/Val_NonFight/Val_NonFight_163.avi,.avi,5.0,30.0,480,360,mjpeg,150,3.45,5796.0,
RWF_2000,val,No-Violence,Val_NonFight_165.avi,RWF_2000/val/Val_NonFight/Val_NonFight_165.avi,.avi,5.0,30.0,320,240,mjpeg,150,2.09,3509.8,
RWF_2000,val,No-Violence,Val_NonFight_167.avi,RWF_2000/val/Val_NonFight/Val_NonFight_167.avi,.avi,5.0,30.0,1280,720,mjpeg,150,9.54,16006.0,
RWF_2000,val,No-Violence,Val_NonFight_168.avi,RWF_2000/val/Val_NonFight/Val_NonFight_168.avi,.avi,5.0,30.0,320,240,mjpeg,150,2.61,4370.5,
RWF_2000,val,No-Violence,Val_NonFight_170.avi,RWF_2000/val/Val_NonFight/Val_NonFight_170.avi,.avi,5.0,30.0,1280,720,mjpeg,150,7.76,13017.2,
RWF_2000,val,No-Violence,Val_NonFight_171.avi,RWF_2000/val/Val_NonFight/Val_NonFight_171.avi,.avi,5.0,30.0,1152,720,mjpeg,150,16.03,26889.4,
RWF_2000,val,No-Violence,Val_NonFight_172.avi,RWF_2000/val/Val_NonFight/Val_NonFight_172.avi,.avi,5.0,30.0,320,240,mjpeg,150,3.16,5304.2,
RWF_2000,val,No-Violence,Val_NonFight_173.avi,RWF_2000/val/Val_NonFight/Val_NonFight_173.avi,.avi,5.0,30.0,320,240,mjpeg,150,1.11,1857.9,
RWF_2000,val,No-Violence,Val_NonFight_175.avi,RWF_2000/val/Val_NonFight/Val_NonFight_175.avi,.avi,5.0,30.0,1280,720,mjpeg,150,28.04,47039.7,
RWF_2000,val,No-Violence,Val_NonFight_176.avi,RWF_2000/val/Val_NonFight/Val_NonFight_176.avi,.avi,5.0,30.0,1280,720,mjpeg,150,17.22,28882.3,
RWF_2000,val,No-Violence,Val_NonFight_178.avi,RWF_2000/val/Val_NonFight/Val_NonFight_178.avi,.avi,5.0,30.0,320,240,mjpeg,150,1.56,2613.8,
RWF_2000,val,No-Violence,Val_NonFight_180.avi,RWF_2000/val/Val_NonFight/Val_NonFight_180.avi,.avi,5.0,30.0,320,240,mjpeg,150,2.92,4904.7,
RWF_2000,val,No-Violence,Val_NonFight_181.avi,RWF_2000/val/Val_NonFight/Val_NonFight_181.avi,.avi,5.0,30.0,1280,720,mjpeg,150,21.92,36767.9,
RWF_2000,val,No-Violence,Val_NonFight_182.avi,RWF_2000/val/Val_NonFight/Val_NonFight_182.avi,.avi,5.0,30.0,320,240,mjpeg,150,4.11,6898.6,
RWF_2000,val,No-Violence,Val_NonFight_183.avi,RWF_2000/val/Val_NonFight/Val_NonFight_183.avi,.avi,5.0,30.0,320,240,mjpeg,150,2.93,4914.7,
RWF_2000,val,No-Violence,Val_NonFight_184.avi,RWF_2000/val/Val_NonFight/Val_NonFight_184.avi,.avi,5.0,30.0,320,240,mjpeg,150,2.14,3590.4,
RWF_2000,val,No-Violence,Val_NonFight_185.avi,RWF_2000/val/Val_NonFight/Val_NonFight_185.avi,.avi,5.0,30.0,320,240,mjpeg,150,3.04,5095.7,
RWF_2000,val,No-Violence,Val_NonFight_186.avi,RWF_2000/val/Val_NonFight/Val_NonFight_186.avi,.avi,5.0,30.0,320,240,mjpeg,150,2.69,4516.3,
RWF_2000,val,No-Violence,Val_NonFight_187.avi,RWF_2000/val/Val_NonFight/Val_NonFight_187.avi,.avi,5.0,30.0,480,360,mjpeg,150,4.43,7439.6,
RWF_2000,val,No-Violence,Val_NonFight_189.avi,RWF_2000/val/Val_NonFight/Val_NonFight_189.avi,.avi,5.0,30.0,320,240,mjpeg,150,3.04,5101.7,
RWF_2000,val,No-Violence,Val_NonFight_190.avi,RWF_2000/val/Val_NonFight/Val_NonFight_190.avi,.avi,5.0,30.0,320,240,mjpeg,150,2.16,3618.0,
RWF_2000,val,No-Violence,Val_NonFight_191.avi,RWF_2000/val/Val_NonFight/Val_NonFight_191.avi,.avi,5.0,30.0,1280,720,mjpeg,150,23.66,39686.6,
RWF_2000,val,No-Violence,Val_NonFight_192.avi,RWF_2000/val/Val_NonFight/Val_NonFight_192.avi,.avi,5.0,30.0,424,320,mjpeg,150,3.9,6548.5,
RWF_2000,val,No-Violence,Val_NonFight_193.avi,RWF_2000/val/Val_NonFight/Val_NonFight_193.avi,.avi,5.0,30.0,320,240,mjpeg,150,3.06,5127.0,
RWF_2000,val,No-Violence,Val_NonFight_194.avi,RWF_2000/val/Val_NonFight/Val_NonFight_194.avi,.avi,5.0,30.0,320,240,mjpeg,150,2.28,3822.7,
RWF_2000,val,No-Violence,Val_NonFight_195.avi,RWF_2000/val/Val_NonFight/Val_NonFight_195.avi,.avi,5.0,30.0,1280,720,mjpeg,150,21.66,36334.2,
RWF_2000,val,No-Violence,Val_NonFight_196.avi,RWF_2000/val/Val_NonFight/Val_NonFight_196.avi,.avi,5.0,30.0,1280,720,mjpeg,150,9.69,16256.6,
RWF_2000,val,No-Violence,Val_NonFight_197.avi,RWF_2000/val/Val_NonFight/Val_NonFight_197.avi,.avi,5.0,30.0,320,240,mjpeg,150,2.13,3571.6,
RWF_2000,val,No-Violence,Val_NonFight_198.avi,RWF_2000/val/Val_NonFight/Val_NonFight_198.avi,.avi,5.0,30.0,320,240,mjpeg,150,0.64,1078.0,
RWF_2000,val,No-Violence,Val_NonFight_199.avi,RWF_2000/val/Val_NonFight/Val_NonFight_199.avi,.avi,5.0,30.0,1280,720,mjpeg,150,8.76,14691.2,
RWF_2000,val,No-Violence,Val_NonFight_24.avi,RWF_2000/val/Val_NonFight/Val_NonFight_24.avi,.avi,5.0,30.0,320,240,mjpeg,150,1.62,2711.2,
RWF_2000,val,No-Violence,Val_NonFight_31.avi,RWF_2000/val/Val_NonFight/Val_NonFight_31.avi,.avi,5.0,30.0,1280,720,mjpeg,150,13.32,22341.7,
RWF_2000,val,No-Violence,Val_NonFight_42.avi,RWF_2000/val/Val_NonFight/Val_NonFight_42.avi,.avi,5.0,30.0,320,240,mjpeg,150,2.36,3956.9,
RWF_2000,val,No-Violence,Val_NonFight_44.avi,RWF_2000/val/Val_NonFight/Val_NonFight_44.avi,.avi,5.0,30.0,320,240,mjpeg,150,2.1,3519.8,
RWF_2000,val,No-Violence,Val_NonFight_45.avi,RWF_2000/val/Val_NonFight/Val_NonFight_45.avi,.avi,5.0,30.0,470,360,mjpeg,150,4.1,6873.1,
RWF_2000,val,No-Violence,Val_NonFight_50.avi,RWF_2000/val/Val_NonFight/Val_NonFight_50.avi,.avi,5.0,30.0,320,240,mjpeg,150,2.87,4813.7,
RWF_2000,val,No-Violence,Val_NonFight_52.avi,RWF_2000/val/Val_NonFight/Val_NonFight_52.avi,.avi,5.0,30.0,320,240,mjpeg,150,3.2,5372.2,
RWF_2000,val,No-Violence,Val_NonFight_58.avi,RWF_2000/val/Val_NonFight/Val_NonFight_58.avi,.avi,5.0,30.0,1280,720,mjpeg,150,6.37,10690.2,
RWF_2000,val,No-Violence,Val_NonFight_59.avi,RWF_2000/val/Val_NonFight/Val_NonFight_59.avi,.avi,5.0,30.0,320,240,mjpeg,150,2.49,4176.3,
RWF_2000,val,No-Violence,Val_NonFight_60.avi,RWF_2000/val/Val_NonFight/Val_NonFight_60.avi,.avi,5.0,30.0,320,240,mjpeg,150,1.72,2887.2,
RWF_2000,val,No-Violence,Val_NonFight_61.avi,RWF_2000/val/Val_NonFight/Val_NonFight_61.avi,.avi,5.0,30.0,320,240,mjpeg,150,2.76,4634.2,
RWF_2000,val,No-Violence,Val_NonFight_65.avi,RWF_2000/val/Val_NonFight/Val_NonFight_65.avi,.avi,5.0,30.0,320,240,mjpeg,150,3.5,5870.4,
RWF_2000,val,No-Violence,Val_NonFight_67.avi,RWF_2000/val/Val_NonFight/Val_NonFight_67.avi,.avi,5.0,30.0,1280,720,mjpeg,150,6.48,10868.5,
RWF_2000,val,No-Violence,Val_NonFight_73.avi,RWF_2000/val/Val_NonFight/Val_NonFight_73.avi,.avi,5.0,30.0,1280,720,mjpeg,150,9.97,16729.7,
RWF_2000,val,No-Violence,Val_NonFight_74.avi,RWF_2000/val/Val_NonFight/Val_NonFight_74.avi,.avi,5.0,30.0,1280,720,mjpeg,150,19.78,33192.3,
RWF_2000,val,No-Violence,Val_NonFight_78.avi,RWF_2000/val/Val_NonFight/Val_NonFight_78.avi,.avi,5.0,30.0,320,240,mjpeg,150,3.49,5857.4,
RWF_2000,val,No-Violence,Val_NonFight_80.avi,RWF_2000/val/Val_NonFight/Val_NonFight_80.avi,.avi,5.0,30.0,320,240,mjpeg,150,3.9,6548.2,
RWF_2000,val,No-Violence,Val_NonFight_82.avi,RWF_2000/val/Val_NonFight/Val_NonFight_82.avi,.avi,5.0,30.0,320,240,mjpeg,150,2.45,4108.0,
RWF_2000,val,No-Violence,Val_NonFight_86.avi,RWF_2000/val/Val_NonFight/Val_NonFight_86.avi,.avi,5.0,30.0,1280,720,mjpeg,150,9.39,15749.7,
RWF_2000,val,No-Violence,Val_NonFight_89.avi,RWF_2000/val/Val_NonFight/Val_NonFight_89.avi,.avi,5.0,30.0,320,240,mjpeg,150,3.19,5355.7,
RWF_2000,val,No-Violence,Val_NonFight_91.avi,RWF_2000/val/Val_NonFight/Val_NonFight_91.avi,.avi,5.0,30.0,1280,720,mjpeg,150,6.41,10753.8,
RWF_2000,val,No-Violence,Val_NonFight_96.avi,RWF_2000/val/Val_NonFight/Val_NonFight_96.avi,.avi,5.0,30.0,320,240,mjpeg,150,2.33,3916.1,
RWF_2000,val,No-Violence,Val_NonFight_97.avi,RWF_2000/val/Val_NonFight/Val_NonFight_97.avi,.avi,5.0,30.0,320,240,mjpeg,150,3.41,5726.4,
RWF_2000,val,No-Violence,Val_NonFight_98.avi,RWF_2000/val/Val_NonFight/Val_NonFight_98.avi,.avi,5.0,30.0,320,240,mjpeg,150,4.45,7470.2,
hockeyFights,all,Violence,fi100_xvid.mp4,hockeyFights/fights/fi100_xvid.mp4,.mp4,1.6,25.0,360,288,mpeg4,40,0.22,1127.6,
hockeyFights,all,Violence,fi101_xvid.mp4,hockeyFights/fights/fi101_xvid.mp4,.mp4,1.6,25.0,360,288,mpeg4,40,0.23,1199.9,
hockeyFights,all,Violence,fi102_xvid.mp4,hockeyFights/fights/fi102_xvid.mp4,.mp4,1.6,25.0,360,288,mpeg4,40,0.22,1168.3,
hockeyFights,all,Violence,fi103_xvid.mp4,hockeyFights/fights/fi103_xvid.mp4,.mp4,1.6,25.0,360,288,mpeg4,40,0.22,1163.7,
hockeyFights,all,Violence,fi104_xvid.mp4,hockeyFights/fights/fi104_xvid.mp4,.mp4,1.6,25.0,360,288,mpeg4,40,0.21,1121.8,
hockeyFights,all,Violence,fi105_xvid.mp4,hockeyFights/fights/fi105_xvid.mp4,.mp4,1.6,25.0,360,288,mpeg4,40,0.23,1214.5,
hockeyFights,all,Violence,fi106_xvid.mp4,hockeyFights/fights/fi106_xvid.mp4,.mp4,1.6,25.0,360,288,mpeg4,40,0.24,1234.3,
hockeyFights,all,Violence,fi107_xvid.mp4,hockeyFights/fights/fi107_xvid.mp4,.mp4,1.6,25.0,360,288,mpeg4,40,0.23,1180.9,
hockeyFights,all,Violence,fi108_xvid.mp4,hockeyFights/fights/fi108_xvid.mp4,.mp4,1.6,25.0,360,288,mpeg4,40,0.21,1124.3,
hockeyFights,all,Violence,fi109_xvid.mp4,hockeyFights/fights/fi109_xvid.mp4,.mp4,1.6,25.0,360,288,mpeg4,40,0.21,1122.4,
hockeyFights,all,Violence,fi10_xvid.mp4,hockeyFights/fights/fi10_xvid.mp4,.mp4,1.6,25.0,360,288,mpeg4,40,0.2,1057.2,
hockeyFights,all,Violence,fi110_xvid.mp4,hockeyFights/fights/fi110_xvid.mp4,.mp4,1.6,25.0,360,288,mpeg4,40,0.22,1171.6,
hockeyFights,all,Violence,fi111_xvid.mp4,hockeyFights/fights/fi111_xvid.mp4,.mp4,1.6,25.0,360,288,mpeg4,40,0.22,1146.2,
hockeyFights,all,Violence,fi112_xvid.mp4,hockeyFights/fights/fi112_xvid.mp4,.mp4,1.6,25.0,360,288,mpeg4,40,0.21,1114.9,
hockeyFights,all,Violence,fi113_xvid.mp4,hockeyFights/fights/fi113_xvid.mp4,.mp4,1.6,25.0,360,288,mpeg4,40,0.22,1141.4,
hockeyFights,all,Violence,fi114_xvid.mp4,hockeyFights/fights/fi114_xvid.mp4,.mp4,1.6,25.0,360,288,mpeg4,40,0.22,1172.4,
hockeyFights,all,Violence,fi115_xvid.mp4,hockeyFights/fights/fi115_xvid.mp4,.mp4,1.6,25.0,360,288,mpeg4,40,0.22,1158.0,
hockeyFights,all,Violence,fi116_xvid.mp4,hockeyFights/fights/fi116_xvid.mp4,.mp4,1.6,25.0,360,288,mpeg4,40,0.22,1177.2,
hockeyFights,all,Violence,fi117_xvid.mp4,hockeyFights/fights/fi117_xvid.mp4,.mp4,1.6,25.0,360,288,mpeg4,40,0.22,1148.8,
hockeyFights,all,Violence,fi118_xvid.mp4,hockeyFights/fights/fi118_xvid.mp4,.mp4,1.6,25.0,360,288,mpeg4,40,0.22,1127.9,
hockeyFights,all,Violence,fi119_xvid.mp4,hockeyFights/fights/fi119_xvid.mp4,.mp4,1.6,25.0,360,288,mpeg4,40,0.22,1154.3,
hockeyFights,all,Violence,fi11_xvid.mp4,hockeyFights/fights/fi11_xvid.mp4,.mp4,1.6,25.0,360,288,mpeg4,40,0.21,1079.1,
hockeyFights,all,Violence,fi120_xvid.mp4,hockeyFights/fights/fi120_xvid.mp4,.mp4,1.6,25.0,360,288,mpeg4,40,0.23,1181.6,
hockeyFights,all,Violence,fi121_xvid.mp4,hockeyFights/fights/fi121_xvid.mp4,.mp4,1.6,25.0,360,288,mpeg4,40,0.22,1168.1,
hockeyFights,all,Violence,fi122_xvid.mp4,hockeyFights/fights/fi122_xvid.mp4,.mp4,1.6,25.0,360,288,mpeg4,40,0.23,1181.4,
hockeyFights,all,Violence,fi123_xvid.mp4,hockeyFights/fights/fi123_xvid.mp4,.mp4,1.6,25.0,360,288,mpeg4,40,0.19,982.9,
hockeyFights,all,Violence,fi124_xvid.mp4,hockeyFights/fights/fi124_xvid.mp4,.mp4,1.6,25.0,360,288,mpeg4,40,0.23,1186.8,
hockeyFights,all,Violence,fi125_xvid.mp4,hockeyFights/fights/fi125_xvid.mp4,.mp4,1.6,25.0,360,288,mpeg4,40,0.22,1171.5,
hockeyFights,all,Violence,fi126_xvid.mp4,hockeyFights/fights/fi126_xvid.mp4,.mp4,1.6,25.0,360,288,mpeg4,40,0.2,1067.7,
hockeyFights,all,Violence,fi127_xvid.mp4,hockeyFights/fights/fi127_xvid.mp4,.mp4,1.6,25.0,360,288,mpeg4,40,0.2,1057.6,
hockeyFights,all,Violence,fi128_xvid.mp4,hockeyFights/fights/fi128_xvid.mp4,.mp4,1.6,25.0,360,288,mpeg4,40,0.19,980.0,
hockeyFights,all,Violence,fi129_xvid.mp4,hockeyFights/fights/fi129_xvid.mp4,.mp4,1.6,25.0,360,288,mpeg4,40,0.19,978.0,
hockeyFights,all,Violence,fi12_xvid.mp4,hockeyFights/fights/fi12_xvid.mp4,.mp4,1.6,25.0,360,288,mpeg4,40,0.2,1029.3,
hockeyFights,all,Violence,fi130_xvid.mp4,hockeyFights/fights/fi130_xvid.mp4,.mp4,1.6,25.0,360,288,mpeg4,40,0.2,1035.5,
hockeyFights,all,Violence,fi131_xvid.mp4,hockeyFights/fights/fi131_xvid.mp4,.mp4,1.6,25.0,360,288,mpeg4,40,0.19,1001.6,
hockeyFights,all,Violence,fi132_xvid.mp4,hockeyFights/fights/fi132_xvid.mp4,.mp4,1.6,25.0,360,288,mpeg4,40,0.18,956.8,
hockeyFights,all,Violence,fi133_xvid.mp4,hockeyFights/fights/fi133_xvid.mp4,.mp4,1.6,25.0,360,288,mpeg4,40,0.19,1002.8,
hockeyFights,all,Violence,fi134_xvid.mp4,hockeyFights/fights/fi134_xvid.mp4,.mp4,1.6,25.0,360,288,mpeg4,40,0.18,926.4,
hockeyFights,all,Violence,fi135_xvid.mp4,hockeyFights/fights/fi135_xvid.mp4,.mp4,1.6,25.0,360,288,mpeg4,40,0.19,984.6,
hockeyFights,all,Violence,fi136_xvid.mp4,hockeyFights/fights/fi136_xvid.mp4,.mp4,1.6,25.0,360,288,mpeg4,40,0.19,977.5,
hockeyFights,all,Violence,fi137_xvid.mp4,hockeyFights/fights/fi137_xvid.mp4,.mp4,1.6,25.0,360,288,mpeg4,40,0.21,1091.6,
hockeyFights,all,Violence,fi138_xvid.mp4,hockeyFights/fights/fi138_xvid.mp4,.mp4,1.6,25.0,360,288,mpeg4,40,0.21,1094.4,
hockeyFights,all,Violence,fi139_xvid.mp4,hockeyFights/fights/fi139_xvid.mp4,.mp4,1.6,25.0,360,288,mpeg4,40,0.21,1088.0,
hockeyFights,all,Violence,fi13_xvid.mp4,hockeyFights/fights/fi13_xvid.mp4,.mp4,1.6,25.0,360,288,mpeg4,40,0.21,1087.5,
hockeyFights,all,Violence,fi140_xvid.mp4,hockeyFights/fights/fi140_xvid.mp4,.mp4,1.6,25.0,360,288,mpeg4,40,0.2,1027.2,
hockeyFights,all,Violence,fi141_xvid.mp4,hockeyFights/fights/fi141_xvid.mp4,.mp4,1.6,25.0,360,288,mpeg4,40,0.2,1034.0,
hockeyFights,all,Violence,fi142_xvid.mp4,hockeyFights/fights/fi142_xvid.mp4,.mp4,1.6,25.0,360,288,mpeg4,40,0.21,1076.5,
hockeyFights,all,Violence,fi143_xvid.mp4,hockeyFights/fights/fi143_xvid.mp4,.mp4,1.6,25.0,360,288,mpeg4,40,0.21,1086.9,
hockeyFights,all,Violence,fi144_xvid.mp4,hockeyFights/fights/fi144_xvid.mp4,.mp4,1.6,25.0,360,288,mpeg4,40,0.2,1059.5,
hockeyFights,all,Violence,fi145_xvid.mp4,hockeyFights/fights/fi145_xvid.mp4,.mp4,1.6,25.0,360,288,mpeg4,40,0.19,1015.5,
hockeyFights,all,Violence,fi146_xvid.mp4,hockeyFights/fights/fi146_xvid.mp4,.mp4,1.6,25.0,360,288,mpeg4,40,0.22,1171.6,
hockeyFights,all,Violence,fi147_xvid.mp4,hockeyFights/fights/fi147_xvid.mp4,.mp4,1.6,25.0,360,288,mpeg4,40,0.23,1212.6,
hockeyFights,all,Violence,fi148_xvid.mp4,hockeyFights/fights/fi148_xvid.mp4,.mp4,1.6,25.0,360,288,mpeg4,40,0.24,1256.5,
hockeyFights,all,Violence,fi149_xvid.mp4,hockeyFights/fights/fi149_xvid.mp4,.mp4,1.6,25.0,360,288,mpeg4,40,0.24,1241.0,
hockeyFights,all,Violence,fi14_xvid.mp4,hockeyFights/fights/fi14_xvid.mp4,.mp4,1.6,25.0,360,288,mpeg4,40,0.2,1053.5,
hockeyFights,all,Violence,fi150_xvid.mp4,hockeyFights/fights/fi150_xvid.mp4,.mp4,1.6,25.0,360,288,mpeg4,40,0.21,1126.4,
hockeyFights,all,Violence,fi151_xvid.mp4,hockeyFights/fights/fi151_xvid.mp4,.mp4,1.6,25.0,360,288,mpeg4,40,0.23,1225.8,
hockeyFights,all,Violence,fi152_xvid.mp4,hockeyFights/fights/fi152_xvid.mp4,.mp4,1.6,25.0,360,288,mpeg4,40,0.23,1220.7,
hockeyFights,all,Violence,fi153_xvid.mp4,hockeyFights/fights/fi153_xvid.mp4,.mp4,1.6,25.0,360,288,mpeg4,40,0.23,1214.4,
hockeyFights,all,Violence,fi154_xvid.mp4,hockeyFights/fights/fi154_xvid.mp4,.mp4,1.6,25.0,360,288,mpeg4,40,0.22,1171.8,
hockeyFights,all,Violence,fi155_xvid.mp4,hockeyFights/fights/fi155_xvid.mp4,.mp4,1.6,25.0,360,288,mpeg4,40,0.22,1153.9,
hockeyFights,all,Violence,fi156_xvid.mp4,hockeyFights/fights/fi156_xvid.mp4,.mp4,1.6,25.0,360,288,mpeg4,40,0.23,1195.8,
hockeyFights,all,Violence,fi157_xvid.mp4,hockeyFights/fights/fi157_xvid.mp4,.mp4,1.56,25.0,360,288,mpeg4,39,0.22,1169.1,
hockeyFights,all,Violence,fi158_xvid.mp4,hockeyFights/fights/fi158_xvid.mp4,.mp4,1.6,25.0,360,288,mpeg4,40,0.22,1146.1,
hockeyFights,all,Violence,fi159_xvid.mp4,hockeyFights/fights/fi159_xvid.mp4,.mp4,1.6,25.0,360,288,mpeg4,40,0.23,1193.1,
hockeyFights,all,Violence,fi15_xvid.mp4,hockeyFights/fights/fi15_xvid.mp4,.mp4,1.6,25.0,360,288,mpeg4,40,0.19,1014.2,
hockeyFights,all,Violence,fi160_xvid.mp4,hockeyFights/fights/fi160_xvid.mp4,.mp4,1.6,25.0,360,288,mpeg4,40,0.19,978.4,
hockeyFights,all,Violence,fi161_xvid.mp4,hockeyFights/fights/fi161_xvid.mp4,.mp4,1.6,25.0,360,288,mpeg4,40,0.19,997.3,
hockeyFights,all,Violence,fi162_xvid.mp4,hockeyFights/fights/fi162_xvid.mp4,.mp4,1.6,25.0,360,288,mpeg4,40,0.16,857.0,
hockeyFights,all,Violence,fi163_xvid.mp4,hockeyFights/fights/fi163_xvid.mp4,.mp4,1.6,25.0,360,288,mpeg4,40,0.18,951.2,
hockeyFights,all,Violence,fi164_xvid.mp4,hockeyFights/fights/fi164_xvid.mp4,.mp4,1.6,25.0,360,288,mpeg4,40,0.18,935.5,
hockeyFights,all,Violence,fi165_xvid.mp4,hockeyFights/fights/fi165_xvid.mp4,.mp4,1.6,25.0,360,288,mpeg4,40,0.2,1067.5,
hockeyFights,all,Violence,fi166_xvid.mp4,hockeyFights/fights/fi166_xvid.mp4,.mp4,1.6,25.0,360,288,mpeg4,40,0.22,1172.7,
hockeyFights,all,Violence,fi167_xvid.mp4,hockeyFights/fights/fi167_xvid.mp4,.mp4,1.6,25.0,360,288,mpeg4,40,0.2,1022.9,
hockeyFights,all,Violence,fi168_xvid.mp4,hockeyFights/fights/fi168_xvid.mp4,.mp4,1.6,25.0,360,288,mpeg4,40,0.18,969.8,
hockeyFights,all,Violence,fi169_xvid.mp4,hockeyFights/fights/fi169_xvid.mp4,.mp4,1.6,25.0,360,288,mpeg4,40,0.19,996.5,
hockeyFights,all,Violence,fi16_xvid.mp4,hockeyFights/fights/fi16_xvid.mp4,.mp4,1.6,25.0,360,288,mpeg4,40,0.21,1080.0,
hockeyFights,all,Violence,fi170_xvid.mp4,hockeyFights/fights/fi170_xvid.mp4,.mp4,1.6,25.0,360,288,mpeg4,40,0.18,940.9,
hockeyFights,all,Violence,fi171_xvid.mp4,hockeyFights/fights/fi171_xvid.mp4,.mp4,1.6,25.0,360,288,mpeg4,40,0.2,1041.2,
hockeyFights,all,Violence,fi172_xvid.mp4,hockeyFights/fights/fi172_xvid.mp4,.mp4,1.6,25.0,360,288,mpeg4,40,0.18,962.0,
hockeyFights,all,Violence,fi173_xvid.mp4,hockeyFights/fights/fi173_xvid.mp4,.mp4,1.6,25.0,360,288,mpeg4,40,0.19,979.2,
hockeyFights,all,Violence,fi174_xvid.mp4,hockeyFights/fights/fi174_xvid.mp4,.mp4,1.6,25.0,360,288,mpeg4,40,0.2,1030.5,
hockeyFights,all,Violence,fi175_xvid.mp4,hockeyFights/fights/fi175_xvid.mp4,.mp4,1.6,25.0,360,288,mpeg4,40,0.2,1035.4,
hockeyFights,all,Violence,fi176_xvid.mp4,hockeyFights/fights/fi176_xvid.mp4,.mp4,1.6,25.0,360,288,mpeg4,40,0.19,999.2,
hockeyFights,all,Violence,fi177_xvid.mp4,hockeyFights/fights/fi177_xvid.mp4,.mp4,1.6,25.0,360,288,mpeg4,40,0.19,1013.0,
hockeyFights,all,Violence,fi178_xvid.mp4,hockeyFights/fights/fi178_xvid.mp4,.mp4,1.6,25.0,360,288,mpeg4,40,0.19,1016.6,
hockeyFights,all,Violence,fi179_xvid.mp4,hockeyFights/fights/fi179_xvid.mp4,.mp4,1.6,25.0,360,288,mpeg4,40,0.2,1037.0,
hockeyFights,all,Violence,fi17_xvid.mp4,hockeyFights/fights/fi17_xvid.mp4,.mp4,1.6,25.0,360,288,mpeg4,40,0.2,1064.4,
hockeyFights,all,Violence,fi180_xvid.mp4,hockeyFights/fights/fi180_xvid.mp4,.mp4,1.6,25.0,360,288,mpeg4,40,0.2,1032.7,
hockeyFights,all,Violence,fi181_xvid.mp4,hockeyFights/fights/fi181_xvid.mp4,.mp4,1.6,25.0,360,288,mpeg4,40,0.19,997.1,
hockeyFights,all,Violence,fi182_xvid.mp4,hockeyFights/fights/fi182_xvid.mp4,.mp4,1.6,25.0,360,288,mpeg4,40,0.18,945.3,
hockeyFights,all,Violence,fi183_xvid.mp4,hockeyFights/fights/fi183_xvid.mp4,.mp4,1.6,25.0,360,288,mpeg4,40,0.19,1016.7,
hockeyFights,all,Violence,fi184_xvid.mp4,hockeyFights/fights/fi184_xvid.mp4,.mp4,1.6,25.0,360,288,mpeg4,40,0.18,942.9,
hockeyFights,all,Violence,fi185_xvid.mp4,hockeyFights/fights/fi185_xvid.mp4,.mp4,1.6,25.0,360,288,mpeg4,40,0.2,1065.3,
hockeyFights,all,Violence,fi186_xvid.mp4,hockeyFights/fights/fi186_xvid.mp4,.mp4,1.6,25.0,360,288,mpeg4,40,0.2,1065.2,
hockeyFights,all,Violence,fi187_xvid.mp4,hockeyFights/fights/fi187_xvid.mp4,.mp4,1.6,25.0,360,288,mpeg4,40,0.2,1063.0,
hockeyFights,all,Violence,fi188_xvid.mp4,hockeyFights/fights/fi188_xvid.mp4,.mp4,1.6,25.0,360,288,mpeg4,40,0.2,1034.8,
hockeyFights,all,Violence,fi189_xvid.mp4,hockeyFights/fights/fi189_xvid.mp4,.mp4,1.6,25.0,360,288,mpeg4,40,0.19,990.9,
hockeyFights,all,Violence,fi18_xvid.mp4,hockeyFights/fights/fi18_xvid.mp4,.mp4,1.6,25.0,360,288,mpeg4,40,0.21,1112.8,
hockeyFights,all,Violence,fi190_xvid.mp4,hockeyFights/fights/fi190_xvid.mp4,.mp4,1.92,25.0,360,288,mpeg4,48,0.25,1108.7,
hockeyFights,all,Violence,fi191_xvid.mp4,hockeyFights/fights/fi191_xvid.mp4,.mp4,1.92,25.0,360,288,mpeg4,48,0.24,1059.7,
hockeyFights,all,Violence,fi192_xvid.mp4,hockeyFights/fights/fi192_xvid.mp4,.mp4,1.92,25.0,360,288,mpeg4,48,0.28,1213.3,
hockeyFights,all,Violence,fi193_xvid.mp4,hockeyFights/fights/fi193_xvid.mp4,.mp4,1.92,25.0,360,288,mpeg4,48,0.26,1146.7,
hockeyFights,all,Violence,fi194_xvid.mp4,hockeyFights/fights/fi194_xvid.mp4,.mp4,1.92,25.0,360,288,mpeg4,48,0.26,1132.1,
hockeyFights,all,Violence,fi195_xvid.mp4,hockeyFights/fights/fi195_xvid.mp4,.mp4,1.92,25.0,360,288,mpeg4,48,0.29,1278.7,
hockeyFights,all,Violence,fi196_xvid.mp4,hockeyFights/fights/fi196_xvid.mp4,.mp4,1.92,25.0,360,288,mpeg4,48,0.27,1175.1,
hockeyFights,all,Violence,fi197_xvid.mp4,hockeyFights/fights/fi197_xvid.mp4,.mp4,1.6,25.0,360,288,mpeg4,40,0.18,950.6,
hockeyFights,all,Violence,fi198_xvid.mp4,hockeyFights/fights/fi198_xvid.mp4,.mp4,1.6,25.0,360,288,mpeg4,40,0.19,1012.8,
hockeyFights,all,Violence,fi199_xvid.mp4,hockeyFights/fights/fi199_xvid.mp4,.mp4,1.6,25.0,360,288,mpeg4,40,0.19,1012.1,
hockeyFights,all,Violence,fi19_xvid.mp4,hockeyFights/fights/fi19_xvid.mp4,.mp4,1.6,25.0,360,288,mpeg4,40,0.21,1088.8,
hockeyFights,all,Violence,fi1_xvid.mp4,hockeyFights/fights/fi1_xvid.mp4,.mp4,1.6,25.0,360,288,mpeg4,40,0.2,1066.0,
hockeyFights,all,Violence,fi200_xvid.mp4,hockeyFights/fights/fi200_xvid.mp4,.mp4,1.6,25.0,360,288,mpeg4,40,0.21,1080.1,
hockeyFights,all,Violence,fi201_xvid.mp4,hockeyFights/fights/fi201_xvid.mp4,.mp4,1.6,25.0,360,288,mpeg4,40,0.2,1061.9,
hockeyFights,all,Violence,fi202_xvid.mp4,hockeyFights/fights/fi202_xvid.mp4,.mp4,1.6,25.0,360,288,mpeg4,40,0.2,1068.0,
hockeyFights,all,Violence,fi203_xvid.mp4,hockeyFights/fights/fi203_xvid.mp4,.mp4,1.6,25.0,360,288,mpeg4,40,0.22,1130.3,
hockeyFights,all,Violence,fi204_xvid.mp4,hockeyFights/fights/fi204_xvid.mp4,.mp4,1.6,25.0,360,288,mpeg4,40,0.21,1100.0,
hockeyFights,all,Violence,fi205_xvid.mp4,hockeyFights/fights/fi205_xvid.mp4,.mp4,1.6,25.0,360,288,mpeg4,40,0.19,982.5,
hockeyFights,all,Violence,fi206_xvid.mp4,hockeyFights/fights/fi206_xvid.mp4,.mp4,1.6,25.0,360,288,mpeg4,40,0.19,1009.5,
hockeyFights,all,Violence,fi207_xvid.mp4,hockeyFights/fights/fi207_xvid.mp4,.mp4,1.6,25.0,360,288,mpeg4,40,0.21,1084.6,
hockeyFights,all,Violence,fi208_xvid.mp4,hockeyFights/fights/fi208_xvid.mp4,.mp4,1.6,25.0,360,288,mpeg4,40,0.18,968.3,
hockeyFights,all,Violence,fi209_xvid.mp4,hockeyFights/fights/fi209_xvid.mp4,.mp4,1.6,25.0,360,288,mpeg4,40,0.21,1089.1,
hockeyFights,all,Violence,fi20_xvid.mp4,hockeyFights/fights/fi20_xvid.mp4,.mp4,1.6,25.0,360,288,mpeg4,40,0.21,1101.9,
hockeyFights,all,Violence,fi210_xvid.mp4,hockeyFights/fights/fi210_xvid.mp4,.mp4,1.6,25.0,360,288,mpeg4,40,0.22,1128.0,
hockeyFights,all,Violence,fi211_xvid.mp4,hockeyFights/fights/fi211_xvid.mp4,.mp4,1.6,25.0,360,288,mpeg4,40,0.22,1143.5,
hockeyFights,all,Violence,fi212_xvid.mp4,hockeyFights/fights/fi212_xvid.mp4,.mp4,1.6,25.0,360,288,mpeg4,40,0.21,1102.8,
hockeyFights,all,Violence,fi213_xvid.mp4,hockeyFights/fights/fi213_xvid.mp4,.mp4,1.6,25.0,360,288,mpeg4,40,0.22,1145.2,
hockeyFights,all,Violence,fi214_xvid.mp4,hockeyFights/fights/fi214_xvid.mp4,.mp4,1.6,25.0,360,288,mpeg4,40,0.21,1082.0,
hockeyFights,all,Violence,fi215_xvid.mp4,hockeyFights/fights/fi215_xvid.mp4,.mp4,1.6,25.0,360,288,mpeg4,40,0.21,1106.2,
hockeyFights,all,Violence,fi216_xvid.mp4,hockeyFights/fights/fi216_xvid.mp4,.mp4,1.6,25.0,360,288,mpeg4,40,0.21,1106.6,
hockeyFights,all,Violence,fi217_xvid.mp4,hockeyFights/fights/fi217_xvid.mp4,.mp4,1.6,25.0,360,288,mpeg4,40,0.22,1174.7,
hockeyFights,all,Violence,fi218_xvid.mp4,hockeyFights/fights/fi218_xvid.mp4,.mp4,1.6,25.0,360,288,mpeg4,40,0.21,1081.9,
hockeyFights,all,Violence,fi219_xvid.mp4,hockeyFights/fights/fi219_xvid.mp4,.mp4,1.6,25.0,360,288,mpeg4,40,0.22,1154.2,
hockeyFights,all,Violence,fi21_xvid.mp4,hockeyFights/fights/fi21_xvid.mp4,.mp4,1.6,25.0,360,288,mpeg4,40,0.21,1092.5,
hockeyFights,all,Violence,fi220_xvid.mp4,hockeyFights/fights/fi220_xvid.mp4,.mp4,1.6,25.0,360,288,mpeg4,40,0.23,1197.4,
hockeyFights,all,Violence,fi221_xvid.mp4,hockeyFights/fights/fi221_xvid.mp4,.mp4,1.6,25.0,360,288,mpeg4,40,0.22,1167.8,
hockeyFights,all,Violence,fi222_xvid.mp4,hockeyFights/fights/fi222_xvid.mp4,.mp4,1.6,25.0,360,288,mpeg4,40,0.21,1078.6,
hockeyFights,all,Violence,fi223_xvid.mp4,hockeyFights/fights/fi223_xvid.mp4,.mp4,1.6,25.0,360,288,mpeg4,40,0.2,1042.6,
hockeyFights,all,Violence,fi224_xvid.mp4,hockeyFights/fights/fi224_xvid.mp4,.mp4,1.6,25.0,360,288,mpeg4,40,0.21,1093.6,
hockeyFights,all,Violence,fi225_xvid.mp4,hockeyFights/fights/fi225_xvid.mp4,.mp4,1.6,25.0,360,288,mpeg4,40,0.21,1115.4,
hockeyFights,all,Violence,fi226_xvid.mp4,hockeyFights/fights/fi226_xvid.mp4,.mp4,1.6,25.0,360,288,mpeg4,40,0.21,1114.0,
hockeyFights,all,Violence,fi227_xvid.mp4,hockeyFights/fights/fi227_xvid.mp4,.mp4,1.6,25.0,360,288,mpeg4,40,0.21,1108.5,
hockeyFights,all,Violence,fi228_xvid.mp4,hockeyFights/fights/fi228_xvid.mp4,.mp4,1.6,25.0,360,288,mpeg4,40,0.22,1131.8,
hockeyFights,all,Violence,fi229_xvid.mp4,hockeyFights/fights/fi229_xvid.mp4,.mp4,1.6,25.0,360,288,mpeg4,40,0.21,1117.7,
hockeyFights,all,Violence,fi22_xvid.mp4,hockeyFights/fights/fi22_xvid.mp4,.mp4,1.6,25.0,360,288,mpeg4,40,0.21,1085.7,
hockeyFights,all,Violence,fi230_xvid.mp4,hockeyFights/fights/fi230_xvid.mp4,.mp4,1.6,25.0,360,288,mpeg4,40,0.21,1094.0,
hockeyFights,all,Violence,fi231_xvid.mp4,hockeyFights/fights/fi231_xvid.mp4,.mp4,1.6,25.0,360,288,mpeg4,40,0.19,998.1,
hockeyFights,all,Violence,fi232_xvid.mp4,hockeyFights/fights/fi232_xvid.mp4,.mp4,1.6,25.0,360,288,mpeg4,40,0.19,1000.8,
hockeyFights,all,Violence,fi233_xvid.mp4,hockeyFights/fights/fi233_xvid.mp4,.mp4,1.6,25.0,360,288,mpeg4,40,0.18,934.9,
hockeyFights,all,Violence,fi234_xvid.mp4,hockeyFights/fights/fi234_xvid.mp4,.mp4,1.6,25.0,360,288,mpeg4,40,0.19,985.8,
hockeyFights,all,Violence,fi235_xvid.mp4,hockeyFights/fights/fi235_xvid.mp4,.mp4,1.6,25.0,360,288,mpeg4,40,0.19,1015.4,
hockeyFights,all,Violence,fi236_xvid.mp4,hockeyFights/fights/fi236_xvid.mp4,.mp4,1.6,25.0,360,288,mpeg4,40,0.19,992.8,
hockeyFights,all,Violence,fi237_xvid.mp4,hockeyFights/fights/fi237_xvid.mp4,.mp4,1.6,25.0,360,288,mpeg4,40,0.14,720.2,
hockeyFights,all,Violence,fi238_xvid.mp4,hockeyFights/fights/fi238_xvid.mp4,.mp4,1.6,25.0,360,288,mpeg4,40,0.18,942.4,
hockeyFights,all,Violence,fi239_xvid.mp4,hockeyFights/fights/fi239_xvid.mp4,.mp4,1.6,25.0,360,288,mpeg4,40,0.2,1023.7,
hockeyFights,all,Violence,fi23_xvid.mp4,hockeyFights/fights/fi23_xvid.mp4,.mp4,1.6,25.0,360,288,mpeg4,40,0.2,1044.6,
hockeyFights,all,Violence,fi240_xvid.mp4,hockeyFights/fights/fi240_xvid.mp4,.mp4,1.6,25.0,360,288,mpeg4,40,0.2,1052.4,
hockeyFights,all,Violence,fi241_xvid.mp4,hockeyFights/fights/fi241_xvid.mp4,.mp4,1.6,25.0,360,288,mpeg4,40,0.21,1087.1,
hockeyFights,all,Violence,fi242_xvid.mp4,hockeyFights/fights/fi242_xvid.mp4,.mp4,1.6,25.0,360,288,mpeg4,40,0.21,1121.0,
hockeyFights,all,Violence,fi243_xvid.mp4,hockeyFights/fights/fi243_xvid.mp4,.mp4,1.6,25.0,360,288,mpeg4,40,0.21,1088.4,
hockeyFights,all,Violence,fi244_xvid.mp4,hockeyFights/fights/fi244_xvid.mp4,.mp4,1.6,25.0,360,288,mpeg4,40,0.2,1067.9,
hockeyFights,all,Violence,fi245_xvid.mp4,hockeyFights/fights/fi245_xvid.mp4,.mp4,1.6,25.0,360,288,mpeg4,40,0.21,1120.6,
hockeyFights,all,Violence,fi246_xvid.mp4,hockeyFights/fights/fi246_xvid.mp4,.mp4,1.6,25.0,360,288,mpeg4,40,0.2,1065.2,
hockeyFights,all,Violence,fi247_xvid.mp4,hockeyFights/fights/fi247_xvid.mp4,.mp4,1.6,25.0,360,288,mpeg4,40,0.21,1092.7,
hockeyFights,all,Violence,fi248_xvid.mp4,hockeyFights/fights/fi248_xvid.mp4,.mp4,1.6,25.0,360,288,mpeg4,40,0.22,1144.8,
hockeyFights,all,Violence,fi249_xvid.mp4,hockeyFights/fights/fi249_xvid.mp4,.mp4,1.6,25.0,360,288,mpeg4,40,0.19,981.4,
hockeyFights,all,Violence,fi24_xvid.mp4,hockeyFights/fights/fi24_xvid.mp4,.mp4,1.6,25.0,360,288,mpeg4,40,0.2,1036.5,
hockeyFights,all,Violence,fi250_xvid.mp4,hockeyFights/fights/fi250_xvid.mp4,.mp4,1.6,25.0,360,288,mpeg4,40,0.21,1090.1,
hockeyFights,all,Violence,fi251_xvid.mp4,hockeyFights/fights/fi251_xvid.mp4,.mp4,1.6,25.0,360,288,mpeg4,40,0.19,971.5,
hockeyFights,all,Violence,fi252_xvid.mp4,hockeyFights/fights/fi252_xvid.mp4,.mp4,1.6,25.0,360,288,mpeg4,40,0.21,1080.9,
hockeyFights,all,Violence,fi253_xvid.mp4,hockeyFights/fights/fi253_xvid.mp4,.mp4,1.6,25.0,360,288,mpeg4,40,0.21,1105.9,
hockeyFights,all,Violence,fi254_xvid.mp4,hockeyFights/fights/fi254_xvid.mp4,.mp4,1.6,25.0,360,288,mpeg4,40,0.21,1095.7,
hockeyFights,all,Violence,fi255_xvid.mp4,hockeyFights/fights/fi255_xvid.mp4,.mp4,1.6,25.0,360,288,mpeg4,40,0.2,1050.0,
hockeyFights,all,Violence,fi256_xvid.mp4,hockeyFights/fights/fi256_xvid.mp4,.mp4,1.6,25.0,360,288,mpeg4,40,0.21,1087.9,
hockeyFights,all,Violence,fi257_xvid.mp4,hockeyFights/fights/fi257_xvid.mp4,.mp4,1.6,25.0,360,288,mpeg4,40,0.22,1145.7,
hockeyFights,all,Violence,fi258_xvid.mp4,hockeyFights/fights/fi258_xvid.mp4,.mp4,1.6,25.0,360,288,mpeg4,40,0.22,1146.5,
hockeyFights,all,Violence,fi259_xvid.mp4,hockeyFights/fights/fi259_xvid.mp4,.mp4,1.6,25.0,360,288,mpeg4,40,0.22,1171.7,
hockeyFights,all,Violence,fi25_xvid.mp4,hockeyFights/fights/fi25_xvid.mp4,.mp4,1.6,25.0,360,288,mpeg4,40,0.2,1065.3,
hockeyFights,all,Violence,fi260_xvid.mp4,hockeyFights/fights/fi260_xvid.mp4,.mp4,1.6,25.0,360,288,mpeg4,40,0.19,1006.6,
hockeyFights,all,Violence,fi261_xvid.mp4,hockeyFights/fights/fi261_xvid.mp4,.mp4,1.6,25.0,360,288,mpeg4,40,0.22,1133.8,
hockeyFights,all,Violence,fi262_xvid.mp4,hockeyFights/fights/fi262_xvid.mp4,.mp4,1.6,25.0,360,288,mpeg4,40,0.21,1110.5,
hockeyFights,all,Violence,fi263_xvid.mp4,hockeyFights/fights/fi263_xvid.mp4,.mp4,1.6,25.0,360,288,mpeg4,40,0.22,1130.5,
hockeyFights,all,Violence,fi264_xvid.mp4,hockeyFights/fights/fi264_xvid.mp4,.mp4,1.6,25.0,360,288,mpeg4,40,0.22,1159.4,
hockeyFights,all,Violence,fi265_xvid.mp4,hockeyFights/fights/fi265_xvid.mp4,.mp4,1.6,25.0,360,288,mpeg4,40,0.22,1137.6,
hockeyFights,all,Violence,fi266_xvid.mp4,hockeyFights/fights/fi266_xvid.mp4,.mp4,1.6,25.0,360,288,mpeg4,40,0.23,1203.5,
hockeyFights,all,Violence,fi267_xvid.mp4,hockeyFights/fights/fi267_xvid.mp4,.mp4,1.6,25.0,360,288,mpeg4,40,0.23,1202.5,
hockeyFights,all,Violence,fi268_xvid.mp4,hockeyFights/fights/fi268_xvid.mp4,.mp4,1.6,25.0,360,288,mpeg4,40,0.24,1260.1,
hockeyFights,all,Violence,fi269_xvid.mp4,hockeyFights/fights/fi269_xvid.mp4,.mp4,1.6,25.0,360,288,mpeg4,40,0.23,1204.0,
hockeyFights,all,Violence,fi26_xvid.mp4,hockeyFights/fights/fi26_xvid.mp4,.mp4,1.6,25.0,360,288,mpeg4,40,0.19,1012.6,
hockeyFights,all,Violence,fi270_xvid.mp4,hockeyFights/fights/fi270_xvid.mp4,.mp4,1.6,25.0,360,288,mpeg4,40,0.22,1149.4,
hockeyFights,all,Violence,fi271_xvid.mp4,hockeyFights/fights/fi271_xvid.mp4,.mp4,1.6,25.0,360,288,mpeg4,40,0.23,1214.6,
hockeyFights,all,Violence,fi272_xvid.mp4,hockeyFights/fights/fi272_xvid.mp4,.mp4,1.6,25.0,360,288,mpeg4,40,0.22,1165.8,
hockeyFights,all,Violence,fi273_xvid.mp4,hockeyFights/fights/fi273_xvid.mp4,.mp4,1.6,25.0,360,288,mpeg4,40,0.23,1218.4,
hockeyFights,all,Violence,fi274_xvid.mp4,hockeyFights/fights/fi274_xvid.mp4,.mp4,1.6,25.0,360,288,mpeg4,40,0.23,1231.4,
hockeyFights,all,Violence,fi275_xvid.mp4,hockeyFights/fights/fi275_xvid.mp4,.mp4,1.6,25.0,360,288,mpeg4,40,0.24,1261.5,
hockeyFights,all,Violence,fi276_xvid.mp4,hockeyFights/fights/fi276_xvid.mp4,.mp4,1.6,25.0,360,288,mpeg4,40,0.24,1235.9,
hockeyFights,all,Violence,fi277_xvid.mp4,hockeyFights/fights/fi277_xvid.mp4,.mp4,1.6,25.0,360,288,mpeg4,40,0.22,1134.0,
hockeyFights,all,Violence,fi278_xvid.mp4,hockeyFights/fights/fi278_xvid.mp4,.mp4,1.6,25.0,360,288,mpeg4,40,0.22,1159.0,
hockeyFights,all,Violence,fi279_xvid.mp4,hockeyFights/fights/fi279_xvid.mp4,.mp4,1.6,25.0,360,288,mpeg4,40,0.19,1021.0,
hockeyFights,all,Violence,fi27_xvid.mp4,hockeyFights/fights/fi27_xvid.mp4,.mp4,1.6,25.0,360,288,mpeg4,40,0.2,1035.0,
hockeyFights,all,Violence,fi280_xvid.mp4,hockeyFights/fights/fi280_xvid.mp4,.mp4,1.6,25.0,360,288,mpeg4,40,0.19,975.1,
hockeyFights,all,Violence,fi281_xvid.mp4,hockeyFights/fights/fi281_xvid.mp4,.mp4,1.6,25.0,360,288,mpeg4,40,0.2,1064.0,
hockeyFights,all,Violence,fi282_xvid.mp4,hockeyFights/fights/fi282_xvid.mp4,.mp4,1.6,25.0,360,288,mpeg4,40,0.21,1087.9,
hockeyFights,all,Violence,fi283_xvid.mp4,hockeyFights/fights/fi283_xvid.mp4,.mp4,1.6,25.0,360,288,mpeg4,40,0.19,1013.6,
hockeyFights,all,Violence,fi284_xvid.mp4,hockeyFights/fights/fi284_xvid.mp4,.mp4,1.6,25.0,360,288,mpeg4,40,0.19,1019.6,
hockeyFights,all,Violence,fi285_xvid.mp4,hockeyFights/fights/fi285_xvid.mp4,.mp4,1.6,25.0,360,288,mpeg4,40,0.19,995.7,
hockeyFights,all,Violence,fi286_xvid.mp4,hockeyFights/fights/fi286_xvid.mp4,.mp4,1.6,25.0,360,288,mpeg4,40,0.19,997.1,
hockeyFights,all,Violence,fi287_xvid.mp4,hockeyFights/fights/fi287_xvid.mp4,.mp4,1.6,25.0,360,288,mpeg4,40,0.19,1005.9,
hockeyFights,all,Violence,fi288_xvid.mp4,hockeyFights/fights/fi288_xvid.mp4,.mp4,1.6,25.0,360,288,mpeg4,40,0.19,1020.0,
hockeyFights,all,Violence,fi289_xvid.mp4,hockeyFights/fights/fi289_xvid.mp4,.mp4,1.6,25.0,360,288,mpeg4,40,0.21,1078.4,
hockeyFights,all,Violence,fi28_xvid.mp4,hockeyFights/fights/fi28_xvid.mp4,.mp4,1.6,25.0,360,288,mpeg4,40,0.2,1069.3,
hockeyFights,all,Violence,fi290_xvid.mp4,hockeyFights/fights/fi290_xvid.mp4,.mp4,1.6,25.0,360,288,mpeg4,40,0.19,1006.4,
hockeyFights,all,Violence,fi291_xvid.mp4,hockeyFights/fights/fi291_xvid.mp4,.mp4,1.6,25.0,360,288,mpeg4,40,0.17,890.6,
hockeyFights,all,Violence,fi292_xvid.mp4,hockeyFights/fights/fi292_xvid.mp4,.mp4,1.6,25.0,360,288,mpeg4,40,0.18,953.6,
hockeyFights,all,Violence,fi293_xvid.mp4,hockeyFights/fights/fi293_xvid.mp4,.mp4,1.6,25.0,360,288,mpeg4,40,0.18,968.5,
hockeyFights,all,Violence,fi294_xvid.mp4,hockeyFights/fights/fi294_xvid.mp4,.mp4,1.6,25.0,360,288,mpeg4,40,0.2,1056.4,
hockeyFights,all,Violence,fi295_xvid.mp4,hockeyFights/fights/fi295_xvid.mp4,.mp4,1.6,25.0,360,288,mpeg4,40,0.2,1046.4,
hockeyFights,all,Violence,fi296_xvid.mp4,hockeyFights/fights/fi296_xvid.mp4,.mp4,1.6,25.0,360,288,mpeg4,40,0.2,1054.0,
hockeyFights,all,Violence,fi297_xvid.mp4,hockeyFights/fights/fi297_xvid.mp4,.mp4,1.6,25.0,360,288,mpeg4,40,0.2,1047.6,
hockeyFights,all,Violence,fi298_xvid.mp4,hockeyFights/fights/fi298_xvid.mp4,.mp4,1.6,25.0,360,288,mpeg4,40,0.21,1097.3,
hockeyFights,all,Violence,fi299_xvid.mp4,hockeyFights/fights/fi299_xvid.mp4,.mp4,1.6,25.0,360,288,mpeg4,40,0.2,1058.8,
hockeyFights,all,Violence,fi29_xvid.mp4,hockeyFights/fights/fi29_xvid.mp4,.mp4,1.6,25.0,360,288,mpeg4,40,0.2,1050.1,
hockeyFights,all,Violence,fi2_xvid.mp4,hockeyFights/fights/fi2_xvid.mp4,.mp4,1.6,25.0,360,288,mpeg4,40,0.22,1172.3,
hockeyFights,all,Violence,fi300_xvid.mp4,hockeyFights/fights/fi300_xvid.mp4,.mp4,1.6,25.0,360,288,mpeg4,40,0.23,1193.7,
hockeyFights,all,Violence,fi301_xvid.mp4,hockeyFights/fights/fi301_xvid.mp4,.mp4,1.6,25.0,360,288,mpeg4,40,0.22,1142.9,
hockeyFights,all,Violence,fi302_xvid.mp4,hockeyFights/fights/fi302_xvid.mp4,.mp4,1.6,25.0,360,288,mpeg4,40,0.22,1149.3,
hockeyFights,all,Violence,fi303_xvid.mp4,hockeyFights/fights/fi303_xvid.mp4,.mp4,1.6,25.0,360,288,mpeg4,40,0.21,1105.6,
hockeyFights,all,Violence,fi304_xvid.mp4,hockeyFights/fights/fi304_xvid.mp4,.mp4,1.6,25.0,360,288,mpeg4,40,0.22,1172.4,
hockeyFights,all,Violence,fi305_xvid.mp4,hockeyFights/fights/fi305_xvid.mp4,.mp4,1.6,25.0,360,288,mpeg4,40,0.22,1174.9,
hockeyFights,all,Violence,fi306_xvid.mp4,hockeyFights/fights/fi306_xvid.mp4,.mp4,1.6,25.0,360,288,mpeg4,40,0.19,1014.0,
hockeyFights,all,Violence,fi307_xvid.mp4,hockeyFights/fights/fi307_xvid.mp4,.mp4,1.6,25.0,360,288,mpeg4,40,0.21,1085.8,
hockeyFights,all,Violence,fi308_xvid.mp4,hockeyFights/fights/fi308_xvid.mp4,.mp4,1.6,25.0,360,288,mpeg4,40,0.2,1062.0,
hockeyFights,all,Violence,fi309_xvid.mp4,hockeyFights/fights/fi309_xvid.mp4,.mp4,1.6,25.0,360,288,mpeg4,40,0.21,1104.0,
hockeyFights,all,Violence,fi30_xvid.mp4,hockeyFights/fights/fi30_xvid.mp4,.mp4,1.6,25.0,360,288,mpeg4,40,0.2,1027.8,
hockeyFights,all,Violence,fi310_xvid.mp4,hockeyFights/fights/fi310_xvid.mp4,.mp4,1.6,25.0,360,288,mpeg4,40,0.21,1118.6,
hockeyFights,all,Violence,fi311_xvid.mp4,hockeyFights/fights/fi311_xvid.mp4,.mp4,1.6,25.0,360,288,mpeg4,40,0.22,1147.1,
hockeyFights,all,Violence,fi312_xvid.mp4,hockeyFights/fights/fi312_xvid.mp4,.mp4,1.6,25.0,360,288,mpeg4,40,0.21,1107.1,
hockeyFights,all,Violence,fi313_xvid.mp4,hockeyFights/fights/fi313_xvid.mp4,.mp4,1.6,25.0,360,288,mpeg4,40,0.22,1160.1,
hockeyFights,all,Violence,fi314_xvid.mp4,hockeyFights/fights/fi314_xvid.mp4,.mp4,1.6,25.0,360,288,mpeg4,40,0.21,1112.0,
hockeyFights,all,Violence,fi315_xvid.mp4,hockeyFights/fights/fi315_xvid.mp4,.mp4,1.6,25.0,360,288,mpeg4,40,0.21,1079.7,
hockeyFights,all,Violence,fi316_xvid.mp4,hockeyFights/fights/fi316_xvid.mp4,.mp4,1.6,25.0,360,288,mpeg4,40,0.21,1103.2,
hockeyFights,all,Violence,fi317_xvid.mp4,hockeyFights/fights/fi317_xvid.mp4,.mp4,1.6,25.0,360,288,mpeg4,40,0.21,1079.0,
hockeyFights,all,Violence,fi318_xvid.mp4,hockeyFights/fights/fi318_xvid.mp4,.mp4,1.6,25.0,360,288,mpeg4,40,0.21,1080.1,
hockeyFights,all,Violence,fi319_xvid.mp4,hockeyFights/fights/fi319_xvid.mp4,.mp4,1.6,25.0,360,288,mpeg4,40,0.21,1108.0,
hockeyFights,all,Violence,fi31_xvid.mp4,hockeyFights/fights/fi31_xvid.mp4,.mp4,1.6,25.0,360,288,mpeg4,40,0.22,1140.0,
hockeyFights,all,Violence,fi320_xvid.mp4,hockeyFights/fights/fi320_xvid.mp4,.mp4,1.6,25.0,360,288,mpeg4,40,0.21,1112.8,
hockeyFights,all,Violence,fi321_xvid.mp4,hockeyFights/fights/fi321_xvid.mp4,.mp4,1.6,25.0,360,288,mpeg4,40,0.22,1136.4,
hockeyFights,all,Violence,fi322_xvid.mp4,hockeyFights/fights/fi322_xvid.mp4,.mp4,1.6,25.0,360,288,mpeg4,40,0.21,1116.3,
hockeyFights,all,Violence,fi323_xvid.mp4,hockeyFights/fights/fi323_xvid.mp4,.mp4,1.6,25.0,360,288,mpeg4,40,0.22,1177.7,
hockeyFights,all,Violence,fi324_xvid.mp4,hockeyFights/fights/fi324_xvid.mp4,.mp4,1.6,25.0,360,288,mpeg4,40,0.23,1193.8,
hockeyFights,all,Violence,fi325_xvid.mp4,hockeyFights/fights/fi325_xvid.mp4,.mp4,1.6,25.0,360,288,mpeg4,40,0.23,1184.9,
hockeyFights,all,Violence,fi326_xvid.mp4,hockeyFights/fights/fi326_xvid.mp4,.mp4,1.6,25.0,360,288,mpeg4,40,0.22,1132.2,
hockeyFights,all,Violence,fi327_xvid.mp4,hockeyFights/fights/fi327_xvid.mp4,.mp4,1.6,25.0,360,288,mpeg4,40,0.23,1208.2,
hockeyFights,all,Violence,fi328_xvid.mp4,hockeyFights/fights/fi328_xvid.mp4,.mp4,1.6,25.0,360,288,mpeg4,40,0.24,1233.8,
hockeyFights,all,Violence,fi329_xvid.mp4,hockeyFights/fights/fi329_xvid.mp4,.mp4,1.6,25.0,360,288,mpeg4,40,0.24,1276.5,
hockeyFights,all,Violence,fi32_xvid.mp4,hockeyFights/fights/fi32_xvid.mp4,.mp4,1.6,25.0,360,288,mpeg4,40,0.21,1078.7,
hockeyFights,all,Violence,fi330_xvid.mp4,hockeyFights/fights/fi330_xvid.mp4,.mp4,1.6,25.0,360,288,mpeg4,40,0.24,1266.8,
hockeyFights,all,Violence,fi331_xvid.mp4,hockeyFights/fights/fi331_xvid.mp4,.mp4,1.6,25.0,360,288,mpeg4,40,0.24,1250.8,
hockeyFights,all,Violence,fi332_xvid.mp4,hockeyFights/fights/fi332_xvid.mp4,.mp4,1.6,25.0,360,288,mpeg4,40,0.24,1237.9,
hockeyFights,all,Violence,fi333_xvid.mp4,hockeyFights/fights/fi333_xvid.mp4,.mp4,1.6,25.0,360,288,mpeg4,40,0.22,1142.9,
hockeyFights,all,Violence,fi334_xvid.mp4,hockeyFights/fights/fi334_xvid.mp4,.mp4,1.6,25.0,360,288,mpeg4,40,0.24,1242.3,
hockeyFights,all,Violence,fi335_xvid.mp4,hockeyFights/fights/fi335_xvid.mp4,.mp4,1.6,25.0,360,288,mpeg4,40,0.24,1236.0,
hockeyFights,all,Violence,fi336_xvid.mp4,hockeyFights/fights/fi336_xvid.mp4,.mp4,1.6,25.0,360,288,mpeg4,40,0.23,1226.5,
hockeyFights,all,Violence,fi337_xvid.mp4,hockeyFights/fights/fi337_xvid.mp4,.mp4,1.6,25.0,360,288,mpeg4,40,0.24,1237.5,
hockeyFights,all,Violence,fi338_xvid.mp4,hockeyFights/fights/fi338_xvid.mp4,.mp4,1.6,25.0,360,288,mpeg4,40,0.22,1158.2,
hockeyFights,all,Violence,fi339_xvid.mp4,hockeyFights/fights/fi339_xvid.mp4,.mp4,1.6,25.0,360,288,mpeg4,40,0.21,1088.0,
hockeyFights,all,Violence,fi33_xvid.mp4,hockeyFights/fights/fi33_xvid.mp4,.mp4,1.6,25.0,360,288,mpeg4,40,0.21,1110.8,
hockeyFights,all,Violence,fi340_xvid.mp4,hockeyFights/fights/fi340_xvid.mp4,.mp4,1.6,25.0,360,288,mpeg4,40,0.21,1097.9,
hockeyFights,all,Violence,fi341_xvid.mp4,hockeyFights/fights/fi341_xvid.mp4,.mp4,1.6,25.0,360,288,mpeg4,40,0.21,1105.0,
hockeyFights,all,Violence,fi342_xvid.mp4,hockeyFights/fights/fi342_xvid.mp4,.mp4,1.6,25.0,360,288,mpeg4,40,0.21,1126.5,
hockeyFights,all,Violence,fi343_xvid.mp4,hockeyFights/fights/fi343_xvid.mp4,.mp4,1.6,25.0,360,288,mpeg4,40,0.2,1034.1,
hockeyFights,all,Violence,fi344_xvid.mp4,hockeyFights/fights/fi344_xvid.mp4,.mp4,1.6,25.0,360,288,mpeg4,40,0.2,1062.5,
hockeyFights,all,Violence,fi345_xvid.mp4,hockeyFights/fights/fi345_xvid.mp4,.mp4,1.6,25.0,360,288,mpeg4,40,0.21,1123.0,
hockeyFights,all,Violence,fi346_xvid.mp4,hockeyFights/fights/fi346_xvid.mp4,.mp4,1.6,25.0,360,288,mpeg4,40,0.22,1171.6,
hockeyFights,all,Violence,fi347_xvid.mp4,hockeyFights/fights/fi347_xvid.mp4,.mp4,1.6,25.0,360,288,mpeg4,40,0.22,1147.3,
hockeyFights,all,Violence,fi348_xvid.mp4,hockeyFights/fights/fi348_xvid.mp4,.mp4,1.6,25.0,360,288,mpeg4,40,0.21,1087.2,
hockeyFights,all,Violence,fi349_xvid.mp4,hockeyFights/fights/fi349_xvid.mp4,.mp4,1.6,25.0,360,288,mpeg4,40,0.22,1173.1,
hockeyFights,all,Violence,fi34_xvid.mp4,hockeyFights/fights/fi34_xvid.mp4,.mp4,1.6,25.0,360,288,mpeg4,40,0.22,1129.3,
hockeyFights,all,Violence,fi350_xvid.mp4,hockeyFights/fights/fi350_xvid.mp4,.mp4,1.6,25.0,360,288,mpeg4,40,0.23,1185.9,
hockeyFights,all,Violence,fi351_xvid.mp4,hockeyFights/fights/fi351_xvid.mp4,.mp4,1.6,25.0,360,288,mpeg4,40,0.21,1118.9,
hockeyFights,all,Violence,fi352_xvid.mp4,hockeyFights/fights/fi352_xvid.mp4,.mp4,1.6,25.0,360,288,mpeg4,40,0.19,1016.4,
hockeyFights,all,Violence,fi353_xvid.mp4,hockeyFights/fights/fi353_xvid.mp4,.mp4,1.6,25.0,360,288,mpeg4,40,0.21,1106.3,
hockeyFights,all,Violence,fi354_xvid.mp4,hockeyFights/fights/fi354_xvid.mp4,.mp4,1.6,25.0,360,288,mpeg4,40,0.2,1044.3,
hockeyFights,all,Violence,fi355_xvid.mp4,hockeyFights/fights/fi355_xvid.mp4,.mp4,1.6,25.0,360,288,mpeg4,40,0.19,982.6,
hockeyFights,all,Violence,fi356_xvid.mp4,hockeyFights/fights/fi356_xvid.mp4,.mp4,1.6,25.0,360,288,mpeg4,40,0.18,959.7,
hockeyFights,all,Violence,fi357_xvid.mp4,hockeyFights/fights/fi357_xvid.mp4,.mp4,1.6,25.0,360,288,mpeg4,40,0.17,916.3,
hockeyFights,all,Violence,fi358_xvid.mp4,hockeyFights/fights/fi358_xvid.mp4,.mp4,1.6,25.0,360,288,mpeg4,40,0.19,1001.4,
hockeyFights,all,Violence,fi359_xvid.mp4,hockeyFights/fights/fi359_xvid.mp4,.mp4,1.6,25.0,360,288,mpeg4,40,0.17,877.8,
hockeyFights,all,Violence,fi35_xvid.mp4,hockeyFights/fights/fi35_xvid.mp4,.mp4,1.6,25.0,360,288,mpeg4,40,0.22,1179.6,
hockeyFights,all,Violence,fi360_xvid.mp4,hockeyFights/fights/fi360_xvid.mp4,.mp4,1.6,25.0,360,288,mpeg4,40,0.19,993.8,
hockeyFights,all,Violence,fi361_xvid.mp4,hockeyFights/fights/fi361_xvid.mp4,.mp4,1.6,25.0,360,288,mpeg4,40,0.19,1017.0,
hockeyFights,all,Violence,fi362_xvid.mp4,hockeyFights/fights/fi362_xvid.mp4,.mp4,1.6,25.0,360,288,mpeg4,40,0.18,963.8,
hockeyFights,all,Violence,fi363_xvid.mp4,hockeyFights/fights/fi363_xvid.mp4,.mp4,1.6,25.0,360,288,mpeg4,40,0.18,931.7,
hockeyFights,all,Violence,fi364_xvid.mp4,hockeyFights/fights/fi364_xvid.mp4,.mp4,1.6,25.0,360,288,mpeg4,40,0.18,930.4,
hockeyFights,all,Violence,fi365_xvid.mp4,hockeyFights/fights/fi365_xvid.mp4,.mp4,1.6,25.0,360,288,mpeg4,40,0.2,1041.5,
hockeyFights,all,Violence,fi366_xvid.mp4,hockeyFights/fights/fi366_xvid.mp4,.mp4,1.6,25.0,360,288,mpeg4,40,0.22,1132.8,
hockeyFights,all,Violence,fi367_xvid.mp4,hockeyFights/fights/fi367_xvid.mp4,.mp4,1.6,25.0,360,288,mpeg4,40,0.2,1071.0,
hockeyFights,all,Violence,fi368_xvid.mp4,hockeyFights/fights/fi368_xvid.mp4,.mp4,1.6,25.0,360,288,mpeg4,40,0.2,1027.1,
hockeyFights,all,Violence,fi369_xvid.mp4,hockeyFights/fights/fi369_xvid.mp4,.mp4,1.6,25.0,360,288,mpeg4,40,0.19,981.0,
hockeyFights,all,Violence,fi36_xvid.mp4,hockeyFights/fights/fi36_xvid.mp4,.mp4,1.6,25.0,360,288,mpeg4,40,0.22,1133.1,
hockeyFights,all,Violence,fi370_xvid.mp4,hockeyFights/fights/fi370_xvid.mp4,.mp4,1.6,25.0,360,288,mpeg4,40,0.2,1058.8,
hockeyFights,all,Violence,fi371_xvid.mp4,hockeyFights/fights/fi371_xvid.mp4,.mp4,1.6,25.0,360,288,mpeg4,40,0.19,994.3,
hockeyFights,all,Violence,fi372_xvid.mp4,hockeyFights/fights/fi372_xvid.mp4,.mp4,1.6,25.0,360,288,mpeg4,40,0.2,1027.6,
hockeyFights,all,Violence,fi373_xvid.mp4,hockeyFights/fights/fi373_xvid.mp4,.mp4,1.6,25.0,360,288,mpeg4,40,0.19,998.0,
hockeyFights,all,Violence,fi374_xvid.mp4,hockeyFights/fights/fi374_xvid.mp4,.mp4,1.6,25.0,360,288,mpeg4,40,0.19,1004.5,
hockeyFights,all,Violence,fi375_xvid.mp4,hockeyFights/fights/fi375_xvid.mp4,.mp4,1.6,25.0,360,288,mpeg4,40,0.19,984.4,
hockeyFights,all,Violence,fi376_xvid.mp4,hockeyFights/fights/fi376_xvid.mp4,.mp4,1.6,25.0,360,288,mpeg4,40,0.2,1032.1,
hockeyFights,all,Violence,fi377_xvid.mp4,hockeyFights/fights/fi377_xvid.mp4,.mp4,1.6,25.0,360,288,mpeg4,40,0.19,1009.5,
hockeyFights,all,Violence,fi378_xvid.mp4,hockeyFights/fights/fi378_xvid.mp4,.mp4,1.6,25.0,360,288,mpeg4,40,0.2,1061.7,
hockeyFights,all,Violence,fi379_xvid.mp4,hockeyFights/fights/fi379_xvid.mp4,.mp4,1.6,25.0,360,288,mpeg4,40,0.21,1110.8,
hockeyFights,all,Violence,fi37_xvid.mp4,hockeyFights/fights/fi37_xvid.mp4,.mp4,1.6,25.0,360,288,mpeg4,40,0.21,1119.0,
hockeyFights,all,Violence,fi380_xvid.mp4,hockeyFights/fights/fi380_xvid.mp4,.mp4,1.6,25.0,360,288,mpeg4,40,0.21,1121.7,
hockeyFights,all,Violence,fi381_xvid.mp4,hockeyFights/fights/fi381_xvid.mp4,.mp4,1.6,25.0,360,288,mpeg4,40,0.2,1054.2,
hockeyFights,all,Violence,fi382_xvid.mp4,hockeyFights/fights/fi382_xvid.mp4,.mp4,1.6,25.0,360,288,mpeg4,40,0.21,1114.8,
hockeyFights,all,Violence,fi383_xvid.mp4,hockeyFights/fights/fi383_xvid.mp4,.mp4,1.6,25.0,360,288,mpeg4,40,0.19,1013.9,
hockeyFights,all,Violence,fi384_xvid.mp4,hockeyFights/fights/fi384_xvid.mp4,.mp4,1.6,25.0,360,288,mpeg4,40,0.22,1133.3,
hockeyFights,all,Violence,fi385_xvid.mp4,hockeyFights/fights/fi385_xvid.mp4,.mp4,1.6,25.0,360,288,mpeg4,40,0.21,1089.1,
hockeyFights,all,Violence,fi386_xvid.mp4,hockeyFights/fights/fi386_xvid.mp4,.mp4,1.6,25.0,360,288,mpeg4,40,0.21,1086.2,
hockeyFights,all,Violence,fi387_xvid.mp4,hockeyFights/fights/fi387_xvid.mp4,.mp4,1.6,25.0,360,288,mpeg4,40,0.17,886.4,
hockeyFights,all,Violence,fi388_xvid.mp4,hockeyFights/fights/fi388_xvid.mp4,.mp4,1.6,25.0,360,288,mpeg4,40,0.21,1120.3,
hockeyFights,all,Violence,fi389_xvid.mp4,hockeyFights/fights/fi389_xvid.mp4,.mp4,1.6,25.0,360,288,mpeg4,40,0.21,1127.2,
hockeyFights,all,Violence,fi38_xvid.mp4,hockeyFights/fights/fi38_xvid.mp4,.mp4,1.64,25.0,360,288,mpeg4,41,0.22,1107.2,
hockeyFights,all,Violence,fi390_xvid.mp4,hockeyFights/fights/fi390_xvid.mp4,.mp4,1.6,25.0,360,288,mpeg4,40,0.21,1091.4,
hockeyFights,all,Violence,fi391_xvid.mp4,hockeyFights/fights/fi391_xvid.mp4,.mp4,1.6,25.0,360,288,mpeg4,40,0.21,1127.2,
hockeyFights,all,Violence,fi392_xvid.mp4,hockeyFights/fights/fi392_xvid.mp4,.mp4,1.6,25.0,360,288,mpeg4,40,0.2,1059.0,
hockeyFights,all,Violence,fi393_xvid.mp4,hockeyFights/fights/fi393_xvid.mp4,.mp4,1.6,25.0,360,288,mpeg4,40,0.2,1059.3,
hockeyFights,all,Violence,fi394_xvid.mp4,hockeyFights/fights/fi394_xvid.mp4,.mp4,1.6,25.0,360,288,mpeg4,40,0.2,1065.7,
hockeyFights,all,Violence,fi395_xvid.mp4,hockeyFights/fights/fi395_xvid.mp4,.mp4,1.6,25.0,360,288,mpeg4,40,0.2,1044.0,
hockeyFights,all,Violence,fi396_xvid.mp4,hockeyFights/fights/fi396_xvid.mp4,.mp4,1.6,25.0,360,288,mpeg4,40,0.21,1097.3,
hockeyFights,all,Violence,fi397_xvid.mp4,hockeyFights/fights/fi397_xvid.mp4,.mp4,1.6,25.0,360,288,mpeg4,40,0.21,1107.3,
hockeyFights,all,Violence,fi398_xvid.mp4,hockeyFights/fights/fi398_xvid.mp4,.mp4,1.6,25.0,360,288,mpeg4,40,0.2,1072.1,
hockeyFights,all,Violence,fi399_xvid.mp4,hockeyFights/fights/fi399_xvid.mp4,.mp4,1.6,25.0,360,288,mpeg4,40,0.22,1176.7,
hockeyFights,all,Violence,fi39_xvid.mp4,hockeyFights/fights/fi39_xvid.mp4,.mp4,1.64,25.0,360,288,mpeg4,41,0.23,1180.5,
hockeyFights,all,Violence,fi3_xvid.mp4,hockeyFights/fights/fi3_xvid.mp4,.mp4,1.6,25.0,360,288,mpeg4,40,0.23,1212.1,
hockeyFights,all,Violence,fi400_xvid.mp4,hockeyFights/fights/fi400_xvid.mp4,.mp4,1.6,25.0,360,288,mpeg4,40,0.2,1030.3,
hockeyFights,all,Violence,fi401_xvid.mp4,hockeyFights/fights/fi401_xvid.mp4,.mp4,1.6,25.0,360,288,mpeg4,40,0.22,1174.0,
hockeyFights,all,Violence,fi402_xvid.mp4,hockeyFights/fights/fi402_xvid.mp4,.mp4,1.6,25.0,360,288,mpeg4,40,0.23,1188.7,
hockeyFights,all,Violence,fi403_xvid.mp4,hockeyFights/fights/fi403_xvid.mp4,.mp4,1.6,25.0,360,288,mpeg4,40,0.22,1144.0,
hockeyFights,all,Violence,fi404_xvid.mp4,hockeyFights/fights/fi404_xvid.mp4,.mp4,1.6,25.0,360,288,mpeg4,40,0.21,1116.1,
hockeyFights,all,Violence,fi405_xvid.mp4,hockeyFights/fights/fi405_xvid.mp4,.mp4,1.6,25.0,360,288,mpeg4,40,0.2,1056.4,
hockeyFights,all,Violence,fi406_xvid.mp4,hockeyFights/fights/fi406_xvid.mp4,.mp4,1.6,25.0,360,288,mpeg4,40,0.2,1032.1,
hockeyFights,all,Violence,fi407_xvid.mp4,hockeyFights/fights/fi407_xvid.mp4,.mp4,1.6,25.0,360,288,mpeg4,40,0.21,1087.3,
hockeyFights,all,Violence,fi408_xvid.mp4,hockeyFights/fights/fi408_xvid.mp4,.mp4,1.6,25.0,360,288,mpeg4,40,0.23,1206.0,
hockeyFights,all,Violence,fi409_xvid.mp4,hockeyFights/fights/fi409_xvid.mp4,.mp4,1.6,25.0,360,288,mpeg4,40,0.19,1002.4,
hockeyFights,all,Violence,fi40_xvid.mp4,hockeyFights/fights/fi40_xvid.mp4,.mp4,1.64,25.0,360,288,mpeg4,41,0.21,1099.3,
hockeyFights,all,Violence,fi410_xvid.mp4,hockeyFights/fights/fi410_xvid.mp4,.mp4,1.6,25.0,360,288,mpeg4,40,0.22,1171.7,
hockeyFights,all,Violence,fi411_xvid.mp4,hockeyFights/fights/fi411_xvid.mp4,.mp4,1.6,25.0,360,288,mpeg4,40,0.23,1185.4,
hockeyFights,all,Violence,fi412_xvid.mp4,hockeyFights/fights/fi412_xvid.mp4,.mp4,1.6,25.0,360,288,mpeg4,40,0.21,1105.7,
hockeyFights,all,Violence,fi413_xvid.mp4,hockeyFights/fights/fi413_xvid.mp4,.mp4,1.6,25.0,360,288,mpeg4,40,0.22,1134.2,
hockeyFights,all,Violence,fi414_xvid.mp4,hockeyFights/fights/fi414_xvid.mp4,.mp4,1.6,25.0,360,288,mpeg4,40,0.23,1183.7,
hockeyFights,all,Violence,fi415_xvid.mp4,hockeyFights/fights/fi415_xvid.mp4,.mp4,1.6,25.0,360,288,mpeg4,40,0.23,1182.6,
hockeyFights,all,Violence,fi416_xvid.mp4,hockeyFights/fights/fi416_xvid.mp4,.mp4,1.6,25.0,360,288,mpeg4,40,0.17,900.4,
hockeyFights,all,Violence,fi417_xvid.mp4,hockeyFights/fights/fi417_xvid.mp4,.mp4,1.6,25.0,360,288,mpeg4,40,0.16,856.8,
hockeyFights,all,Violence,fi418_xvid.mp4,hockeyFights/fights/fi418_xvid.mp4,.mp4,1.6,25.0,360,288,mpeg4,40,0.17,881.1,
hockeyFights,all,Violence,fi419_xvid.mp4,hockeyFights/fights/fi419_xvid.mp4,.mp4,1.6,25.0,360,288,mpeg4,40,0.18,949.9,
hockeyFights,all,Violence,fi41_xvid.mp4,hockeyFights/fights/fi41_xvid.mp4,.mp4,1.64,25.0,360,288,mpeg4,41,0.21,1063.3,
hockeyFights,all,Violence,fi420_xvid.mp4,hockeyFights/fights/fi420_xvid.mp4,.mp4,1.6,25.0,360,288,mpeg4,40,0.18,934.2,
hockeyFights,all,Violence,fi421_xvid.mp4,hockeyFights/fights/fi421_xvid.mp4,.mp4,1.6,25.0,360,288,mpeg4,40,0.18,959.2,
hockeyFights,all,Violence,fi422_xvid.mp4,hockeyFights/fights/fi422_xvid.mp4,.mp4,1.6,25.0,360,288,mpeg4,40,0.18,920.3,
hockeyFights,all,Violence,fi423_xvid.mp4,hockeyFights/fights/fi423_xvid.mp4,.mp4,1.6,25.0,360,288,mpeg4,40,0.17,868.3,
hockeyFights,all,Violence,fi424_xvid.mp4,hockeyFights/fights/fi424_xvid.mp4,.mp4,1.6,25.0,360,288,mpeg4,40,0.18,930.9,
hockeyFights,all,Violence,fi425_xvid.mp4,hockeyFights/fights/fi425_xvid.mp4,.mp4,1.6,25.0,360,288,mpeg4,40,0.17,886.1,
hockeyFights,all,Violence,fi426_xvid.mp4,hockeyFights/fights/fi426_xvid.mp4,.mp4,1.6,25.0,360,288,mpeg4,40,0.17,877.2,
hockeyFights,all,Violence,fi427_xvid.mp4,hockeyFights/fights/fi427_xvid.mp4,.mp4,1.6,25.0,360,288,mpeg4,40,0.22,1143.2,
hockeyFights,all,Violence,fi428_xvid.mp4,hockeyFights/fights/fi428_xvid.mp4,.mp4,1.6,25.0,360,288,mpeg4,40,0.22,1175.8,
hockeyFights,all,Violence,fi429_xvid.mp4,hockeyFights/fights/fi429_xvid.mp4,.mp4,1.6,25.0,360,288,mpeg4,40,0.21,1121.1,
hockeyFights,all,Violence,fi42_xvid.mp4,hockeyFights/fights/fi42_xvid.mp4,.mp4,1.6,25.0,360,288,mpeg4,40,0.21,1088.4,
hockeyFights,all,Violence,fi430_xvid.mp4,hockeyFights/fights/fi430_xvid.mp4,.mp4,1.6,25.0,360,288,mpeg4,40,0.19,999.0,
hockeyFights,all,Violence,fi431_xvid.mp4,hockeyFights/fights/fi431_xvid.mp4,.mp4,1.6,25.0,360,288,mpeg4,40,0.17,908.2,
hockeyFights,all,Violence,fi432_xvid.mp4,hockeyFights/fights/fi432_xvid.mp4,.mp4,1.6,25.0,360,288,mpeg4,40,0.17,914.5,
hockeyFights,all,Violence,fi433_xvid.mp4,hockeyFights/fights/fi433_xvid.mp4,.mp4,1.6,25.0,360,288,mpeg4,40,0.23,1230.8,
hockeyFights,all,Violence,fi434_xvid.mp4,hockeyFights/fights/fi434_xvid.mp4,.mp4,1.6,25.0,360,288,mpeg4,40,0.24,1270.0,
hockeyFights,all,Violence,fi435_xvid.mp4,hockeyFights/fights/fi435_xvid.mp4,.mp4,1.6,25.0,360,288,mpeg4,40,0.23,1202.7,
hockeyFights,all,Violence,fi436_xvid.mp4,hockeyFights/fights/fi436_xvid.mp4,.mp4,1.6,25.0,360,288,mpeg4,40,0.22,1134.3,
hockeyFights,all,Violence,fi437_xvid.mp4,hockeyFights/fights/fi437_xvid.mp4,.mp4,1.6,25.0,360,288,mpeg4,40,0.23,1218.5,
hockeyFights,all,Violence,fi438_xvid.mp4,hockeyFights/fights/fi438_xvid.mp4,.mp4,1.56,25.0,360,288,mpeg4,39,0.23,1250.8,
hockeyFights,all,Violence,fi439_xvid.mp4,hockeyFights/fights/fi439_xvid.mp4,.mp4,1.6,25.0,360,288,mpeg4,40,0.22,1145.4,
hockeyFights,all,Violence,fi43_xvid.mp4,hockeyFights/fights/fi43_xvid.mp4,.mp4,1.6,25.0,360,288,mpeg4,40,0.21,1117.0,
hockeyFights,all,Violence,fi440_xvid.mp4,hockeyFights/fights/fi440_xvid.mp4,.mp4,1.6,25.0,360,288,mpeg4,40,0.22,1130.0,
hockeyFights,all,Violence,fi441_xvid.mp4,hockeyFights/fights/fi441_xvid.mp4,.mp4,1.6,25.0,360,288,mpeg4,40,0.22,1172.0,
hockeyFights,all,Violence,fi442_xvid.mp4,hockeyFights/fights/fi442_xvid.mp4,.mp4,1.6,25.0,360,288,mpeg4,40,0.22,1175.0,
hockeyFights,all,Violence,fi443_xvid.mp4,hockeyFights/fights/fi443_xvid.mp4,.mp4,1.6,25.0,360,288,mpeg4,40,0.18,965.4,
hockeyFights,all,Violence,fi444_xvid.mp4,hockeyFights/fights/fi444_xvid.mp4,.mp4,1.6,25.0,360,288,mpeg4,40,0.2,1062.9,
hockeyFights,all,Violence,fi445_xvid.mp4,hockeyFights/fights/fi445_xvid.mp4,.mp4,1.6,25.0,360,288,mpeg4,40,0.21,1087.6,
hockeyFights,all,Violence,fi446_xvid.mp4,hockeyFights/fights/fi446_xvid.mp4,.mp4,1.6,25.0,360,288,mpeg4,40,0.22,1146.1,
hockeyFights,all,Violence,fi447_xvid.mp4,hockeyFights/fights/fi447_xvid.mp4,.mp4,1.6,25.0,360,288,mpeg4,40,0.21,1123.4,
hockeyFights,all,Violence,fi448_xvid.mp4,hockeyFights/fights/fi448_xvid.mp4,.mp4,1.6,25.0,360,288,mpeg4,40,0.19,988.1,
hockeyFights,all,Violence,fi449_xvid.mp4,hockeyFights/fights/fi449_xvid.mp4,.mp4,1.6,25.0,360,288,mpeg4,40,0.19,972.7,
hockeyFights,all,Violence,fi44_xvid.mp4,hockeyFights/fights/fi44_xvid.mp4,.mp4,1.6,25.0,360,288,mpeg4,40,0.21,1104.5,
hockeyFights,all,Violence,fi450_xvid.mp4,hockeyFights/fights/fi450_xvid.mp4,.mp4,1.6,25.0,360,288,mpeg4,40,0.2,1037.6,
hockeyFights,all,Violence,fi451_xvid.mp4,hockeyFights/fights/fi451_xvid.mp4,.mp4,1.6,25.0,360,288,mpeg4,40,0.2,1026.7,
hockeyFights,all,Violence,fi452_xvid.mp4,hockeyFights/fights/fi452_xvid.mp4,.mp4,1.6,25.0,360,288,mpeg4,40,0.2,1036.6,
hockeyFights,all,Violence,fi453_xvid.mp4,hockeyFights/fights/fi453_xvid.mp4,.mp4,1.6,25.0,360,288,mpeg4,40,0.19,1008.1,
hockeyFights,all,Violence,fi454_xvid.mp4,hockeyFights/fights/fi454_xvid.mp4,.mp4,1.6,25.0,360,288,mpeg4,40,0.19,1018.0,
hockeyFights,all,Violence,fi455_xvid.mp4,hockeyFights/fights/fi455_xvid.mp4,.mp4,1.6,25.0,360,288,mpeg4,40,0.19,1010.9,
hockeyFights,all,Violence,fi456_xvid.mp4,hockeyFights/fights/fi456_xvid.mp4,.mp4,1.6,25.0,360,288,mpeg4,40,0.2,1054.3,
hockeyFights,all,Violence,fi457_xvid.mp4,hockeyFights/fights/fi457_xvid.mp4,.mp4,1.6,25.0,360,288,mpeg4,40,0.19,1014.8,
hockeyFights,all,Violence,fi458_xvid.mp4,hockeyFights/fights/fi458_xvid.mp4,.mp4,1.6,25.0,360,288,mpeg4,40,0.2,1032.7,
hockeyFights,all,Violence,fi459_xvid.mp4,hockeyFights/fights/fi459_xvid.mp4,.mp4,1.6,25.0,360,288,mpeg4,40,0.19,983.3,
hockeyFights,all,Violence,fi45_xvid.mp4,hockeyFights/fights/fi45_xvid.mp4,.mp4,1.6,25.0,360,288,mpeg4,40,0.21,1108.0,
hockeyFights,all,Violence,fi460_xvid.mp4,hockeyFights/fights/fi460_xvid.mp4,.mp4,1.6,25.0,360,288,mpeg4,40,0.19,1021.0,
hockeyFights,all,Violence,fi461_xvid.mp4,hockeyFights/fights/fi461_xvid.mp4,.mp4,1.6,25.0,360,288,mpeg4,40,0.19,989.8,
hockeyFights,all,Violence,fi462_xvid.mp4,hockeyFights/fights/fi462_xvid.mp4,.mp4,1.6,25.0,360,288,mpeg4,40,0.2,1028.4,
hockeyFights,all,Violence,fi463_xvid.mp4,hockeyFights/fights/fi463_xvid.mp4,.mp4,1.6,25.0,360,288,mpeg4,40,0.18,966.5,
hockeyFights,all,Violence,fi464_xvid.mp4,hockeyFights/fights/fi464_xvid.mp4,.mp4,1.56,25.0,360,288,mpeg4,39,0.18,950.5,
hockeyFights,all,Violence,fi465_xvid.mp4,hockeyFights/fights/fi465_xvid.mp4,.mp4,1.6,25.0,360,288,mpeg4,40,0.18,942.6,
hockeyFights,all,Violence,fi466_xvid.mp4,hockeyFights/fights/fi466_xvid.mp4,.mp4,1.6,25.0,360,288,mpeg4,40,0.17,911.6,
hockeyFights,all,Violence,fi467_xvid.mp4,hockeyFights/fights/fi467_xvid.mp4,.mp4,1.6,25.0,360,288,mpeg4,40,0.18,922.5,
hockeyFights,all,Violence,fi468_xvid.mp4,hockeyFights/fights/fi468_xvid.mp4,.mp4,1.6,25.0,360,288,mpeg4,40,0.18,941.3,
hockeyFights,all,Violence,fi469_xvid.mp4,hockeyFights/fights/fi469_xvid.mp4,.mp4,1.6,25.0,360,288,mpeg4,40,0.17,892.0,
hockeyFights,all,Violence,fi46_xvid.mp4,hockeyFights/fights/fi46_xvid.mp4,.mp4,1.6,25.0,360,288,mpeg4,40,0.2,1039.0,
hockeyFights,all,Violence,fi470_xvid.mp4,hockeyFights/fights/fi470_xvid.mp4,.mp4,1.6,25.0,360,288,mpeg4,40,0.17,893.7,
hockeyFights,all,Violence,fi471_xvid.mp4,hockeyFights/fights/fi471_xvid.mp4,.mp4,1.6,25.0,360,288,mpeg4,40,0.18,955.2,
hockeyFights,all,Violence,fi472_xvid.mp4,hockeyFights/fights/fi472_xvid.mp4,.mp4,1.6,25.0,360,288,mpeg4,40,0.18,965.2,
hockeyFights,all,Violence,fi473_xvid.mp4,hockeyFights/fights/fi473_xvid.mp4,.mp4,1.6,25.0,360,288,mpeg4,40,0.18,924.4,
hockeyFights,all,Violence,fi474_xvid.mp4,hockeyFights/fights/fi474_xvid.mp4,.mp4,1.6,25.0,360,288,mpeg4,40,0.17,902.5,
hockeyFights,all,Violence,fi475_xvid.mp4,hockeyFights/fights/fi475_xvid.mp4,.mp4,1.6,25.0,360,288,mpeg4,40,0.18,937.8,
hockeyFights,all,Violence,fi476_xvid.mp4,hockeyFights/fights/fi476_xvid.mp4,.mp4,1.6,25.0,360,288,mpeg4,40,0.19,1020.1,
hockeyFights,all,Violence,fi477_xvid.mp4,hockeyFights/fights/fi477_xvid.mp4,.mp4,1.6,25.0,360,288,mpeg4,40,0.18,920.8,
hockeyFights,all,Violence,fi478_xvid.mp4,hockeyFights/fights/fi478_xvid.mp4,.mp4,1.6,25.0,360,288,mpeg4,40,0.18,934.3,
hockeyFights,all,Violence,fi479_xvid.mp4,hockeyFights/fights/fi479_xvid.mp4,.mp4,1.6,25.0,360,288,mpeg4,40,0.18,947.6,
hockeyFights,all,Violence,fi47_xvid.mp4,hockeyFights/fights/fi47_xvid.mp4,.mp4,1.6,25.0,360,288,mpeg4,40,0.19,994.4,
hockeyFights,all,Violence,fi480_xvid.mp4,hockeyFights/fights/fi480_xvid.mp4,.mp4,1.6,25.0,360,288,mpeg4,40,0.18,950.0,
hockeyFights,all,Violence,fi481_xvid.mp4,hockeyFights/fights/fi481_xvid.mp4,.mp4,1.6,25.0,360,288,mpeg4,40,0.2,1024.1,
hockeyFights,all,Violence,fi482_xvid.mp4,hockeyFights/fights/fi482_xvid.mp4,.mp4,1.6,25.0,360,288,mpeg4,40,0.19,989.9,
hockeyFights,all,Violence,fi483_xvid.mp4,hockeyFights/fights/fi483_xvid.mp4,.mp4,1.6,25.0,360,288,mpeg4,40,0.17,910.4,
hockeyFights,all,Violence,fi484_xvid.mp4,hockeyFights/fights/fi484_xvid.mp4,.mp4,1.6,25.0,360,288,mpeg4,40,0.18,943.5,
hockeyFights,all,Violence,fi485_xvid.mp4,hockeyFights/fights/fi485_xvid.mp4,.mp4,1.6,25.0,360,288,mpeg4,40,0.17,882.8,
hockeyFights,all,Violence,fi486_xvid.mp4,hockeyFights/fights/fi486_xvid.mp4,.mp4,1.6,25.0,360,288,mpeg4,40,0.18,947.6,
hockeyFights,all,Violence,fi487_xvid.mp4,hockeyFights/fights/fi487_xvid.mp4,.mp4,1.6,25.0,360,288,mpeg4,40,0.19,992.2,
hockeyFights,all,Violence,fi488_xvid.mp4,hockeyFights/fights/fi488_xvid.mp4,.mp4,1.6,25.0,360,288,mpeg4,40,0.19,970.1,
hockeyFights,all,Violence,fi489_xvid.mp4,hockeyFights/fights/fi489_xvid.mp4,.mp4,1.6,25.0,360,288,mpeg4,40,0.18,959.7,
hockeyFights,all,Violence,fi48_xvid.mp4,hockeyFights/fights/fi48_xvid.mp4,.mp4,1.6,25.0,360,288,mpeg4,40,0.23,1203.5,
hockeyFights,all,Violence,fi490_xvid.mp4,hockeyFights/fights/fi490_xvid.mp4,.mp4,1.6,25.0,360,288,mpeg4,40,0.18,962.2,
hockeyFights,all,Violence,fi491_xvid.mp4,hockeyFights/fights/fi491_xvid.mp4,.mp4,1.6,25.0,360,288,mpeg4,40,0.18,940.3,
hockeyFights,all,Violence,fi492_xvid.mp4,hockeyFights/fights/fi492_xvid.mp4,.mp4,1.6,25.0,360,288,mpeg4,40,0.19,1002.6,
hockeyFights,all,Violence,fi493_xvid.mp4,hockeyFights/fights/fi493_xvid.mp4,.mp4,1.6,25.0,360,288,mpeg4,40,0.19,998.4,
hockeyFights,all,Violence,fi494_xvid.mp4,hockeyFights/fights/fi494_xvid.mp4,.mp4,1.6,25.0,360,288,mpeg4,40,0.19,1011.4,
hockeyFights,all,Violence,fi495_xvid.mp4,hockeyFights/fights/fi495_xvid.mp4,.mp4,1.6,25.0,360,288,mpeg4,40,0.18,927.8,
hockeyFights,all,Violence,fi496_xvid.mp4,hockeyFights/fights/fi496_xvid.mp4,.mp4,1.6,25.0,360,288,mpeg4,40,0.19,1002.1,
hockeyFights,all,Violence,fi497_xvid.mp4,hockeyFights/fights/fi497_xvid.mp4,.mp4,1.6,25.0,360,288,mpeg4,40,0.17,915.7,
hockeyFights,all,Violence,fi498_xvid.mp4,hockeyFights/fights/fi498_xvid.mp4,.mp4,1.6,25.0,360,288,mpeg4,40,0.18,969.1,
hockeyFights,all,Violence,fi499_xvid.mp4,hockeyFights/fights/fi499_xvid.mp4,.mp4,1.6,25.0,360,288,mpeg4,40,0.19,1016.1,
hockeyFights,all,Violence,fi49_xvid.mp4,hockeyFights/fights/fi49_xvid.mp4,.mp4,1.6,25.0,360,288,mpeg4,40,0.22,1158.1,
hockeyFights,all,Violence,fi4_xvid.mp4,hockeyFights/fights/fi4_xvid.mp4,.mp4,1.6,25.0,360,288,mpeg4,40,0.23,1181.6,
hockeyFights,all,Violence,fi500_xvid.mp4,hockeyFights/fights/fi500_xvid.mp4,.mp4,1.6,25.0,360,288,mpeg4,40,0.19,1009.2,
hockeyFights,all,Violence,fi50_xvid.mp4,hockeyFights/fights/fi50_xvid.mp4,.mp4,1.6,25.0,360,288,mpeg4,40,0.2,1069.6,
hockeyFights,all,Violence,fi51_xvid.mp4,hockeyFights/fights/fi51_xvid.mp4,.mp4,1.6,25.0,360,288,mpeg4,40,0.22,1152.2,
hockeyFights,all,Violence,fi52_xvid.mp4,hockeyFights/fights/fi52_xvid.mp4,.mp4,1.6,25.0,360,288,mpeg4,40,0.23,1204.8,
hockeyFights,all,Violence,fi53_xvid.mp4,hockeyFights/fights/fi53_xvid.mp4,.mp4,1.6,25.0,360,288,mpeg4,40,0.19,979.2,
hockeyFights,all,Violence,fi54_xvid.mp4,hockeyFights/fights/fi54_xvid.mp4,.mp4,1.6,25.0,360,288,mpeg4,40,0.2,1036.4,
hockeyFights,all,Violence,fi55_xvid.mp4,hockeyFights/fights/fi55_xvid.mp4,.mp4,1.6,25.0,360,288,mpeg4,40,0.2,1059.3,
hockeyFights,all,Violence,fi56_xvid.mp4,hockeyFights/fights/fi56_xvid.mp4,.mp4,1.6,25.0,360,288,mpeg4,40,0.17,883.5,
hockeyFights,all,Violence,fi57_xvid.mp4,hockeyFights/fights/fi57_xvid.mp4,.mp4,1.6,25.0,360,288,mpeg4,40,0.19,1004.7,
hockeyFights,all,Violence,fi58_xvid.mp4,hockeyFights/fights/fi58_xvid.mp4,.mp4,1.6,25.0,360,288,mpeg4,40,0.19,1019.1,
hockeyFights,all,Violence,fi59_xvid.mp4,hockeyFights/fights/fi59_xvid.mp4,.mp4,1.6,25.0,360,288,mpeg4,40,0.2,1068.4,
hockeyFights,all,Violence,fi5_xvid.mp4,hockeyFights/fights/fi5_xvid.mp4,.mp4,1.6,25.0,360,288,mpeg4,40,0.23,1199.3,
hockeyFights,all,Violence,fi60_xvid.mp4,hockeyFights/fights/fi60_xvid.mp4,.mp4,1.6,25.0,360,288,mpeg4,40,0.16,853.7,
hockeyFights,all,Violence,fi61_xvid.mp4,hockeyFights/fights/fi61_xvid.mp4,.mp4,1.6,25.0,360,288,mpeg4,40,0.19,986.4,
hockeyFights,all,Violence,fi62_xvid.mp4,hockeyFights/fights/fi62_xvid.mp4,.mp4,1.6,25.0,360,288,mpeg4,40,0.2,1035.7,
hockeyFights,all,Violence,fi63_xvid.mp4,hockeyFights/fights/fi63_xvid.mp4,.mp4,1.6,25.0,360,288,mpeg4,40,0.19,1007.4,
hockeyFights,all,Violence,fi64_xvid.mp4,hockeyFights/fights/fi64_xvid.mp4,.mp4,1.6,25.0,360,288,mpeg4,40,0.18,949.9,
hockeyFights,all,Violence,fi65_xvid.mp4,hockeyFights/fights/fi65_xvid.mp4,.mp4,1.6,25.0,360,288,mpeg4,40,0.22,1174.2,
hockeyFights,all,Violence,fi66_xvid.mp4,hockeyFights/fights/fi66_xvid.mp4,.mp4,1.6,25.0,360,288,mpeg4,40,0.23,1202.1,
hockeyFights,all,Violence,fi67_xvid.mp4,hockeyFights/fights/fi67_xvid.mp4,.mp4,1.6,25.0,360,288,mpeg4,40,0.21,1118.0,
hockeyFights,all,Violence,fi68_xvid.mp4,hockeyFights/fights/fi68_xvid.mp4,.mp4,1.6,25.0,360,288,mpeg4,40,0.23,1199.8,
hockeyFights,all,Violence,fi69_xvid.mp4,hockeyFights/fights/fi69_xvid.mp4,.mp4,1.6,25.0,360,288,mpeg4,40,0.22,1171.9,
hockeyFights,all,Violence,fi6_xvid.mp4,hockeyFights/fights/fi6_xvid.mp4,.mp4,1.6,25.0,360,288,mpeg4,40,0.21,1120.4,
hockeyFights,all,Violence,fi70_xvid.mp4,hockeyFights/fights/fi70_xvid.mp4,.mp4,1.6,25.0,360,288,mpeg4,40,0.23,1187.9,
hockeyFights,all,Violence,fi71_xvid.mp4,hockeyFights/fights/fi71_xvid.mp4,.mp4,1.6,25.0,360,288,mpeg4,40,0.22,1159.5,
hockeyFights,all,Violence,fi72_xvid.mp4,hockeyFights/fights/fi72_xvid.mp4,.mp4,1.6,25.0,360,288,mpeg4,40,0.19,973.5,
hockeyFights,all,Violence,fi73_xvid.mp4,hockeyFights/fights/fi73_xvid.mp4,.mp4,1.6,25.0,360,288,mpeg4,40,0.21,1114.2,
hockeyFights,all,Violence,fi74_xvid.mp4,hockeyFights/fights/fi74_xvid.mp4,.mp4,1.6,25.0,360,288,mpeg4,40,0.19,983.9,
hockeyFights,all,Violence,fi75_xvid.mp4,hockeyFights/fights/fi75_xvid.mp4,.mp4,1.6,25.0,360,288,mpeg4,40,0.18,967.4,
hockeyFights,all,Violence,fi76_xvid.mp4,hockeyFights/fights/fi76_xvid.mp4,.mp4,1.6,25.0,360,288,mpeg4,40,0.18,924.1,
hockeyFights,all,Violence,fi77_xvid.mp4,hockeyFights/fights/fi77_xvid.mp4,.mp4,1.6,25.0,360,288,mpeg4,40,0.18,942.3,
hockeyFights,all,Violence,fi78_xvid.mp4,hockeyFights/fights/fi78_xvid.mp4,.mp4,1.6,25.0,360,288,mpeg4,40,0.19,1003.0,
hockeyFights,all,Violence,fi79_xvid.mp4,hockeyFights/fights/fi79_xvid.mp4,.mp4,1.6,25.0,360,288,mpeg4,40,0.19,1004.0,
hockeyFights,all,Violence,fi7_xvid.mp4,hockeyFights/fights/fi7_xvid.mp4,.mp4,1.6,25.0,360,288,mpeg4,40,0.2,1024.6,
hockeyFights,all,Violence,fi80_xvid.mp4,hockeyFights/fights/fi80_xvid.mp4,.mp4,1.6,25.0,360,288,mpeg4,40,0.2,1038.6,
hockeyFights,all,Violence,fi81_xvid.mp4,hockeyFights/fights/fi81_xvid.mp4,.mp4,1.6,25.0,360,288,mpeg4,40,0.2,1036.6,
hockeyFights,all,Violence,fi82_xvid.mp4,hockeyFights/fights/fi82_xvid.mp4,.mp4,1.6,25.0,360,288,mpeg4,40,0.2,1038.4,
hockeyFights,all,Violence,fi83_xvid.mp4,hockeyFights/fights/fi83_xvid.mp4,.mp4,1.6,25.0,360,288,mpeg4,40,0.22,1160.7,
hockeyFights,all,Violence,fi84_xvid.mp4,hockeyFights/fights/fi84_xvid.mp4,.mp4,1.6,25.0,360,288,mpeg4,40,0.21,1080.3,
hockeyFights,all,Violence,fi85_xvid.mp4,hockeyFights/fights/fi85_xvid.mp4,.mp4,1.6,25.0,360,288,mpeg4,40,0.2,1073.0,
hockeyFights,all,Violence,fi86_xvid.mp4,hockeyFights/fights/fi86_xvid.mp4,.mp4,1.6,25.0,360,288,mpeg4,40,0.18,962.1,
hockeyFights,all,Violence,fi87_xvid.mp4,hockeyFights/fights/fi87_xvid.mp4,.mp4,1.6,25.0,360,288,mpeg4,40,0.2,1036.8,
hockeyFights,all,Violence,fi88_xvid.mp4,hockeyFights/fights/fi88_xvid.mp4,.mp4,1.6,25.0,360,288,mpeg4,40,0.2,1051.9,
hockeyFights,all,Violence,fi89_xvid.mp4,hockeyFights/fights/fi89_xvid.mp4,.mp4,1.6,25.0,360,288,mpeg4,40,0.2,1072.2,
hockeyFights,all,Violence,fi8_xvid.mp4,hockeyFights/fights/fi8_xvid.mp4,.mp4,1.6,25.0,360,288,mpeg4,40,0.23,1186.2,
hockeyFights,all,Violence,fi90_xvid.mp4,hockeyFights/fights/fi90_xvid.mp4,.mp4,1.6,25.0,360,288,mpeg4,40,0.21,1105.5,
hockeyFights,all,Violence,fi91_xvid.mp4,hockeyFights/fights/fi91_xvid.mp4,.mp4,1.6,25.0,360,288,mpeg4,40,0.21,1081.8,
hockeyFights,all,Violence,fi92_xvid.mp4,hockeyFights/fights/fi92_xvid.mp4,.mp4,1.6,25.0,360,288,mpeg4,40,0.19,1007.9,
hockeyFights,all,Violence,fi93_xvid.mp4,hockeyFights/fights/fi93_xvid.mp4,.mp4,1.6,25.0,360,288,mpeg4,40,0.21,1121.4,
hockeyFights,all,Violence,fi94_xvid.mp4,hockeyFights/fights/fi94_xvid.mp4,.mp4,1.6,25.0,360,288,mpeg4,40,0.21,1111.0,
hockeyFights,all,Violence,fi95_xvid.mp4,hockeyFights/fights/fi95_xvid.mp4,.mp4,1.6,25.0,360,288,mpeg4,40,0.21,1080.0,
hockeyFights,all,Violence,fi96_xvid.mp4,hockeyFights/fights/fi96_xvid.mp4,.mp4,1.6,25.0,360,288,mpeg4,40,0.22,1177.5,
hockeyFights,all,Violence,fi97_xvid.mp4,hockeyFights/fights/fi97_xvid.mp4,.mp4,1.6,25.0,360,288,mpeg4,40,0.2,1061.7,
hockeyFights,all,Violence,fi98_xvid.mp4,hockeyFights/fights/fi98_xvid.mp4,.mp4,1.6,25.0,360,288,mpeg4,40,0.21,1080.9,
hockeyFights,all,Violence,fi99_xvid.mp4,hockeyFights/fights/fi99_xvid.mp4,.mp4,1.6,25.0,360,288,mpeg4,40,0.23,1190.3,
hockeyFights,all,Violence,fi9_xvid.mp4,hockeyFights/fights/fi9_xvid.mp4,.mp4,1.6,25.0,360,288,mpeg4,40,0.21,1099.6,
hockeyFights,all,No-Violence,no100_xvid.mp4,hockeyFights/noFights/no100_xvid.mp4,.mp4,1.6,25.0,360,288,mpeg4,40,0.2,1033.2,
hockeyFights,all,No-Violence,no101_xvid.mp4,hockeyFights/noFights/no101_xvid.mp4,.mp4,1.6,25.0,360,288,mpeg4,40,0.22,1145.0,
hockeyFights,all,No-Violence,no102_xvid.mp4,hockeyFights/noFights/no102_xvid.mp4,.mp4,1.6,25.0,360,288,mpeg4,40,0.22,1129.9,
hockeyFights,all,No-Violence,no103_xvid.mp4,hockeyFights/noFights/no103_xvid.mp4,.mp4,1.6,25.0,360,288,mpeg4,40,0.21,1082.2,
hockeyFights,all,No-Violence,no104_xvid.mp4,hockeyFights/noFights/no104_xvid.mp4,.mp4,1.6,25.0,360,288,mpeg4,40,0.21,1127.0,
hockeyFights,all,No-Violence,no105_xvid.mp4,hockeyFights/noFights/no105_xvid.mp4,.mp4,1.6,25.0,360,288,mpeg4,40,0.22,1133.3,
hockeyFights,all,No-Violence,no106_xvid.mp4,hockeyFights/noFights/no106_xvid.mp4,.mp4,1.6,25.0,360,288,mpeg4,40,0.21,1109.0,
hockeyFights,all,No-Violence,no107_xvid.mp4,hockeyFights/noFights/no107_xvid.mp4,.mp4,1.6,25.0,360,288,mpeg4,40,0.22,1164.9,
hockeyFights,all,No-Violence,no108_xvid.mp4,hockeyFights/noFights/no108_xvid.mp4,.mp4,1.6,25.0,360,288,mpeg4,40,0.22,1166.0,
hockeyFights,all,No-Violence,no109_xvid.mp4,hockeyFights/noFights/no109_xvid.mp4,.mp4,1.6,25.0,360,288,mpeg4,40,0.22,1176.4,
hockeyFights,all,No-Violence,no10_xvid.mp4,hockeyFights/noFights/no10_xvid.mp4,.mp4,1.6,25.0,360,288,mpeg4,40,0.2,1049.0,
hockeyFights,all,No-Violence,no110_xvid.mp4,hockeyFights/noFights/no110_xvid.mp4,.mp4,1.6,25.0,360,288,mpeg4,40,0.22,1137.7,
hockeyFights,all,No-Violence,no111_xvid.mp4,hockeyFights/noFights/no111_xvid.mp4,.mp4,1.6,25.0,360,288,mpeg4,40,0.16,857.6,
hockeyFights,all,No-Violence,no112_xvid.mp4,hockeyFights/noFights/no112_xvid.mp4,.mp4,1.6,25.0,360,288,mpeg4,40,0.21,1116.2,
hockeyFights,all,No-Violence,no113_xvid.mp4,hockeyFights/noFights/no113_xvid.mp4,.mp4,1.6,25.0,360,288,mpeg4,40,0.22,1155.3,
hockeyFights,all,No-Violence,no114_xvid.mp4,hockeyFights/noFights/no114_xvid.mp4,.mp4,1.6,25.0,360,288,mpeg4,40,0.21,1106.3,
hockeyFights,all,No-Violence,no115_xvid.mp4,hockeyFights/noFights/no115_xvid.mp4,.mp4,1.6,25.0,360,288,mpeg4,40,0.23,1186.3,
hockeyFights,all,No-Violence,no116_xvid.mp4,hockeyFights/noFights/no116_xvid.mp4,.mp4,1.6,25.0,360,288,mpeg4,40,0.23,1210.6,
hockeyFights,all,No-Violence,no117_xvid.mp4,hockeyFights/noFights/no117_xvid.mp4,.mp4,1.6,25.0,360,288,mpeg4,40,0.23,1203.6,
hockeyFights,all,No-Violence,no118_xvid.mp4,hockeyFights/noFights/no118_xvid.mp4,.mp4,1.6,25.0,360,288,mpeg4,40,0.2,1046.6,
hockeyFights,all,No-Violence,no119_xvid.mp4,hockeyFights/noFights/no119_xvid.mp4,.mp4,1.6,25.0,360,288,mpeg4,40,0.23,1190.5,
hockeyFights,all,No-Violence,no11_xvid.mp4,hockeyFights/noFights/no11_xvid.mp4,.mp4,1.6,25.0,360,288,mpeg4,40,0.2,1056.1,
hockeyFights,all,No-Violence,no120_xvid.mp4,hockeyFights/noFights/no120_xvid.mp4,.mp4,1.6,25.0,360,288,mpeg4,40,0.24,1259.7,
hockeyFights,all,No-Violence,no121_xvid.mp4,hockeyFights/noFights/no121_xvid.mp4,.mp4,1.6,25.0,360,288,mpeg4,40,0.2,1068.9,
hockeyFights,all,No-Violence,no122_xvid.mp4,hockeyFights/noFights/no122_xvid.mp4,.mp4,1.6,25.0,360,288,mpeg4,40,0.21,1094.6,
hockeyFights,all,No-Violence,no123_xvid.mp4,hockeyFights/noFights/no123_xvid.mp4,.mp4,1.6,25.0,360,288,mpeg4,40,0.22,1133.3,
hockeyFights,all,No-Violence,no124_xvid.mp4,hockeyFights/noFights/no124_xvid.mp4,.mp4,1.6,25.0,360,288,mpeg4,40,0.23,1183.9,
hockeyFights,all,No-Violence,no125_xvid.mp4,hockeyFights/noFights/no125_xvid.mp4,.mp4,1.6,25.0,360,288,mpeg4,40,0.23,1193.2,
hockeyFights,all,No-Violence,no126_xvid.mp4,hockeyFights/noFights/no126_xvid.mp4,.mp4,1.6,25.0,360,288,mpeg4,40,0.21,1087.5,
hockeyFights,all,No-Violence,no127_xvid.mp4,hockeyFights/noFights/no127_xvid.mp4,.mp4,1.6,25.0,360,288,mpeg4,40,0.22,1140.8,
hockeyFights,all,No-Violence,no128_xvid.mp4,hockeyFights/noFights/no128_xvid.mp4,.mp4,1.6,25.0,360,288,mpeg4,40,0.2,1041.9,
hockeyFights,all,No-Violence,no129_xvid.mp4,hockeyFights/noFights/no129_xvid.mp4,.mp4,1.6,25.0,360,288,mpeg4,40,0.2,1034.9,
hockeyFights,all,No-Violence,no12_xvid.mp4,hockeyFights/noFights/no12_xvid.mp4,.mp4,1.6,25.0,360,288,mpeg4,40,0.2,1032.1,
hockeyFights,all,No-Violence,no130_xvid.mp4,hockeyFights/noFights/no130_xvid.mp4,.mp4,1.6,25.0,360,288,mpeg4,40,0.21,1075.1,
hockeyFights,all,No-Violence,no131_xvid.mp4,hockeyFights/noFights/no131_xvid.mp4,.mp4,1.6,25.0,360,288,mpeg4,40,0.2,1055.0,
hockeyFights,all,No-Violence,no132_xvid.mp4,hockeyFights/noFights/no132_xvid.mp4,.mp4,1.6,25.0,360,288,mpeg4,40,0.18,927.4,
hockeyFights,all,No-Violence,no133_xvid.mp4,hockeyFights/noFights/no133_xvid.mp4,.mp4,1.6,25.0,360,288,mpeg4,40,0.21,1084.7,
hockeyFights,all,No-Violence,no134_xvid.mp4,hockeyFights/noFights/no134_xvid.mp4,.mp4,1.6,25.0,360,288,mpeg4,40,0.21,1104.5,
hockeyFights,all,No-Violence,no135_xvid.mp4,hockeyFights/noFights/no135_xvid.mp4,.mp4,1.6,25.0,360,288,mpeg4,40,0.21,1125.4,
hockeyFights,all,No-Violence,no136_xvid.mp4,hockeyFights/noFights/no136_xvid.mp4,.mp4,1.6,25.0,360,288,mpeg4,40,0.22,1133.3,
hockeyFights,all,No-Violence,no137_xvid.mp4,hockeyFights/noFights/no137_xvid.mp4,.mp4,1.6,25.0,360,288,mpeg4,40,0.2,1069.7,
hockeyFights,all,No-Violence,no138_xvid.mp4,hockeyFights/noFights/no138_xvid.mp4,.mp4,1.6,25.0,360,288,mpeg4,40,0.24,1250.0,
hockeyFights,all,No-Violence,no139_xvid.mp4,hockeyFights/noFights/no139_xvid.mp4,.mp4,1.6,25.0,360,288,mpeg4,40,0.19,996.0,
hockeyFights,all,No-Violence,no13_xvid.mp4,hockeyFights/noFights/no13_xvid.mp4,.mp4,1.6,25.0,360,288,mpeg4,40,0.2,1052.4,
hockeyFights,all,No-Violence,no140_xvid.mp4,hockeyFights/noFights/no140_xvid.mp4,.mp4,1.6,25.0,360,288,mpeg4,40,0.22,1131.0,
hockeyFights,all,No-Violence,no141_xvid.mp4,hockeyFights/noFights/no141_xvid.mp4,.mp4,1.6,25.0,360,288,mpeg4,40,0.22,1154.9,
hockeyFights,all,No-Violence,no142__xvid.mp4,hockeyFights/noFights/no142__xvid.mp4,.mp4,1.6,25.0,360,288,mpeg4,40,0.16,863.7,
hockeyFights,all,No-Violence,no143_xvid.mp4,hockeyFights/noFights/no143_xvid.mp4,.mp4,1.6,25.0,360,288,mpeg4,40,0.22,1147.9,
hockeyFights,all,No-Violence,no144_xvid.mp4,hockeyFights/noFights/no144_xvid.mp4,.mp4,1.6,25.0,360,288,mpeg4,40,0.21,1109.2,
hockeyFights,all,No-Violence,no145_xvid.mp4,hockeyFights/noFights/no145_xvid.mp4,.mp4,1.6,25.0,360,288,mpeg4,40,0.2,1057.0,
hockeyFights,all,No-Violence,no146_xvid.mp4,hockeyFights/noFights/no146_xvid.mp4,.mp4,1.6,25.0,360,288,mpeg4,40,0.22,1138.4,
hockeyFights,all,No-Violence,no147_xvid.mp4,hockeyFights/noFights/no147_xvid.mp4,.mp4,1.6,25.0,360,288,mpeg4,40,0.21,1101.2,
hockeyFights,all,No-Violence,no148_xvid.mp4,hockeyFights/noFights/no148_xvid.mp4,.mp4,1.6,25.0,360,288,mpeg4,40,0.23,1187.0,
hockeyFights,all,No-Violence,no149_xvid.mp4,hockeyFights/noFights/no149_xvid.mp4,.mp4,1.6,25.0,360,288,mpeg4,40,0.2,1059.3,
hockeyFights,all,No-Violence,no14_xvid.mp4,hockeyFights/noFights/no14_xvid.mp4,.mp4,1.6,25.0,360,288,mpeg4,40,0.2,1052.4,
hockeyFights,all,No-Violence,no150_xvid.mp4,hockeyFights/noFights/no150_xvid.mp4,.mp4,1.6,25.0,360,288,mpeg4,40,0.21,1077.8,
hockeyFights,all,No-Violence,no151_xvid.mp4,hockeyFights/noFights/no151_xvid.mp4,.mp4,1.6,25.0,360,288,mpeg4,40,0.23,1185.3,
hockeyFights,all,No-Violence,no152_xvid.mp4,hockeyFights/noFights/no152_xvid.mp4,.mp4,1.6,25.0,360,288,mpeg4,40,0.23,1183.5,
hockeyFights,all,No-Violence,no153_xvid.mp4,hockeyFights/noFights/no153_xvid.mp4,.mp4,1.6,25.0,360,288,mpeg4,40,0.23,1182.6,
hockeyFights,all,No-Violence,no154_xvid.mp4,hockeyFights/noFights/no154_xvid.mp4,.mp4,1.6,25.0,360,288,mpeg4,40,0.23,1209.4,
hockeyFights,all,No-Violence,no155_xvid.mp4,hockeyFights/noFights/no155_xvid.mp4,.mp4,1.6,25.0,360,288,mpeg4,40,0.23,1220.2,
hockeyFights,all,No-Violence,no156_xvid.mp4,hockeyFights/noFights/no156_xvid.mp4,.mp4,1.6,25.0,360,288,mpeg4,40,0.21,1097.2,
hockeyFights,all,No-Violence,no157_xvid.mp4,hockeyFights/noFights/no157_xvid.mp4,.mp4,1.6,25.0,360,288,mpeg4,40,0.19,1005.2,
hockeyFights,all,No-Violence,no158_xvid.mp4,hockeyFights/noFights/no158_xvid.mp4,.mp4,1.6,25.0,360,288,mpeg4,40,0.23,1216.0,
hockeyFights,all,No-Violence,no159_xvid.mp4,hockeyFights/noFights/no159_xvid.mp4,.mp4,1.6,25.0,360,288,mpeg4,40,0.23,1215.9,
hockeyFights,all,No-Violence,no15_xvid.mp4,hockeyFights/noFights/no15_xvid.mp4,.mp4,1.6,25.0,360,288,mpeg4,40,0.18,922.1,
hockeyFights,all,No-Violence,no160_xvid.mp4,hockeyFights/noFights/no160_xvid.mp4,.mp4,1.6,25.0,360,288,mpeg4,40,0.2,1064.0,
hockeyFights,all,No-Violence,no161_xvid.mp4,hockeyFights/noFights/no161_xvid.mp4,.mp4,1.6,25.0,360,288,mpeg4,40,0.21,1083.5,
hockeyFights,all,No-Violence,no162_xvid.mp4,hockeyFights/noFights/no162_xvid.mp4,.mp4,1.6,25.0,360,288,mpeg4,40,0.2,1022.8,
hockeyFights,all,No-Violence,no163_xvid.mp4,hockeyFights/noFights/no163_xvid.mp4,.mp4,1.6,25.0,360,288,mpeg4,40,0.23,1225.4,
hockeyFights,all,No-Violence,no164_xvid.mp4,hockeyFights/noFights/no164_xvid.mp4,.mp4,1.6,25.0,360,288,mpeg4,40,0.19,1005.3,
hockeyFights,all,No-Violence,no165_xvid.mp4,hockeyFights/noFights/no165_xvid.mp4,.mp4,1.6,25.0,360,288,mpeg4,40,0.24,1277.2,
hockeyFights,all,No-Violence,no166_xvid.mp4,hockeyFights/noFights/no166_xvid.mp4,.mp4,1.6,25.0,360,288,mpeg4,40,0.2,1037.9,
hockeyFights,all,No-Violence,no167_xvid.mp4,hockeyFights/noFights/no167_xvid.mp4,.mp4,1.6,25.0,360,288,mpeg4,40,0.2,1050.7,
hockeyFights,all,No-Violence,no168_xvid.mp4,hockeyFights/noFights/no168_xvid.mp4,.mp4,1.6,25.0,360,288,mpeg4,40,0.18,921.5,
hockeyFights,all,No-Violence,no169_xvid.mp4,hockeyFights/noFights/no169_xvid.mp4,.mp4,1.6,25.0,360,288,mpeg4,40,0.19,979.4,
hockeyFights,all,No-Violence,no16_xvid.mp4,hockeyFights/noFights/no16_xvid.mp4,.mp4,1.6,25.0,360,288,mpeg4,40,0.17,913.8,
hockeyFights,all,No-Violence,no170_xvid.mp4,hockeyFights/noFights/no170_xvid.mp4,.mp4,1.6,25.0,360,288,mpeg4,40,0.19,992.7,
hockeyFights,all,No-Violence,no171_xvid.mp4,hockeyFights/noFights/no171_xvid.mp4,.mp4,1.6,25.0,360,288,mpeg4,40,0.19,1016.1,
hockeyFights,all,No-Violence,no172_xvid.mp4,hockeyFights/noFights/no172_xvid.mp4,.mp4,1.6,25.0,360,288,mpeg4,40,0.18,965.1,
hockeyFights,all,No-Violence,no173_xvid.mp4,hockeyFights/noFights/no173_xvid.mp4,.mp4,1.6,25.0,360,288,mpeg4,40,0.21,1097.4,
hockeyFights,all,No-Violence,no174_xvid.mp4,hockeyFights/noFights/no174_xvid.mp4,.mp4,1.6,25.0,360,288,mpeg4,40,0.19,990.9,
hockeyFights,all,No-Violence,no175_xvid.mp4,hockeyFights/noFights/no175_xvid.mp4,.mp4,1.6,25.0,360,288,mpeg4,40,0.18,962.9,
hockeyFights,all,No-Violence,no176_xvid.mp4,hockeyFights/noFights/no176_xvid.mp4,.mp4,1.6,25.0,360,288,mpeg4,40,0.19,996.0,
hockeyFights,all,No-Violence,no177_xvid.mp4,hockeyFights/noFights/no177_xvid.mp4,.mp4,1.6,25.0,360,288,mpeg4,40,0.2,1024.5,
hockeyFights,all,No-Violence,no178_xvid.mp4,hockeyFights/noFights/no178_xvid.mp4,.mp4,1.6,25.0,360,288,mpeg4,40,0.18,942.1,
hockeyFights,all,No-Violence,no179_xvid.mp4,hockeyFights/noFights/no179_xvid.mp4,.mp4,1.6,25.0,360,288,mpeg4,40,0.19,990.6,
hockeyFights,all,No-Violence,no17_xvid.mp4,hockeyFights/noFights/no17_xvid.mp4,.mp4,1.6,25.0,360,288,mpeg4,40,0.18,932.8,
hockeyFights,all,No-Violence,no180_xvid.mp4,hockeyFights/noFights/no180_xvid.mp4,.mp4,1.6,25.0,360,288,mpeg4,40,0.19,982.7,
hockeyFights,all,No-Violence,no181_xvid.mp4,hockeyFights/noFights/no181_xvid.mp4,.mp4,1.6,25.0,360,288,mpeg4,40,0.19,1007.4,
hockeyFights,all,No-Violence,no182_xvid.mp4,hockeyFights/noFights/no182_xvid.mp4,.mp4,1.6,25.0,360,288,mpeg4,40,0.19,996.2,
hockeyFights,all,No-Violence,no183_xvid.mp4,hockeyFights/noFights/no183_xvid.mp4,.mp4,1.6,25.0,360,288,mpeg4,40,0.18,964.1,
hockeyFights,all,No-Violence,no184_xvid.mp4,hockeyFights/noFights/no184_xvid.mp4,.mp4,1.6,25.0,360,288,mpeg4,40,0.2,1028.1,
hockeyFights,all,No-Violence,no185_xvid.mp4,hockeyFights/noFights/no185_xvid.mp4,.mp4,1.6,25.0,360,288,mpeg4,40,0.18,927.6,
hockeyFights,all,No-Violence,no186_xvid.mp4,hockeyFights/noFights/no186_xvid.mp4,.mp4,1.6,25.0,360,288,mpeg4,40,0.19,995.7,
hockeyFights,all,No-Violence,no187_xvid.mp4,hockeyFights/noFights/no187_xvid.mp4,.mp4,1.6,25.0,360,288,mpeg4,40,0.18,955.1,
hockeyFights,all,No-Violence,no188_xvid.mp4,hockeyFights/noFights/no188_xvid.mp4,.mp4,1.6,25.0,360,288,mpeg4,40,0.19,994.5,
hockeyFights,all,No-Violence,no189_xvid.mp4,hockeyFights/noFights/no189_xvid.mp4,.mp4,1.6,25.0,360,288,mpeg4,40,0.17,917.2,
hockeyFights,all,No-Violence,no18_xvid.mp4,hockeyFights/noFights/no18_xvid.mp4,.mp4,1.6,25.0,360,288,mpeg4,40,0.19,1021.1,
hockeyFights,all,No-Violence,no190_xvid.mp4,hockeyFights/noFights/no190_xvid.mp4,.mp4,1.6,25.0,360,288,mpeg4,40,0.18,950.7,
hockeyFights,all,No-Violence,no191_xvid.mp4,hockeyFights/noFights/no191_xvid.mp4,.mp4,1.6,25.0,360,288,mpeg4,40,0.19,1010.7,
hockeyFights,all,No-Violence,no192_xvid.mp4,hockeyFights/noFights/no192_xvid.mp4,.mp4,1.6,25.0,360,288,mpeg4,40,0.16,834.5,
hockeyFights,all,No-Violence,no193_xvid.mp4,hockeyFights/noFights/no193_xvid.mp4,.mp4,1.6,25.0,360,288,mpeg4,40,0.18,926.8,
hockeyFights,all,No-Violence,no194_xvid.mp4,hockeyFights/noFights/no194_xvid.mp4,.mp4,1.6,25.0,360,288,mpeg4,40,0.19,989.0,
hockeyFights,all,No-Violence,no195_xvid.mp4,hockeyFights/noFights/no195_xvid.mp4,.mp4,1.6,25.0,360,288,mpeg4,40,0.18,950.9,
hockeyFights,all,No-Violence,no196_xvid.mp4,hockeyFights/noFights/no196_xvid.mp4,.mp4,1.6,25.0,360,288,mpeg4,40,0.17,875.6,
hockeyFights,all,No-Violence,no197_xvid.mp4,hockeyFights/noFights/no197_xvid.mp4,.mp4,1.6,25.0,360,288,mpeg4,40,0.18,939.0,
hockeyFights,all,No-Violence,no198_xvid.mp4,hockeyFights/noFights/no198_xvid.mp4,.mp4,1.6,25.0,360,288,mpeg4,40,0.17,881.9,
hockeyFights,all,No-Violence,no199_xvid.mp4,hockeyFights/noFights/no199_xvid.mp4,.mp4,1.6,25.0,360,288,mpeg4,40,0.18,952.1,
hockeyFights,all,No-Violence,no19_xvid.mp4,hockeyFights/noFights/no19_xvid.mp4,.mp4,1.6,25.0,360,288,mpeg4,40,0.18,948.8,
hockeyFights,all,No-Violence,no1_xvid.mp4,hockeyFights/noFights/no1_xvid.mp4,.mp4,1.6,25.0,360,288,mpeg4,40,0.2,1035.8,
hockeyFights,all,No-Violence,no200_xvid.mp4,hockeyFights/noFights/no200_xvid.mp4,.mp4,1.6,25.0,360,288,mpeg4,40,0.2,1030.6,
hockeyFights,all,No-Violence,no201_xvid.mp4,hockeyFights/noFights/no201_xvid.mp4,.mp4,1.6,25.0,360,288,mpeg4,40,0.2,1028.3,
hockeyFights,all,No-Violence,no202_xvid.mp4,hockeyFights/noFights/no202_xvid.mp4,.mp4,1.6,25.0,360,288,mpeg4,40,0.2,1030.1,
hockeyFights,all,No-Violence,no203_xvid.mp4,hockeyFights/noFights/no203_xvid.mp4,.mp4,1.6,25.0,360,288,mpeg4,40,0.19,997.9,
hockeyFights,all,No-Violence,no204_xvid.mp4,hockeyFights/noFights/no204_xvid.mp4,.mp4,1.6,25.0,360,288,mpeg4,40,0.19,1011.3,
hockeyFights,all,No-Violence,no205_xvid.mp4,hockeyFights/noFights/no205_xvid.mp4,.mp4,1.6,25.0,360,288,mpeg4,40,0.18,947.7,
hockeyFights,all,No-Violence,no206_xvid.mp4,hockeyFights/noFights/no206_xvid.mp4,.mp4,1.6,25.0,360,288,mpeg4,40,0.16,853.1,
hockeyFights,all,No-Violence,no207_xvid.mp4,hockeyFights/noFights/no207_xvid.mp4,.mp4,1.6,25.0,360,288,mpeg4,40,0.21,1095.5,
hockeyFights,all,No-Violence,no208_xvid.mp4,hockeyFights/noFights/no208_xvid.mp4,.mp4,1.6,25.0,360,288,mpeg4,40,0.17,899.4,
hockeyFights,all,No-Violence,no209_xvid.mp4,hockeyFights/noFights/no209_xvid.mp4,.mp4,1.6,25.0,360,288,mpeg4,40,0.19,990.9,
hockeyFights,all,No-Violence,no20_xvid.mp4,hockeyFights/noFights/no20_xvid.mp4,.mp4,1.6,25.0,360,288,mpeg4,40,0.19,1003.2,
hockeyFights,all,No-Violence,no210_xvid.mp4,hockeyFights/noFights/no210_xvid.mp4,.mp4,1.6,25.0,360,288,mpeg4,40,0.19,1014.3,
hockeyFights,all,No-Violence,no211_xvid.mp4,hockeyFights/noFights/no211_xvid.mp4,.mp4,1.6,25.0,360,288,mpeg4,40,0.18,942.5,
hockeyFights,all,No-Violence,no212_xvid.mp4,hockeyFights/noFights/no212_xvid.mp4,.mp4,1.6,25.0,360,288,mpeg4,40,0.22,1159.5,
hockeyFights,all,No-Violence,no213_xvid.mp4,hockeyFights/noFights/no213_xvid.mp4,.mp4,1.6,25.0,360,288,mpeg4,40,0.17,914.8,
hockeyFights,all,No-Violence,no214_xvid.mp4,hockeyFights/noFights/no214_xvid.mp4,.mp4,1.6,25.0,360,288,mpeg4,40,0.17,895.6,
hockeyFights,all,No-Violence,no215_xvid.mp4,hockeyFights/noFights/no215_xvid.mp4,.mp4,1.6,25.0,360,288,mpeg4,40,0.18,919.2,
hockeyFights,all,No-Violence,no216_xvid.mp4,hockeyFights/noFights/no216_xvid.mp4,.mp4,1.6,25.0,360,288,mpeg4,40,0.18,962.4,
hockeyFights,all,No-Violence,no217_xvid.mp4,hockeyFights/noFights/no217_xvid.mp4,.mp4,1.6,25.0,360,288,mpeg4,40,0.19,971.7,
hockeyFights,all,No-Violence,no218_xvid.mp4,hockeyFights/noFights/no218_xvid.mp4,.mp4,1.6,25.0,360,288,mpeg4,40,0.19,981.1,
hockeyFights,all,No-Violence,no219_xvid.mp4,hockeyFights/noFights/no219_xvid.mp4,.mp4,1.6,25.0,360,288,mpeg4,40,0.19,1019.3,
hockeyFights,all,No-Violence,no21_xvid.mp4,hockeyFights/noFights/no21_xvid.mp4,.mp4,1.6,25.0,360,288,mpeg4,40,0.2,1029.8,
hockeyFights,all,No-Violence,no220_xvid.mp4,hockeyFights/noFights/no220_xvid.mp4,.mp4,1.6,25.0,360,288,mpeg4,40,0.2,1033.6,
hockeyFights,all,No-Violence,no221_xvid.mp4,hockeyFights/noFights/no221_xvid.mp4,.mp4,1.6,25.0,360,288,mpeg4,40,0.18,963.5,
hockeyFights,all,No-Violence,no222_xvid.mp4,hockeyFights/noFights/no222_xvid.mp4,.mp4,1.6,25.0,360,288,mpeg4,40,0.18,937.1,
hockeyFights,all,No-Violence,no223_xvid.mp4,hockeyFights/noFights/no223_xvid.mp4,.mp4,1.6,25.0,360,288,mpeg4,40,0.18,963.3,
hockeyFights,all,No-Violence,no224_xvid.mp4,hockeyFights/noFights/no224_xvid.mp4,.mp4,1.6,25.0,360,288,mpeg4,40,0.17,907.4,
hockeyFights,all,No-Violence,no225_xvid.mp4,hockeyFights/noFights/no225_xvid.mp4,.mp4,1.6,25.0,360,288,mpeg4,40,0.18,963.1,
hockeyFights,all,No-Violence,no226_xvid.mp4,hockeyFights/noFights/no226_xvid.mp4,.mp4,1.6,25.0,360,288,mpeg4,40,0.19,988.2,
hockeyFights,all,No-Violence,no227_xvid.mp4,hockeyFights/noFights/no227_xvid.mp4,.mp4,1.6,25.0,360,288,mpeg4,40,0.19,1011.4,
hockeyFights,all,No-Violence,no228_xvid.mp4,hockeyFights/noFights/no228_xvid.mp4,.mp4,1.6,25.0,360,288,mpeg4,40,0.19,1007.4,
hockeyFights,all,No-Violence,no229_xvid.mp4,hockeyFights/noFights/no229_xvid.mp4,.mp4,1.6,25.0,360,288,mpeg4,40,0.19,987.9,
hockeyFights,all,No-Violence,no22_xvid.mp4,hockeyFights/noFights/no22_xvid.mp4,.mp4,1.6,25.0,360,288,mpeg4,40,0.19,993.4,
hockeyFights,all,No-Violence,no230_xvid.mp4,hockeyFights/noFights/no230_xvid.mp4,.mp4,1.6,25.0,360,288,mpeg4,40,0.18,958.2,
hockeyFights,all,No-Violence,no231_xvid.mp4,hockeyFights/noFights/no231_xvid.mp4,.mp4,1.6,25.0,360,288,mpeg4,40,0.18,932.4,
hockeyFights,all,No-Violence,no232_xvid.mp4,hockeyFights/noFights/no232_xvid.mp4,.mp4,1.6,25.0,360,288,mpeg4,40,0.18,960.5,
hockeyFights,all,No-Violence,no233_xvid.mp4,hockeyFights/noFights/no233_xvid.mp4,.mp4,1.6,25.0,360,288,mpeg4,40,0.17,898.9,
hockeyFights,all,No-Violence,no234_xvid.mp4,hockeyFights/noFights/no234_xvid.mp4,.mp4,1.6,25.0,360,288,mpeg4,40,0.18,953.5,
hockeyFights,all,No-Violence,no235_xvid.mp4,hockeyFights/noFights/no235_xvid.mp4,.mp4,1.6,25.0,360,288,mpeg4,40,0.19,971.4,
hockeyFights,all,No-Violence,no236_xvid.mp4,hockeyFights/noFights/no236_xvid.mp4,.mp4,1.6,25.0,360,288,mpeg4,40,0.21,1117.2,
hockeyFights,all,No-Violence,no237_xvid.mp4,hockeyFights/noFights/no237_xvid.mp4,.mp4,1.6,25.0,360,288,mpeg4,40,0.2,1028.8,
hockeyFights,all,No-Violence,no238mpg_xvid.mp4,hockeyFights/noFights/no238mpg_xvid.mp4,.mp4,1.6,25.0,360,288,mpeg4,40,0.2,1037.0,
hockeyFights,all,No-Violence,no239_xvid.mp4,hockeyFights/noFights/no239_xvid.mp4,.mp4,1.6,25.0,360,288,mpeg4,40,0.19,1003.5,
hockeyFights,all,No-Violence,no23_xvid.mp4,hockeyFights/noFights/no23_xvid.mp4,.mp4,1.6,25.0,360,288,mpeg4,40,0.2,1041.3,
hockeyFights,all,No-Violence,no240_xvid.mp4,hockeyFights/noFights/no240_xvid.mp4,.mp4,1.6,25.0,360,288,mpeg4,40,0.19,992.2,
hockeyFights,all,No-Violence,no241_xvid.mp4,hockeyFights/noFights/no241_xvid.mp4,.mp4,1.6,25.0,360,288,mpeg4,40,0.2,1025.2,
hockeyFights,all,No-Violence,no242_xvid.mp4,hockeyFights/noFights/no242_xvid.mp4,.mp4,1.6,25.0,360,288,mpeg4,40,0.2,1055.8,
hockeyFights,all,No-Violence,no243_xvid.mp4,hockeyFights/noFights/no243_xvid.mp4,.mp4,1.6,25.0,360,288,mpeg4,40,0.22,1171.3,
hockeyFights,all,No-Violence,no244_xvid.mp4,hockeyFights/noFights/no244_xvid.mp4,.mp4,1.6,25.0,360,288,mpeg4,40,0.21,1120.5,
hockeyFights,all,No-Violence,no245_xvid.mp4,hockeyFights/noFights/no245_xvid.mp4,.mp4,1.6,25.0,360,288,mpeg4,40,0.21,1090.7,
hockeyFights,all,No-Violence,no246_xvid.mp4,hockeyFights/noFights/no246_xvid.mp4,.mp4,1.6,25.0,360,288,mpeg4,40,0.2,1025.9,
hockeyFights,all,No-Violence,no247_xvid.mp4,hockeyFights/noFights/no247_xvid.mp4,.mp4,1.6,25.0,360,288,mpeg4,40,0.2,1033.9,
hockeyFights,all,No-Violence,no248_xvid.mp4,hockeyFights/noFights/no248_xvid.mp4,.mp4,1.6,25.0,360,288,mpeg4,40,0.21,1124.6,
hockeyFights,all,No-Violence,no249_xvid.mp4,hockeyFights/noFights/no249_xvid.mp4,.mp4,1.6,25.0,360,288,mpeg4,40,0.21,1122.1,
hockeyFights,all,No-Violence,no24_xvid.mp4,hockeyFights/noFights/no24_xvid.mp4,.mp4,1.6,25.0,360,288,mpeg4,40,0.18,958.9,
hockeyFights,all,No-Violence,no250_xvid.mp4,hockeyFights/noFights/no250_xvid.mp4,.mp4,1.6,25.0,360,288,mpeg4,40,0.23,1222.5,
hockeyFights,all,No-Violence,no251_xvid.mp4,hockeyFights/noFights/no251_xvid.mp4,.mp4,1.6,25.0,360,288,mpeg4,40,0.21,1097.7,
hockeyFights,all,No-Violence,no252_xvid.mp4,hockeyFights/noFights/no252_xvid.mp4,.mp4,1.6,25.0,360,288,mpeg4,40,0.21,1116.2,
hockeyFights,all,No-Violence,no253_xvid.mp4,hockeyFights/noFights/no253_xvid.mp4,.mp4,1.6,25.0,360,288,mpeg4,40,0.21,1085.8,
hockeyFights,all,No-Violence,no254_xvid.mp4,hockeyFights/noFights/no254_xvid.mp4,.mp4,1.6,25.0,360,288,mpeg4,40,0.18,917.7,
hockeyFights,all,No-Violence,no255_xvid.mp4,hockeyFights/noFights/no255_xvid.mp4,.mp4,1.6,25.0,360,288,mpeg4,40,0.19,1006.3,
hockeyFights,all,No-Violence,no256_xvid.mp4,hockeyFights/noFights/no256_xvid.mp4,.mp4,1.6,25.0,360,288,mpeg4,40,0.21,1094.6,
hockeyFights,all,No-Violence,no257_xvid.mp4,hockeyFights/noFights/no257_xvid.mp4,.mp4,1.6,25.0,360,288,mpeg4,40,0.2,1060.0,
hockeyFights,all,No-Violence,no258_xvid.mp4,hockeyFights/noFights/no258_xvid.mp4,.mp4,1.6,25.0,360,288,mpeg4,40,0.19,985.5,
hockeyFights,all,No-Violence,no259_xvid.mp4,hockeyFights/noFights/no259_xvid.mp4,.mp4,1.6,25.0,360,288,mpeg4,40,0.19,992.3,
hockeyFights,all,No-Violence,no25_xvid.mp4,hockeyFights/noFights/no25_xvid.mp4,.mp4,1.6,25.0,360,288,mpeg4,40,0.19,995.2,
hockeyFights,all,No-Violence,no260_xvid.mp4,hockeyFights/noFights/no260_xvid.mp4,.mp4,1.6,25.0,360,288,mpeg4,40,0.2,1022.5,
hockeyFights,all,No-Violence,no261_xvid.mp4,hockeyFights/noFights/no261_xvid.mp4,.mp4,1.6,25.0,360,288,mpeg4,40,0.21,1090.1,
hockeyFights,all,No-Violence,no262_xvid.mp4,hockeyFights/noFights/no262_xvid.mp4,.mp4,1.6,25.0,360,288,mpeg4,40,0.19,1010.9,
hockeyFights,all,No-Violence,no263_xvid.mp4,hockeyFights/noFights/no263_xvid.mp4,.mp4,1.6,25.0,360,288,mpeg4,40,0.19,1008.1,
hockeyFights,all,No-Violence,no264_xvid.mp4,hockeyFights/noFights/no264_xvid.mp4,.mp4,1.6,25.0,360,288,mpeg4,40,0.2,1026.7,
hockeyFights,all,No-Violence,no265_xvid.mp4,hockeyFights/noFights/no265_xvid.mp4,.mp4,1.6,25.0,360,288,mpeg4,40,0.18,941.6,
hockeyFights,all,No-Violence,no266_xvid.mp4,hockeyFights/noFights/no266_xvid.mp4,.mp4,1.6,25.0,360,288,mpeg4,40,0.17,870.1,
hockeyFights,all,No-Violence,no267_xvid.mp4,hockeyFights/noFights/no267_xvid.mp4,.mp4,1.6,25.0,360,288,mpeg4,40,0.21,1110.4,
hockeyFights,all,No-Violence,no268_xvid.mp4,hockeyFights/noFights/no268_xvid.mp4,.mp4,1.6,25.0,360,288,mpeg4,40,0.21,1115.9,
hockeyFights,all,No-Violence,no269_xvid.mp4,hockeyFights/noFights/no269_xvid.mp4,.mp4,1.6,25.0,360,288,mpeg4,40,0.21,1107.6,
hockeyFights,all,No-Violence,no26_xvid.mp4,hockeyFights/noFights/no26_xvid.mp4,.mp4,1.6,25.0,360,288,mpeg4,40,0.2,1029.5,
hockeyFights,all,No-Violence,no270_xvid.mp4,hockeyFights/noFights/no270_xvid.mp4,.mp4,1.6,25.0,360,288,mpeg4,40,0.21,1122.7,
hockeyFights,all,No-Violence,no271_xvid.mp4,hockeyFights/noFights/no271_xvid.mp4,.mp4,1.6,25.0,360,288,mpeg4,40,0.23,1194.5,
hockeyFights,all,No-Violence,no272_xvid.mp4,hockeyFights/noFights/no272_xvid.mp4,.mp4,1.6,25.0,360,288,mpeg4,40,0.19,996.7,
hockeyFights,all,No-Violence,no273_xvid.mp4,hockeyFights/noFights/no273_xvid.mp4,.mp4,1.6,25.0,360,288,mpeg4,40,0.17,865.3,
hockeyFights,all,No-Violence,no274_xvid.mp4,hockeyFights/noFights/no274_xvid.mp4,.mp4,1.6,25.0,360,288,mpeg4,40,0.19,1016.7,
hockeyFights,all,No-Violence,no275_xvid.mp4,hockeyFights/noFights/no275_xvid.mp4,.mp4,1.6,25.0,360,288,mpeg4,40,0.2,1066.3,
hockeyFights,all,No-Violence,no276_xvid.mp4,hockeyFights/noFights/no276_xvid.mp4,.mp4,1.6,25.0,360,288,mpeg4,40,0.21,1093.9,
hockeyFights,all,No-Violence,no277_xvid.mp4,hockeyFights/noFights/no277_xvid.mp4,.mp4,1.6,25.0,360,288,mpeg4,40,0.2,1054.5,
hockeyFights,all,No-Violence,no278_xvid.mp4,hockeyFights/noFights/no278_xvid.mp4,.mp4,1.6,25.0,360,288,mpeg4,40,0.17,889.5,
hockeyFights,all,No-Violence,no279_xvid.mp4,hockeyFights/noFights/no279_xvid.mp4,.mp4,1.6,25.0,360,288,mpeg4,40,0.2,1048.3,
hockeyFights,all,No-Violence,no27_xvid.mp4,hockeyFights/noFights/no27_xvid.mp4,.mp4,1.6,25.0,360,288,mpeg4,40,0.19,979.2,
hockeyFights,all,No-Violence,no280_xvid.mp4,hockeyFights/noFights/no280_xvid.mp4,.mp4,1.6,25.0,360,288,mpeg4,40,0.2,1047.1,
hockeyFights,all,No-Violence,no281_xvid.mp4,hockeyFights/noFights/no281_xvid.mp4,.mp4,1.6,25.0,360,288,mpeg4,40,0.22,1145.0,
hockeyFights,all,No-Violence,no282_xvid.mp4,hockeyFights/noFights/no282_xvid.mp4,.mp4,1.6,25.0,360,288,mpeg4,40,0.21,1084.1,
hockeyFights,all,No-Violence,no283_xvid.mp4,hockeyFights/noFights/no283_xvid.mp4,.mp4,1.6,25.0,360,288,mpeg4,40,0.21,1085.8,
hockeyFights,all,No-Violence,no284_xvid.mp4,hockeyFights/noFights/no284_xvid.mp4,.mp4,1.6,25.0,360,288,mpeg4,40,0.19,971.2,
hockeyFights,all,No-Violence,no285_xvid.mp4,hockeyFights/noFights/no285_xvid.mp4,.mp4,1.6,25.0,360,288,mpeg4,40,0.16,847.4,
hockeyFights,all,No-Violence,no286_xvid.mp4,hockeyFights/noFights/no286_xvid.mp4,.mp4,1.6,25.0,360,288,mpeg4,40,0.2,1038.8,
hockeyFights,all,No-Violence,no287_xvid.mp4,hockeyFights/noFights/no287_xvid.mp4,.mp4,1.6,25.0,360,288,mpeg4,40,0.2,1054.6,
hockeyFights,all,No-Violence,no288_xvid.mp4,hockeyFights/noFights/no288_xvid.mp4,.mp4,1.6,25.0,360,288,mpeg4,40,0.21,1091.6,
hockeyFights,all,No-Violence,no289_xvid.mp4,hockeyFights/noFights/no289_xvid.mp4,.mp4,1.6,25.0,360,288,mpeg4,40,0.21,1104.4,
hockeyFights,all,No-Violence,no28_xvid.mp4,hockeyFights/noFights/no28_xvid.mp4,.mp4,1.6,25.0,360,288,mpeg4,40,0.2,1047.9,
hockeyFights,all,No-Violence,no290_xvid.mp4,hockeyFights/noFights/no290_xvid.mp4,.mp4,1.6,25.0,360,288,mpeg4,40,0.21,1110.2,
hockeyFights,all,No-Violence,no291_xvid.mp4,hockeyFights/noFights/no291_xvid.mp4,.mp4,1.6,25.0,360,288,mpeg4,40,0.21,1075.0,
hockeyFights,all,No-Violence,no292_xvid.mp4,hockeyFights/noFights/no292_xvid.mp4,.mp4,1.6,25.0,360,288,mpeg4,40,0.22,1151.0,
hockeyFights,all,No-Violence,no293_xvid.mp4,hockeyFights/noFights/no293_xvid.mp4,.mp4,1.6,25.0,360,288,mpeg4,40,0.21,1119.4,
hockeyFights,all,No-Violence,no294_xvid.mp4,hockeyFights/noFights/no294_xvid.mp4,.mp4,1.6,25.0,360,288,mpeg4,40,0.19,1022.2,
hockeyFights,all,No-Violence,no295_xvid.mp4,hockeyFights/noFights/no295_xvid.mp4,.mp4,1.6,25.0,360,288,mpeg4,40,0.21,1095.0,
hockeyFights,all,No-Violence,no296_xvid.mp4,hockeyFights/noFights/no296_xvid.mp4,.mp4,1.6,25.0,360,288,mpeg4,40,0.21,1077.1,
hockeyFights,all,No-Violence,no297_xvid.mp4,hockeyFights/noFights/no297_xvid.mp4,.mp4,1.6,25.0,360,288,mpeg4,40,0.2,1043.1,
hockeyFights,all,No-Violence,no298_xvid.mp4,hockeyFights/noFights/no298_xvid.mp4,.mp4,1.6,25.0,360,288,mpeg4,40,0.22,1132.3,
hockeyFights,all,No-Violence,no299_xvid.mp4,hockeyFights/noFights/no299_xvid.mp4,.mp4,1.6,25.0,360,288,mpeg4,40,0.19,996.7,
hockeyFights,all,No-Violence,no29_xvid.mp4,hockeyFights/noFights/no29_xvid.mp4,.mp4,1.6,25.0,360,288,mpeg4,40,0.19,1000.0,
hockeyFights,all,No-Violence,no2_xvid.mp4,hockeyFights/noFights/no2_xvid.mp4,.mp4,1.6,25.0,360,288,mpeg4,40,0.19,991.7,
hockeyFights,all,No-Violence,no300_xvid.mp4,hockeyFights/noFights/no300_xvid.mp4,.mp4,1.6,25.0,360,288,mpeg4,40,0.21,1088.3,
hockeyFights,all,No-Violence,no301_xvid.mp4,hockeyFights/noFights/no301_xvid.mp4,.mp4,1.6,25.0,360,288,mpeg4,40,0.2,1040.4,
hockeyFights,all,No-Violence,no302_xvid.mp4,hockeyFights/noFights/no302_xvid.mp4,.mp4,1.6,25.0,360,288,mpeg4,40,0.21,1125.7,
hockeyFights,all,No-Violence,no303_xvid.mp4,hockeyFights/noFights/no303_xvid.mp4,.mp4,1.6,25.0,360,288,mpeg4,40,0.16,842.5,
hockeyFights,all,No-Violence,no304_xvid.mp4,hockeyFights/noFights/no304_xvid.mp4,.mp4,1.6,25.0,360,288,mpeg4,40,0.17,908.4,
hockeyFights,all,No-Violence,no305_xvid.mp4,hockeyFights/noFights/no305_xvid.mp4,.mp4,1.6,25.0,360,288,mpeg4,40,0.18,920.7,
hockeyFights,all,No-Violence,no306_xvid.mp4,hockeyFights/noFights/no306_xvid.mp4,.mp4,1.6,25.0,360,288,mpeg4,40,0.22,1171.9,
hockeyFights,all,No-Violence,no307_xvid.mp4,hockeyFights/noFights/no307_xvid.mp4,.mp4,1.6,25.0,360,288,mpeg4,40,0.19,972.3,
hockeyFights,all,No-Violence,no308_xvid.mp4,hockeyFights/noFights/no308_xvid.mp4,.mp4,1.6,25.0,360,288,mpeg4,40,0.2,1035.9,
hockeyFights,all,No-Violence,no309_xvid.mp4,hockeyFights/noFights/no309_xvid.mp4,.mp4,1.6,25.0,360,288,mpeg4,40,0.17,913.0,
hockeyFights,all,No-Violence,no30_xvid.mp4,hockeyFights/noFights/no30_xvid.mp4,.mp4,1.6,25.0,360,288,mpeg4,40,0.19,1007.3,
hockeyFights,all,No-Violence,no310_xvid.mp4,hockeyFights/noFights/no310_xvid.mp4,.mp4,1.6,25.0,360,288,mpeg4,40,0.19,996.0,
hockeyFights,all,No-Violence,no311_xvid.mp4,hockeyFights/noFights/no311_xvid.mp4,.mp4,1.6,25.0,360,288,mpeg4,40,0.2,1025.7,
hockeyFights,all,No-Violence,no312_xvid.mp4,hockeyFights/noFights/no312_xvid.mp4,.mp4,1.6,25.0,360,288,mpeg4,40,0.21,1083.8,
hockeyFights,all,No-Violence,no313_xvid.mp4,hockeyFights/noFights/no313_xvid.mp4,.mp4,1.6,25.0,360,288,mpeg4,40,0.22,1131.5,
hockeyFights,all,No-Violence,no314_xvid.mp4,hockeyFights/noFights/no314_xvid.mp4,.mp4,1.6,25.0,360,288,mpeg4,40,0.2,1042.6,
hockeyFights,all,No-Violence,no315_xvid.mp4,hockeyFights/noFights/no315_xvid.mp4,.mp4,1.6,25.0,360,288,mpeg4,40,0.19,1008.3,
hockeyFights,all,No-Violence,no316_xvid.mp4,hockeyFights/noFights/no316_xvid.mp4,.mp4,1.6,25.0,360,288,mpeg4,40,0.2,1026.6,
hockeyFights,all,No-Violence,no317_xvid.mp4,hockeyFights/noFights/no317_xvid.mp4,.mp4,1.6,25.0,360,288,mpeg4,40,0.21,1090.7,
hockeyFights,all,No-Violence,no318_xvid.mp4,hockeyFights/noFights/no318_xvid.mp4,.mp4,1.6,25.0,360,288,mpeg4,40,0.19,983.9,
hockeyFights,all,No-Violence,no319_xvid.mp4,hockeyFights/noFights/no319_xvid.mp4,.mp4,1.6,25.0,360,288,mpeg4,40,0.18,962.2,
hockeyFights,all,No-Violence,no31_xvid.mp4,hockeyFights/noFights/no31_xvid.mp4,.mp4,1.6,25.0,360,288,mpeg4,40,0.19,1016.0,
hockeyFights,all,No-Violence,no320_xvid.mp4,hockeyFights/noFights/no320_xvid.mp4,.mp4,1.6,25.0,360,288,mpeg4,40,0.17,892.8,
hockeyFights,all,No-Violence,no321_xvid.mp4,hockeyFights/noFights/no321_xvid.mp4,.mp4,1.6,25.0,360,288,mpeg4,40,0.18,926.1,
hockeyFights,all,No-Violence,no322_xvid.mp4,hockeyFights/noFights/no322_xvid.mp4,.mp4,1.6,25.0,360,288,mpeg4,40,0.19,1010.2,
hockeyFights,all,No-Violence,no323_xvid.mp4,hockeyFights/noFights/no323_xvid.mp4,.mp4,1.6,25.0,360,288,mpeg4,40,0.21,1083.5,
hockeyFights,all,No-Violence,no324_xvid.mp4,hockeyFights/noFights/no324_xvid.mp4,.mp4,1.6,25.0,360,288,mpeg4,40,0.2,1059.3,
hockeyFights,all,No-Violence,no325_xvid.mp4,hockeyFights/noFights/no325_xvid.mp4,.mp4,1.6,25.0,360,288,mpeg4,40,0.2,1023.7,
hockeyFights,all,No-Violence,no326_xvid.mp4,hockeyFights/noFights/no326_xvid.mp4,.mp4,1.6,25.0,360,288,mpeg4,40,0.19,1012.1,
hockeyFights,all,No-Violence,no327_xvid.mp4,hockeyFights/noFights/no327_xvid.mp4,.mp4,1.6,25.0,360,288,mpeg4,40,0.19,989.7,
hockeyFights,all,No-Violence,no328_xvid.mp4,hockeyFights/noFights/no328_xvid.mp4,.mp4,1.6,25.0,360,288,mpeg4,40,0.19,997.1,
hockeyFights,all,No-Violence,no329_xvid.mp4,hockeyFights/noFights/no329_xvid.mp4,.mp4,1.6,25.0,360,288,mpeg4,40,0.2,1070.0,
hockeyFights,all,No-Violence,no32_xvid.mp4,hockeyFights/noFights/no32_xvid.mp4,.mp4,1.6,25.0,360,288,mpeg4,40,0.2,1030.1,
hockeyFights,all,No-Violence,no330_xvid.mp4,hockeyFights/noFights/no330_xvid.mp4,.mp4,1.6,25.0,360,288,mpeg4,40,0.19,984.8,
hockeyFights,all,No-Violence,no331_xvid.mp4,hockeyFights/noFights/no331_xvid.mp4,.mp4,1.6,25.0,360,288,mpeg4,40,0.2,1030.3,
hockeyFights,all,No-Violence,no332_xvid.mp4,hockeyFights/noFights/no332_xvid.mp4,.mp4,1.6,25.0,360,288,mpeg4,40,0.2,1051.2,
hockeyFights,all,No-Violence,no333_xvid.mp4,hockeyFights/noFights/no333_xvid.mp4,.mp4,1.6,25.0,360,288,mpeg4,40,0.2,1032.8,
hockeyFights,all,No-Violence,no334_xvid.mp4,hockeyFights/noFights/no334_xvid.mp4,.mp4,1.6,25.0,360,288,mpeg4,40,0.2,1071.1,
hockeyFights,all,No-Violence,no335_xvid.mp4,hockeyFights/noFights/no335_xvid.mp4,.mp4,1.6,25.0,360,288,mpeg4,40,0.19,1004.7,
hockeyFights,all,No-Violence,no336_xvid.mp4,hockeyFights/noFights/no336_xvid.mp4,.mp4,1.6,25.0,360,288,mpeg4,40,0.21,1108.0,
hockeyFights,all,No-Violence,no337_xvid.mp4,hockeyFights/noFights/no337_xvid.mp4,.mp4,1.6,25.0,360,288,mpeg4,40,0.2,1046.3,
hockeyFights,all,No-Violence,no338_xvid.mp4,hockeyFights/noFights/no338_xvid.mp4,.mp4,1.6,25.0,360,288,mpeg4,40,0.2,1056.1,
hockeyFights,all,No-Violence,no339_xvid.mp4,hockeyFights/noFights/no339_xvid.mp4,.mp4,1.6,25.0,360,288,mpeg4,40,0.2,1065.4,
hockeyFights,all,No-Violence,no33_xvid.mp4,hockeyFights/noFights/no33_xvid.mp4,.mp4,1.6,25.0,360,288,mpeg4,40,0.2,1039.1,
hockeyFights,all,No-Violence,no340_xvid.mp4,hockeyFights/noFights/no340_xvid.mp4,.mp4,1.6,25.0,360,288,mpeg4,40,0.2,1032.7,
hockeyFights,all,No-Violence,no341_xvid.mp4,hockeyFights/noFights/no341_xvid.mp4,.mp4,1.6,25.0,360,288,mpeg4,40,0.19,976.1,
hockeyFights,all,No-Violence,no342_xvid.mp4,hockeyFights/noFights/no342_xvid.mp4,.mp4,1.6,25.0,360,288,mpeg4,40,0.2,1038.7,
hockeyFights,all,No-Violence,no343_xvid.mp4,hockeyFights/noFights/no343_xvid.mp4,.mp4,1.6,25.0,360,288,mpeg4,40,0.19,1005.3,
hockeyFights,all,No-Violence,no344_xvid.mp4,hockeyFights/noFights/no344_xvid.mp4,.mp4,1.6,25.0,360,288,mpeg4,40,0.2,1051.2,
hockeyFights,all,No-Violence,no345_xvid.mp4,hockeyFights/noFights/no345_xvid.mp4,.mp4,1.6,25.0,360,288,mpeg4,40,0.2,1050.5,
hockeyFights,all,No-Violence,no346_xvid.mp4,hockeyFights/noFights/no346_xvid.mp4,.mp4,1.6,25.0,360,288,mpeg4,40,0.2,1046.8,
hockeyFights,all,No-Violence,no347_xvid.mp4,hockeyFights/noFights/no347_xvid.mp4,.mp4,1.6,25.0,360,288,mpeg4,40,0.2,1026.6,
hockeyFights,all,No-Violence,no348_xvid.mp4,hockeyFights/noFights/no348_xvid.mp4,.mp4,1.6,25.0,360,288,mpeg4,40,0.2,1022.7,
hockeyFights,all,No-Violence,no349_xvid.mp4,hockeyFights/noFights/no349_xvid.mp4,.mp4,1.6,25.0,360,288,mpeg4,40,0.18,919.3,
hockeyFights,all,No-Violence,no34_xvid.mp4,hockeyFights/noFights/no34_xvid.mp4,.mp4,1.6,25.0,360,288,mpeg4,40,0.19,1010.9,
hockeyFights,all,No-Violence,no350_xvid.mp4,hockeyFights/noFights/no350_xvid.mp4,.mp4,1.6,25.0,360,288,mpeg4,40,0.18,961.3,
hockeyFights,all,No-Violence,no351_xvid.mp4,hockeyFights/noFights/no351_xvid.mp4,.mp4,1.6,25.0,360,288,mpeg4,40,0.19,1011.3,
hockeyFights,all,No-Violence,no352_xvid.mp4,hockeyFights/noFights/no352_xvid.mp4,.mp4,1.6,25.0,360,288,mpeg4,40,0.2,1065.2,
hockeyFights,all,No-Violence,no353_xvid.mp4,hockeyFights/noFights/no353_xvid.mp4,.mp4,1.6,25.0,360,288,mpeg4,40,0.21,1117.4,
hockeyFights,all,No-Violence,no354_xvid.mp4,hockeyFights/noFights/no354_xvid.mp4,.mp4,1.6,25.0,360,288,mpeg4,40,0.21,1078.5,
hockeyFights,all,No-Violence,no355_xvid.mp4,hockeyFights/noFights/no355_xvid.mp4,.mp4,1.6,25.0,360,288,mpeg4,40,0.2,1044.3,
hockeyFights,all,No-Violence,no356_xvid.mp4,hockeyFights/noFights/no356_xvid.mp4,.mp4,1.6,25.0,360,288,mpeg4,40,0.2,1071.0,
hockeyFights,all,No-Violence,no357_xvid.mp4,hockeyFights/noFights/no357_xvid.mp4,.mp4,1.6,25.0,360,288,mpeg4,40,0.21,1118.9,
hockeyFights,all,No-Violence,no358_xvid.mp4,hockeyFights/noFights/no358_xvid.mp4,.mp4,1.6,25.0,360,288,mpeg4,40,0.21,1091.6,
hockeyFights,all,No-Violence,no359_xvid.mp4,hockeyFights/noFights/no359_xvid.mp4,.mp4,1.6,25.0,360,288,mpeg4,40,0.2,1057.9,
hockeyFights,all,No-Violence,no35_xvid.mp4,hockeyFights/noFights/no35_xvid.mp4,.mp4,1.6,25.0,360,288,mpeg4,40,0.19,1021.4,
hockeyFights,all,No-Violence,no360_xvid.mp4,hockeyFights/noFights/no360_xvid.mp4,.mp4,1.6,25.0,360,288,mpeg4,40,0.21,1084.8,
hockeyFights,all,No-Violence,no361_xvid.mp4,hockeyFights/noFights/no361_xvid.mp4,.mp4,1.6,25.0,360,288,mpeg4,40,0.21,1081.3,
hockeyFights,all,No-Violence,no362_xvid.mp4,hockeyFights/noFights/no362_xvid.mp4,.mp4,1.6,25.0,360,288,mpeg4,40,0.22,1130.4,
hockeyFights,all,No-Violence,no363_xvid.mp4,hockeyFights/noFights/no363_xvid.mp4,.mp4,1.6,25.0,360,288,mpeg4,40,0.2,1069.1,
hockeyFights,all,No-Violence,no364_xvid.mp4,hockeyFights/noFights/no364_xvid.mp4,.mp4,1.6,25.0,360,288,mpeg4,40,0.2,1060.2,
hockeyFights,all,No-Violence,no365_xvid.mp4,hockeyFights/noFights/no365_xvid.mp4,.mp4,1.6,25.0,360,288,mpeg4,40,0.21,1092.8,
hockeyFights,all,No-Violence,no366_xvid.mp4,hockeyFights/noFights/no366_xvid.mp4,.mp4,1.6,25.0,360,288,mpeg4,40,0.21,1093.9,
hockeyFights,all,No-Violence,no367_xvid.mp4,hockeyFights/noFights/no367_xvid.mp4,.mp4,1.6,25.0,360,288,mpeg4,40,0.21,1080.7,
hockeyFights,all,No-Violence,no368_xvid.mp4,hockeyFights/noFights/no368_xvid.mp4,.mp4,1.6,25.0,360,288,mpeg4,40,0.19,1002.2,
hockeyFights,all,No-Violence,no369_xvid.mp4,hockeyFights/noFights/no369_xvid.mp4,.mp4,1.6,25.0,360,288,mpeg4,40,0.21,1093.5,
hockeyFights,all,No-Violence,no36_xvid.mp4,hockeyFights/noFights/no36_xvid.mp4,.mp4,1.6,25.0,360,288,mpeg4,40,0.19,1019.3,
hockeyFights,all,No-Violence,no370_xvid.mp4,hockeyFights/noFights/no370_xvid.mp4,.mp4,1.6,25.0,360,288,mpeg4,40,0.21,1118.4,
hockeyFights,all,No-Violence,no371_xvid.mp4,hockeyFights/noFights/no371_xvid.mp4,.mp4,1.6,25.0,360,288,mpeg4,40,0.21,1084.3,
hockeyFights,all,No-Violence,no372_xvid.mp4,hockeyFights/noFights/no372_xvid.mp4,.mp4,1.6,25.0,360,288,mpeg4,40,0.17,892.7,
hockeyFights,all,No-Violence,no373_xvid.mp4,hockeyFights/noFights/no373_xvid.mp4,.mp4,1.6,25.0,360,288,mpeg4,40,0.21,1123.5,
hockeyFights,all,No-Violence,no374_xvid.mp4,hockeyFights/noFights/no374_xvid.mp4,.mp4,1.6,25.0,360,288,mpeg4,40,0.22,1132.3,
hockeyFights,all,No-Violence,no375_xvid.mp4,hockeyFights/noFights/no375_xvid.mp4,.mp4,1.6,25.0,360,288,mpeg4,40,0.22,1146.5,
hockeyFights,all,No-Violence,no376_xvid.mp4,hockeyFights/noFights/no376_xvid.mp4,.mp4,1.6,25.0,360,288,mpeg4,40,0.21,1117.8,
hockeyFights,all,No-Violence,no377_xvid.mp4,hockeyFights/noFights/no377_xvid.mp4,.mp4,1.6,25.0,360,288,mpeg4,40,0.2,1065.3,
hockeyFights,all,No-Violence,no378_xvid.mp4,hockeyFights/noFights/no378_xvid.mp4,.mp4,1.6,25.0,360,288,mpeg4,40,0.19,1013.4,
hockeyFights,all,No-Violence,no379_xvid.mp4,hockeyFights/noFights/no379_xvid.mp4,.mp4,1.6,25.0,360,288,mpeg4,40,0.23,1180.3,
hockeyFights,all,No-Violence,no37_xvid.mp4,hockeyFights/noFights/no37_xvid.mp4,.mp4,1.6,25.0,360,288,mpeg4,40,0.2,1063.1,
hockeyFights,all,No-Violence,no380_xvid.mp4,hockeyFights/noFights/no380_xvid.mp4,.mp4,1.6,25.0,360,288,mpeg4,40,0.21,1100.3,
hockeyFights,all,No-Violence,no381_xvid.mp4,hockeyFights/noFights/no381_xvid.mp4,.mp4,1.6,25.0,360,288,mpeg4,40,0.21,1101.5,
hockeyFights,all,No-Violence,no382_xvid.mp4,hockeyFights/noFights/no382_xvid.mp4,.mp4,1.6,25.0,360,288,mpeg4,40,0.21,1126.9,
hockeyFights,all,No-Violence,no383_xvid.mp4,hockeyFights/noFights/no383_xvid.mp4,.mp4,1.6,25.0,360,288,mpeg4,40,0.2,1074.7,
hockeyFights,all,No-Violence,no384_xvid.mp4,hockeyFights/noFights/no384_xvid.mp4,.mp4,1.6,25.0,360,288,mpeg4,40,0.24,1240.7,
hockeyFights,all,No-Violence,no385_xvid.mp4,hockeyFights/noFights/no385_xvid.mp4,.mp4,1.6,25.0,360,288,mpeg4,40,0.21,1102.4,
hockeyFights,all,No-Violence,no386_xvid.mp4,hockeyFights/noFights/no386_xvid.mp4,.mp4,1.6,25.0,360,288,mpeg4,40,0.19,989.1,
hockeyFights,all,No-Violence,no387_xvid.mp4,hockeyFights/noFights/no387_xvid.mp4,.mp4,1.6,25.0,360,288,mpeg4,40,0.21,1097.4,
hockeyFights,all,No-Violence,no388_xvid.mp4,hockeyFights/noFights/no388_xvid.mp4,.mp4,1.6,25.0,360,288,mpeg4,40,0.2,1022.5,
hockeyFights,all,No-Violence,no389_xvid.mp4,hockeyFights/noFights/no389_xvid.mp4,.mp4,1.6,25.0,360,288,mpeg4,40,0.2,1063.5,
hockeyFights,all,No-Violence,no38_xvid.mp4,hockeyFights/noFights/no38_xvid.mp4,.mp4,1.6,25.0,360,288,mpeg4,40,0.19,1021.0,
hockeyFights,all,No-Violence,no390_xvid.mp4,hockeyFights/noFights/no390_xvid.mp4,.mp4,1.6,25.0,360,288,mpeg4,40,0.21,1091.8,
hockeyFights,all,No-Violence,no391_xvid.mp4,hockeyFights/noFights/no391_xvid.mp4,.mp4,1.6,25.0,360,288,mpeg4,40,0.21,1101.5,
hockeyFights,all,No-Violence,no392_xvid.mp4,hockeyFights/noFights/no392_xvid.mp4,.mp4,1.6,25.0,360,288,mpeg4,40,0.21,1094.9,
hockeyFights,all,No-Violence,no393_xvid.mp4,hockeyFights/noFights/no393_xvid.mp4,.mp4,1.6,25.0,360,288,mpeg4,40,0.21,1078.7,
hockeyFights,all,No-Violence,no394_xvid.mp4,hockeyFights/noFights/no394_xvid.mp4,.mp4,1.6,25.0,360,288,mpeg4,40,0.21,1124.0,
hockeyFights,all,No-Violence,no395_xvid.mp4,hockeyFights/noFights/no395_xvid.mp4,.mp4,1.6,25.0,360,288,mpeg4,40,0.21,1093.6,
hockeyFights,all,No-Violence,no396_xvid.mp4,hockeyFights/noFights/no396_xvid.mp4,.mp4,1.6,25.0,360,288,mpeg4,40,0.21,1125.1,
hockeyFights,all,No-Violence,no397_xvid.mp4,hockeyFights/noFights/no397_xvid.mp4,.mp4,1.6,25.0,360,288,mpeg4,40,0.21,1100.3,
hockeyFights,all,No-Violence,no398_xvid.mp4,hockeyFights/noFights/no398_xvid.mp4,.mp4,1.6,25.0,360,288,mpeg4,40,0.22,1151.5,
hockeyFights,all,No-Violence,no399_xvid.mp4,hockeyFights/noFights/no399_xvid.mp4,.mp4,1.6,25.0,360,288,mpeg4,40,0.21,1114.8,
hockeyFights,all,No-Violence,no39_xvid.mp4,hockeyFights/noFights/no39_xvid.mp4,.mp4,1.6,25.0,360,288,mpeg4,40,0.2,1025.7,
hockeyFights,all,No-Violence,no3_xvid.mp4,hockeyFights/noFights/no3_xvid.mp4,.mp4,1.6,25.0,360,288,mpeg4,40,0.19,1012.8,
hockeyFights,all,No-Violence,no400_xvid.mp4,hockeyFights/noFights/no400_xvid.mp4,.mp4,1.6,25.0,360,288,mpeg4,40,0.2,1030.2,
hockeyFights,all,No-Violence,no401_xvid.mp4,hockeyFights/noFights/no401_xvid.mp4,.mp4,1.6,25.0,360,288,mpeg4,40,0.22,1145.2,
hockeyFights,all,No-Violence,no402_xvid.mp4,hockeyFights/noFights/no402_xvid.mp4,.mp4,1.6,25.0,360,288,mpeg4,40,0.22,1145.2,
hockeyFights,all,No-Violence,no403_xvid.mp4,hockeyFights/noFights/no403_xvid.mp4,.mp4,1.6,25.0,360,288,mpeg4,40,0.22,1128.1,
hockeyFights,all,No-Violence,no404_xvid.mp4,hockeyFights/noFights/no404_xvid.mp4,.mp4,1.6,25.0,360,288,mpeg4,40,0.21,1120.2,
hockeyFights,all,No-Violence,no405_xvid.mp4,hockeyFights/noFights/no405_xvid.mp4,.mp4,1.6,25.0,360,288,mpeg4,40,0.21,1120.5,
hockeyFights,all,No-Violence,no406_xvid.mp4,hockeyFights/noFights/no406_xvid.mp4,.mp4,1.6,25.0,360,288,mpeg4,40,0.21,1113.3,
hockeyFights,all,No-Violence,no407_xvid.mp4,hockeyFights/noFights/no407_xvid.mp4,.mp4,1.6,25.0,360,288,mpeg4,40,0.23,1191.3,
hockeyFights,all,No-Violence,no408_xvid.mp4,hockeyFights/noFights/no408_xvid.mp4,.mp4,1.6,25.0,360,288,mpeg4,40,0.21,1081.6,
hockeyFights,all,No-Violence,no409_xvid.mp4,hockeyFights/noFights/no409_xvid.mp4,.mp4,1.6,25.0,360,288,mpeg4,40,0.21,1092.2,
hockeyFights,all,No-Violence,no40_xvid.mp4,hockeyFights/noFights/no40_xvid.mp4,.mp4,1.6,25.0,360,288,mpeg4,40,0.2,1023.6,
hockeyFights,all,No-Violence,no410_xvid.mp4,hockeyFights/noFights/no410_xvid.mp4,.mp4,1.6,25.0,360,288,mpeg4,40,0.19,994.3,
hockeyFights,all,No-Violence,no411_xvid.mp4,hockeyFights/noFights/no411_xvid.mp4,.mp4,1.6,25.0,360,288,mpeg4,40,0.19,1002.6,
hockeyFights,all,No-Violence,no412_xvid.mp4,hockeyFights/noFights/no412_xvid.mp4,.mp4,1.6,25.0,360,288,mpeg4,40,0.2,1032.3,
hockeyFights,all,No-Violence,no413_xvid.mp4,hockeyFights/noFights/no413_xvid.mp4,.mp4,1.6,25.0,360,288,mpeg4,40,0.2,1031.0,
hockeyFights,all,No-Violence,no414_xvid.mp4,hockeyFights/noFights/no414_xvid.mp4,.mp4,1.6,25.0,360,288,mpeg4,40,0.22,1129.2,
hockeyFights,all,No-Violence,no415_xvid.mp4,hockeyFights/noFights/no415_xvid.mp4,.mp4,1.6,25.0,360,288,mpeg4,40,0.24,1277.2,
hockeyFights,all,No-Violence,no416_xvid.mp4,hockeyFights/noFights/no416_xvid.mp4,.mp4,1.6,25.0,360,288,mpeg4,40,0.21,1087.7,
hockeyFights,all,No-Violence,no417_xvid.mp4,hockeyFights/noFights/no417_xvid.mp4,.mp4,1.6,25.0,360,288,mpeg4,40,0.23,1201.2,
hockeyFights,all,No-Violence,no418_xvid.mp4,hockeyFights/noFights/no418_xvid.mp4,.mp4,1.6,25.0,360,288,mpeg4,40,0.19,1021.5,
hockeyFights,all,No-Violence,no419_xvid.mp4,hockeyFights/noFights/no419_xvid.mp4,.mp4,1.6,25.0,360,288,mpeg4,40,0.23,1202.8,
hockeyFights,all,No-Violence,no41_xvid.mp4,hockeyFights/noFights/no41_xvid.mp4,.mp4,1.6,25.0,360,288,mpeg4,40,0.2,1047.5,
hockeyFights,all,No-Violence,no420_xvid.mp4,hockeyFights/noFights/no420_xvid.mp4,.mp4,1.6,25.0,360,288,mpeg4,40,0.22,1154.2,
hockeyFights,all,No-Violence,no421_xvid.mp4,hockeyFights/noFights/no421_xvid.mp4,.mp4,1.6,25.0,360,288,mpeg4,40,0.22,1131.0,
hockeyFights,all,No-Violence,no422_xvid.mp4,hockeyFights/noFights/no422_xvid.mp4,.mp4,1.6,25.0,360,288,mpeg4,40,0.2,1074.0,
hockeyFights,all,No-Violence,no423_xvid.mp4,hockeyFights/noFights/no423_xvid.mp4,.mp4,1.6,25.0,360,288,mpeg4,40,0.21,1104.4,
hockeyFights,all,No-Violence,no424_xvid.mp4,hockeyFights/noFights/no424_xvid.mp4,.mp4,1.6,25.0,360,288,mpeg4,40,0.22,1130.6,
hockeyFights,all,No-Violence,no425_xvid.mp4,hockeyFights/noFights/no425_xvid.mp4,.mp4,1.6,25.0,360,288,mpeg4,40,0.21,1101.9,
hockeyFights,all,No-Violence,no426_xvid.mp4,hockeyFights/noFights/no426_xvid.mp4,.mp4,1.6,25.0,360,288,mpeg4,40,0.22,1146.0,
hockeyFights,all,No-Violence,no427_xvid.mp4,hockeyFights/noFights/no427_xvid.mp4,.mp4,1.6,25.0,360,288,mpeg4,40,0.21,1099.1,
hockeyFights,all,No-Violence,no428_xvid.mp4,hockeyFights/noFights/no428_xvid.mp4,.mp4,1.6,25.0,360,288,mpeg4,40,0.21,1076.4,
hockeyFights,all,No-Violence,no429_xvid.mp4,hockeyFights/noFights/no429_xvid.mp4,.mp4,1.6,25.0,360,288,mpeg4,40,0.21,1088.0,
hockeyFights,all,No-Violence,no42_xvid.mp4,hockeyFights/noFights/no42_xvid.mp4,.mp4,1.6,25.0,360,288,mpeg4,40,0.21,1082.4,
hockeyFights,all,No-Violence,no430_xvid.mp4,hockeyFights/noFights/no430_xvid.mp4,.mp4,1.6,25.0,360,288,mpeg4,40,0.23,1199.2,
hockeyFights,all,No-Violence,no431_xvid.mp4,hockeyFights/noFights/no431_xvid.mp4,.mp4,1.6,25.0,360,288,mpeg4,40,0.22,1167.0,
hockeyFights,all,No-Violence,no432_xvid.mp4,hockeyFights/noFights/no432_xvid.mp4,.mp4,1.6,25.0,360,288,mpeg4,40,0.21,1099.9,
hockeyFights,all,No-Violence,no433_xvid.mp4,hockeyFights/noFights/no433_xvid.mp4,.mp4,1.6,25.0,360,288,mpeg4,40,0.21,1116.9,
hockeyFights,all,No-Violence,no434_xvid.mp4,hockeyFights/noFights/no434_xvid.mp4,.mp4,1.6,25.0,360,288,mpeg4,40,0.23,1193.2,
hockeyFights,all,No-Violence,no435_xvid.mp4,hockeyFights/noFights/no435_xvid.mp4,.mp4,1.6,25.0,360,288,mpeg4,40,0.21,1118.0,
hockeyFights,all,No-Violence,no436_xvid.mp4,hockeyFights/noFights/no436_xvid.mp4,.mp4,1.6,25.0,360,288,mpeg4,40,0.21,1126.2,
hockeyFights,all,No-Violence,no437_xvid.mp4,hockeyFights/noFights/no437_xvid.mp4,.mp4,1.6,25.0,360,288,mpeg4,40,0.22,1162.5,
hockeyFights,all,No-Violence,no438_xvid.mp4,hockeyFights/noFights/no438_xvid.mp4,.mp4,1.6,25.0,360,288,mpeg4,40,0.21,1076.0,
hockeyFights,all,No-Violence,no439_xvid.mp4,hockeyFights/noFights/no439_xvid.mp4,.mp4,1.6,25.0,360,288,mpeg4,40,0.21,1118.5,
hockeyFights,all,No-Violence,no43_xvid.mp4,hockeyFights/noFights/no43_xvid.mp4,.mp4,1.6,25.0,360,288,mpeg4,40,0.2,1071.8,
hockeyFights,all,No-Violence,no440_xvid.mp4,hockeyFights/noFights/no440_xvid.mp4,.mp4,1.6,25.0,360,288,mpeg4,40,0.21,1081.3,
hockeyFights,all,No-Violence,no441_xvid.mp4,hockeyFights/noFights/no441_xvid.mp4,.mp4,1.6,25.0,360,288,mpeg4,40,0.2,1070.2,
hockeyFights,all,No-Violence,no442_xvid.mp4,hockeyFights/noFights/no442_xvid.mp4,.mp4,1.6,25.0,360,288,mpeg4,40,0.21,1097.8,
hockeyFights,all,No-Violence,no443_xvid.mp4,hockeyFights/noFights/no443_xvid.mp4,.mp4,1.6,25.0,360,288,mpeg4,40,0.21,1122.1,
hockeyFights,all,No-Violence,no444_xvid.mp4,hockeyFights/noFights/no444_xvid.mp4,.mp4,1.6,25.0,360,288,mpeg4,40,0.23,1182.5,
hockeyFights,all,No-Violence,no445_xvid.mp4,hockeyFights/noFights/no445_xvid.mp4,.mp4,1.6,25.0,360,288,mpeg4,40,0.21,1122.7,
hockeyFights,all,No-Violence,no446_xvid.mp4,hockeyFights/noFights/no446_xvid.mp4,.mp4,1.6,25.0,360,288,mpeg4,40,0.22,1145.2,
hockeyFights,all,No-Violence,no447_xvid.mp4,hockeyFights/noFights/no447_xvid.mp4,.mp4,1.6,25.0,360,288,mpeg4,40,0.21,1118.0,
hockeyFights,all,No-Violence,no448_xvid.mp4,hockeyFights/noFights/no448_xvid.mp4,.mp4,1.6,25.0,360,288,mpeg4,40,0.21,1080.0,
hockeyFights,all,No-Violence,no449_xvid.mp4,hockeyFights/noFights/no449_xvid.mp4,.mp4,1.6,25.0,360,288,mpeg4,40,0.23,1211.0,
hockeyFights,all,No-Violence,no44_xvid.mp4,hockeyFights/noFights/no44_xvid.mp4,.mp4,1.6,25.0,360,288,mpeg4,40,0.2,1027.4,
hockeyFights,all,No-Violence,no450_xvid.mp4,hockeyFights/noFights/no450_xvid.mp4,.mp4,1.6,25.0,360,288,mpeg4,40,0.19,971.9,
hockeyFights,all,No-Violence,no451_xvid.mp4,hockeyFights/noFights/no451_xvid.mp4,.mp4,1.6,25.0,360,288,mpeg4,40,0.18,965.4,
hockeyFights,all,No-Violence,no452_xvid.mp4,hockeyFights/noFights/no452_xvid.mp4,.mp4,1.6,25.0,360,288,mpeg4,40,0.2,1066.1,
hockeyFights,all,No-Violence,no453_xvid.mp4,hockeyFights/noFights/no453_xvid.mp4,.mp4,1.6,25.0,360,288,mpeg4,40,0.19,994.3,
hockeyFights,all,No-Violence,no454_xvid.mp4,hockeyFights/noFights/no454_xvid.mp4,.mp4,1.6,25.0,360,288,mpeg4,40,0.18,933.7,
hockeyFights,all,No-Violence,no455_xvid.mp4,hockeyFights/noFights/no455_xvid.mp4,.mp4,1.6,25.0,360,288,mpeg4,40,0.21,1104.1,
hockeyFights,all,No-Violence,no456_xvid.mp4,hockeyFights/noFights/no456_xvid.mp4,.mp4,1.6,25.0,360,288,mpeg4,40,0.2,1038.2,
hockeyFights,all,No-Violence,no457_xvid.mp4,hockeyFights/noFights/no457_xvid.mp4,.mp4,1.6,25.0,360,288,mpeg4,40,0.19,989.0,
hockeyFights,all,No-Violence,no458_xvid.mp4,hockeyFights/noFights/no458_xvid.mp4,.mp4,1.6,25.0,360,288,mpeg4,40,0.19,1013.3,
hockeyFights,all,No-Violence,no459_xvid.mp4,hockeyFights/noFights/no459_xvid.mp4,.mp4,1.6,25.0,360,288,mpeg4,40,0.19,1005.8,
hockeyFights,all,No-Violence,no45_xvid.mp4,hockeyFights/noFights/no45_xvid.mp4,.mp4,1.6,25.0,360,288,mpeg4,40,0.18,952.2,
hockeyFights,all,No-Violence,no460_xvid.mp4,hockeyFights/noFights/no460_xvid.mp4,.mp4,1.6,25.0,360,288,mpeg4,40,0.2,1037.3,
hockeyFights,all,No-Violence,no461_xvid.mp4,hockeyFights/noFights/no461_xvid.mp4,.mp4,1.6,25.0,360,288,mpeg4,40,0.19,975.4,
hockeyFights,all,No-Violence,no462_xvid.mp4,hockeyFights/noFights/no462_xvid.mp4,.mp4,1.6,25.0,360,288,mpeg4,40,0.19,998.7,
hockeyFights,all,No-Violence,no463_xvid.mp4,hockeyFights/noFights/no463_xvid.mp4,.mp4,1.6,25.0,360,288,mpeg4,40,0.19,994.1,
hockeyFights,all,No-Violence,no464_xvid.mp4,hockeyFights/noFights/no464_xvid.mp4,.mp4,1.6,25.0,360,288,mpeg4,40,0.2,1050.4,
hockeyFights,all,No-Violence,no465_xvid.mp4,hockeyFights/noFights/no465_xvid.mp4,.mp4,1.6,25.0,360,288,mpeg4,40,0.17,912.5,
hockeyFights,all,No-Violence,no466_xvid.mp4,hockeyFights/noFights/no466_xvid.mp4,.mp4,1.6,25.0,360,288,mpeg4,40,0.19,1018.5,
hockeyFights,all,No-Violence,no467_xvid.mp4,hockeyFights/noFights/no467_xvid.mp4,.mp4,1.6,25.0,360,288,mpeg4,40,0.19,989.8,
hockeyFights,all,No-Violence,no468_xvid.mp4,hockeyFights/noFights/no468_xvid.mp4,.mp4,1.6,25.0,360,288,mpeg4,40,0.19,974.0,
hockeyFights,all,No-Violence,no469_xvid.mp4,hockeyFights/noFights/no469_xvid.mp4,.mp4,1.6,25.0,360,288,mpeg4,40,0.2,1024.3,
hockeyFights,all,No-Violence,no46_xvid.mp4,hockeyFights/noFights/no46_xvid.mp4,.mp4,1.6,25.0,360,288,mpeg4,40,0.19,1014.9,
hockeyFights,all,No-Violence,no470_xvid.mp4,hockeyFights/noFights/no470_xvid.mp4,.mp4,1.6,25.0,360,288,mpeg4,40,0.2,1041.4,
hockeyFights,all,No-Violence,no471_xvid.mp4,hockeyFights/noFights/no471_xvid.mp4,.mp4,1.6,25.0,360,288,mpeg4,40,0.19,1013.9,
hockeyFights,all,No-Violence,no472_xvid.mp4,hockeyFights/noFights/no472_xvid.mp4,.mp4,1.6,25.0,360,288,mpeg4,40,0.2,1030.1,
hockeyFights,all,No-Violence,no473_xvid.mp4,hockeyFights/noFights/no473_xvid.mp4,.mp4,1.6,25.0,360,288,mpeg4,40,0.2,1043.3,
hockeyFights,all,No-Violence,no474_xvid.mp4,hockeyFights/noFights/no474_xvid.mp4,.mp4,1.6,25.0,360,288,mpeg4,40,0.19,985.4,
hockeyFights,all,No-Violence,no475_xvid.mp4,hockeyFights/noFights/no475_xvid.mp4,.mp4,1.6,25.0,360,288,mpeg4,40,0.2,1033.3,
hockeyFights,all,No-Violence,no476_xvid.mp4,hockeyFights/noFights/no476_xvid.mp4,.mp4,1.6,25.0,360,288,mpeg4,40,0.19,1011.9,
hockeyFights,all,No-Violence,no477_xvid.mp4,hockeyFights/noFights/no477_xvid.mp4,.mp4,1.6,25.0,360,288,mpeg4,40,0.2,1040.7,
hockeyFights,all,No-Violence,no478_xvid.mp4,hockeyFights/noFights/no478_xvid.mp4,.mp4,1.6,25.0,360,288,mpeg4,40,0.2,1026.8,
hockeyFights,all,No-Violence,no479_xvid.mp4,hockeyFights/noFights/no479_xvid.mp4,.mp4,1.6,25.0,360,288,mpeg4,40,0.19,1010.3,
hockeyFights,all,No-Violence,no47_xvid.mp4,hockeyFights/noFights/no47_xvid.mp4,.mp4,1.6,25.0,360,288,mpeg4,40,0.19,1009.8,
hockeyFights,all,No-Violence,no480_xvid.mp4,hockeyFights/noFights/no480_xvid.mp4,.mp4,1.6,25.0,360,288,mpeg4,40,0.19,1003.9,
hockeyFights,all,No-Violence,no481_xvid.mp4,hockeyFights/noFights/no481_xvid.mp4,.mp4,1.6,25.0,360,288,mpeg4,40,0.19,978.4,
hockeyFights,all,No-Violence,no482_xvid.mp4,hockeyFights/noFights/no482_xvid.mp4,.mp4,1.6,25.0,360,288,mpeg4,40,0.17,883.0,
hockeyFights,all,No-Violence,no483_xvid.mp4,hockeyFights/noFights/no483_xvid.mp4,.mp4,1.6,25.0,360,288,mpeg4,40,0.18,956.2,
hockeyFights,all,No-Violence,no484_xvid.mp4,hockeyFights/noFights/no484_xvid.mp4,.mp4,1.6,25.0,360,288,mpeg4,40,0.18,958.0,
hockeyFights,all,No-Violence,no485_xvid.mp4,hockeyFights/noFights/no485_xvid.mp4,.mp4,1.6,25.0,360,288,mpeg4,40,0.19,1018.2,
hockeyFights,all,No-Violence,no486_xvid.mp4,hockeyFights/noFights/no486_xvid.mp4,.mp4,1.6,25.0,360,288,mpeg4,40,0.19,1006.5,
hockeyFights,all,No-Violence,no487_xvid.mp4,hockeyFights/noFights/no487_xvid.mp4,.mp4,1.6,25.0,360,288,mpeg4,40,0.18,950.7,
hockeyFights,all,No-Violence,no488_xvid.mp4,hockeyFights/noFights/no488_xvid.mp4,.mp4,1.6,25.0,360,288,mpeg4,40,0.21,1075.9,
hockeyFights,all,No-Violence,no489_xvid.mp4,hockeyFights/noFights/no489_xvid.mp4,.mp4,1.6,25.0,360,288,mpeg4,40,0.19,984.8,
hockeyFights,all,No-Violence,no48_xvid.mp4,hockeyFights/noFights/no48_xvid.mp4,.mp4,1.6,25.0,360,288,mpeg4,40,0.19,992.4,
hockeyFights,all,No-Violence,no490_xvid.mp4,hockeyFights/noFights/no490_xvid.mp4,.mp4,1.6,25.0,360,288,mpeg4,40,0.19,992.8,
hockeyFights,all,No-Violence,no491_xvid.mp4,hockeyFights/noFights/no491_xvid.mp4,.mp4,1.6,25.0,360,288,mpeg4,40,0.19,991.1,
hockeyFights,all,No-Violence,no492_xvid.mp4,hockeyFights/noFights/no492_xvid.mp4,.mp4,1.6,25.0,360,288,mpeg4,40,0.2,1037.5,
hockeyFights,all,No-Violence,no493_xvid.mp4,hockeyFights/noFights/no493_xvid.mp4,.mp4,1.6,25.0,360,288,mpeg4,40,0.19,1007.3,
hockeyFights,all,No-Violence,no494_xvid.mp4,hockeyFights/noFights/no494_xvid.mp4,.mp4,1.6,25.0,360,288,mpeg4,40,0.19,994.5,
hockeyFights,all,No-Violence,no495_xvid.mp4,hockeyFights/noFights/no495_xvid.mp4,.mp4,1.6,25.0,360,288,mpeg4,40,0.2,1022.9,
hockeyFights,all,No-Violence,no496_xvid.mp4,hockeyFights/noFights/no496_xvid.mp4,.mp4,1.6,25.0,360,288,mpeg4,40,0.2,1046.3,
hockeyFights,all,No-Violence,no497_xvid.mp4,hockeyFights/noFights/no497_xvid.mp4,.mp4,1.6,25.0,360,288,mpeg4,40,0.2,1025.0,
hockeyFights,all,No-Violence,no498_xvid.mp4,hockeyFights/noFights/no498_xvid.mp4,.mp4,1.6,25.0,360,288,mpeg4,40,0.19,987.4,
hockeyFights,all,No-Violence,no499_xvid.mp4,hockeyFights/noFights/no499_xvid.mp4,.mp4,1.6,25.0,360,288,mpeg4,40,0.2,1064.2,
hockeyFights,all,No-Violence,no49_xvid.mp4,hockeyFights/noFights/no49_xvid.mp4,.mp4,1.6,25.0,360,288,mpeg4,40,0.18,953.8,
hockeyFights,all,No-Violence,no4_xvid.mp4,hockeyFights/noFights/no4_xvid.mp4,.mp4,1.6,25.0,360,288,mpeg4,40,0.19,1013.0,
hockeyFights,all,No-Violence,no500_xvid.mp4,hockeyFights/noFights/no500_xvid.mp4,.mp4,1.6,25.0,360,288,mpeg4,40,0.2,1031.7,
hockeyFights,all,No-Violence,no50_xvid.mp4,hockeyFights/noFights/no50_xvid.mp4,.mp4,1.6,25.0,360,288,mpeg4,40,0.19,1005.4,
hockeyFights,all,No-Violence,no51_xvid.mp4,hockeyFights/noFights/no51_xvid.mp4,.mp4,1.6,25.0,360,288,mpeg4,40,0.18,943.8,
hockeyFights,all,No-Violence,no52_xvid.mp4,hockeyFights/noFights/no52_xvid.mp4,.mp4,1.56,25.0,360,288,mpeg4,39,0.18,974.7,
hockeyFights,all,No-Violence,no53_xvid.mp4,hockeyFights/noFights/no53_xvid.mp4,.mp4,1.6,25.0,360,288,mpeg4,40,0.19,1010.7,
hockeyFights,all,No-Violence,no54_xvid.mp4,hockeyFights/noFights/no54_xvid.mp4,.mp4,1.6,25.0,360,288,mpeg4,40,0.19,996.8,
hockeyFights,all,No-Violence,no55_xvid.mp4,hockeyFights/noFights/no55_xvid.mp4,.mp4,1.6,25.0,360,288,mpeg4,40,0.2,1036.8,
hockeyFights,all,No-Violence,no56_xvid.mp4,hockeyFights/noFights/no56_xvid.mp4,.mp4,1.6,25.0,360,288,mpeg4,40,0.19,988.5,
hockeyFights,all,No-Violence,no57_xvid.mp4,hockeyFights/noFights/no57_xvid.mp4,.mp4,1.6,25.0,360,288,mpeg4,40,0.18,935.8,
hockeyFights,all,No-Violence,no58_xvid.mp4,hockeyFights/noFights/no58_xvid.mp4,.mp4,1.6,25.0,360,288,mpeg4,40,0.17,902.3,
hockeyFights,all,No-Violence,no59_xvid.mp4,hockeyFights/noFights/no59_xvid.mp4,.mp4,1.6,25.0,360,288,mpeg4,40,0.19,980.3,
hockeyFights,all,No-Violence,no5_xvid.mp4,hockeyFights/noFights/no5_xvid.mp4,.mp4,1.6,25.0,360,288,mpeg4,40,0.19,982.0,
hockeyFights,all,No-Violence,no60_xvid.mp4,hockeyFights/noFights/no60_xvid.mp4,.mp4,1.6,25.0,360,288,mpeg4,40,0.17,899.3,
hockeyFights,all,No-Violence,no61_xvid.mp4,hockeyFights/noFights/no61_xvid.mp4,.mp4,1.6,25.0,360,288,mpeg4,40,0.17,912.0,
hockeyFights,all,No-Violence,no62_xvid.mp4,hockeyFights/noFights/no62_xvid.mp4,.mp4,1.6,25.0,360,288,mpeg4,40,0.19,998.6,
hockeyFights,all,No-Violence,no63_xvid.mp4,hockeyFights/noFights/no63_xvid.mp4,.mp4,1.6,25.0,360,288,mpeg4,40,0.2,1034.1,
hockeyFights,all,No-Violence,no64_xvid.mp4,hockeyFights/noFights/no64_xvid.mp4,.mp4,1.6,25.0,360,288,mpeg4,40,0.21,1112.1,
hockeyFights,all,No-Violence,no65___xvid.mp4,hockeyFights/noFights/no65___xvid.mp4,.mp4,1.6,25.0,360,288,mpeg4,40,0.15,795.9,
hockeyFights,all,No-Violence,no66_xvid.mp4,hockeyFights/noFights/no66_xvid.mp4,.mp4,1.6,25.0,360,288,mpeg4,40,0.21,1080.7,
hockeyFights,all,No-Violence,no67_xvid.mp4,hockeyFights/noFights/no67_xvid.mp4,.mp4,1.6,25.0,360,288,mpeg4,40,0.2,1036.8,
hockeyFights,all,No-Violence,no68_xvid.mp4,hockeyFights/noFights/no68_xvid.mp4,.mp4,1.6,25.0,360,288,mpeg4,40,0.2,1058.1,
hockeyFights,all,No-Violence,no69_xvid.mp4,hockeyFights/noFights/no69_xvid.mp4,.mp4,1.6,25.0,360,288,mpeg4,40,0.2,1023.4,
hockeyFights,all,No-Violence,no6_xvid.mp4,hockeyFights/noFights/no6_xvid.mp4,.mp4,1.6,25.0,360,288,mpeg4,40,0.2,1025.4,
hockeyFights,all,No-Violence,no70_xvid.mp4,hockeyFights/noFights/no70_xvid.mp4,.mp4,1.6,25.0,360,288,mpeg4,40,0.18,952.0,
hockeyFights,all,No-Violence,no71_xvid.mp4,hockeyFights/noFights/no71_xvid.mp4,.mp4,1.6,25.0,360,288,mpeg4,40,0.18,928.2,
hockeyFights,all,No-Violence,no72_xvid.mp4,hockeyFights/noFights/no72_xvid.mp4,.mp4,1.6,25.0,360,288,mpeg4,40,0.18,960.9,
hockeyFights,all,No-Violence,no73_xvid.mp4,hockeyFights/noFights/no73_xvid.mp4,.mp4,1.6,25.0,360,288,mpeg4,40,0.19,995.2,
hockeyFights,all,No-Violence,no74_xvid.mp4,hockeyFights/noFights/no74_xvid.mp4,.mp4,1.6,25.0,360,288,mpeg4,40,0.2,1033.8,
hockeyFights,all,No-Violence,no75_xvid.mp4,hockeyFights/noFights/no75_xvid.mp4,.mp4,1.6,25.0,360,288,mpeg4,40,0.2,1036.6,
hockeyFights,all,No-Violence,no76_xvid.mp4,hockeyFights/noFights/no76_xvid.mp4,.mp4,1.6,25.0,360,288,mpeg4,40,0.2,1031.6,
hockeyFights,all,No-Violence,no77_xvid.mp4,hockeyFights/noFights/no77_xvid.mp4,.mp4,1.6,25.0,360,288,mpeg4,40,0.18,919.8,
hockeyFights,all,No-Violence,no78_xvid.mp4,hockeyFights/noFights/no78_xvid.mp4,.mp4,1.6,25.0,360,288,mpeg4,40,0.2,1044.5,
hockeyFights,all,No-Violence,no79_xvid.mp4,hockeyFights/noFights/no79_xvid.mp4,.mp4,1.6,25.0,360,288,mpeg4,40,0.2,1025.3,
hockeyFights,all,No-Violence,no7_xvid.mp4,hockeyFights/noFights/no7_xvid.mp4,.mp4,1.6,25.0,360,288,mpeg4,40,0.18,960.3,
hockeyFights,all,No-Violence,no80_xvid.mp4,hockeyFights/noFights/no80_xvid.mp4,.mp4,1.6,25.0,360,288,mpeg4,40,0.21,1090.2,
hockeyFights,all,No-Violence,no81_xvid.mp4,hockeyFights/noFights/no81_xvid.mp4,.mp4,1.6,25.0,360,288,mpeg4,40,0.17,897.0,
hockeyFights,all,No-Violence,no82_xvid.mp4,hockeyFights/noFights/no82_xvid.mp4,.mp4,1.6,25.0,360,288,mpeg4,40,0.19,1013.5,
hockeyFights,all,No-Violence,no83_xvid.mp4,hockeyFights/noFights/no83_xvid.mp4,.mp4,1.6,25.0,360,288,mpeg4,40,0.2,1058.4,
hockeyFights,all,No-Violence,no84_xvid.mp4,hockeyFights/noFights/no84_xvid.mp4,.mp4,1.6,25.0,360,288,mpeg4,40,0.19,1006.7,
hockeyFights,all,No-Violence,no85_xvid.mp4,hockeyFights/noFights/no85_xvid.mp4,.mp4,1.6,25.0,360,288,mpeg4,40,0.21,1110.0,
hockeyFights,all,No-Violence,no86_xvid.mp4,hockeyFights/noFights/no86_xvid.mp4,.mp4,1.6,25.0,360,288,mpeg4,40,0.21,1099.2,
hockeyFights,all,No-Violence,no87_xvid.mp4,hockeyFights/noFights/no87_xvid.mp4,.mp4,1.6,25.0,360,288,mpeg4,40,0.2,1046.2,
hockeyFights,all,No-Violence,no88_xvid.mp4,hockeyFights/noFights/no88_xvid.mp4,.mp4,1.6,25.0,360,288,mpeg4,40,0.18,932.6,
hockeyFights,all,No-Violence,no89_xvid.mp4,hockeyFights/noFights/no89_xvid.mp4,.mp4,1.6,25.0,360,288,mpeg4,40,0.18,960.6,
hockeyFights,all,No-Violence,no8_xvid.mp4,hockeyFights/noFights/no8_xvid.mp4,.mp4,1.6,25.0,360,288,mpeg4,40,0.2,1048.6,
hockeyFights,all,No-Violence,no90_xvid.mp4,hockeyFights/noFights/no90_xvid.mp4,.mp4,1.6,25.0,360,288,mpeg4,40,0.22,1148.6,
hockeyFights,all,No-Violence,no91_xvid.mp4,hockeyFights/noFights/no91_xvid.mp4,.mp4,1.6,25.0,360,288,mpeg4,40,0.2,1063.2,
hockeyFights,all,No-Violence,no92_xvid.mp4,hockeyFights/noFights/no92_xvid.mp4,.mp4,1.6,25.0,360,288,mpeg4,40,0.18,948.1,
hockeyFights,all,No-Violence,no93_xvid.mp4,hockeyFights/noFights/no93_xvid.mp4,.mp4,1.6,25.0,360,288,mpeg4,40,0.22,1136.9,
hockeyFights,all,No-Violence,no94_xvid.mp4,hockeyFights/noFights/no94_xvid.mp4,.mp4,1.6,25.0,360,288,mpeg4,40,0.19,992.9,
hockeyFights,all,No-Violence,no95_xvid.mp4,hockeyFights/noFights/no95_xvid.mp4,.mp4,1.6,25.0,360,288,mpeg4,40,0.19,1005.8,
hockeyFights,all,No-Violence,no96_xvid.mp4,hockeyFights/noFights/no96_xvid.mp4,.mp4,1.6,25.0,360,288,mpeg4,40,0.2,1023.1,
hockeyFights,all,No-Violence,no97_xvid.mp4,hockeyFights/noFights/no97_xvid.mp4,.mp4,1.6,25.0,360,288,mpeg4,40,0.14,732.5,
hockeyFights,all,No-Violence,no98_xvid.mp4,hockeyFights/noFights/no98_xvid.mp4,.mp4,1.6,25.0,360,288,mpeg4,40,0.2,1069.1,
hockeyFights,all,No-Violence,no99_xvid.mp4,hockeyFights/noFights/no99_xvid.mp4,.mp4,1.6,25.0,360,288,mpeg4,40,0.24,1260.2,
hockeyFights,all,No-Violence,no9_xvid.mp4,hockeyFights/noFights/no9_xvid.mp4,.mp4,1.6,25.0,360,288,mpeg4,40,0.19,995.1,
Peliculas,all,Violence,mfd_fight1.mp4,Peliculas/fights/mfd_fight1.mp4,.mp4,2.0,29.97,720,480,h264,60,0.36,1525.0,
Peliculas,all,Violence,mfd_fight10.mp4,Peliculas/fights/mfd_fight10.mp4,.mp4,1.68,25.0,720,576,h264,42,0.33,1654.0,
Peliculas,all,Violence,mfd_fight100.mp4,Peliculas/fights/mfd_fight100.mp4,.mp4,1.68,25.0,720,576,h264,42,0.45,2243.3,
Peliculas,all,Violence,mfd_fight11.mp4,Peliculas/fights/mfd_fight11.mp4,.mp4,1.68,25.0,720,576,h264,42,0.43,2149.5,
Peliculas,all,Violence,mfd_fight12.mp4,Peliculas/fights/mfd_fight12.mp4,.mp4,1.68,25.0,720,576,h264,42,0.34,1708.1,
Peliculas,all,Violence,mfd_fight13.mp4,Peliculas/fights/mfd_fight13.mp4,.mp4,1.68,25.0,720,576,h264,42,0.55,2770.9,
Peliculas,all,Violence,mfd_fight14.mp4,Peliculas/fights/mfd_fight14.mp4,.mp4,1.68,25.0,720,576,h264,42,0.22,1099.0,
Peliculas,all,Violence,mfd_fight15.mp4,Peliculas/fights/mfd_fight15.mp4,.mp4,1.68,25.0,720,576,h264,42,0.26,1295.4,
Peliculas,all,Violence,mfd_fight16.mp4,Peliculas/fights/mfd_fight16.mp4,.mp4,1.68,25.0,720,576,h264,42,0.16,810.5,
Peliculas,all,Violence,mfd_fight17.mp4,Peliculas/fights/mfd_fight17.mp4,.mp4,1.68,25.0,720,576,h264,42,0.12,576.8,
Peliculas,all,Violence,mfd_fight18.mp4,Peliculas/fights/mfd_fight18.mp4,.mp4,1.68,25.0,720,576,h264,42,0.21,1049.6,
Peliculas,all,Violence,mfd_fight19.mp4,Peliculas/fights/mfd_fight19.mp4,.mp4,1.68,25.0,720,576,h264,42,0.18,921.5,
Peliculas,all,Violence,mfd_fight2.mp4,Peliculas/fights/mfd_fight2.mp4,.mp4,1.68,25.0,720,576,h264,42,0.39,1926.4,
Peliculas,all,Violence,mfd_fight20.mp4,Peliculas/fights/mfd_fight20.mp4,.mp4,1.68,25.0,720,576,h264,42,0.18,889.8,
Peliculas,all,Violence,mfd_fight21.mp4,Peliculas/fights/mfd_fight21.mp4,.mp4,1.68,25.0,720,576,h264,42,0.36,1797.9,
Peliculas,all,Violence,mfd_fight22.mp4,Peliculas/fights/mfd_fight22.mp4,.mp4,1.68,25.0,720,576,h264,42,0.3,1503.9,
Peliculas,all,Violence,mfd_fight23.mp4,Peliculas/fights/mfd_fight23.mp4,.mp4,1.68,25.0,720,576,h264,42,0.34,1708.1,
Peliculas,all,Violence,mfd_fight24.mp4,Peliculas/fights/mfd_fight24.mp4,.mp4,2.0,25.0,720,576,h264,50,0.34,1430.5,
Peliculas,all,Violence,mfd_fight25.mp4,Peliculas/fights/mfd_fight25.mp4,.mp4,2.0,25.0,720,576,h264,50,0.34,1424.0,
Peliculas,all,Violence,mfd_fight26.mp4,Peliculas/fights/mfd_fight26.mp4,.mp4,2.0,25.0,720,576,h264,50,0.3,1237.9,
Peliculas,all,Violence,mfd_fight27.mp4,Peliculas/fights/mfd_fight27.mp4,.mp4,2.0,25.0,720,576,h264,50,0.37,1558.3,
Peliculas,all,Violence,mfd_fight28.mp4,Peliculas/fights/mfd_fight28.mp4,.mp4,2.0,25.0,720,576,h264,50,0.4,1664.7,
Peliculas,all,Violence,mfd_fight29.mp4,Peliculas/fights/mfd_fight29.mp4,.mp4,1.68,25.0,720,576,h264,42,0.55,2742.1,
Peliculas,all,Violence,mfd_fight3.mp4,Peliculas/fights/mfd_fight3.mp4,.mp4,1.68,25.0,720,576,h264,42,0.36,1800.6,
Peliculas,all,Violence,mfd_fight30.mp4,Peliculas/fights/mfd_fight30.mp4,.mp4,2.0,25.0,720,576,h264,50,0.23,956.1,
Peliculas,all,Violence,mfd_fight31.mp4,Peliculas/fights/mfd_fight31.mp4,.mp4,2.0,25.0,720,576,h264,50,0.39,1650.5,
Peliculas,all,Violence,mfd_fight32.mp4,Peliculas/fights/mfd_fight32.mp4,.mp4,1.68,25.0,720,576,h264,42,0.2,991.7,
Peliculas,all,Violence,mfd_fight33.mp4,Peliculas/fights/mfd_fight33.mp4,.mp4,1.68,25.0,720,576,h264,42,0.35,1755.1,
Peliculas,all,Violence,mfd_fight34.mp4,Peliculas/fights/mfd_fight34.mp4,.mp4,1.68,25.0,720,576,h264,42,0.4,1998.6,
Peliculas,all,Violence,mfd_fight35.mp4,Peliculas/fights/mfd_fight35.mp4,.mp4,1.68,25.0,720,576,h264,42,0.14,713.1,
Peliculas,all,Violence,mfd_fight36.mp4,Peliculas/fights/mfd_fight36.mp4,.mp4,1.68,25.0,720,576,h264,42,0.28,1395.4,
Peliculas,all,Violence,mfd_fight37.mp4,Peliculas/fights/mfd_fight37.mp4,.mp4,1.68,25.0,720,576,h264,42,0.25,1267.7,
Peliculas,all,Violence,mfd_fight38.mp4,Peliculas/fights/mfd_fight38.mp4,.mp4,1.68,25.0,720,576,h264,42,0.33,1632.4,
Peliculas,all,Violence,mfd_fight39.mp4,Peliculas/fights/mfd_fight39.mp4,.mp4,1.68,25.0,720,576,h264,42,0.19,927.2,
Peliculas,all,Violence,mfd_fight4.mp4,Peliculas/fights/mfd_fight4.mp4,.mp4,1.68,25.0,720,576,h264,42,0.4,1978.3,
Peliculas,all,Violence,mfd_fight40.mp4,Peliculas/fights/mfd_fight40.mp4,.mp4,1.68,25.0,720,576,h264,42,0.34,1696.5,
Peliculas,all,Violence,mfd_fight41.mp4,Peliculas/fights/mfd_fight41.mp4,.mp4,2.04,25.0,720,576,h264,51,0.76,3117.4,
Peliculas,all,Violence,mfd_fight42.mp4,Peliculas/fights/mfd_fight42.mp4,.mp4,2.04,25.0,720,576,h264,51,0.34,1402.1,
Peliculas,all,Violence,mfd_fight43.mp4,Peliculas/fights/mfd_fight43.mp4,.mp4,2.04,25.0,720,576,h264,51,0.24,1005.8,
Peliculas,all,Violence,mfd_fight44.mp4,Peliculas/fights/mfd_fight44.mp4,.mp4,2.04,25.0,720,576,h264,51,0.36,1460.3,
Peliculas,all,Violence,mfd_fight45.mp4,Peliculas/fights/mfd_fight45.mp4,.mp4,1.68,25.0,720,576,h264,42,0.42,2121.6,
Peliculas,all,Violence,mfd_fight46.mp4,Peliculas/fights/mfd_fight46.mp4,.mp4,2.04,25.0,720,576,h264,51,0.26,1054.7,
Peliculas,all,Violence,mfd_fight47.mp4,Peliculas/fights/mfd_fight47.mp4,.mp4,2.0,25.0,720,576,h264,50,0.21,897.5,
Peliculas,all,Violence,mfd_fight48.mp4,Peliculas/fights/mfd_fight48.mp4,.mp4,2.0,25.0,720,576,h264,50,0.23,962.6,
Peliculas,all,Violence,mfd_fight49.mp4,Peliculas/fights/mfd_fight49.mp4,.mp4,2.0,25.0,720,576,h264,50,0.19,813.4,
Peliculas,all,Violence,mfd_fight5.mp4,Peliculas/fights/mfd_fight5.mp4,.mp4,1.68,25.0,720,576,h264,42,0.48,2373.2,
Peliculas,all,Violence,mfd_fight50.mp4,Peliculas/fights/mfd_fight50.mp4,.mp4,2.0,25.0,720,576,h264,50,0.23,977.7,
Peliculas,all,Violence,mfd_fight51.mp4,Peliculas/fights/mfd_fight51.mp4,.mp4,2.0,25.0,720,576,h264,50,0.22,906.2,
Peliculas,all,Violence,mfd_fight52.mp4,Peliculas/fights/mfd_fight52.mp4,.mp4,2.0,25.0,720,576,h264,50,0.26,1104.9,
Peliculas,all,Violence,mfd_fight53.mp4,Peliculas/fights/mfd_fight53.mp4,.mp4,2.0,25.0,720,576,h264,50,0.17,696.1,
Peliculas,all,Violence,mfd_fight54.mp4,Peliculas/fights/mfd_fight54.mp4,.mp4,2.0,25.0,720,576,h264,50,0.19,782.7,
Peliculas,all,Violence,mfd_fight55.mp4,Peliculas/fights/mfd_fight55.mp4,.mp4,1.68,25.0,720,576,h264,42,0.11,526.0,
Peliculas,all,Violence,mfd_fight56.mp4,Peliculas/fights/mfd_fight56.mp4,.mp4,1.68,25.0,720,576,h264,42,0.38,1907.7,
Peliculas,all,Violence,mfd_fight57.mp4,Peliculas/fights/mfd_fight57.mp4,.mp4,1.68,25.0,720,576,h264,42,0.17,871.4,
Peliculas,all,Violence,mfd_fight58.mp4,Peliculas/fights/mfd_fight58.mp4,.mp4,1.68,25.0,720,576,h264,42,0.19,972.0,
Peliculas,all,Violence,mfd_fight59.mp4,Peliculas/fights/mfd_fight59.mp4,.mp4,1.68,25.0,720,576,h264,42,0.11,531.6,
Peliculas,all,Violence,mfd_fight6.mp4,Peliculas/fights/mfd_fight6.mp4,.mp4,1.68,25.0,720,576,h264,42,0.48,2373.5,
Peliculas,all,Violence,mfd_fight60.mp4,Peliculas/fights/mfd_fight60.mp4,.mp4,1.68,25.0,720,576,h264,42,0.13,634.5,
Peliculas,all,Violence,mfd_fight61.mp4,Peliculas/fights/mfd_fight61.mp4,.mp4,1.68,25.0,720,576,h264,42,0.17,852.4,
Peliculas,all,Violence,mfd_fight62.mp4,Peliculas/fights/mfd_fight62.mp4,.mp4,1.68,25.0,720,576,h264,42,0.12,592.0,
Peliculas,all,Violence,mfd_fight63.mp4,Peliculas/fights/mfd_fight63.mp4,.mp4,1.68,25.0,720,576,h264,42,0.15,752.6,
Peliculas,all,Violence,mfd_fight64.mp4,Peliculas/fights/mfd_fight64.mp4,.mp4,1.68,25.0,720,576,h264,42,0.11,570.3,
Peliculas,all,Violence,mfd_fight65.mp4,Peliculas/fights/mfd_fight65.mp4,.mp4,1.68,25.0,720,576,h264,42,0.17,866.2,
Peliculas,all,Violence,mfd_fight66.mp4,Peliculas/fights/mfd_fight66.mp4,.mp4,1.68,25.0,720,576,h264,42,0.1,515.4,
Peliculas,all,Violence,mfd_fight67.mp4,Peliculas/fights/mfd_fight67.mp4,.mp4,1.68,25.0,720,576,h264,42,0.44,2181.6,
Peliculas,all,Violence,mfd_fight68.mp4,Peliculas/fights/mfd_fight68.mp4,.mp4,1.68,25.0,720,576,h264,42,0.15,751.1,
Peliculas,all,Violence,mfd_fight69.mp4,Peliculas/fights/mfd_fight69.mp4,.mp4,1.68,25.0,720,576,h264,42,0.2,1012.6,
Peliculas,all,Violence,mfd_fight7.mp4,Peliculas/fights/mfd_fight7.mp4,.mp4,1.68,25.0,720,576,h264,42,0.4,1975.9,
Peliculas,all,Violence,mfd_fight70.mp4,Peliculas/fights/mfd_fight70.mp4,.mp4,1.68,25.0,720,576,h264,42,0.13,643.4,
Peliculas,all,Violence,mfd_fight71.mp4,Peliculas/fights/mfd_fight71.mp4,.mp4,1.68,25.0,720,576,h264,42,0.13,643.4,
Peliculas,all,Violence,mfd_fight72.mp4,Peliculas/fights/mfd_fight72.mp4,.mp4,1.67,29.97,720,480,h264,50,0.26,1304.4,
Peliculas,all,Violence,mfd_fight73.mp4,Peliculas/fights/mfd_fight73.mp4,.mp4,1.67,29.97,720,480,h264,50,0.24,1204.3,
Peliculas,all,Violence,mfd_fight74.mp4,Peliculas/fights/mfd_fight74.mp4,.mp4,1.67,29.97,720,480,h264,50,0.28,1392.6,
Peliculas,all,Violence,mfd_fight75.mp4,Peliculas/fights/mfd_fight75.mp4,.mp4,1.67,29.97,720,480,h264,50,0.23,1142.5,
Peliculas,all,Violence,mfd_fight76.mp4,Peliculas/fights/mfd_fight76.mp4,.mp4,1.67,29.97,720,480,h264,50,0.2,1012.9,
Peliculas,all,Violence,mfd_fight77.mp4,Peliculas/fights/mfd_fight77.mp4,.mp4,1.67,29.97,720,480,h264,50,0.2,981.6,
Peliculas,all,Violence,mfd_fight78.mp4,Peliculas/fights/mfd_fight78.mp4,.mp4,1.68,25.0,720,576,h264,42,0.54,2699.7,
Peliculas,all,Violence,mfd_fight79.mp4,Peliculas/fights/mfd_fight79.mp4,.mp4,2.0,29.97,720,480,h264,60,0.28,1160.1,
Peliculas,all,Violence,mfd_fight8.mp4,Peliculas/fights/mfd_fight8.mp4,.mp4,1.68,25.0,720,576,h264,42,0.59,2921.4,
Peliculas,all,Violence,mfd_fight80.mp4,Peliculas/fights/mfd_fight80.mp4,.mp4,2.0,29.97,720,480,h264,60,0.4,1696.6,
Peliculas,all,Violence,mfd_fight81.mp4,Peliculas/fights/mfd_fight81.mp4,.mp4,2.0,29.97,720,480,h264,60,0.21,887.6,
Peliculas,all,Violence,mfd_fight82.mp4,Peliculas/fights/mfd_fight82.mp4,.mp4,2.0,29.97,720,480,h264,60,0.27,1120.1,
Peliculas,all,Violence,mfd_fight83.mp4,Peliculas/fights/mfd_fight83.mp4,.mp4,2.0,29.97,720,480,h264,60,0.26,1071.5,
Peliculas,all,Violence,mfd_fight84.mp4,Peliculas/fights/mfd_fight84.mp4,.mp4,2.0,29.97,720,480,h264,60,0.18,768.5,
Peliculas,all,Violence,mfd_fight85.mp4,Peliculas/fights/mfd_fight85.mp4,.mp4,2.0,29.97,720,480,h264,60,0.21,897.3,
Peliculas,all,Violence,mfd_fight86.mp4,Peliculas/fights/mfd_fight86.mp4,.mp4,2.0,29.97,720,480,h264,60,0.3,1261.8,
Peliculas,all,Violence,mfd_fight87.mp4,Peliculas/fights/mfd_fight87.mp4,.mp4,2.0,29.97,720,480,h264,60,0.24,1002.8,
Peliculas,all,Violence,mfd_fight88.mp4,Peliculas/fights/mfd_fight88.mp4,.mp4,2.0,29.97,720,480,h264,60,0.43,1784.4,
Peliculas,all,Violence,mfd_fight89.mp4,Peliculas/fights/mfd_fight89.mp4,.mp4,1.68,25.0,720,576,h264,42,0.56,2815.2,
Peliculas,all,Violence,mfd_fight9.mp4,Peliculas/fights/mfd_fight9.mp4,.mp4,1.68,25.0,720,576,h264,42,0.39,1951.8,
Peliculas,all,Violence,mfd_fight90.mp4,Peliculas/fights/mfd_fight90.mp4,.mp4,2.0,29.97,720,480,h264,60,0.3,1256.5,
Peliculas,all,Violence,mfd_fight91.mp4,Peliculas/fights/mfd_fight91.mp4,.mp4,2.0,29.97,720,480,h264,60,0.2,852.5,
Peliculas,all,Violence,mfd_fight92.mp4,Peliculas/fights/mfd_fight92.mp4,.mp4,2.0,29.97,720,480,h264,60,0.44,1852.3,
Peliculas,all,Violence,mfd_fight93.mp4,Peliculas/fights/mfd_fight93.mp4,.mp4,2.0,29.97,720,480,h264,60,0.32,1341.6,
Peliculas,all,Violence,mfd_fight94.mp4,Peliculas/fights/mfd_fight94.mp4,.mp4,2.0,29.97,720,480,h264,60,0.33,1376.4,
Peliculas,all,Violence,mfd_fight95.mp4,Peliculas/fights/mfd_fight95.mp4,.mp4,2.0,29.97,720,480,h264,60,0.16,664.5,
Peliculas,all,Violence,mfd_fight96.mp4,Peliculas/fights/mfd_fight96.mp4,.mp4,2.0,29.97,720,480,h264,60,0.35,1467.6,
Peliculas,all,Violence,mfd_fight97.mp4,Peliculas/fights/mfd_fight97.mp4,.mp4,2.0,29.97,720,480,h264,60,0.18,739.4,
Peliculas,all,Violence,mfd_fight98.mp4,Peliculas/fights/mfd_fight98.mp4,.mp4,2.0,29.97,720,480,h264,60,0.45,1879.3,
Peliculas,all,Violence,mfd_fight99.mp4,Peliculas/fights/mfd_fight99.mp4,.mp4,2.0,29.97,720,480,h264,60,0.21,872.6,
Peliculas,all,No-Violence,mfd_nofight1.mp4,Peliculas/noFights/mfd_nofight1.mp4,.mp4,1.67,29.97,720,480,h264,50,0.11,544.5,
Peliculas,all,No-Violence,mfd_nofight10.mp4,Peliculas/noFights/mfd_nofight10.mp4,.mp4,1.67,29.97,720,480,h264,50,0.1,509.9,
Peliculas,all,No-Violence,mfd_nofight100.mp4,Peliculas/noFights/mfd_nofight100.mp4,.mp4,1.67,29.97,720,480,h264,50,0.11,538.4,
Peliculas,all,No-Violence,mfd_nofight101.mp4,Peliculas/noFights/mfd_nofight101.mp4,.mp4,1.67,29.97,720,480,h264,50,0.11,544.1,
Peliculas,all,No-Violence,mfd_nofight11.mp4,Peliculas/noFights/mfd_nofight11.mp4,.mp4,1.67,29.97,720,480,h264,50,0.09,444.8,
Peliculas,all,No-Violence,mfd_nofight12.mp4,Peliculas/noFights/mfd_nofight12.mp4,.mp4,1.67,29.97,720,480,h264,50,0.38,1933.3,
Peliculas,all,No-Violence,mfd_nofight13.mp4,Peliculas/noFights/mfd_nofight13.mp4,.mp4,1.67,29.97,720,480,h264,50,0.22,1128.5,
Peliculas,all,No-Violence,mfd_nofight14.mp4,Peliculas/noFights/mfd_nofight14.mp4,.mp4,1.67,29.97,720,480,h264,50,0.09,458.5,
Peliculas,all,No-Violence,mfd_nofight15.mp4,Peliculas/noFights/mfd_nofight15.mp4,.mp4,1.67,29.97,720,480,h264,50,0.11,567.9,
Peliculas,all,No-Violence,mfd_nofight16.mp4,Peliculas/noFights/mfd_nofight16.mp4,.mp4,1.67,29.97,720,480,h264,50,0.12,588.1,
Peliculas,all,No-Violence,mfd_nofight17.mp4,Peliculas/noFights/mfd_nofight17.mp4,.mp4,1.67,29.97,720,480,h264,50,0.11,556.1,
Peliculas,all,No-Violence,mfd_nofight18.mp4,Peliculas/noFights/mfd_nofight18.mp4,.mp4,1.67,29.97,720,480,h264,50,0.11,553.9,
Peliculas,all,No-Violence,mfd_nofight19.mp4,Peliculas/noFights/mfd_nofight19.mp4,.mp4,1.67,29.97,720,480,h264,50,0.1,517.7,
Peliculas,all,No-Violence,mfd_nofight2.mp4,Peliculas/noFights/mfd_nofight2.mp4,.mp4,1.67,29.97,720,480,h264,50,0.1,513.5,
Peliculas,all,No-Violence,mfd_nofight20.mp4,Peliculas/noFights/mfd_nofight20.mp4,.mp4,1.67,29.97,720,480,h264,50,0.1,496.2,
Peliculas,all,No-Violence,mfd_nofight21.mp4,Peliculas/noFights/mfd_nofight21.mp4,.mp4,1.67,29.97,720,480,h264,50,0.1,519.6,
Peliculas,all,No-Violence,mfd_nofight22.mp4,Peliculas/noFights/mfd_nofight22.mp4,.mp4,1.67,29.97,720,480,h264,50,0.1,516.1,
Peliculas,all,No-Violence,mfd_nofight23.mp4,Peliculas/noFights/mfd_nofight23.mp4,.mp4,1.67,29.97,720,480,h264,50,0.22,1101.7,
Peliculas,all,No-Violence,mfd_nofight24.mp4,Peliculas/noFights/mfd_nofight24.mp4,.mp4,1.67,29.97,720,480,h264,50,0.13,661.9,
Peliculas,all,No-Violence,mfd_nofight25.mp4,Peliculas/noFights/mfd_nofight25.mp4,.mp4,1.67,29.97,720,480,h264,50,0.1,495.7,
Peliculas,all,No-Violence,mfd_nofight26.mp4,Peliculas/noFights/mfd_nofight26.mp4,.mp4,1.67,29.97,720,480,h264,50,0.11,537.2,
Peliculas,all,No-Violence,mfd_nofight27.mp4,Peliculas/noFights/mfd_nofight27.mp4,.mp4,1.67,29.97,720,480,h264,50,0.09,461.0,
Peliculas,all,No-Violence,mfd_nofight28.mp4,Peliculas/noFights/mfd_nofight28.mp4,.mp4,1.67,29.97,720,480,h264,50,0.09,428.4,
Peliculas,all,No-Violence,mfd_nofight29.mp4,Peliculas/noFights/mfd_nofight29.mp4,.mp4,1.67,29.97,720,480,h264,50,0.11,529.5,
Peliculas,all,No-Violence,mfd_nofight3.mp4,Peliculas/noFights/mfd_nofight3.mp4,.mp4,1.67,29.97,720,480,h264,50,0.09,433.6,
Peliculas,all,No-Violence,mfd_nofight30.mp4,Peliculas/noFights/mfd_nofight30.mp4,.mp4,1.67,29.97,720,480,h264,50,0.1,507.3,
Peliculas,all,No-Violence,mfd_nofight31.mp4,Peliculas/noFights/mfd_nofight31.mp4,.mp4,1.67,29.97,720,480,h264,50,0.09,461.9,
Peliculas,all,No-Violence,mfd_nofight32.mp4,Peliculas/noFights/mfd_nofight32.mp4,.mp4,1.67,29.97,720,480,h264,50,0.1,481.3,
Peliculas,all,No-Violence,mfd_nofight33.mp4,Peliculas/noFights/mfd_nofight33.mp4,.mp4,1.67,29.97,720,480,h264,50,0.11,540.3,
Peliculas,all,No-Violence,mfd_nofight34.mp4,Peliculas/noFights/mfd_nofight34.mp4,.mp4,1.67,29.97,720,480,h264,50,0.11,555.9,
Peliculas,all,No-Violence,mfd_nofight35.mp4,Peliculas/noFights/mfd_nofight35.mp4,.mp4,1.67,29.97,720,480,h264,50,0.15,758.0,
Peliculas,all,No-Violence,mfd_nofight36.mp4,Peliculas/noFights/mfd_nofight36.mp4,.mp4,1.67,29.97,720,480,h264,50,0.1,508.8,
Peliculas,all,No-Violence,mfd_nofight37.mp4,Peliculas/noFights/mfd_nofight37.mp4,.mp4,1.67,29.97,720,480,h264,50,0.19,974.0,
Peliculas,all,No-Violence,mfd_nofight38.mp4,Peliculas/noFights/mfd_nofight38.mp4,.mp4,1.67,29.97,720,480,h264,50,0.37,1841.5,
Peliculas,all,No-Violence,mfd_nofight39.mp4,Peliculas/noFights/mfd_nofight39.mp4,.mp4,1.67,29.97,720,480,h264,50,0.11,546.2,
Peliculas,all,No-Violence,mfd_nofight4.mp4,Peliculas/noFights/mfd_nofight4.mp4,.mp4,1.67,29.97,720,480,h264,50,0.16,813.2,
Peliculas,all,No-Violence,mfd_nofight40.mp4,Peliculas/noFights/mfd_nofight40.mp4,.mp4,1.67,29.97,720,480,h264,50,0.12,611.2,
Peliculas,all,No-Violence,mfd_nofight41.mp4,Peliculas/noFights/mfd_nofight41.mp4,.mp4,1.67,29.97,720,480,h264,50,0.09,446.9,
Peliculas,all,No-Violence,mfd_nofight42.mp4,Peliculas/noFights/mfd_nofight42.mp4,.mp4,1.67,29.97,720,480,h264,50,0.09,461.2,
Peliculas,all,No-Violence,mfd_nofight43.mp4,Peliculas/noFights/mfd_nofight43.mp4,.mp4,1.67,29.97,720,480,h264,50,0.11,553.5,
Peliculas,all,No-Violence,mfd_nofight44.mp4,Peliculas/noFights/mfd_nofight44.mp4,.mp4,1.67,29.97,720,480,h264,50,0.11,551.0,
Peliculas,all,No-Violence,mfd_nofight45.mp4,Peliculas/noFights/mfd_nofight45.mp4,.mp4,1.67,29.97,720,480,h264,50,0.14,693.0,
Peliculas,all,No-Violence,mfd_nofight46.mp4,Peliculas/noFights/mfd_nofight46.mp4,.mp4,1.67,29.97,720,480,h264,50,0.12,595.8,
Peliculas,all,No-Violence,mfd_nofight47.mp4,Peliculas/noFights/mfd_nofight47.mp4,.mp4,1.67,29.97,720,480,h264,50,0.14,695.4,
Peliculas,all,No-Violence,mfd_nofight48.mp4,Peliculas/noFights/mfd_nofight48.mp4,.mp4,1.67,29.97,720,480,h264,50,0.1,494.4,
Peliculas,all,No-Violence,mfd_nofight49.mp4,Peliculas/noFights/mfd_nofight49.mp4,.mp4,1.67,29.97,720,480,h264,50,0.22,1092.3,
Peliculas,all,No-Violence,mfd_nofight5.mp4,Peliculas/noFights/mfd_nofight5.mp4,.mp4,1.67,29.97,720,480,h264,50,0.09,442.9,
Peliculas,all,No-Violence,mfd_nofight50.mp4,Peliculas/noFights/mfd_nofight50.mp4,.mp4,1.67,29.97,720,480,h264,50,0.19,942.6,
Peliculas,all,No-Violence,mfd_nofight51.mp4,Peliculas/noFights/mfd_nofight51.mp4,.mp4,1.67,29.97,720,480,h264,50,0.17,846.6,
Peliculas,all,No-Violence,mfd_nofight52.mp4,Peliculas/noFights/mfd_nofight52.mp4,.mp4,1.67,29.97,720,480,h264,50,0.18,886.2,
Peliculas,all,No-Violence,mfd_nofight53.mp4,Peliculas/noFights/mfd_nofight53.mp4,.mp4,1.67,29.97,720,480,h264,50,0.19,963.1,
Peliculas,all,No-Violence,mfd_nofight54.mp4,Peliculas/noFights/mfd_nofight54.mp4,.mp4,1.67,29.97,720,480,h264,50,0.09,476.3,
Peliculas,all,No-Violence,mfd_nofight55.mp4,Peliculas/noFights/mfd_nofight55.mp4,.mp4,1.67,29.97,720,480,h264,50,0.09,449.4,
Peliculas,all,No-Violence,mfd_nofight56.mp4,Peliculas/noFights/mfd_nofight56.mp4,.mp4,1.67,29.97,720,480,h264,50,0.1,491.9,
Peliculas,all,No-Violence,mfd_nofight57.mp4,Peliculas/noFights/mfd_nofight57.mp4,.mp4,1.67,29.97,720,480,h264,50,0.1,515.9,
Peliculas,all,No-Violence,mfd_nofight58.mp4,Peliculas/noFights/mfd_nofight58.mp4,.mp4,1.67,29.97,720,480,h264,50,0.13,668.0,
Peliculas,all,No-Violence,mfd_nofight59.mp4,Peliculas/noFights/mfd_nofight59.mp4,.mp4,1.67,29.97,720,480,h264,50,0.1,523.9,
Peliculas,all,No-Violence,mfd_nofight6.mp4,Peliculas/noFights/mfd_nofight6.mp4,.mp4,1.67,29.97,720,480,h264,50,0.1,511.1,
Peliculas,all,No-Violence,mfd_nofight60.mp4,Peliculas/noFights/mfd_nofight60.mp4,.mp4,1.67,29.97,720,480,h264,50,0.11,543.0,
Peliculas,all,No-Violence,mfd_nofight61.mp4,Peliculas/noFights/mfd_nofight61.mp4,.mp4,1.67,29.97,720,480,h264,50,0.11,543.0,
Peliculas,all,No-Violence,mfd_nofight62.mp4,Peliculas/noFights/mfd_nofight62.mp4,.mp4,1.67,29.97,720,480,h264,50,0.09,449.3,
Peliculas,all,No-Violence,mfd_nofight63.mp4,Peliculas/noFights/mfd_nofight63.mp4,.mp4,1.67,29.97,720,480,h264,50,0.1,484.9,
Peliculas,all,No-Violence,mfd_nofight64.mp4,Peliculas/noFights/mfd_nofight64.mp4,.mp4,1.67,29.97,720,480,h264,50,0.1,511.2,
Peliculas,all,No-Violence,mfd_nofight65.mp4,Peliculas/noFights/mfd_nofight65.mp4,.mp4,1.67,29.97,720,480,h264,50,0.19,947.8,
Peliculas,all,No-Violence,mfd_nofight66.mp4,Peliculas/noFights/mfd_nofight66.mp4,.mp4,1.67,29.97,720,480,h264,50,0.1,516.5,
Peliculas,all,No-Violence,mfd_nofight67.mp4,Peliculas/noFights/mfd_nofight67.mp4,.mp4,1.67,29.97,720,480,h264,50,0.1,482.3,
Peliculas,all,No-Violence,mfd_nofight68.mp4,Peliculas/noFights/mfd_nofight68.mp4,.mp4,1.67,29.97,720,480,h264,50,0.1,522.9,
Peliculas,all,No-Violence,mfd_nofight69.mp4,Peliculas/noFights/mfd_nofight69.mp4,.mp4,1.67,29.97,720,480,h264,50,0.11,533.1,
Peliculas,all,No-Violence,mfd_nofight7.mp4,Peliculas/noFights/mfd_nofight7.mp4,.mp4,1.67,29.97,720,480,h264,50,0.1,503.4,
Peliculas,all,No-Violence,mfd_nofight70.mp4,Peliculas/noFights/mfd_nofight70.mp4,.mp4,1.67,29.97,720,480,h264,50,0.11,533.2,
Peliculas,all,No-Violence,mfd_nofight71.mp4,Peliculas/noFights/mfd_nofight71.mp4,.mp4,1.67,29.97,720,480,h264,50,0.12,591.6,
Peliculas,all,No-Violence,mfd_nofight72.mp4,Peliculas/noFights/mfd_nofight72.mp4,.mp4,1.67,29.97,720,480,h264,50,0.17,862.0,
Peliculas,all,No-Violence,mfd_nofight73.mp4,Peliculas/noFights/mfd_nofight73.mp4,.mp4,1.67,29.97,720,480,h264,50,0.17,870.2,
Peliculas,all,No-Violence,mfd_nofight74.mp4,Peliculas/noFights/mfd_nofight74.mp4,.mp4,1.67,29.97,720,480,h264,50,0.16,814.5,
Peliculas,all,No-Violence,mfd_nofight75.mp4,Peliculas/noFights/mfd_nofight75.mp4,.mp4,1.67,29.97,720,480,h264,50,0.17,838.4,
Peliculas,all,No-Violence,mfd_nofight76.mp4,Peliculas/noFights/mfd_nofight76.mp4,.mp4,1.67,29.97,720,480,h264,50,0.19,969.0,
Peliculas,all,No-Violence,mfd_nofight77.mp4,Peliculas/noFights/mfd_nofight77.mp4,.mp4,1.67,29.97,720,480,h264,50,0.19,951.4,
Peliculas,all,No-Violence,mfd_nofight78.mp4,Peliculas/noFights/mfd_nofight78.mp4,.mp4,1.67,29.97,720,480,h264,50,0.2,982.8,
Peliculas,all,No-Violence,mfd_nofight79.mp4,Peliculas/noFights/mfd_nofight79.mp4,.mp4,1.67,29.97,720,480,h264,50,0.11,564.8,
Peliculas,all,No-Violence,mfd_nofight8.mp4,Peliculas/noFights/mfd_nofight8.mp4,.mp4,1.67,29.97,720,480,h264,50,0.09,469.2,
Peliculas,all,No-Violence,mfd_nofight80.mp4,Peliculas/noFights/mfd_nofight80.mp4,.mp4,1.67,29.97,720,480,h264,50,0.2,996.2,
Peliculas,all,No-Violence,mfd_nofight81.mp4,Peliculas/noFights/mfd_nofight81.mp4,.mp4,1.67,29.97,720,480,h264,50,0.12,589.5,
Peliculas,all,No-Violence,mfd_nofight82.mp4,Peliculas/noFights/mfd_nofight82.mp4,.mp4,1.67,29.97,720,480,h264,50,0.11,551.8,
Peliculas,all,No-Violence,mfd_nofight83.mp4,Peliculas/noFights/mfd_nofight83.mp4,.mp4,1.67,29.97,720,480,h264,50,0.17,866.3,
Peliculas,all,No-Violence,mfd_nofight84.mp4,Peliculas/noFights/mfd_nofight84.mp4,.mp4,1.67,29.97,720,480,h264,50,0.17,843.2,
Peliculas,all,No-Violence,mfd_nofight85.mp4,Peliculas/noFights/mfd_nofight85.mp4,.mp4,1.67,29.97,720,480,h264,50,0.17,847.7,
Peliculas,all,No-Violence,mfd_nofight86.mp4,Peliculas/noFights/mfd_nofight86.mp4,.mp4,1.67,29.97,720,480,h264,50,0.16,825.0,
Peliculas,all,No-Violence,mfd_nofight87.mp4,Peliculas/noFights/mfd_nofight87.mp4,.mp4,1.67,29.97,720,480,h264,50,0.16,825.1,
Peliculas,all,No-Violence,mfd_nofight88.mp4,Peliculas/noFights/mfd_nofight88.mp4,.mp4,1.67,29.97,720,480,h264,50,0.16,820.5,
Peliculas,all,No-Violence,mfd_nofight89.mp4,Peliculas/noFights/mfd_nofight89.mp4,.mp4,1.67,29.97,720,480,h264,50,0.2,1011.9,
Peliculas,all,No-Violence,mfd_nofight9.mp4,Peliculas/noFights/mfd_nofight9.mp4,.mp4,1.67,29.97,720,480,h264,50,0.11,536.2,
Peliculas,all,No-Violence,mfd_nofight90.mp4,Peliculas/noFights/mfd_nofight90.mp4,.mp4,1.67,29.97,720,480,h264,50,0.1,487.1,
Peliculas,all,No-Violence,mfd_nofight91.mp4,Peliculas/noFights/mfd_nofight91.mp4,.mp4,1.67,29.97,720,480,h264,50,0.2,985.6,
Peliculas,all,No-Violence,mfd_nofight92.mp4,Peliculas/noFights/mfd_nofight92.mp4,.mp4,1.67,29.97,720,480,h264,50,0.21,1032.1,
Peliculas,all,No-Violence,mfd_nofight93.mp4,Peliculas/noFights/mfd_nofight93.mp4,.mp4,1.67,29.97,720,480,h264,50,0.2,1025.8,
Peliculas,all,No-Violence,mfd_nofight94.mp4,Peliculas/noFights/mfd_nofight94.mp4,.mp4,1.67,29.97,720,480,h264,50,0.17,862.0,
Peliculas,all,No-Violence,mfd_nofight95.mp4,Peliculas/noFights/mfd_nofight95.mp4,.mp4,1.67,29.97,720,480,h264,50,0.17,870.2,
Peliculas,all,No-Violence,mfd_nofight96.mp4,Peliculas/noFights/mfd_nofight96.mp4,.mp4,1.67,29.97,720,480,h264,50,0.18,888.0,
Peliculas,all,No-Violence,mfd_nofight97.mp4,Peliculas/noFights/mfd_nofight97.mp4,.mp4,1.67,29.97,720,480,h264,50,0.19,931.6,
Peliculas,all,No-Violence,mfd_nofight98.mp4,Peliculas/noFights/mfd_nofight98.mp4,.mp4,1.67,29.97,720,480,h264,50,0.1,492.9,
Peliculas,all,No-Violence,mfd_nofight99.mp4,Peliculas/noFights/mfd_nofight99.mp4,.mp4,1.67,29.97,720,480,h264,50,0.1,483.6,
standardVideos1,all,Violence,AE2_FIGHTING_VIDEO.mp4,standardVideos1/fights/AE2_FIGHTING_VIDEO.mp4,.mp4,5.07,30.0,224,224,h264,152,0.22,363.4,
standardVideos1,all,Violence,BODY_FIGHT_std.mp4,standardVideos1/fights/BODY_FIGHT_std.mp4,.mp4,7.0,30.0,224,224,h264,210,0.25,304.5,
standardVideos1,all,Violence,Golazo_std.mp4,standardVideos1/fights/Golazo_std.mp4,.mp4,5.0,30.0,224,224,h264,150,0.12,207.9,
standardVideos1,all,Violence,arson_riots_unrest_std.mp4,standardVideos1/fights/arson_riots_unrest_std.mp4,.mp4,5.07,30.0,224,224,h264,152,0.19,317.0,
standardVideos1,all,Violence,awesome-fight_std.mp4,standardVideos1/fights/awesome-fight_std.mp4,.mp4,14.07,30.0,224,224,h264,422,0.51,303.3,
standardVideos1,all,Violence,body-slam-slam_std.mp4,standardVideos1/fights/body-slam-slam_std.mp4,.mp4,4.9,30.0,224,224,h264,147,0.17,291.5,
standardVideos1,all,Violence,brutal-hit_std.mp4,standardVideos1/fights/brutal-hit_std.mp4,.mp4,1.97,30.0,224,224,h264,59,0.09,372.0,
standardVideos1,all,Violence,bully_prince_std.mp4,standardVideos1/fights/bully_prince_std.mp4,.mp4,6.03,30.0,224,224,h264,181,0.08,112.7,
standardVideos1,all,Violence,clown-fight_std.mp4,standardVideos1/fights/clown-fight_std.mp4,.mp4,8.9,30.0,224,224,h264,267,0.37,346.6,
standardVideos1,all,Violence,crazy-man-fight-door_std.mp4,standardVideos1/fights/crazy-man-fight-door_std.mp4,.mp4,2.83,30.0,224,224,h264,85,0.1,304.4,
standardVideos1,all,Violence,cruel_prince_03_std.mp4,standardVideos1/fights/cruel_prince_03_std.mp4,.mp4,6.03,30.0,224,224,h264,181,0.34,476.6,
standardVideos1,all,Violence,doungeon_confrontation_std.mp4,standardVideos1/fights/doungeon_confrontation_std.mp4,.mp4,6.03,30.0,224,224,h264,181,0.1,144.9,
standardVideos1,all,Violence,evil_prince_std.mp4,standardVideos1/fights/evil_prince_std.mp4,.mp4,6.03,30.0,224,224,h264,181,0.3,417.8,
standardVideos1,all,Violence,fi003_std.mp4,standardVideos1/fights/fi003_std.mp4,.mp4,2.4,30.0,224,224,h264,72,0.11,376.6,
standardVideos1,all,Violence,fi110_std.mp4,standardVideos1/fights/fi110_std.mp4,.mp4,2.0,30.0,224,224,h264,60,0.1,431.4,
standardVideos1,all,Violence,fighting-battle_std.mp4,standardVideos1/fights/fighting-battle_std.mp4,.mp4,7.47,30.0,224,224,h264,224,0.25,282.3,
standardVideos1,all,Violence,fighting_men_std.mp4,standardVideos1/fights/fighting_men_std.mp4,.mp4,5.03,30.0,224,224,h264,151,0.25,412.2,
standardVideos1,all,Violence,fighting_prince_std.mp4,standardVideos1/fights/fighting_prince_std.mp4,.mp4,6.03,30.0,224,224,h264,181,0.38,526.1,
standardVideos1,all,Violence,fighting_soldiers_std.mp4,standardVideos1/fights/fighting_soldiers_std.mp4,.mp4,5.03,30.0,224,224,h264,151,0.25,420.7,
standardVideos1,all,Violence,figithing_prince_06_std.mp4,standardVideos1/fights/figithing_prince_06_std.mp4,.mp4,6.03,30.0,224,224,h264,181,0.34,466.2,
standardVideos1,all,Violence,fire_golden_warrior1_std.mp4,standardVideos1/fights/fire_golden_warrior1_std.mp4,.mp4,5.2,30.0,224,224,h264,156,0.47,753.8,
standardVideos1,all,Violence,fire_warrior2_std.mp4,standardVideos1/fights/fire_warrior2_std.mp4,.mp4,6.03,30.0,224,224,h264,181,0.43,594.1,
standardVideos1,all,Violence,firends-fight_std.mp4,standardVideos1/fights/firends-fight_std.mp4,.mp4,3.43,30.0,224,224,h264,103,0.16,389.7,
standardVideos1,all,Violence,gits-fight_std.mp4,standardVideos1/fights/gits-fight_std.mp4,.mp4,3.1,30.0,224,224,h264,93,0.1,282.6,
standardVideos1,all,Violence,golden_warrior_01_std.mp4,standardVideos1/fights/golden_warrior_01_std.mp4,.mp4,6.03,30.0,224,224,h264,181,0.22,301.1,
standardVideos1,all,Violence,golden_warrior_02_std.mp4,standardVideos1/fights/golden_warrior_02_std.mp4,.mp4,6.03,30.0,224,224,h264,181,0.26,364.1,
standardVideos1,all,Violence,happy-st_std.mp4,standardVideos1/fights/happy-st_std.mp4,.mp4,2.6,30.0,224,224,h264,78,0.12,376.7,
standardVideos1,all,Violence,hard-kick_std.mp4,standardVideos1/fights/hard-kick_std.mp4,.mp4,4.0,30.0,224,224,h264,120,0.05,108.0,
standardVideos1,all,Violence,kick-fight_std.mp4,standardVideos1/fights/kick-fight_std.mp4,.mp4,4.0,30.0,224,224,h264,120,0.21,433.1,
standardVideos1,all,Violence,kimbo-destroy_2_guys_std.mp4,standardVideos1/fights/kimbo-destroy_2_guys_std.mp4,.mp4,7.0,30.0,224,224,h264,210,0.22,266.1,
standardVideos1,all,Violence,men-fight-2_std.mp4,standardVideos1/fights/men-fight-2_std.mp4,.mp4,3.0,30.0,224,224,h264,90,0.11,321.0,
standardVideos1,all,Violence,minnie-mouse-fight-minnie-mouse_std.mp4,standardVideos1/fights/minnie-mouse-fight-minnie-mouse_std.mp4,.mp4,22.53,30.0,224,224,h264,676,1.12,416.9,
standardVideos1,all,Violence,mm-fighting_std.mp4,standardVideos1/fights/mm-fighting_std.mp4,.mp4,3.8,30.0,224,224,h264,114,0.18,389.4,
standardVideos1,all,Violence,moxkfigjt _std.mp4,standardVideos1/fights/moxkfigjt _std.mp4,.mp4,5.2,30.0,224,224,h264,156,0.23,377.2,
standardVideos1,all,Violence,plate-smash-over-head_std.mp4,standardVideos1/fights/plate-smash-over-head_std.mp4,.mp4,2.93,30.0,224,224,h264,88,0.11,326.4,
standardVideos1,all,Violence,sdfghjkghjk_std.mp4,standardVideos1/fights/sdfghjkghjk_std.mp4,.mp4,3.47,30.0,224,224,h264,104,0.17,400.2,
standardVideos1,all,Violence,slaver_boy1_std.mp4,standardVideos1/fights/slaver_boy1_std.mp4,.mp4,6.03,30.0,224,224,h264,181,0.42,580.6,
standardVideos1,all,Violence,spoiled-teen_std.mp4,standardVideos1/fights/spoiled-teen_std.mp4,.mp4,3.6,30.0,224,224,h264,108,0.21,482.3,
standardVideos1,all,Violence,street-fight-teenagers_std.mp4,standardVideos1/fights/street-fight-teenagers_std.mp4,.mp4,3.8,30.0,224,224,h264,114,0.15,333.3,
standardVideos1,all,Violence,street-gang_std.mp4,standardVideos1/fights/street-gang_std.mp4,.mp4,3.03,30.0,224,224,h264,91,0.15,406.6,
standardVideos1,all,Violence,streetfight_std.mp4,standardVideos1/fights/streetfight_std.mp4,.mp4,5.0,30.0,224,224,h264,150,0.17,290.4,
standardVideos1,all,Violence,super_hit_std.mp4,standardVideos1/fights/super_hit_std.mp4,.mp4,3.2,30.0,224,224,h264,96,0.14,368.2,
standardVideos1,all,Violence,travas-fight_std.mp4,standardVideos1/fights/travas-fight_std.mp4,.mp4,4.87,30.0,224,224,h264,146,0.21,357.5,
standardVideos1,all,Violence,war_men_01_std.mp4,standardVideos1/fights/war_men_01_std.mp4,.mp4,6.03,30.0,224,224,h264,181,0.27,380.2,
standardVideos1,all,Violence,war_men_02_std.mp4,standardVideos1/fights/war_men_02_std.mp4,.mp4,6.03,30.0,224,224,h264,181,0.31,424.2,
standardVideos1,all,Violence,warrior_blond_prince_std.mp4,standardVideos1/fights/warrior_blond_prince_std.mp4,.mp4,6.03,30.0,224,224,h264,181,0.25,348.4,
standardVideos1,all,Violence,weird-fight_std.mp4,standardVideos1/fights/weird-fight_std.mp4,.mp4,9.73,30.0,224,224,h264,292,0.5,430.2,
standardVideos1,all,Violence,white_sword_warrior2_std.mp4,standardVideos1/fights/white_sword_warrior2_std.mp4,.mp4,6.03,30.0,224,224,h264,181,0.34,466.1,
standardVideos1,all,Violence,women-fight3_std.mp4,standardVideos1/fights/women-fight3_std.mp4,.mp4,3.8,30.0,224,224,h264,114,0.17,366.9,
standardVideos1,all,Violence,women-fight_std.mp4,standardVideos1/fights/women-fight_std.mp4,.mp4,2.9,30.0,224,224,h264,87,0.13,388.1,
standardVideos1,all,Violence,women-hair-fight_std.mp4,standardVideos1/fights/women-hair-fight_std.mp4,.mp4,2.0,30.0,224,224,h264,60,0.11,480.8,
standardVideos1,all,Violence,xcvbnmdfgh_std.mp4,standardVideos1/fights/xcvbnmdfgh_std.mp4,.mp4,1.97,30.0,224,224,h264,59,0.1,413.4,
standardVideos1,all,No-Violence,Dawn_Island_video_std.mp4,standardVideos1/noFights/Dawn_Island_video_std.mp4,.mp4,6.03,30.0,224,224,h264,181,0.34,465.8,
standardVideos1,all,No-Violence,agressive_gym_boy3_std.mp4,standardVideos1/noFights/agressive_gym_boy3_std.mp4,.mp4,6.03,30.0,224,224,h264,181,0.42,582.1,
standardVideos1,all,No-Violence,artisTogether _std.mp4,standardVideos1/noFights/artisTogether _std.mp4,.mp4,5.2,30.0,224,224,h264,156,0.16,251.3,
standardVideos1,all,No-Violence,biker_gym_boy02_std.mp4,standardVideos1/noFights/biker_gym_boy02_std.mp4,.mp4,6.03,30.0,224,224,h264,181,0.38,532.1,
standardVideos1,all,No-Violence,blond_gym_boy10_std.mp4,standardVideos1/noFights/blond_gym_boy10_std.mp4,.mp4,6.03,30.0,224,224,h264,181,0.27,381.3,
standardVideos1,all,No-Violence,coding_boy_std.mp4,standardVideos1/noFights/coding_boy_std.mp4,.mp4,5.2,30.0,224,224,h264,156,0.21,332.2,
standardVideos1,all,No-Violence,dancing_ppl2_std.mp4,standardVideos1/noFights/dancing_ppl2_std.mp4,.mp4,5.03,30.0,224,224,h264,151,0.26,426.4,
standardVideos1,all,No-Violence,dancing_ppl_std.mp4,standardVideos1/noFights/dancing_ppl_std.mp4,.mp4,5.03,30.0,224,224,h264,151,0.26,432.7,
standardVideos1,all,No-Violence,dancing_prince_std.mp4,standardVideos1/noFights/dancing_prince_std.mp4,.mp4,6.03,30.0,224,224,h264,181,0.3,423.2,
standardVideos1,all,No-Violence,friendly_gym_boy_1_std.mp4,standardVideos1/noFights/friendly_gym_boy_1_std.mp4,.mp4,6.03,30.0,224,224,h264,181,0.35,481.9,
standardVideos1,all,No-Violence,good-men_std.mp4,standardVideos1/noFights/good-men_std.mp4,.mp4,5.03,30.0,224,224,h264,151,0.19,309.8,
standardVideos1,all,No-Violence,good_firends_std.mp4,standardVideos1/noFights/good_firends_std.mp4,.mp4,5.03,30.0,224,224,h264,151,0.27,445.1,
standardVideos1,all,No-Violence,good_friends6_std.mp4,standardVideos1/noFights/good_friends6_std.mp4,.mp4,5.03,30.0,224,224,h264,151,0.27,458.3,
standardVideos1,all,No-Violence,good_prince_std.mp4,standardVideos1/noFights/good_prince_std.mp4,.mp4,6.03,30.0,224,224,h264,181,0.19,262.4,
standardVideos1,all,No-Violence,gym_boy_1_std.mp4,standardVideos1/noFights/gym_boy_1_std.mp4,.mp4,6.03,30.0,224,224,h264,181,0.36,506.8,
standardVideos1,all,No-Violence,gym_boy_2_std.mp4,standardVideos1/noFights/gym_boy_2_std.mp4,.mp4,6.03,30.0,224,224,h264,181,0.38,528.2,
standardVideos1,all,No-Violence,gym_boy_3_std.mp4,standardVideos1/noFights/gym_boy_3_std.mp4,.mp4,6.03,30.0,224,224,h264,181,0.38,531.0,
standardVideos1,all,No-Violence,gym_boy_4_std.mp4,standardVideos1/noFights/gym_boy_4_std.mp4,.mp4,6.03,30.0,224,224,h264,181,0.35,482.3,
standardVideos1,all,No-Violence,gym_boy_on_street01_std.mp4,standardVideos1/noFights/gym_boy_on_street01_std.mp4,.mp4,6.03,30.0,224,224,h264,181,0.27,375.4,
standardVideos1,all,No-Violence,happy_blond_gym_boy_02_std.mp4,standardVideos1/noFights/happy_blond_gym_boy_02_std.mp4,.mp4,6.03,30.0,224,224,h264,181,0.27,380.9,
standardVideos1,all,No-Violence,happy_gym_boy1_std.mp4,standardVideos1/noFights/happy_gym_boy1_std.mp4,.mp4,5.2,30.0,224,224,h264,156,0.22,361.2,
standardVideos1,all,No-Violence,happy_gym_boy2_std.mp4,standardVideos1/noFights/happy_gym_boy2_std.mp4,.mp4,5.2,30.0,224,224,h264,156,0.18,283.0,
standardVideos1,all,No-Violence,happy_gym_boy3_std.mp4,standardVideos1/noFights/happy_gym_boy3_std.mp4,.mp4,5.2,30.0,224,224,h264,156,0.22,353.3,
standardVideos1,all,No-Violence,happy_gym_boy_01_std.mp4,standardVideos1/noFights/happy_gym_boy_01_std.mp4,.mp4,6.03,30.0,224,224,h264,181,0.31,429.2,
standardVideos1,all,No-Violence,happy_gym_boy_6_std.mp4,standardVideos1/noFights/happy_gym_boy_6_std.mp4,.mp4,6.03,30.0,224,224,h264,181,0.28,383.6,
standardVideos1,all,No-Violence,happy_prince_std.mp4,standardVideos1/noFights/happy_prince_std.mp4,.mp4,6.03,30.0,224,224,h264,181,0.34,465.8,
standardVideos1,all,No-Violence,hyom_boy_5_std.mp4,standardVideos1/noFights/hyom_boy_5_std.mp4,.mp4,6.03,30.0,224,224,h264,181,0.26,364.4,
standardVideos1,all,No-Violence,joy_prince_03_std.mp4,standardVideos1/noFights/joy_prince_03_std.mp4,.mp4,6.03,30.0,224,224,h264,181,0.31,437.8,
standardVideos1,all,No-Violence,lust_prince_std.mp4,standardVideos1/noFights/lust_prince_std.mp4,.mp4,6.03,30.0,224,224,h264,181,0.28,389.4,
standardVideos1,all,No-Violence,moto_boy_std.mp4,standardVideos1/noFights/moto_boy_std.mp4,.mp4,5.2,30.0,224,224,h264,156,0.29,464.5,
standardVideos1,all,No-Violence,narcisist_prince_std.mp4,standardVideos1/noFights/narcisist_prince_std.mp4,.mp4,6.03,30.0,224,224,h264,181,0.39,549.1,
standardVideos1,all,No-Violence,narcisit_warrior1_std.mp4,standardVideos1/noFights/narcisit_warrior1_std.mp4,.mp4,6.03,30.0,224,224,h264,181,0.52,721.1,
standardVideos1,all,No-Violence,narciso_prince_05_std.mp4,standardVideos1/noFights/narciso_prince_05_std.mp4,.mp4,6.03,30.0,224,224,h264,181,0.22,309.5,
standardVideos1,all,No-Violence,princes_at_office_std.mp4,standardVideos1/noFights/princes_at_office_std.mp4,.mp4,6.03,30.0,224,224,h264,181,0.34,469.2,
standardVideos1,all,No-Violence,proud_athletic_boy1_std.mp4,standardVideos1/noFights/proud_athletic_boy1_std.mp4,.mp4,6.03,30.0,224,224,h264,181,0.34,476.8,
standardVideos1,all,No-Violence,proud_boy_2_std.mp4,standardVideos1/noFights/proud_boy_2_std.mp4,.mp4,6.03,30.0,224,224,h264,181,0.32,445.2,
standardVideos1,all,No-Violence,proud_gym_boy09_std.mp4,standardVideos1/noFights/proud_gym_boy09_std.mp4,.mp4,6.03,30.0,224,224,h264,181,0.31,426.1,
standardVideos1,all,No-Violence,runnging_gym_boy5_std.mp4,standardVideos1/noFights/runnging_gym_boy5_std.mp4,.mp4,6.03,30.0,224,224,h264,181,0.27,376.6,
standardVideos1,all,No-Violence,shaking_hands_std.mp4,standardVideos1/noFights/shaking_hands_std.mp4,.mp4,5.03,30.0,224,224,h264,151,0.23,390.3,
standardVideos1,all,No-Violence,shopping_mall_ppl_std.mp4,standardVideos1/noFights/shopping_mall_ppl_std.mp4,.mp4,6.03,30.0,224,224,h264,181,0.41,565.6,
standardVideos1,all,No-Violence,smiling_gym_boy_6_std.mp4,standardVideos1/noFights/smiling_gym_boy_6_std.mp4,.mp4,6.03,30.0,224,224,h264,181,0.39,535.6,
standardVideos1,all,No-Violence,snesual_warrior_std.mp4,standardVideos1/noFights/snesual_warrior_std.mp4,.mp4,6.03,30.0,224,224,h264,181,0.43,603.1,
standardVideos1,all,No-Violence,soccerPlayers _std.mp4,standardVideos1/noFights/soccerPlayers _std.mp4,.mp4,5.03,30.0,224,224,h264,151,0.3,493.3,
standardVideos1,all,No-Violence,spoiled_prince_std.mp4,standardVideos1/noFights/spoiled_prince_std.mp4,.mp4,6.03,30.0,224,224,h264,181,0.23,325.4,
standardVideos1,all,No-Violence,students_boys_std.mp4,standardVideos1/noFights/students_boys_std.mp4,.mp4,6.03,30.0,224,224,h264,181,0.34,469.4,
standardVideos1,all,No-Violence,students_friends_std.mp4,standardVideos1/noFights/students_friends_std.mp4,.mp4,10.93,30.0,224,224,h264,328,0.42,321.8,
standardVideos1,all,No-Violence,tavern_boy_2_std.mp4,standardVideos1/noFights/tavern_boy_2_std.mp4,.mp4,6.03,30.0,224,224,h264,181,0.22,299.0,
standardVideos1,all,No-Violence,teenlove1_std.mp4,standardVideos1/noFights/teenlove1_std.mp4,.mp4,5.03,30.0,224,224,h264,151,0.3,497.3,
standardVideos1,all,No-Violence,teens_hugs_std.mp4,standardVideos1/noFights/teens_hugs_std.mp4,.mp4,5.03,30.0,224,224,h264,151,0.26,435.8,
standardVideos1,all,No-Violence,vain_prince_std.mp4,standardVideos1/noFights/vain_prince_std.mp4,.mp4,6.03,30.0,224,224,h264,181,0.21,293.1,
standardVideos1,all,No-Violence,waiter_prince_std.mp4,standardVideos1/noFights/waiter_prince_std.mp4,.mp4,6.03,30.0,224,224,h264,181,0.28,388.7,
standardVideos1,all,No-Violence,walking_anime_boy2_std.mp4,standardVideos1/noFights/walking_anime_boy2_std.mp4,.mp4,6.03,30.0,224,224,h264,181,0.31,435.2,
standardVideos1,all,No-Violence,walking_gym_boy_06_std.mp4,standardVideos1/noFights/walking_gym_boy_06_std.mp4,.mp4,5.03,30.0,224,224,h264,151,0.21,344.2,
standardVideos1,all,No-Violence,walking_gym_bro01_std.mp4,standardVideos1/noFights/walking_gym_bro01_std.mp4,.mp4,6.03,30.0,224,224,h264,181,0.26,354.7,
standardVideos1,all,No-Violence,walking_gym_bro03_std.mp4,standardVideos1/noFights/walking_gym_bro03_std.mp4,.mp4,6.03,30.0,224,224,h264,181,0.28,385.7,
standardVideos1,all,No-Violence,walking_gym_bro_02_std.mp4,standardVideos1/noFights/walking_gym_bro_02_std.mp4,.mp4,6.03,30.0,224,224,h264,181,0.24,340.2,
standardVideos1,all,No-Violence,walking_gym_bro_04_std.mp4,standardVideos1/noFights/walking_gym_bro_04_std.mp4,.mp4,6.03,30.0,224,224,h264,181,0.24,336.4,
standardVideos1,all,No-Violence,walking_gym_bro_05_std.mp4,standardVideos1/noFights/walking_gym_bro_05_std.mp4,.mp4,6.03,30.0,224,224,h264,181,0.36,496.3,
standardVideos2,all,Unknown,athletes_std.mp4,standardVideos2/athletes_std.mp4,.mp4,5.03,30.0,224,224,h264,151,0.28,469.6,
standardVideos2,all,Violence,boxers_players_fighting_std.mp4,standardVideos2/boxers_players_fighting_std.mp4,.mp4,5.03,30.0,224,224,h264,151,0.24,399.3,
standardVideos2,all,Unknown,city_avenue2_std.mp4,standardVideos2/city_avenue2_std.mp4,.mp4,5.3,30.0,224,224,h264,159,0.19,306.1,
standardVideos2,all,Unknown,city_avenue_std.mp4,standardVideos2/city_avenue_std.mp4,.mp4,4.57,30.0,224,224,h264,137,0.33,601.5,
standardVideos2,all,Unknown,cross_fit_men_std.mp4,standardVideos2/cross_fit_men_std.mp4,.mp4,5.03,30.0,224,224,h264,151,0.25,423.6,
standardVideos2,all,Unknown,desperate_running_men_std.mp4,standardVideos2/desperate_running_men_std.mp4,.mp4,5.03,30.0,224,224,h264,151,0.29,482.5,
standardVideos2,all,Unknown,dogs_lover_friends_std.mp4,standardVideos2/dogs_lover_friends_std.mp4,.mp4,5.03,30.0,224,224,h264,151,0.33,543.8,
standardVideos2,all,Unknown,fi072_std.mp4,standardVideos2/fi072_std.mp4,.mp4,3.03,30.0,224,224,h264,91,0.03,81.4,
standardVideos2,all,Violence,fighting_breakDance_std.mp4,standardVideos2/fighting_breakDance_std.mp4,.mp4,5.03,30.0,224,224,h264,151,0.18,305.6,
standardVideos2,all,Violence,fighting_men_01_std.mp4,standardVideos2/fighting_men_01_std.mp4,.mp4,5.03,30.0,224,224,h264,151,0.28,470.8,
standardVideos2,all,Violence,fighting_men_03_std.mp4,standardVideos2/fighting_men_03_std.mp4,.mp4,5.07,30.0,224,224,h264,152,0.31,506.4,
standardVideos2,all,Unknown,fire_men_std.mp4,standardVideos2/fire_men_std.mp4,.mp4,5.03,30.0,224,224,h264,151,0.28,459.9,
standardVideos2,all,Unknown,fresh_beach_boy_std.mp4,standardVideos2/fresh_beach_boy_std.mp4,.mp4,5.03,30.0,224,224,h264,151,0.19,322.1,
standardVideos2,all,Unknown,good_friend05_std.mp4,standardVideos2/good_friend05_std.mp4,.mp4,5.03,30.0,224,224,h264,151,0.3,497.3,
standardVideos2,all,Unknown,good_friends3_std.mp4,standardVideos2/good_friends3_std.mp4,.mp4,5.03,30.0,224,224,h264,151,0.27,458.3,
standardVideos2,all,Unknown,hansome_male_student_std.mp4,standardVideos2/hansome_male_student_std.mp4,.mp4,6.03,30.0,224,224,h264,181,0.37,515.2,
standardVideos2,all,Unknown,happy_friends1_std.mp4,standardVideos2/happy_friends1_std.mp4,.mp4,5.03,30.0,224,224,h264,151,0.25,410.4,
standardVideos2,all,Unknown,happy_friends2_std.mp4,standardVideos2/happy_friends2_std.mp4,.mp4,5.03,30.0,224,224,h264,151,0.31,512.7,
standardVideos2,all,Unknown,happy_friends3_std.mp4,standardVideos2/happy_friends3_std.mp4,.mp4,5.03,30.0,224,224,h264,151,0.28,464.5,
standardVideos2,all,Unknown,happy_school_kids2_std.mp4,standardVideos2/happy_school_kids2_std.mp4,.mp4,5.03,30.0,224,224,h264,151,0.27,455.3,
standardVideos2,all,Unknown,happy_school_kids_std.mp4,standardVideos2/happy_school_kids_std.mp4,.mp4,5.03,30.0,224,224,h264,151,0.32,539.8,
standardVideos2,all,Violence,hash_fighting_men01_std.mp4,standardVideos2/hash_fighting_men01_std.mp4,.mp4,5.03,30.0,224,224,h264,151,0.2,331.1,
standardVideos2,all,Violence,karate_fight_std.mp4,standardVideos2/karate_fight_std.mp4,.mp4,5.03,30.0,224,224,h264,151,0.19,311.6,
standardVideos2,all,Unknown,loved_teen_at_park02_std.mp4,standardVideos2/loved_teen_at_park02_std.mp4,.mp4,5.03,30.0,224,224,h264,151,0.36,597.1,
standardVideos2,all,Unknown,loving_teens1_std.mp4,standardVideos2/loving_teens1_std.mp4,.mp4,5.03,30.0,224,224,h264,151,0.32,534.8,
standardVideos2,all,Unknown,loving_teens3_std.mp4,standardVideos2/loving_teens3_std.mp4,.mp4,5.03,30.0,224,224,h264,151,0.33,553.6,
standardVideos2,all,Unknown,loving_teens_2_std.mp4,standardVideos2/loving_teens_2_std.mp4,.mp4,5.03,30.0,224,224,h264,151,0.37,609.9,
standardVideos2,all,Violence,mad_fighthing_men.mp4,standardVideos2/mad_fighthing_men.mp4,.mp4,5.03,30.0,224,224,h264,151,0.32,538.5,
standardVideos2,all,Unknown,mad_unrested_men_std.mp4,standardVideos2/mad_unrested_men_std.mp4,.mp4,5.03,30.0,224,224,h264,151,0.27,449.7,
standardVideos2,all,Unknown,narcisit_male_prince_std.mp4,standardVideos2/narcisit_male_prince_std.mp4,.mp4,6.03,30.0,224,224,h264,181,0.49,678.1,
standardVideos2,all,Unknown,playing_brothers_std.mp4,standardVideos2/playing_brothers_std.mp4,.mp4,5.03,30.0,224,224,h264,151,0.29,485.0,
standardVideos2,all,Unknown,road_workers_men_std.mp4,standardVideos2/road_workers_men_std.mp4,.mp4,5.03,30.0,224,224,h264,151,0.3,506.5,
standardVideos2,all,Violence,shirtless_fighting_men_std.mp4,standardVideos2/shirtless_fighting_men_std.mp4,.mp4,5.07,30.0,224,224,h264,152,0.17,275.0,
standardVideos2,all,Unknown,singing_girls_std.mp4,standardVideos2/singing_girls_std.mp4,.mp4,5.03,30.0,224,224,h264,151,0.32,534.8,
standardVideos2,all,Unknown,unrest_riots01_std.mp4,standardVideos2/unrest_riots01_std.mp4,.mp4,5.03,30.0,224,224,h264,151,0.26,431.8,
standardVideos2,all,Unknown,young_man_walking_dog_std.mp4,standardVideos2/young_man_walking_dog_std.mp4,.mp4,5.03,30.0,224,224,h264,151,0.37,613.6,
REAL_LIFE_VIOLENCE,all,Violence,V_1.mp4,REAL_LIFE_VIOLENCE/fights/V_1.mp4,.mp4,6.68,15.42,1920,1080,h264,103,2.99,3759.9,
REAL_LIFE_VIOLENCE,all,Violence,V_10.mp4,REAL_LIFE_VIOLENCE/fights/V_10.mp4,.mp4,5.27,18.22,1920,1080,h264,96,1.14,1821.7,
REAL_LIFE_VIOLENCE,all,Violence,V_100.mp4,REAL_LIFE_VIOLENCE/fights/V_100.mp4,.mp4,5.12,29.97,640,360,h264,153,0.59,975.0,
REAL_LIFE_VIOLENCE,all,Violence,V_1000.mp4,REAL_LIFE_VIOLENCE/fights/V_1000.mp4,.mp4,5.02,30.0,260,360,h264,150,0.25,419.5,
REAL_LIFE_VIOLENCE,all,Violence,V_101.mp4,REAL_LIFE_VIOLENCE/fights/V_101.mp4,.mp4,3.62,29.97,640,360,h264,108,0.43,988.0,
REAL_LIFE_VIOLENCE,all,Violence,V_102.mp4,REAL_LIFE_VIOLENCE/fights/V_102.mp4,.mp4,5.11,29.97,640,360,h264,153,0.48,790.9,
REAL_LIFE_VIOLENCE,all,Violence,V_103.mp4,REAL_LIFE_VIOLENCE/fights/V_103.mp4,.mp4,5.01,29.97,640,360,h264,150,0.63,1062.7,
REAL_LIFE_VIOLENCE,all,Violence,V_104.mp4,REAL_LIFE_VIOLENCE/fights/V_104.mp4,.mp4,5.02,29.97,640,360,h264,150,0.51,855.7,
REAL_LIFE_VIOLENCE,all,Violence,V_105.mp4,REAL_LIFE_VIOLENCE/fights/V_105.mp4,.mp4,5.11,29.97,640,360,h264,153,0.48,793.2,
REAL_LIFE_VIOLENCE,all,Violence,V_106.mp4,REAL_LIFE_VIOLENCE/fights/V_106.mp4,.mp4,5.02,29.97,640,360,h264,150,0.43,710.1,
REAL_LIFE_VIOLENCE,all,Violence,V_107.mp4,REAL_LIFE_VIOLENCE/fights/V_107.mp4,.mp4,5.01,29.97,640,360,h264,150,0.45,750.9,
REAL_LIFE_VIOLENCE,all,Violence,V_108.mp4,REAL_LIFE_VIOLENCE/fights/V_108.mp4,.mp4,4.01,29.97,640,360,h264,120,0.36,752.3,
REAL_LIFE_VIOLENCE,all,Violence,V_109.mp4,REAL_LIFE_VIOLENCE/fights/V_109.mp4,.mp4,3.61,29.97,640,360,h264,108,0.3,706.0,
REAL_LIFE_VIOLENCE,all,Violence,V_11.mp4,REAL_LIFE_VIOLENCE/fights/V_11.mp4,.mp4,7.41,29.97,1280,720,h264,222,1.19,1348.1,
REAL_LIFE_VIOLENCE,all,Violence,V_110.mp4,REAL_LIFE_VIOLENCE/fights/V_110.mp4,.mp4,5.02,29.97,204,360,h264,150,0.33,557.0,
REAL_LIFE_VIOLENCE,all,Violence,V_111.mp4,REAL_LIFE_VIOLENCE/fights/V_111.mp4,.mp4,4.7,29.97,204,360,h264,141,0.26,462.0,
REAL_LIFE_VIOLENCE,all,Violence,V_112.mp4,REAL_LIFE_VIOLENCE/fights/V_112.mp4,.mp4,4.41,29.97,204,360,h264,132,0.23,438.8,
REAL_LIFE_VIOLENCE,all,Violence,V_113.mp4,REAL_LIFE_VIOLENCE/fights/V_113.mp4,.mp4,5.41,29.97,204,360,h264,162,0.31,480.0,
REAL_LIFE_VIOLENCE,all,Violence,V_114.mp4,REAL_LIFE_VIOLENCE/fights/V_114.mp4,.mp4,5.0,29.97,1280,720,h264,150,0.98,1648.5,
REAL_LIFE_VIOLENCE,all,Violence,V_115.mp4,REAL_LIFE_VIOLENCE/fights/V_115.mp4,.mp4,5.02,29.97,1280,720,h264,150,1.23,2057.5,
REAL_LIFE_VIOLENCE,all,Violence,V_116.mp4,REAL_LIFE_VIOLENCE/fights/V_116.mp4,.mp4,5.11,29.97,1280,720,h264,153,1.21,1995.1,
REAL_LIFE_VIOLENCE,all,Violence,V_117.mp4,REAL_LIFE_VIOLENCE/fights/V_117.mp4,.mp4,4.9,29.97,1280,720,h264,147,1.28,2186.4,
REAL_LIFE_VIOLENCE,all,Violence,V_118.mp4,REAL_LIFE_VIOLENCE/fights/V_118.mp4,.mp4,5.02,29.97,1280,720,h264,150,1.5,2504.6,
REAL_LIFE_VIOLENCE,all,Violence,V_119.mp4,REAL_LIFE_VIOLENCE/fights/V_119.mp4,.mp4,5.12,29.97,1280,720,h264,153,1.34,2198.1,
REAL_LIFE_VIOLENCE,all,Violence,V_12.mp4,REAL_LIFE_VIOLENCE/fights/V_12.mp4,.mp4,4.62,29.97,410,652,h264,138,0.69,1250.1,
REAL_LIFE_VIOLENCE,all,Violence,V_120.mp4,REAL_LIFE_VIOLENCE/fights/V_120.mp4,.mp4,4.92,29.97,1280,720,h264,147,1.08,1845.8,
REAL_LIFE_VIOLENCE,all,Violence,V_121.mp4,REAL_LIFE_VIOLENCE/fights/V_121.mp4,.mp4,5.01,29.97,1280,720,h264,150,1.05,1750.6,
REAL_LIFE_VIOLENCE,all,Violence,V_122.mp4,REAL_LIFE_VIOLENCE/fights/V_122.mp4,.mp4,5.0,29.97,210,358,h264,150,0.48,798.8,
REAL_LIFE_VIOLENCE,all,Violence,V_123.mp4,REAL_LIFE_VIOLENCE/fights/V_123.mp4,.mp4,5.92,30.0,640,360,h264,177,0.31,445.1,
REAL_LIFE_VIOLENCE,all,Violence,V_124.mp4,REAL_LIFE_VIOLENCE/fights/V_124.mp4,.mp4,5.92,30.0,640,360,h264,177,0.33,465.2,
REAL_LIFE_VIOLENCE,all,Violence,V_125.mp4,REAL_LIFE_VIOLENCE/fights/V_125.mp4,.mp4,5.91,30.0,640,360,h264,177,0.82,1168.4,
REAL_LIFE_VIOLENCE,all,Violence,V_126.mp4,REAL_LIFE_VIOLENCE/fights/V_126.mp4,.mp4,5.9,30.0,640,360,h264,177,0.86,1223.7,
REAL_LIFE_VIOLENCE,all,Violence,V_127.mp4,REAL_LIFE_VIOLENCE/fights/V_127.mp4,.mp4,5.92,30.0,640,360,h264,177,0.66,933.7,
REAL_LIFE_VIOLENCE,all,Violence,V_128.mp4,REAL_LIFE_VIOLENCE/fights/V_128.mp4,.mp4,5.92,30.0,640,360,h264,177,0.55,780.6,
REAL_LIFE_VIOLENCE,all,Violence,V_129.mp4,REAL_LIFE_VIOLENCE/fights/V_129.mp4,.mp4,5.91,30.0,640,360,h264,177,0.55,786.7,
REAL_LIFE_VIOLENCE,all,Violence,V_13.mp4,REAL_LIFE_VIOLENCE/fights/V_13.mp4,.mp4,5.31,29.97,410,652,h264,159,0.73,1151.6,
REAL_LIFE_VIOLENCE,all,Violence,V_130.mp4,REAL_LIFE_VIOLENCE/fights/V_130.mp4,.mp4,5.91,30.0,640,360,h264,177,0.64,912.7,
REAL_LIFE_VIOLENCE,all,Violence,V_131.mp4,REAL_LIFE_VIOLENCE/fights/V_131.mp4,.mp4,5.9,30.0,640,360,h264,177,0.51,730.2,
REAL_LIFE_VIOLENCE,all,Violence,V_132.mp4,REAL_LIFE_VIOLENCE/fights/V_132.mp4,.mp4,5.91,30.0,640,360,h264,177,0.56,795.2,
REAL_LIFE_VIOLENCE,all,Violence,V_133.mp4,REAL_LIFE_VIOLENCE/fights/V_133.mp4,.mp4,5.92,30.0,640,360,h264,177,0.32,459.7,
REAL_LIFE_VIOLENCE,all,Violence,V_134.mp4,REAL_LIFE_VIOLENCE/fights/V_134.mp4,.mp4,5.91,30.0,640,360,h264,177,0.97,1377.1,
REAL_LIFE_VIOLENCE,all,Violence,V_135.mp4,REAL_LIFE_VIOLENCE/fights/V_135.mp4,.mp4,5.92,30.0,640,360,h264,177,0.88,1245.6,
REAL_LIFE_VIOLENCE,all,Violence,V_136.mp4,REAL_LIFE_VIOLENCE/fights/V_136.mp4,.mp4,5.91,30.0,640,360,h264,177,0.45,633.1,
REAL_LIFE_VIOLENCE,all,Violence,V_137.mp4,REAL_LIFE_VIOLENCE/fights/V_137.mp4,.mp4,5.92,30.0,640,360,h264,177,0.52,736.7,
REAL_LIFE_VIOLENCE,all,Violence,V_138.mp4,REAL_LIFE_VIOLENCE/fights/V_138.mp4,.mp4,5.92,30.0,640,360,h264,177,0.48,675.3,
REAL_LIFE_VIOLENCE,all,Violence,V_139.mp4,REAL_LIFE_VIOLENCE/fights/V_139.mp4,.mp4,5.9,30.0,640,360,h264,177,0.96,1364.5,
REAL_LIFE_VIOLENCE,all,Violence,V_14.mp4,REAL_LIFE_VIOLENCE/fights/V_14.mp4,.mp4,6.01,29.97,854,540,h264,180,1.36,1905.2,
REAL_LIFE_VIOLENCE,all,Violence,V_140.mp4,REAL_LIFE_VIOLENCE/fights/V_140.mp4,.mp4,6.01,30.0,640,360,h264,180,0.51,712.9,
REAL_LIFE_VIOLENCE,all,Violence,V_141.mp4,REAL_LIFE_VIOLENCE/fights/V_141.mp4,.mp4,5.9,30.0,640,360,h264,177,0.47,661.5,
REAL_LIFE_VIOLENCE,all,Violence,V_142.mp4,REAL_LIFE_VIOLENCE/fights/V_142.mp4,.mp4,5.92,30.0,640,360,h264,177,0.47,668.4,
REAL_LIFE_VIOLENCE,all,Violence,V_143.mp4,REAL_LIFE_VIOLENCE/fights/V_143.mp4,.mp4,5.91,30.0,640,360,h264,177,0.9,1275.4,
REAL_LIFE_VIOLENCE,all,Violence,V_144.mp4,REAL_LIFE_VIOLENCE/fights/V_144.mp4,.mp4,7.12,30.0,640,360,h264,213,0.92,1088.3,
REAL_LIFE_VIOLENCE,all,Violence,V_145.mp4,REAL_LIFE_VIOLENCE/fights/V_145.mp4,.mp4,5.92,30.0,640,360,h264,177,0.88,1250.0,
REAL_LIFE_VIOLENCE,all,Violence,V_146.mp4,REAL_LIFE_VIOLENCE/fights/V_146.mp4,.mp4,5.91,30.0,640,360,h264,177,0.97,1381.0,
REAL_LIFE_VIOLENCE,all,Violence,V_147.mp4,REAL_LIFE_VIOLENCE/fights/V_147.mp4,.mp4,6.02,30.0,640,360,h264,180,0.56,774.8,
REAL_LIFE_VIOLENCE,all,Violence,V_148.mp4,REAL_LIFE_VIOLENCE/fights/V_148.mp4,.mp4,5.92,30.0,640,360,h264,177,0.41,583.3,
REAL_LIFE_VIOLENCE,all,Violence,V_149.mp4,REAL_LIFE_VIOLENCE/fights/V_149.mp4,.mp4,5.92,30.0,640,360,h264,177,0.45,642.3,
REAL_LIFE_VIOLENCE,all,Violence,V_15.mp4,REAL_LIFE_VIOLENCE/fights/V_15.mp4,.mp4,3.62,29.97,576,720,h264,108,0.74,1705.8,
REAL_LIFE_VIOLENCE,all,Violence,V_150.mp4,REAL_LIFE_VIOLENCE/fights/V_150.mp4,.mp4,5.92,30.0,640,360,h264,177,0.51,719.3,
REAL_LIFE_VIOLENCE,all,Violence,V_151.mp4,REAL_LIFE_VIOLENCE/fights/V_151.mp4,.mp4,5.9,30.0,640,360,h264,177,0.54,767.9,
REAL_LIFE_VIOLENCE,all,Violence,V_152.mp4,REAL_LIFE_VIOLENCE/fights/V_152.mp4,.mp4,5.92,30.0,640,360,h264,177,0.66,935.8,
REAL_LIFE_VIOLENCE,all,Violence,V_153.mp4,REAL_LIFE_VIOLENCE/fights/V_153.mp4,.mp4,5.92,30.0,640,360,h264,177,0.62,880.6,
REAL_LIFE_VIOLENCE,all,Violence,V_154.mp4,REAL_LIFE_VIOLENCE/fights/V_154.mp4,.mp4,5.91,30.0,640,360,h264,177,0.58,822.9,
REAL_LIFE_VIOLENCE,all,Violence,V_155.mp4,REAL_LIFE_VIOLENCE/fights/V_155.mp4,.mp4,5.91,30.0,640,360,h264,177,0.6,856.1,
REAL_LIFE_VIOLENCE,all,Violence,V_156.mp4,REAL_LIFE_VIOLENCE/fights/V_156.mp4,.mp4,4.92,20.0,320,240,h264,98,0.33,563.6,
REAL_LIFE_VIOLENCE,all,Violence,V_157.mp4,REAL_LIFE_VIOLENCE/fights/V_157.mp4,.mp4,4.5,20.0,320,240,h264,90,0.28,529.3,
REAL_LIFE_VIOLENCE,all,Violence,V_158.mp4,REAL_LIFE_VIOLENCE/fights/V_158.mp4,.mp4,4.72,20.0,320,240,h264,94,0.31,544.5,
REAL_LIFE_VIOLENCE,all,Violence,V_159.mp4,REAL_LIFE_VIOLENCE/fights/V_159.mp4,.mp4,3.8,20.0,320,240,h264,76,0.24,535.8,
REAL_LIFE_VIOLENCE,all,Violence,V_16.mp4,REAL_LIFE_VIOLENCE/fights/V_16.mp4,.mp4,3.5,29.97,576,720,h264,105,0.58,1397.6,
REAL_LIFE_VIOLENCE,all,Violence,V_160.mp4,REAL_LIFE_VIOLENCE/fights/V_160.mp4,.mp4,5.3,20.0,320,240,h264,106,0.34,532.3,
REAL_LIFE_VIOLENCE,all,Violence,V_161.mp4,REAL_LIFE_VIOLENCE/fights/V_161.mp4,.mp4,5.12,20.0,320,240,h264,102,0.28,459.6,
REAL_LIFE_VIOLENCE,all,Violence,V_162.mp4,REAL_LIFE_VIOLENCE/fights/V_162.mp4,.mp4,5.42,20.0,320,240,h264,108,0.26,405.2,
REAL_LIFE_VIOLENCE,all,Violence,V_163.mp4,REAL_LIFE_VIOLENCE/fights/V_163.mp4,.mp4,4.92,20.0,320,240,h264,98,0.26,441.4,
REAL_LIFE_VIOLENCE,all,Violence,V_164.mp4,REAL_LIFE_VIOLENCE/fights/V_164.mp4,.mp4,5.31,20.0,320,240,h264,106,0.36,567.4,
REAL_LIFE_VIOLENCE,all,Violence,V_165.mp4,REAL_LIFE_VIOLENCE/fights/V_165.mp4,.mp4,5.02,20.0,320,240,h264,100,0.27,455.8,
REAL_LIFE_VIOLENCE,all,Violence,V_166.mp4,REAL_LIFE_VIOLENCE/fights/V_166.mp4,.mp4,6.22,20.0,320,240,h264,124,0.38,512.2,
REAL_LIFE_VIOLENCE,all,Violence,V_167.mp4,REAL_LIFE_VIOLENCE/fights/V_167.mp4,.mp4,4.22,20.0,320,240,h264,84,0.25,491.6,
REAL_LIFE_VIOLENCE,all,Violence,V_168.mp4,REAL_LIFE_VIOLENCE/fights/V_168.mp4,.mp4,4.41,20.0,320,240,h264,88,0.29,550.4,
REAL_LIFE_VIOLENCE,all,Violence,V_169.mp4,REAL_LIFE_VIOLENCE/fights/V_169.mp4,.mp4,4.92,20.0,320,240,h264,98,0.26,441.4,
REAL_LIFE_VIOLENCE,all,Violence,V_17.mp4,REAL_LIFE_VIOLENCE/fights/V_17.mp4,.mp4,6.41,29.97,1070,720,h264,192,2.59,3386.3,
REAL_LIFE_VIOLENCE,all,Violence,V_170.mp4,REAL_LIFE_VIOLENCE/fights/V_170.mp4,.mp4,5.5,20.0,320,240,h264,110,0.35,537.0,
REAL_LIFE_VIOLENCE,all,Violence,V_171.mp4,REAL_LIFE_VIOLENCE/fights/V_171.mp4,.mp4,3.61,20.0,320,240,h264,62,0.24,550.0,
REAL_LIFE_VIOLENCE,all,Violence,V_172.mp4,REAL_LIFE_VIOLENCE/fights/V_172.mp4,.mp4,3.71,20.0,320,240,h264,74,0.24,531.5,
REAL_LIFE_VIOLENCE,all,Violence,V_173.mp4,REAL_LIFE_VIOLENCE/fights/V_173.mp4,.mp4,5.41,20.0,320,240,h264,108,0.37,569.9,
REAL_LIFE_VIOLENCE,all,Violence,V_174.mp4,REAL_LIFE_VIOLENCE/fights/V_174.mp4,.mp4,4.2,30.0,204,360,h264,126,0.29,569.3,
REAL_LIFE_VIOLENCE,all,Violence,V_175.mp4,REAL_LIFE_VIOLENCE/fights/V_175.mp4,.mp4,4.12,30.0,204,360,h264,123,0.26,522.7,
REAL_LIFE_VIOLENCE,all,Violence,V_176.mp4,REAL_LIFE_VIOLENCE/fights/V_176.mp4,.mp4,4.32,30.0,204,360,h264,129,0.27,517.4,
REAL_LIFE_VIOLENCE,all,Violence,V_177.mp4,REAL_LIFE_VIOLENCE/fights/V_177.mp4,.mp4,4.0,30.0,204,360,h264,120,0.24,513.5,
REAL_LIFE_VIOLENCE,all,Violence,V_178.mp4,REAL_LIFE_VIOLENCE/fights/V_178.mp4,.mp4,4.8,30.0,204,360,h264,144,0.27,472.5,
REAL_LIFE_VIOLENCE,all,Violence,V_179.mp4,REAL_LIFE_VIOLENCE/fights/V_179.mp4,.mp4,4.72,30.0,204,360,h264,141,0.26,466.7,
REAL_LIFE_VIOLENCE,all,Violence,V_18.mp4,REAL_LIFE_VIOLENCE/fights/V_18.mp4,.mp4,4.3,29.97,1280,720,h264,129,1.8,3516.5,
REAL_LIFE_VIOLENCE,all,Violence,V_180.mp4,REAL_LIFE_VIOLENCE/fights/V_180.mp4,.mp4,4.4,30.0,204,360,h264,132,0.27,520.5,
REAL_LIFE_VIOLENCE,all,Violence,V_181.mp4,REAL_LIFE_VIOLENCE/fights/V_181.mp4,.mp4,3.71,30.0,204,360,h264,111,0.27,602.3,
REAL_LIFE_VIOLENCE,all,Violence,V_182.mp4,REAL_LIFE_VIOLENCE/fights/V_182.mp4,.mp4,3.71,30.0,204,360,h264,111,0.27,607.4,
REAL_LIFE_VIOLENCE,all,Violence,V_183.mp4,REAL_LIFE_VIOLENCE/fights/V_183.mp4,.mp4,5.61,29.97,640,360,h264,168,0.41,606.6,
REAL_LIFE_VIOLENCE,all,Violence,V_184.mp4,REAL_LIFE_VIOLENCE/fights/V_184.mp4,.mp4,5.61,29.97,640,360,h264,168,0.43,642.3,
REAL_LIFE_VIOLENCE,all,Violence,V_185.mp4,REAL_LIFE_VIOLENCE/fights/V_185.mp4,.mp4,5.61,29.97,640,360,h264,168,0.41,612.6,
REAL_LIFE_VIOLENCE,all,Violence,V_186.mp4,REAL_LIFE_VIOLENCE/fights/V_186.mp4,.mp4,5.01,29.97,640,360,h264,150,0.37,616.7,
REAL_LIFE_VIOLENCE,all,Violence,V_187.mp4,REAL_LIFE_VIOLENCE/fights/V_187.mp4,.mp4,5.62,29.97,640,360,h264,168,0.65,972.2,
REAL_LIFE_VIOLENCE,all,Violence,V_188.mp4,REAL_LIFE_VIOLENCE/fights/V_188.mp4,.mp4,5.61,29.97,640,360,h264,168,0.5,754.0,
REAL_LIFE_VIOLENCE,all,Violence,V_189.mp4,REAL_LIFE_VIOLENCE/fights/V_189.mp4,.mp4,5.61,29.97,640,360,h264,168,0.48,723.2,
REAL_LIFE_VIOLENCE,all,Violence,V_19.mp4,REAL_LIFE_VIOLENCE/fights/V_19.mp4,.mp4,3.61,29.97,718,720,h264,108,0.97,2254.9,
REAL_LIFE_VIOLENCE,all,Violence,V_190.mp4,REAL_LIFE_VIOLENCE/fights/V_190.mp4,.mp4,6.21,29.97,404,360,h264,186,0.42,562.5,
REAL_LIFE_VIOLENCE,all,Violence,V_191.mp4,REAL_LIFE_VIOLENCE/fights/V_191.mp4,.mp4,5.51,29.97,286,360,h264,165,0.39,589.6,
REAL_LIFE_VIOLENCE,all,Violence,V_192.mp4,REAL_LIFE_VIOLENCE/fights/V_192.mp4,.mp4,3.91,29.97,640,360,h264,117,0.22,461.4,
REAL_LIFE_VIOLENCE,all,Violence,V_193.mp4,REAL_LIFE_VIOLENCE/fights/V_193.mp4,.mp4,5.61,29.97,640,360,h264,168,0.39,583.9,
REAL_LIFE_VIOLENCE,all,Violence,V_194.mp4,REAL_LIFE_VIOLENCE/fights/V_194.mp4,.mp4,4.61,29.97,640,360,h264,138,0.36,662.8,
REAL_LIFE_VIOLENCE,all,Violence,V_195.mp4,REAL_LIFE_VIOLENCE/fights/V_195.mp4,.mp4,4.81,29.97,640,360,h264,144,0.36,632.4,
REAL_LIFE_VIOLENCE,all,Violence,V_196.mp4,REAL_LIFE_VIOLENCE/fights/V_196.mp4,.mp4,4.61,29.97,640,360,h264,138,0.35,639.6,
REAL_LIFE_VIOLENCE,all,Violence,V_197.mp4,REAL_LIFE_VIOLENCE/fights/V_197.mp4,.mp4,5.62,29.97,640,360,h264,168,0.44,650.9,
REAL_LIFE_VIOLENCE,all,Violence,V_198.mp4,REAL_LIFE_VIOLENCE/fights/V_198.mp4,.mp4,5.62,29.97,640,360,h264,168,0.44,650.9,
REAL_LIFE_VIOLENCE,all,Violence,V_199.mp4,REAL_LIFE_VIOLENCE/fights/V_199.mp4,.mp4,4.72,29.97,640,360,h264,141,0.4,706.0,
REAL_LIFE_VIOLENCE,all,Violence,V_2.mp4,REAL_LIFE_VIOLENCE/fights/V_2.mp4,.mp4,6.9,16.67,1920,1080,h264,115,3.06,3720.3,
REAL_LIFE_VIOLENCE,all,Violence,V_20.mp4,REAL_LIFE_VIOLENCE/fights/V_20.mp4,.mp4,4.91,29.97,1038,720,h264,147,1.76,3010.6,
REAL_LIFE_VIOLENCE,all,Violence,V_200.mp4,REAL_LIFE_VIOLENCE/fights/V_200.mp4,.mp4,5.62,29.97,640,360,h264,168,0.52,773.9,
REAL_LIFE_VIOLENCE,all,Violence,V_201.mp4,REAL_LIFE_VIOLENCE/fights/V_201.mp4,.mp4,5.61,29.97,230,360,h264,168,0.27,399.0,
REAL_LIFE_VIOLENCE,all,Violence,V_202.mp4,REAL_LIFE_VIOLENCE/fights/V_202.mp4,.mp4,5.61,29.97,640,360,h264,168,0.56,842.2,
REAL_LIFE_VIOLENCE,all,Violence,V_203.mp4,REAL_LIFE_VIOLENCE/fights/V_203.mp4,.mp4,5.12,30.0,402,720,h264,153,0.88,1434.7,
REAL_LIFE_VIOLENCE,all,Violence,V_204.mp4,REAL_LIFE_VIOLENCE/fights/V_204.mp4,.mp4,5.2,30.0,402,720,h264,156,0.81,1310.9,
REAL_LIFE_VIOLENCE,all,Violence,V_205.mp4,REAL_LIFE_VIOLENCE/fights/V_205.mp4,.mp4,5.22,30.0,402,720,h264,156,0.78,1252.3,
REAL_LIFE_VIOLENCE,all,Violence,V_206.mp4,REAL_LIFE_VIOLENCE/fights/V_206.mp4,.mp4,5.61,30.0,402,720,h264,168,0.83,1237.1,
REAL_LIFE_VIOLENCE,all,Violence,V_207.mp4,REAL_LIFE_VIOLENCE/fights/V_207.mp4,.mp4,5.21,30.0,438,452,h264,156,0.38,613.7,
REAL_LIFE_VIOLENCE,all,Violence,V_208.mp4,REAL_LIFE_VIOLENCE/fights/V_208.mp4,.mp4,5.2,30.0,408,534,h264,156,0.68,1100.0,
REAL_LIFE_VIOLENCE,all,Violence,V_209.mp4,REAL_LIFE_VIOLENCE/fights/V_209.mp4,.mp4,5.7,30.0,402,720,h264,171,0.89,1304.5,
REAL_LIFE_VIOLENCE,all,Violence,V_21.mp4,REAL_LIFE_VIOLENCE/fights/V_21.mp4,.mp4,6.01,29.97,718,720,h264,180,1.28,1781.0,
REAL_LIFE_VIOLENCE,all,Violence,V_210.mp4,REAL_LIFE_VIOLENCE/fights/V_210.mp4,.mp4,5.52,30.0,414,720,h264,165,0.84,1281.7,
REAL_LIFE_VIOLENCE,all,Violence,V_211.mp4,REAL_LIFE_VIOLENCE/fights/V_211.mp4,.mp4,5.22,30.0,408,720,h264,156,0.91,1468.4,
REAL_LIFE_VIOLENCE,all,Violence,V_212.mp4,REAL_LIFE_VIOLENCE/fights/V_212.mp4,.mp4,5.21,30.0,438,452,h264,156,0.41,657.7,
REAL_LIFE_VIOLENCE,all,Violence,V_213.mp4,REAL_LIFE_VIOLENCE/fights/V_213.mp4,.mp4,4.02,30.0,1280,720,h264,120,1.3,2722.1,
REAL_LIFE_VIOLENCE,all,Violence,V_214.mp4,REAL_LIFE_VIOLENCE/fights/V_214.mp4,.mp4,5.21,30.0,438,452,h264,156,0.42,678.2,
REAL_LIFE_VIOLENCE,all,Violence,V_215.mp4,REAL_LIFE_VIOLENCE/fights/V_215.mp4,.mp4,5.22,30.0,438,452,h264,156,0.53,847.9,
REAL_LIFE_VIOLENCE,all,Violence,V_216.mp4,REAL_LIFE_VIOLENCE/fights/V_216.mp4,.mp4,5.22,30.0,438,452,h264,156,0.52,842.5,
REAL_LIFE_VIOLENCE,all,Violence,V_217.mp4,REAL_LIFE_VIOLENCE/fights/V_217.mp4,.mp4,5.2,30.0,408,534,h264,156,0.56,897.3,
REAL_LIFE_VIOLENCE,all,Violence,V_218.mp4,REAL_LIFE_VIOLENCE/fights/V_218.mp4,.mp4,5.21,30.0,438,720,h264,156,0.77,1231.8,
REAL_LIFE_VIOLENCE,all,Violence,V_219.mp4,REAL_LIFE_VIOLENCE/fights/V_219.mp4,.mp4,5.21,30.0,438,720,h264,156,0.85,1366.2,
REAL_LIFE_VIOLENCE,all,Violence,V_22.mp4,REAL_LIFE_VIOLENCE/fights/V_22.mp4,.mp4,5.32,29.97,410,498,h264,159,0.64,1003.3,
REAL_LIFE_VIOLENCE,all,Violence,V_220.mp4,REAL_LIFE_VIOLENCE/fights/V_220.mp4,.mp4,5.41,30.0,438,720,h264,162,1.04,1619.1,
REAL_LIFE_VIOLENCE,all,Violence,V_221.mp4,REAL_LIFE_VIOLENCE/fights/V_221.mp4,.mp4,5.42,30.0,1280,720,h264,162,2.45,3787.4,
REAL_LIFE_VIOLENCE,all,Violence,V_222.mp4,REAL_LIFE_VIOLENCE/fights/V_222.mp4,.mp4,5.12,30.0,1280,720,h264,153,2.49,4087.8,
REAL_LIFE_VIOLENCE,all,Violence,V_223.mp4,REAL_LIFE_VIOLENCE/fights/V_223.mp4,.mp4,5.21,30.0,1280,720,h264,156,1.21,1957.5,
REAL_LIFE_VIOLENCE,all,Violence,V_224.mp4,REAL_LIFE_VIOLENCE/fights/V_224.mp4,.mp4,5.71,30.0,408,720,h264,171,0.96,1407.3,
REAL_LIFE_VIOLENCE,all,Violence,V_225.mp4,REAL_LIFE_VIOLENCE/fights/V_225.mp4,.mp4,5.5,30.0,408,720,h264,165,0.81,1239.5,
REAL_LIFE_VIOLENCE,all,Violence,V_226.mp4,REAL_LIFE_VIOLENCE/fights/V_226.mp4,.mp4,5.11,30.0,408,534,h264,153,0.54,881.9,
REAL_LIFE_VIOLENCE,all,Violence,V_227.mp4,REAL_LIFE_VIOLENCE/fights/V_227.mp4,.mp4,5.2,30.0,408,534,h264,156,0.55,883.6,
REAL_LIFE_VIOLENCE,all,Violence,V_228.mp4,REAL_LIFE_VIOLENCE/fights/V_228.mp4,.mp4,5.12,30.0,408,534,h264,153,0.64,1054.5,
REAL_LIFE_VIOLENCE,all,Violence,V_229.mp4,REAL_LIFE_VIOLENCE/fights/V_229.mp4,.mp4,5.1,30.0,402,720,h264,153,0.69,1129.5,
REAL_LIFE_VIOLENCE,all,Violence,V_23.mp4,REAL_LIFE_VIOLENCE/fights/V_23.mp4,.mp4,4.21,29.97,410,720,h264,126,0.68,1364.8,
REAL_LIFE_VIOLENCE,all,Violence,V_230.mp4,REAL_LIFE_VIOLENCE/fights/V_230.mp4,.mp4,5.1,30.0,402,720,h264,153,0.73,1204.5,
REAL_LIFE_VIOLENCE,all,Violence,V_231.mp4,REAL_LIFE_VIOLENCE/fights/V_231.mp4,.mp4,5.12,30.0,402,720,h264,153,0.7,1142.1,
REAL_LIFE_VIOLENCE,all,Violence,V_232.mp4,REAL_LIFE_VIOLENCE/fights/V_232.mp4,.mp4,4.61,30.0,1280,720,h264,138,2.14,3902.8,
REAL_LIFE_VIOLENCE,all,Violence,V_233.mp4,REAL_LIFE_VIOLENCE/fights/V_233.mp4,.mp4,5.11,30.0,1280,720,h264,153,0.99,1629.8,
REAL_LIFE_VIOLENCE,all,Violence,V_234.mp4,REAL_LIFE_VIOLENCE/fights/V_234.mp4,.mp4,5.21,30.0,1280,720,h264,156,2.14,3438.4,
REAL_LIFE_VIOLENCE,all,Violence,V_235.mp4,REAL_LIFE_VIOLENCE/fights/V_235.mp4,.mp4,5.1,30.0,402,720,h264,153,0.78,1274.6,
REAL_LIFE_VIOLENCE,all,Violence,V_236.mp4,REAL_LIFE_VIOLENCE/fights/V_236.mp4,.mp4,5.22,30.0,1280,720,h264,156,2.45,3936.8,
REAL_LIFE_VIOLENCE,all,Violence,V_237.mp4,REAL_LIFE_VIOLENCE/fights/V_237.mp4,.mp4,5.22,30.0,1280,720,h264,156,2.59,4165.5,
REAL_LIFE_VIOLENCE,all,Violence,V_238.mp4,REAL_LIFE_VIOLENCE/fights/V_238.mp4,.mp4,5.22,30.0,1280,720,h264,156,1.55,2494.9,
REAL_LIFE_VIOLENCE,all,Violence,V_239.mp4,REAL_LIFE_VIOLENCE/fights/V_239.mp4,.mp4,5.21,30.0,1280,720,h264,156,1.57,2529.6,
REAL_LIFE_VIOLENCE,all,Violence,V_24.mp4,REAL_LIFE_VIOLENCE/fights/V_24.mp4,.mp4,7.01,29.97,410,720,h264,210,1.05,1259.3,
REAL_LIFE_VIOLENCE,all,Violence,V_240.mp4,REAL_LIFE_VIOLENCE/fights/V_240.mp4,.mp4,5.22,30.0,402,720,h264,156,0.79,1267.0,
REAL_LIFE_VIOLENCE,all,Violence,V_241.mp4,REAL_LIFE_VIOLENCE/fights/V_241.mp4,.mp4,4.81,30.0,1280,720,h264,144,2.12,3701.0,
REAL_LIFE_VIOLENCE,all,Violence,V_242.mp4,REAL_LIFE_VIOLENCE/fights/V_242.mp4,.mp4,3.6,30.0,1280,720,h264,108,0.86,2012.0,
REAL_LIFE_VIOLENCE,all,Violence,V_243.mp4,REAL_LIFE_VIOLENCE/fights/V_243.mp4,.mp4,3.5,30.0,1280,720,h264,105,1.07,2564.5,
REAL_LIFE_VIOLENCE,all,Violence,V_244.mp4,REAL_LIFE_VIOLENCE/fights/V_244.mp4,.mp4,3.62,30.0,442,720,h264,108,0.69,1587.2,
REAL_LIFE_VIOLENCE,all,Violence,V_245.mp4,REAL_LIFE_VIOLENCE/fights/V_245.mp4,.mp4,3.5,30.0,442,720,h264,105,0.53,1276.9,
REAL_LIFE_VIOLENCE,all,Violence,V_246.mp4,REAL_LIFE_VIOLENCE/fights/V_246.mp4,.mp4,3.5,30.0,442,720,h264,105,0.67,1598.0,
REAL_LIFE_VIOLENCE,all,Violence,V_247.mp4,REAL_LIFE_VIOLENCE/fights/V_247.mp4,.mp4,4.31,30.0,442,720,h264,129,0.57,1113.3,
REAL_LIFE_VIOLENCE,all,Violence,V_248.mp4,REAL_LIFE_VIOLENCE/fights/V_248.mp4,.mp4,3.82,30.0,442,720,h264,114,0.56,1229.8,
REAL_LIFE_VIOLENCE,all,Violence,V_249.mp4,REAL_LIFE_VIOLENCE/fights/V_249.mp4,.mp4,3.6,30.0,442,720,h264,108,0.49,1134.9,
REAL_LIFE_VIOLENCE,all,Violence,V_25.mp4,REAL_LIFE_VIOLENCE/fights/V_25.mp4,.mp4,4.3,29.97,584,650,h264,129,0.74,1447.4,
REAL_LIFE_VIOLENCE,all,Violence,V_250.mp4,REAL_LIFE_VIOLENCE/fights/V_250.mp4,.mp4,3.62,30.0,442,720,h264,108,0.47,1091.0,
REAL_LIFE_VIOLENCE,all,Violence,V_251.mp4,REAL_LIFE_VIOLENCE/fights/V_251.mp4,.mp4,4.72,30.0,442,720,h264,141,0.54,966.0,
REAL_LIFE_VIOLENCE,all,Violence,V_252.mp4,REAL_LIFE_VIOLENCE/fights/V_252.mp4,.mp4,4.61,30.0,442,720,h264,138,0.45,827.3,
REAL_LIFE_VIOLENCE,all,Violence,V_253.mp4,REAL_LIFE_VIOLENCE/fights/V_253.mp4,.mp4,5.42,30.0,442,720,h264,162,0.84,1304.4,
REAL_LIFE_VIOLENCE,all,Violence,V_254.mp4,REAL_LIFE_VIOLENCE/fights/V_254.mp4,.mp4,5.42,30.0,442,720,h264,162,0.84,1304.4,
REAL_LIFE_VIOLENCE,all,Violence,V_255.mp4,REAL_LIFE_VIOLENCE/fights/V_255.mp4,.mp4,5.22,30.0,314,720,h264,156,0.58,936.4,
REAL_LIFE_VIOLENCE,all,Violence,V_256.mp4,REAL_LIFE_VIOLENCE/fights/V_256.mp4,.mp4,5.0,30.0,410,720,h264,150,0.71,1190.6,
REAL_LIFE_VIOLENCE,all,Violence,V_257.mp4,REAL_LIFE_VIOLENCE/fights/V_257.mp4,.mp4,5.02,30.0,410,720,h264,150,0.79,1320.4,
REAL_LIFE_VIOLENCE,all,Violence,V_258.mp4,REAL_LIFE_VIOLENCE/fights/V_258.mp4,.mp4,5.3,30.0,282,260,h264,159,0.26,416.4,
REAL_LIFE_VIOLENCE,all,Violence,V_259.mp4,REAL_LIFE_VIOLENCE/fights/V_259.mp4,.mp4,4.62,30.0,338,720,h264,138,0.56,1018.7,
REAL_LIFE_VIOLENCE,all,Violence,V_26.mp4,REAL_LIFE_VIOLENCE/fights/V_26.mp4,.mp4,4.21,29.97,584,650,h264,126,0.66,1322.8,
REAL_LIFE_VIOLENCE,all,Violence,V_260.mp4,REAL_LIFE_VIOLENCE/fights/V_260.mp4,.mp4,4.31,30.0,398,336,h264,129,0.3,588.0,
REAL_LIFE_VIOLENCE,all,Violence,V_261.mp4,REAL_LIFE_VIOLENCE/fights/V_261.mp4,.mp4,4.9,30.0,262,484,h264,147,0.3,512.2,
REAL_LIFE_VIOLENCE,all,Violence,V_262.mp4,REAL_LIFE_VIOLENCE/fights/V_262.mp4,.mp4,3.9,30.0,262,484,h264,117,0.24,520.8,
REAL_LIFE_VIOLENCE,all,Violence,V_263.mp4,REAL_LIFE_VIOLENCE/fights/V_263.mp4,.mp4,4.92,30.0,398,720,h264,147,0.56,957.0,
REAL_LIFE_VIOLENCE,all,Violence,V_264.mp4,REAL_LIFE_VIOLENCE/fights/V_264.mp4,.mp4,5.3,30.0,398,720,h264,159,0.58,924.1,
REAL_LIFE_VIOLENCE,all,Violence,V_265.mp4,REAL_LIFE_VIOLENCE/fights/V_265.mp4,.mp4,4.31,30.0,428,720,h264,129,0.48,931.4,
REAL_LIFE_VIOLENCE,all,Violence,V_266.mp4,REAL_LIFE_VIOLENCE/fights/V_266.mp4,.mp4,5.22,30.0,428,720,h264,156,0.59,947.4,
REAL_LIFE_VIOLENCE,all,Violence,V_267.mp4,REAL_LIFE_VIOLENCE/fights/V_267.mp4,.mp4,5.71,30.0,428,362,h264,171,0.61,901.6,
REAL_LIFE_VIOLENCE,all,Violence,V_268.mp4,REAL_LIFE_VIOLENCE/fights/V_268.mp4,.mp4,4.92,30.0,202,360,h264,147,0.3,512.9,
REAL_LIFE_VIOLENCE,all,Violence,V_269.mp4,REAL_LIFE_VIOLENCE/fights/V_269.mp4,.mp4,4.92,30.0,202,360,h264,147,0.33,561.9,
REAL_LIFE_VIOLENCE,all,Violence,V_27.mp4,REAL_LIFE_VIOLENCE/fights/V_27.mp4,.mp4,5.61,29.97,654,650,h264,168,1.09,1629.7,
REAL_LIFE_VIOLENCE,all,Violence,V_270.mp4,REAL_LIFE_VIOLENCE/fights/V_270.mp4,.mp4,5.6,30.0,202,360,h264,168,0.38,567.5,
REAL_LIFE_VIOLENCE,all,Violence,V_271.mp4,REAL_LIFE_VIOLENCE/fights/V_271.mp4,.mp4,5.42,30.0,202,360,h264,162,0.33,508.9,
REAL_LIFE_VIOLENCE,all,Violence,V_272.mp4,REAL_LIFE_VIOLENCE/fights/V_272.mp4,.mp4,5.42,30.0,1280,720,h264,162,2.67,4129.2,
REAL_LIFE_VIOLENCE,all,Violence,V_273.mp4,REAL_LIFE_VIOLENCE/fights/V_273.mp4,.mp4,5.12,18.0,440,360,h264,92,0.53,871.2,
REAL_LIFE_VIOLENCE,all,Violence,V_274.mp4,REAL_LIFE_VIOLENCE/fights/V_274.mp4,.mp4,5.12,18.0,440,360,h264,92,0.47,773.8,
REAL_LIFE_VIOLENCE,all,Violence,V_275.mp4,REAL_LIFE_VIOLENCE/fights/V_275.mp4,.mp4,5.12,18.0,440,360,h264,92,0.53,860.3,
REAL_LIFE_VIOLENCE,all,Violence,V_276.mp4,REAL_LIFE_VIOLENCE/fights/V_276.mp4,.mp4,5.41,30.0,1280,720,h264,162,2.6,4033.3,
REAL_LIFE_VIOLENCE,all,Violence,V_277.mp4,REAL_LIFE_VIOLENCE/fights/V_277.mp4,.mp4,5.41,30.0,1280,720,h264,162,2.54,3939.4,
REAL_LIFE_VIOLENCE,all,Violence,V_278.mp4,REAL_LIFE_VIOLENCE/fights/V_278.mp4,.mp4,5.41,30.0,1280,720,h264,162,2.52,3907.7,
REAL_LIFE_VIOLENCE,all,Violence,V_279.mp4,REAL_LIFE_VIOLENCE/fights/V_279.mp4,.mp4,5.9,30.0,1280,720,h264,177,2.03,2882.8,
REAL_LIFE_VIOLENCE,all,Violence,V_28.mp4,REAL_LIFE_VIOLENCE/fights/V_28.mp4,.mp4,4.31,29.97,654,650,h264,129,0.9,1748.0,
REAL_LIFE_VIOLENCE,all,Violence,V_280.mp4,REAL_LIFE_VIOLENCE/fights/V_280.mp4,.mp4,5.9,30.0,728,720,h264,177,1.15,1638.9,
REAL_LIFE_VIOLENCE,all,Violence,V_281.mp4,REAL_LIFE_VIOLENCE/fights/V_281.mp4,.mp4,5.42,30.0,1280,720,h264,162,1.62,2499.4,
REAL_LIFE_VIOLENCE,all,Violence,V_282.mp4,REAL_LIFE_VIOLENCE/fights/V_282.mp4,.mp4,5.42,30.0,1280,720,h264,162,2.42,3753.3,
REAL_LIFE_VIOLENCE,all,Violence,V_283.mp4,REAL_LIFE_VIOLENCE/fights/V_283.mp4,.mp4,5.31,29.97,1280,574,h264,159,2.47,3895.9,
REAL_LIFE_VIOLENCE,all,Violence,V_284.mp4,REAL_LIFE_VIOLENCE/fights/V_284.mp4,.mp4,5.61,29.97,1280,574,h264,168,1.83,2740.2,
REAL_LIFE_VIOLENCE,all,Violence,V_285.mp4,REAL_LIFE_VIOLENCE/fights/V_285.mp4,.mp4,5.21,29.97,1280,720,h264,156,2.07,3332.7,
REAL_LIFE_VIOLENCE,all,Violence,V_286.mp4,REAL_LIFE_VIOLENCE/fights/V_286.mp4,.mp4,5.22,29.97,1280,720,h264,156,3.16,5077.9,
REAL_LIFE_VIOLENCE,all,Violence,V_287.mp4,REAL_LIFE_VIOLENCE/fights/V_287.mp4,.mp4,4.81,29.97,1280,570,h264,144,1.9,3315.5,
REAL_LIFE_VIOLENCE,all,Violence,V_288.mp4,REAL_LIFE_VIOLENCE/fights/V_288.mp4,.mp4,4.31,29.97,1280,720,h264,129,2.11,4112.2,
REAL_LIFE_VIOLENCE,all,Violence,V_289.mp4,REAL_LIFE_VIOLENCE/fights/V_289.mp4,.mp4,4.7,29.97,1280,574,h264,141,1.73,3079.5,
REAL_LIFE_VIOLENCE,all,Violence,V_29.mp4,REAL_LIFE_VIOLENCE/fights/V_29.mp4,.mp4,3.61,29.97,654,650,h264,108,0.61,1408.3,
REAL_LIFE_VIOLENCE,all,Violence,V_290.mp4,REAL_LIFE_VIOLENCE/fights/V_290.mp4,.mp4,4.71,29.97,1280,626,h264,141,1.69,3004.4,
REAL_LIFE_VIOLENCE,all,Violence,V_291.mp4,REAL_LIFE_VIOLENCE/fights/V_291.mp4,.mp4,4.8,29.97,1280,720,h264,144,2.66,4651.1,
REAL_LIFE_VIOLENCE,all,Violence,V_292.mp4,REAL_LIFE_VIOLENCE/fights/V_292.mp4,.mp4,5.21,29.97,1280,720,h264,156,2.07,3332.7,
REAL_LIFE_VIOLENCE,all,Violence,V_293.mp4,REAL_LIFE_VIOLENCE/fights/V_293.mp4,.mp4,4.72,29.97,1280,720,h264,141,2.37,4216.3,
REAL_LIFE_VIOLENCE,all,Violence,V_294.mp4,REAL_LIFE_VIOLENCE/fights/V_294.mp4,.mp4,4.8,29.97,1280,720,h264,144,2.91,5078.2,
REAL_LIFE_VIOLENCE,all,Violence,V_295.mp4,REAL_LIFE_VIOLENCE/fights/V_295.mp4,.mp4,5.21,29.97,1280,720,h264,156,2.42,3904.0,
REAL_LIFE_VIOLENCE,all,Violence,V_296.mp4,REAL_LIFE_VIOLENCE/fights/V_296.mp4,.mp4,4.31,29.97,1280,628,h264,129,1.62,3150.6,
REAL_LIFE_VIOLENCE,all,Violence,V_297.mp4,REAL_LIFE_VIOLENCE/fights/V_297.mp4,.mp4,4.7,29.97,1280,574,h264,141,1.52,2715.4,
REAL_LIFE_VIOLENCE,all,Violence,V_298.mp4,REAL_LIFE_VIOLENCE/fights/V_298.mp4,.mp4,5.71,29.97,1280,720,h264,171,3.51,5149.2,
REAL_LIFE_VIOLENCE,all,Violence,V_299.mp4,REAL_LIFE_VIOLENCE/fights/V_299.mp4,.mp4,5.71,29.97,1280,720,h264,171,3.0,4405.7,
REAL_LIFE_VIOLENCE,all,Violence,V_3.mp4,REAL_LIFE_VIOLENCE/fights/V_3.mp4,.mp4,6.96,25.0,1080,1920,h264,174,1.61,1935.6,
REAL_LIFE_VIOLENCE,all,Violence,V_30.mp4,REAL_LIFE_VIOLENCE/fights/V_30.mp4,.mp4,3.52,29.97,654,650,h264,105,0.79,1892.9,
REAL_LIFE_VIOLENCE,all,Violence,V_300.mp4,REAL_LIFE_VIOLENCE/fights/V_300.mp4,.mp4,6.51,29.97,1280,548,h264,195,2.04,2625.0,
REAL_LIFE_VIOLENCE,all,Violence,V_301.mp4,REAL_LIFE_VIOLENCE/fights/V_301.mp4,.mp4,4.41,29.97,1280,720,h264,132,2.5,4754.4,
REAL_LIFE_VIOLENCE,all,Violence,V_302.mp4,REAL_LIFE_VIOLENCE/fights/V_302.mp4,.mp4,4.31,29.97,1280,628,h264,129,1.72,3346.8,
REAL_LIFE_VIOLENCE,all,Violence,V_303.mp4,REAL_LIFE_VIOLENCE/fights/V_303.mp4,.mp4,6.11,29.97,1280,574,h264,183,2.57,3529.1,
REAL_LIFE_VIOLENCE,all,Violence,V_304.mp4,REAL_LIFE_VIOLENCE/fights/V_304.mp4,.mp4,5.22,29.97,1280,720,h264,156,2.19,3528.4,
REAL_LIFE_VIOLENCE,all,Violence,V_305.mp4,REAL_LIFE_VIOLENCE/fights/V_305.mp4,.mp4,4.3,29.97,1280,720,h264,129,1.71,3335.6,
REAL_LIFE_VIOLENCE,all,Violence,V_306.mp4,REAL_LIFE_VIOLENCE/fights/V_306.mp4,.mp4,5.41,29.97,1280,570,h264,162,1.96,3040.1,
REAL_LIFE_VIOLENCE,all,Violence,V_307.mp4,REAL_LIFE_VIOLENCE/fights/V_307.mp4,.mp4,5.21,29.97,1280,720,h264,156,3.04,4897.4,
REAL_LIFE_VIOLENCE,all,Violence,V_308.mp4,REAL_LIFE_VIOLENCE/fights/V_308.mp4,.mp4,5.21,29.97,1280,720,h264,156,2.32,3736.9,
REAL_LIFE_VIOLENCE,all,Violence,V_309.mp4,REAL_LIFE_VIOLENCE/fights/V_309.mp4,.mp4,4.6,29.97,1280,602,h264,138,1.88,3424.3,
REAL_LIFE_VIOLENCE,all,Violence,V_31.mp4,REAL_LIFE_VIOLENCE/fights/V_31.mp4,.mp4,5.9,10.5,180,240,h264,62,0.1,137.9,
REAL_LIFE_VIOLENCE,all,Violence,V_310.mp4,REAL_LIFE_VIOLENCE/fights/V_310.mp4,.mp4,5.22,29.97,1280,574,h264,156,1.92,3076.9,
REAL_LIFE_VIOLENCE,all,Violence,V_311.mp4,REAL_LIFE_VIOLENCE/fights/V_311.mp4,.mp4,4.81,29.97,1280,628,h264,144,2.58,4496.2,
REAL_LIFE_VIOLENCE,all,Violence,V_312.mp4,REAL_LIFE_VIOLENCE/fights/V_312.mp4,.mp4,4.31,29.97,1280,720,h264,129,1.96,3810.5,
REAL_LIFE_VIOLENCE,all,Violence,V_313.mp4,REAL_LIFE_VIOLENCE/fights/V_313.mp4,.mp4,5.22,29.97,1280,720,h264,156,2.5,4026.9,
REAL_LIFE_VIOLENCE,all,Violence,V_314.mp4,REAL_LIFE_VIOLENCE/fights/V_314.mp4,.mp4,5.21,29.97,1280,530,h264,156,1.98,3185.0,
REAL_LIFE_VIOLENCE,all,Violence,V_315.mp4,REAL_LIFE_VIOLENCE/fights/V_315.mp4,.mp4,5.61,29.97,1280,720,h264,168,3.6,5386.1,
REAL_LIFE_VIOLENCE,all,Violence,V_316.mp4,REAL_LIFE_VIOLENCE/fights/V_316.mp4,.mp4,5.22,29.97,1280,628,h264,156,1.81,2910.6,
REAL_LIFE_VIOLENCE,all,Violence,V_317.mp4,REAL_LIFE_VIOLENCE/fights/V_317.mp4,.mp4,4.51,29.97,1280,720,h264,135,2.02,3748.3,
REAL_LIFE_VIOLENCE,all,Violence,V_318.mp4,REAL_LIFE_VIOLENCE/fights/V_318.mp4,.mp4,4.71,29.97,1280,530,h264,141,1.85,3288.3,
REAL_LIFE_VIOLENCE,all,Violence,V_319.mp4,REAL_LIFE_VIOLENCE/fights/V_319.mp4,.mp4,4.81,29.97,1280,720,h264,144,2.24,3905.3,
REAL_LIFE_VIOLENCE,all,Violence,V_32.mp4,REAL_LIFE_VIOLENCE/fights/V_32.mp4,.mp4,5.61,25.0,1280,542,h264,140,1.68,2511.5,
REAL_LIFE_VIOLENCE,all,Violence,V_320.mp4,REAL_LIFE_VIOLENCE/fights/V_320.mp4,.mp4,5.41,29.97,1280,720,h264,162,2.48,3842.1,
REAL_LIFE_VIOLENCE,all,Violence,V_321.mp4,REAL_LIFE_VIOLENCE/fights/V_321.mp4,.mp4,4.4,29.97,1280,574,h264,132,2.27,4323.1,
REAL_LIFE_VIOLENCE,all,Violence,V_322.mp4,REAL_LIFE_VIOLENCE/fights/V_322.mp4,.mp4,4.61,29.97,1280,628,h264,138,2.45,4455.1,
REAL_LIFE_VIOLENCE,all,Violence,V_323.mp4,REAL_LIFE_VIOLENCE/fights/V_323.mp4,.mp4,5.12,29.97,1280,720,h264,153,2.34,3826.7,
REAL_LIFE_VIOLENCE,all,Violence,V_324.mp4,REAL_LIFE_VIOLENCE/fights/V_324.mp4,.mp4,5.72,29.97,1280,720,h264,171,2.01,2948.6,
REAL_LIFE_VIOLENCE,all,Violence,V_325.mp4,REAL_LIFE_VIOLENCE/fights/V_325.mp4,.mp4,5.51,29.97,1280,720,h264,165,2.41,3669.1,
REAL_LIFE_VIOLENCE,all,Violence,V_326.mp4,REAL_LIFE_VIOLENCE/fights/V_326.mp4,.mp4,5.21,29.97,1280,720,h264,156,2.15,3462.2,
REAL_LIFE_VIOLENCE,all,Violence,V_327.mp4,REAL_LIFE_VIOLENCE/fights/V_327.mp4,.mp4,4.32,29.97,1280,574,h264,129,1.5,2913.3,
REAL_LIFE_VIOLENCE,all,Violence,V_328.mp4,REAL_LIFE_VIOLENCE/fights/V_328.mp4,.mp4,4.32,29.97,1280,574,h264,129,2.3,4463.5,
REAL_LIFE_VIOLENCE,all,Violence,V_329.mp4,REAL_LIFE_VIOLENCE/fights/V_329.mp4,.mp4,5.21,29.97,1280,720,h264,156,2.15,3462.2,
REAL_LIFE_VIOLENCE,all,Violence,V_33.mp4,REAL_LIFE_VIOLENCE/fights/V_33.mp4,.mp4,5.72,25.0,1280,542,h264,143,1.41,2064.8,
REAL_LIFE_VIOLENCE,all,Violence,V_330.mp4,REAL_LIFE_VIOLENCE/fights/V_330.mp4,.mp4,4.31,29.97,1280,628,h264,129,1.63,3166.8,
REAL_LIFE_VIOLENCE,all,Violence,V_331.mp4,REAL_LIFE_VIOLENCE/fights/V_331.mp4,.mp4,5.87,30.0,368,656,h264,176,0.38,549.2,
REAL_LIFE_VIOLENCE,all,Violence,V_332.mp4,REAL_LIFE_VIOLENCE/fights/V_332.mp4,.mp4,5.71,29.97,1280,570,h264,171,2.69,3954.3,
REAL_LIFE_VIOLENCE,all,Violence,V_333.mp4,REAL_LIFE_VIOLENCE/fights/V_333.mp4,.mp4,4.42,29.97,1280,672,h264,132,2.75,5218.1,
REAL_LIFE_VIOLENCE,all,Violence,V_334.mp4,REAL_LIFE_VIOLENCE/fights/V_334.mp4,.mp4,3.8,29.97,360,360,h264,114,0.33,718.4,
REAL_LIFE_VIOLENCE,all,Violence,V_335.mp4,REAL_LIFE_VIOLENCE/fights/V_335.mp4,.mp4,4.7,29.97,360,360,h264,141,0.42,745.4,
REAL_LIFE_VIOLENCE,all,Violence,V_336.mp4,REAL_LIFE_VIOLENCE/fights/V_336.mp4,.mp4,5.51,29.97,640,360,h264,165,0.48,727.5,
REAL_LIFE_VIOLENCE,all,Violence,V_337.mp4,REAL_LIFE_VIOLENCE/fights/V_337.mp4,.mp4,4.71,29.97,640,360,h264,141,0.42,745.3,
REAL_LIFE_VIOLENCE,all,Violence,V_338.mp4,REAL_LIFE_VIOLENCE/fights/V_338.mp4,.mp4,4.11,29.97,640,360,h264,123,0.36,734.9,
REAL_LIFE_VIOLENCE,all,Violence,V_339.mp4,REAL_LIFE_VIOLENCE/fights/V_339.mp4,.mp4,4.31,29.97,640,360,h264,129,0.52,1021.7,
REAL_LIFE_VIOLENCE,all,Violence,V_34.mp4,REAL_LIFE_VIOLENCE/fights/V_34.mp4,.mp4,5.72,25.0,1280,720,h264,143,1.75,2571.4,
REAL_LIFE_VIOLENCE,all,Violence,V_340.mp4,REAL_LIFE_VIOLENCE/fights/V_340.mp4,.mp4,3.92,29.97,640,360,h264,117,0.53,1142.1,
REAL_LIFE_VIOLENCE,all,Violence,V_341.mp4,REAL_LIFE_VIOLENCE/fights/V_341.mp4,.mp4,5.32,29.97,202,360,h264,159,0.29,450.0,
REAL_LIFE_VIOLENCE,all,Violence,V_342.mp4,REAL_LIFE_VIOLENCE/fights/V_342.mp4,.mp4,5.12,29.97,202,360,h264,153,0.31,501.3,
REAL_LIFE_VIOLENCE,all,Violence,V_343.mp4,REAL_LIFE_VIOLENCE/fights/V_343.mp4,.mp4,4.72,29.97,202,360,h264,141,0.32,574.8,
REAL_LIFE_VIOLENCE,all,Violence,V_344.mp4,REAL_LIFE_VIOLENCE/fights/V_344.mp4,.mp4,3.9,29.97,484,360,h264,117,0.33,719.1,
REAL_LIFE_VIOLENCE,all,Violence,V_345.mp4,REAL_LIFE_VIOLENCE/fights/V_345.mp4,.mp4,3.92,29.97,484,360,h264,117,0.41,883.3,
REAL_LIFE_VIOLENCE,all,Violence,V_346.mp4,REAL_LIFE_VIOLENCE/fights/V_346.mp4,.mp4,4.82,29.97,204,360,h264,144,0.33,583.1,
REAL_LIFE_VIOLENCE,all,Violence,V_347.mp4,REAL_LIFE_VIOLENCE/fights/V_347.mp4,.mp4,6.31,29.97,202,360,h264,189,0.44,580.3,
REAL_LIFE_VIOLENCE,all,Violence,V_348.mp4,REAL_LIFE_VIOLENCE/fights/V_348.mp4,.mp4,5.11,29.97,640,360,h264,153,0.62,1023.3,
REAL_LIFE_VIOLENCE,all,Violence,V_349.mp4,REAL_LIFE_VIOLENCE/fights/V_349.mp4,.mp4,5.12,29.97,484,360,h264,153,0.49,807.4,
REAL_LIFE_VIOLENCE,all,Violence,V_35.mp4,REAL_LIFE_VIOLENCE/fights/V_35.mp4,.mp4,5.62,25.0,1280,720,h264,140,1.63,2435.8,
REAL_LIFE_VIOLENCE,all,Violence,V_350.mp4,REAL_LIFE_VIOLENCE/fights/V_350.mp4,.mp4,4.12,29.97,360,360,h264,121,0.34,690.1,
REAL_LIFE_VIOLENCE,all,Violence,V_351.mp4,REAL_LIFE_VIOLENCE/fights/V_351.mp4,.mp4,4.62,29.97,360,360,h264,138,0.36,654.0,
REAL_LIFE_VIOLENCE,all,Violence,V_352.mp4,REAL_LIFE_VIOLENCE/fights/V_352.mp4,.mp4,4.92,29.97,360,360,h264,147,0.41,703.1,
REAL_LIFE_VIOLENCE,all,Violence,V_353.mp4,REAL_LIFE_VIOLENCE/fights/V_353.mp4,.mp4,5.0,29.97,640,360,h264,150,0.61,1021.5,
REAL_LIFE_VIOLENCE,all,Violence,V_354.mp4,REAL_LIFE_VIOLENCE/fights/V_354.mp4,.mp4,4.72,29.97,1280,720,h264,141,1.41,2503.5,
REAL_LIFE_VIOLENCE,all,Violence,V_355.mp4,REAL_LIFE_VIOLENCE/fights/V_355.mp4,.mp4,5.02,29.97,1280,720,h264,150,1.43,2399.1,
REAL_LIFE_VIOLENCE,all,Violence,V_356.mp4,REAL_LIFE_VIOLENCE/fights/V_356.mp4,.mp4,6.01,29.97,1280,720,h264,180,1.72,2399.7,
REAL_LIFE_VIOLENCE,all,Violence,V_357.mp4,REAL_LIFE_VIOLENCE/fights/V_357.mp4,.mp4,5.0,29.97,1280,720,h264,150,1.61,2697.6,
REAL_LIFE_VIOLENCE,all,Violence,V_358.mp4,REAL_LIFE_VIOLENCE/fights/V_358.mp4,.mp4,6.02,29.97,1280,720,h264,180,1.35,1886.6,
REAL_LIFE_VIOLENCE,all,Violence,V_359.mp4,REAL_LIFE_VIOLENCE/fights/V_359.mp4,.mp4,7.62,29.97,1280,720,h264,228,2.6,2867.3,
REAL_LIFE_VIOLENCE,all,Violence,V_36.mp4,REAL_LIFE_VIOLENCE/fights/V_36.mp4,.mp4,5.61,25.0,1280,720,h264,140,1.82,2726.4,
REAL_LIFE_VIOLENCE,all,Violence,V_360.mp4,REAL_LIFE_VIOLENCE/fights/V_360.mp4,.mp4,6.71,29.97,1280,720,h264,201,2.07,2582.9,
REAL_LIFE_VIOLENCE,all,Violence,V_361.mp4,REAL_LIFE_VIOLENCE/fights/V_361.mp4,.mp4,7.41,29.97,1280,720,h264,222,2.19,2479.7,
REAL_LIFE_VIOLENCE,all,Violence,V_362.mp4,REAL_LIFE_VIOLENCE/fights/V_362.mp4,.mp4,5.01,29.97,1280,720,h264,150,1.23,2057.0,
REAL_LIFE_VIOLENCE,all,Violence,V_363.mp4,REAL_LIFE_VIOLENCE/fights/V_363.mp4,.mp4,5.51,29.97,1280,720,h264,165,2.17,3309.9,
REAL_LIFE_VIOLENCE,all,Violence,V_364.mp4,REAL_LIFE_VIOLENCE/fights/V_364.mp4,.mp4,5.11,29.97,1280,720,h264,153,1.58,2592.5,
REAL_LIFE_VIOLENCE,all,Violence,V_365.mp4,REAL_LIFE_VIOLENCE/fights/V_365.mp4,.mp4,5.0,29.97,1280,720,h264,150,1.29,2162.1,
REAL_LIFE_VIOLENCE,all,Violence,V_366.mp4,REAL_LIFE_VIOLENCE/fights/V_366.mp4,.mp4,5.01,29.97,1280,720,h264,150,1.22,2046.3,
REAL_LIFE_VIOLENCE,all,Violence,V_367.mp4,REAL_LIFE_VIOLENCE/fights/V_367.mp4,.mp4,4.61,29.97,1280,720,h264,138,1.38,2516.2,
REAL_LIFE_VIOLENCE,all,Violence,V_368.mp4,REAL_LIFE_VIOLENCE/fights/V_368.mp4,.mp4,5.12,29.97,1280,720,h264,153,1.59,2600.6,
REAL_LIFE_VIOLENCE,all,Violence,V_369.mp4,REAL_LIFE_VIOLENCE/fights/V_369.mp4,.mp4,5.61,25.0,1280,720,h264,140,1.84,2744.7,
REAL_LIFE_VIOLENCE,all,Violence,V_37.mp4,REAL_LIFE_VIOLENCE/fights/V_37.mp4,.mp4,5.72,25.0,1280,720,h264,143,1.56,2285.1,
REAL_LIFE_VIOLENCE,all,Violence,V_370.mp4,REAL_LIFE_VIOLENCE/fights/V_370.mp4,.mp4,5.33,24.0,960,720,h264,128,0.32,508.2,
REAL_LIFE_VIOLENCE,all,Violence,V_371.mp4,REAL_LIFE_VIOLENCE/fights/V_371.mp4,.mp4,5.02,23.0,400,224,h264,115,0.33,544.0,
REAL_LIFE_VIOLENCE,all,Violence,V_372.mp4,REAL_LIFE_VIOLENCE/fights/V_372.mp4,.mp4,5.02,30.0,1280,720,h264,150,2.36,3947.7,
REAL_LIFE_VIOLENCE,all,Violence,V_373.mp4,REAL_LIFE_VIOLENCE/fights/V_373.mp4,.mp4,5.12,30.0,1280,720,h264,153,1.96,3209.2,
REAL_LIFE_VIOLENCE,all,Violence,V_374.mp4,REAL_LIFE_VIOLENCE/fights/V_374.mp4,.mp4,5.12,30.0,1280,720,h264,153,2.46,4025.0,
REAL_LIFE_VIOLENCE,all,Violence,V_375.mp4,REAL_LIFE_VIOLENCE/fights/V_375.mp4,.mp4,5.02,25.0,1280,720,h264,125,0.99,1650.7,
REAL_LIFE_VIOLENCE,all,Violence,V_376.mp4,REAL_LIFE_VIOLENCE/fights/V_376.mp4,.mp4,5.0,30.0,640,354,h264,150,0.32,538.0,
REAL_LIFE_VIOLENCE,all,Violence,V_377.mp4,REAL_LIFE_VIOLENCE/fights/V_377.mp4,.mp4,11.32,25.0,1280,720,h264,283,4.06,3010.0,
REAL_LIFE_VIOLENCE,all,Violence,V_378.mp4,REAL_LIFE_VIOLENCE/fights/V_378.mp4,.mp4,5.12,25.0,640,352,h264,128,0.68,1111.1,
REAL_LIFE_VIOLENCE,all,Violence,V_379.mp4,REAL_LIFE_VIOLENCE/fights/V_379.mp4,.mp4,5.02,25.0,640,360,h264,125,0.59,984.0,
REAL_LIFE_VIOLENCE,all,Violence,V_38.mp4,REAL_LIFE_VIOLENCE/fights/V_38.mp4,.mp4,5.72,25.0,1280,720,h264,143,2.3,3371.3,
REAL_LIFE_VIOLENCE,all,Violence,V_380.mp4,REAL_LIFE_VIOLENCE/fights/V_380.mp4,.mp4,5.12,25.0,640,360,h264,128,0.55,893.5,
REAL_LIFE_VIOLENCE,all,Violence,V_381.mp4,REAL_LIFE_VIOLENCE/fights/V_381.mp4,.mp4,4.82,29.93,360,360,h264,144,0.23,405.6,
REAL_LIFE_VIOLENCE,all,Violence,V_382.mp4,REAL_LIFE_VIOLENCE/fights/V_382.mp4,.mp4,5.0,25.0,640,360,h264,125,0.48,800.7,
REAL_LIFE_VIOLENCE,all,Violence,V_383.mp4,REAL_LIFE_VIOLENCE/fights/V_383.mp4,.mp4,3.2,25.0,640,360,h264,78,0.3,795.7,
REAL_LIFE_VIOLENCE,all,Violence,V_384.mp4,REAL_LIFE_VIOLENCE/fights/V_384.mp4,.mp4,5.02,29.97,1280,720,h264,150,1.43,2398.5,
REAL_LIFE_VIOLENCE,all,Violence,V_385.mp4,REAL_LIFE_VIOLENCE/fights/V_385.mp4,.mp4,5.01,29.97,1280,720,h264,150,1.17,1958.4,
REAL_LIFE_VIOLENCE,all,Violence,V_386.mp4,REAL_LIFE_VIOLENCE/fights/V_386.mp4,.mp4,5.12,29.97,1280,720,h264,153,2.08,3408.8,
REAL_LIFE_VIOLENCE,all,Violence,V_387.mp4,REAL_LIFE_VIOLENCE/fights/V_387.mp4,.mp4,5.02,29.97,1280,720,h264,150,2.5,4177.2,
REAL_LIFE_VIOLENCE,all,Violence,V_388.mp4,REAL_LIFE_VIOLENCE/fights/V_388.mp4,.mp4,5.01,29.97,1280,720,h264,150,1.7,2851.4,
REAL_LIFE_VIOLENCE,all,Violence,V_389.mp4,REAL_LIFE_VIOLENCE/fights/V_389.mp4,.mp4,5.01,29.97,404,716,h264,150,0.9,1509.0,
REAL_LIFE_VIOLENCE,all,Violence,V_39.mp4,REAL_LIFE_VIOLENCE/fights/V_39.mp4,.mp4,5.62,25.0,1280,720,h264,140,1.76,2625.4,
REAL_LIFE_VIOLENCE,all,Violence,V_390.mp4,REAL_LIFE_VIOLENCE/fights/V_390.mp4,.mp4,5.0,29.97,404,716,h264,150,1.23,2054.1,
REAL_LIFE_VIOLENCE,all,Violence,V_391.mp4,REAL_LIFE_VIOLENCE/fights/V_391.mp4,.mp4,5.02,29.97,404,716,h264,150,1.32,2208.2,
REAL_LIFE_VIOLENCE,all,Violence,V_392.mp4,REAL_LIFE_VIOLENCE/fights/V_392.mp4,.mp4,5.01,29.97,404,716,h264,150,0.92,1542.5,
REAL_LIFE_VIOLENCE,all,Violence,V_393.mp4,REAL_LIFE_VIOLENCE/fights/V_393.mp4,.mp4,5.0,29.97,404,716,h264,150,1.11,1867.6,
REAL_LIFE_VIOLENCE,all,Violence,V_394.mp4,REAL_LIFE_VIOLENCE/fights/V_394.mp4,.mp4,5.02,29.97,404,716,h264,150,1.29,2159.4,
REAL_LIFE_VIOLENCE,all,Violence,V_395.mp4,REAL_LIFE_VIOLENCE/fights/V_395.mp4,.mp4,3.21,29.97,766,430,h264,96,0.43,1119.8,
REAL_LIFE_VIOLENCE,all,Violence,V_396.mp4,REAL_LIFE_VIOLENCE/fights/V_396.mp4,.mp4,5.11,29.93,360,360,h264,153,0.25,411.4,
REAL_LIFE_VIOLENCE,all,Violence,V_397.mp4,REAL_LIFE_VIOLENCE/fights/V_397.mp4,.mp4,4.01,29.93,360,360,h264,120,0.28,592.4,
REAL_LIFE_VIOLENCE,all,Violence,V_398.mp4,REAL_LIFE_VIOLENCE/fights/V_398.mp4,.mp4,136.97,30.0,1280,720,h264,4109,29.3,1794.7,
REAL_LIFE_VIOLENCE,all,Violence,V_399.mp4,REAL_LIFE_VIOLENCE/fights/V_399.mp4,.mp4,4.11,29.93,360,360,h264,123,0.17,339.7,
REAL_LIFE_VIOLENCE,all,Violence,V_4.mp4,REAL_LIFE_VIOLENCE/fights/V_4.mp4,.mp4,6.04,25.0,1080,1920,h264,151,1.86,2583.6,
REAL_LIFE_VIOLENCE,all,Violence,V_40.mp4,REAL_LIFE_VIOLENCE/fights/V_40.mp4,.mp4,5.62,25.0,1280,720,h264,140,1.52,2266.7,
REAL_LIFE_VIOLENCE,all,Violence,V_401.mp4,REAL_LIFE_VIOLENCE/fights/V_401.mp4,.mp4,4.21,29.93,360,360,h264,126,0.36,718.6,
REAL_LIFE_VIOLENCE,all,Violence,V_402.mp4,REAL_LIFE_VIOLENCE/fights/V_402.mp4,.mp4,3.71,29.93,360,360,h264,111,0.38,862.0,
REAL_LIFE_VIOLENCE,all,Violence,V_403.mp4,REAL_LIFE_VIOLENCE/fights/V_403.mp4,.mp4,3.42,29.93,360,360,h264,102,0.21,521.6,
REAL_LIFE_VIOLENCE,all,Violence,V_404.mp4,REAL_LIFE_VIOLENCE/fights/V_404.mp4,.mp4,4.21,29.93,360,360,h264,126,0.38,747.7,
REAL_LIFE_VIOLENCE,all,Violence,V_405.mp4,REAL_LIFE_VIOLENCE/fights/V_405.mp4,.mp4,4.31,29.93,360,360,h264,129,0.29,560.3,
REAL_LIFE_VIOLENCE,all,Violence,V_406.mp4,REAL_LIFE_VIOLENCE/fights/V_406.mp4,.mp4,3.81,29.93,360,360,h264,114,0.3,659.8,
REAL_LIFE_VIOLENCE,all,Violence,V_407.mp4,REAL_LIFE_VIOLENCE/fights/V_407.mp4,.mp4,4.6,30.0,1280,720,h264,138,2.52,4596.0,
REAL_LIFE_VIOLENCE,all,Violence,V_408.mp4,REAL_LIFE_VIOLENCE/fights/V_408.mp4,.mp4,3.51,29.93,360,360,h264,105,0.26,617.6,
REAL_LIFE_VIOLENCE,all,Violence,V_409.mp4,REAL_LIFE_VIOLENCE/fights/V_409.mp4,.mp4,4.91,29.93,360,360,h264,147,0.25,420.4,
REAL_LIFE_VIOLENCE,all,Violence,V_41.mp4,REAL_LIFE_VIOLENCE/fights/V_41.mp4,.mp4,6.81,25.0,1280,720,h264,170,2.31,2842.8,
REAL_LIFE_VIOLENCE,all,Violence,V_410.mp4,REAL_LIFE_VIOLENCE/fights/V_410.mp4,.mp4,4.02,30.0,1280,720,h264,120,2.39,4997.4,
REAL_LIFE_VIOLENCE,all,Violence,V_411.mp4,REAL_LIFE_VIOLENCE/fights/V_411.mp4,.mp4,3.72,30.0,1280,720,h264,111,2.5,5635.0,
REAL_LIFE_VIOLENCE,all,Violence,V_412.mp4,REAL_LIFE_VIOLENCE/fights/V_412.mp4,.mp4,4.01,29.93,360,360,h264,120,0.35,736.5,
REAL_LIFE_VIOLENCE,all,Violence,V_413.mp4,REAL_LIFE_VIOLENCE/fights/V_413.mp4,.mp4,3.91,29.93,360,360,h264,117,0.38,808.3,
REAL_LIFE_VIOLENCE,all,Violence,V_414.mp4,REAL_LIFE_VIOLENCE/fights/V_414.mp4,.mp4,3.81,29.93,360,302,h264,114,0.16,344.0,
REAL_LIFE_VIOLENCE,all,Violence,V_415.mp4,REAL_LIFE_VIOLENCE/fights/V_415.mp4,.mp4,3.21,30.0,640,352,h264,96,0.67,1751.5,
REAL_LIFE_VIOLENCE,all,Violence,V_416.mp4,REAL_LIFE_VIOLENCE/fights/V_416.mp4,.mp4,4.3,30.0,640,352,h264,129,0.82,1600.2,
REAL_LIFE_VIOLENCE,all,Violence,V_417.mp4,REAL_LIFE_VIOLENCE/fights/V_417.mp4,.mp4,4.21,30.0,640,352,h264,126,0.91,1805.6,
REAL_LIFE_VIOLENCE,all,Violence,V_418.mp4,REAL_LIFE_VIOLENCE/fights/V_418.mp4,.mp4,3.71,30.0,640,352,h264,111,0.74,1680.2,
REAL_LIFE_VIOLENCE,all,Violence,V_419.mp4,REAL_LIFE_VIOLENCE/fights/V_419.mp4,.mp4,3.4,30.0,640,352,h264,102,0.69,1691.5,
REAL_LIFE_VIOLENCE,all,Violence,V_42.mp4,REAL_LIFE_VIOLENCE/fights/V_42.mp4,.mp4,5.72,25.0,1280,720,h264,143,2.24,3281.9,
REAL_LIFE_VIOLENCE,all,Violence,V_420.mp4,REAL_LIFE_VIOLENCE/fights/V_420.mp4,.mp4,4.5,30.0,1280,720,h264,135,2.27,4233.8,
REAL_LIFE_VIOLENCE,all,Violence,V_421.mp4,REAL_LIFE_VIOLENCE/fights/V_421.mp4,.mp4,5.32,30.0,1280,720,h264,159,3.09,4875.7,
REAL_LIFE_VIOLENCE,all,Violence,V_422.mp4,REAL_LIFE_VIOLENCE/fights/V_422.mp4,.mp4,5.32,30.0,1280,720,h264,159,1.67,2641.7,
REAL_LIFE_VIOLENCE,all,Violence,V_423.mp4,REAL_LIFE_VIOLENCE/fights/V_423.mp4,.mp4,4.42,30.0,1280,720,h264,132,1.32,2498.2,
REAL_LIFE_VIOLENCE,all,Violence,V_424.mp4,REAL_LIFE_VIOLENCE/fights/V_424.mp4,.mp4,5.02,30.0,1280,720,h264,150,0.94,1577.2,
REAL_LIFE_VIOLENCE,all,Violence,V_425.mp4,REAL_LIFE_VIOLENCE/fights/V_425.mp4,.mp4,5.1,30.0,1280,720,h264,153,0.85,1391.5,
REAL_LIFE_VIOLENCE,all,Violence,V_426.mp4,REAL_LIFE_VIOLENCE/fights/V_426.mp4,.mp4,4.4,30.0,1280,720,h264,132,0.7,1337.2,
REAL_LIFE_VIOLENCE,all,Violence,V_427.mp4,REAL_LIFE_VIOLENCE/fights/V_427.mp4,.mp4,4.72,30.0,632,466,h264,141,0.69,1235.1,
REAL_LIFE_VIOLENCE,all,Violence,V_428.mp4,REAL_LIFE_VIOLENCE/fights/V_428.mp4,.mp4,4.02,30.0,632,466,h264,120,0.48,1003.2,
REAL_LIFE_VIOLENCE,all,Violence,V_429.mp4,REAL_LIFE_VIOLENCE/fights/V_429.mp4,.mp4,4.01,30.0,1280,720,h264,120,1.11,2330.4,
REAL_LIFE_VIOLENCE,all,Violence,V_43.mp4,REAL_LIFE_VIOLENCE/fights/V_43.mp4,.mp4,5.72,25.0,1280,720,h264,143,1.39,2039.7,
REAL_LIFE_VIOLENCE,all,Violence,V_430.mp4,REAL_LIFE_VIOLENCE/fights/V_430.mp4,.mp4,4.41,30.0,1280,720,h264,132,0.89,1686.2,
REAL_LIFE_VIOLENCE,all,Violence,V_431.mp4,REAL_LIFE_VIOLENCE/fights/V_431.mp4,.mp4,4.31,30.0,1280,720,h264,129,1.55,3023.5,
REAL_LIFE_VIOLENCE,all,Violence,V_432.mp4,REAL_LIFE_VIOLENCE/fights/V_432.mp4,.mp4,4.42,30.0,1280,720,h264,132,1.37,2590.7,
REAL_LIFE_VIOLENCE,all,Violence,V_433.mp4,REAL_LIFE_VIOLENCE/fights/V_433.mp4,.mp4,4.1,30.0,1280,720,h264,123,1.73,3546.0,
REAL_LIFE_VIOLENCE,all,Violence,V_434.mp4,REAL_LIFE_VIOLENCE/fights/V_434.mp4,.mp4,3.91,30.0,1280,720,h264,117,1.22,2621.4,
REAL_LIFE_VIOLENCE,all,Violence,V_435.mp4,REAL_LIFE_VIOLENCE/fights/V_435.mp4,.mp4,4.5,30.0,1280,720,h264,135,0.93,1735.2,
REAL_LIFE_VIOLENCE,all,Violence,V_436.mp4,REAL_LIFE_VIOLENCE/fights/V_436.mp4,.mp4,4.42,30.0,1280,720,h264,132,0.71,1339.3,
REAL_LIFE_VIOLENCE,all,Violence,V_437.mp4,REAL_LIFE_VIOLENCE/fights/V_437.mp4,.mp4,4.7,30.0,1280,720,h264,141,1.04,1848.5,
REAL_LIFE_VIOLENCE,all,Violence,V_438.mp4,REAL_LIFE_VIOLENCE/fights/V_438.mp4,.mp4,4.31,30.0,1280,720,h264,129,1.42,2756.8,
REAL_LIFE_VIOLENCE,all,Violence,V_439.mp4,REAL_LIFE_VIOLENCE/fights/V_439.mp4,.mp4,4.51,30.0,1280,720,h264,135,1.51,2811.7,
REAL_LIFE_VIOLENCE,all,Violence,V_44.mp4,REAL_LIFE_VIOLENCE/fights/V_44.mp4,.mp4,4.3,30.0,406,406,h264,129,0.39,755.6,
REAL_LIFE_VIOLENCE,all,Violence,V_440.mp4,REAL_LIFE_VIOLENCE/fights/V_440.mp4,.mp4,4.02,30.0,1280,720,h264,120,1.05,2187.9,
REAL_LIFE_VIOLENCE,all,Violence,V_441.mp4,REAL_LIFE_VIOLENCE/fights/V_441.mp4,.mp4,3.7,30.0,1280,720,h264,111,1.02,2321.6,
REAL_LIFE_VIOLENCE,all,Violence,V_442.mp4,REAL_LIFE_VIOLENCE/fights/V_442.mp4,.mp4,4.71,30.0,1280,720,h264,141,1.05,1876.8,
REAL_LIFE_VIOLENCE,all,Violence,V_443.mp4,REAL_LIFE_VIOLENCE/fights/V_443.mp4,.mp4,4.7,30.0,1280,720,h264,141,1.1,1956.2,
REAL_LIFE_VIOLENCE,all,Violence,V_444.mp4,REAL_LIFE_VIOLENCE/fights/V_444.mp4,.mp4,3.71,30.0,1280,720,h264,111,0.67,1522.3,
REAL_LIFE_VIOLENCE,all,Violence,V_445.mp4,REAL_LIFE_VIOLENCE/fights/V_445.mp4,.mp4,4.4,30.0,632,466,h264,132,0.63,1209.0,
REAL_LIFE_VIOLENCE,all,Violence,V_446.mp4,REAL_LIFE_VIOLENCE/fights/V_446.mp4,.mp4,3.81,30.0,1280,720,h264,114,1.25,2755.6,
REAL_LIFE_VIOLENCE,all,Violence,V_447.mp4,REAL_LIFE_VIOLENCE/fights/V_447.mp4,.mp4,4.31,30.0,1280,720,h264,129,1.55,3023.5,
REAL_LIFE_VIOLENCE,all,Violence,V_448.mp4,REAL_LIFE_VIOLENCE/fights/V_448.mp4,.mp4,4.31,30.0,1280,720,h264,129,2.47,4805.2,
REAL_LIFE_VIOLENCE,all,Violence,V_449.mp4,REAL_LIFE_VIOLENCE/fights/V_449.mp4,.mp4,4.71,30.0,1280,720,h264,141,1.59,2838.5,
REAL_LIFE_VIOLENCE,all,Violence,V_45.mp4,REAL_LIFE_VIOLENCE/fights/V_45.mp4,.mp4,3.32,30.0,406,406,h264,99,0.34,867.3,
REAL_LIFE_VIOLENCE,all,Violence,V_450.mp4,REAL_LIFE_VIOLENCE/fights/V_450.mp4,.mp4,5.12,30.0,1280,720,h264,153,1.09,1792.2,
REAL_LIFE_VIOLENCE,all,Violence,V_451.mp4,REAL_LIFE_VIOLENCE/fights/V_451.mp4,.mp4,4.02,30.0,1280,720,h264,120,0.64,1339.3,
REAL_LIFE_VIOLENCE,all,Violence,V_452.mp4,REAL_LIFE_VIOLENCE/fights/V_452.mp4,.mp4,4.7,30.0,1280,720,h264,141,1.08,1928.0,
REAL_LIFE_VIOLENCE,all,Violence,V_453.mp4,REAL_LIFE_VIOLENCE/fights/V_453.mp4,.mp4,4.01,30.0,1280,720,h264,120,1.04,2163.3,
REAL_LIFE_VIOLENCE,all,Violence,V_454.mp4,REAL_LIFE_VIOLENCE/fights/V_454.mp4,.mp4,4.7,30.0,1280,720,h264,141,1.28,2273.5,
REAL_LIFE_VIOLENCE,all,Violence,V_455.mp4,REAL_LIFE_VIOLENCE/fights/V_455.mp4,.mp4,4.52,30.0,1280,720,h264,135,1.33,2469.2,
REAL_LIFE_VIOLENCE,all,Violence,V_456.mp4,REAL_LIFE_VIOLENCE/fights/V_456.mp4,.mp4,4.3,30.0,1280,720,h264,129,0.93,1807.1,
REAL_LIFE_VIOLENCE,all,Violence,V_457.mp4,REAL_LIFE_VIOLENCE/fights/V_457.mp4,.mp4,4.42,30.0,1280,720,h264,132,0.73,1388.7,
REAL_LIFE_VIOLENCE,all,Violence,V_458.mp4,REAL_LIFE_VIOLENCE/fights/V_458.mp4,.mp4,4.62,30.0,1280,720,h264,138,2.21,4007.3,
REAL_LIFE_VIOLENCE,all,Violence,V_459.mp4,REAL_LIFE_VIOLENCE/fights/V_459.mp4,.mp4,4.11,29.97,470,720,h264,123,0.75,1525.0,
REAL_LIFE_VIOLENCE,all,Violence,V_46.mp4,REAL_LIFE_VIOLENCE/fights/V_46.mp4,.mp4,3.02,30.0,406,406,h264,90,0.33,917.5,
REAL_LIFE_VIOLENCE,all,Violence,V_460.mp4,REAL_LIFE_VIOLENCE/fights/V_460.mp4,.mp4,5.21,29.97,470,720,h264,156,0.96,1553.6,
REAL_LIFE_VIOLENCE,all,Violence,V_461.mp4,REAL_LIFE_VIOLENCE/fights/V_461.mp4,.mp4,5.71,29.97,712,720,h264,171,0.92,1351.4,
REAL_LIFE_VIOLENCE,all,Violence,V_462.mp4,REAL_LIFE_VIOLENCE/fights/V_462.mp4,.mp4,6.21,29.97,1280,720,h264,186,1.02,1376.0,
REAL_LIFE_VIOLENCE,all,Violence,V_463.mp4,REAL_LIFE_VIOLENCE/fights/V_463.mp4,.mp4,6.31,29.97,1280,720,h264,189,1.24,1648.2,
REAL_LIFE_VIOLENCE,all,Violence,V_464.mp4,REAL_LIFE_VIOLENCE/fights/V_464.mp4,.mp4,5.31,29.97,1280,720,h264,159,1.46,2305.5,
REAL_LIFE_VIOLENCE,all,Violence,V_465.mp4,REAL_LIFE_VIOLENCE/fights/V_465.mp4,.mp4,4.71,29.97,1280,720,h264,141,1.47,2620.7,
REAL_LIFE_VIOLENCE,all,Violence,V_466.mp4,REAL_LIFE_VIOLENCE/fights/V_466.mp4,.mp4,5.52,29.97,396,720,h264,165,0.66,1000.4,
REAL_LIFE_VIOLENCE,all,Violence,V_467.mp4,REAL_LIFE_VIOLENCE/fights/V_467.mp4,.mp4,4.31,29.97,396,720,h264,129,0.4,781.7,
REAL_LIFE_VIOLENCE,all,Violence,V_468.mp4,REAL_LIFE_VIOLENCE/fights/V_468.mp4,.mp4,5.01,29.97,396,720,h264,150,0.58,973.0,
REAL_LIFE_VIOLENCE,all,Violence,V_469.mp4,REAL_LIFE_VIOLENCE/fights/V_469.mp4,.mp4,4.9,29.97,396,720,h264,147,0.46,788.0,
REAL_LIFE_VIOLENCE,all,Violence,V_47.mp4,REAL_LIFE_VIOLENCE/fights/V_47.mp4,.mp4,3.41,30.0,406,406,h264,102,0.3,732.7,
REAL_LIFE_VIOLENCE,all,Violence,V_470.mp4,REAL_LIFE_VIOLENCE/fights/V_470.mp4,.mp4,4.41,29.97,396,720,h264,132,0.54,1024.2,
REAL_LIFE_VIOLENCE,all,Violence,V_471.mp4,REAL_LIFE_VIOLENCE/fights/V_471.mp4,.mp4,4.02,29.97,396,720,h264,120,0.42,883.0,
REAL_LIFE_VIOLENCE,all,Violence,V_472.mp4,REAL_LIFE_VIOLENCE/fights/V_472.mp4,.mp4,4.9,29.97,396,720,h264,147,0.46,788.6,
REAL_LIFE_VIOLENCE,all,Violence,V_473.mp4,REAL_LIFE_VIOLENCE/fights/V_473.mp4,.mp4,4.2,29.97,396,720,h264,126,0.59,1182.7,
REAL_LIFE_VIOLENCE,all,Violence,V_474.mp4,REAL_LIFE_VIOLENCE/fights/V_474.mp4,.mp4,4.72,29.97,396,720,h264,141,0.72,1282.7,
REAL_LIFE_VIOLENCE,all,Violence,V_475.mp4,REAL_LIFE_VIOLENCE/fights/V_475.mp4,.mp4,4.71,29.97,396,720,h264,141,0.52,925.2,
REAL_LIFE_VIOLENCE,all,Violence,V_476.mp4,REAL_LIFE_VIOLENCE/fights/V_476.mp4,.mp4,5.02,29.97,406,720,h264,150,0.68,1128.2,
REAL_LIFE_VIOLENCE,all,Violence,V_477.mp4,REAL_LIFE_VIOLENCE/fights/V_477.mp4,.mp4,5.32,29.97,406,720,h264,159,0.58,919.2,
REAL_LIFE_VIOLENCE,all,Violence,V_478.mp4,REAL_LIFE_VIOLENCE/fights/V_478.mp4,.mp4,4.51,29.97,430,720,h264,135,0.58,1083.4,
REAL_LIFE_VIOLENCE,all,Violence,V_479.mp4,REAL_LIFE_VIOLENCE/fights/V_479.mp4,.mp4,5.31,29.97,430,720,h264,159,0.61,961.4,
REAL_LIFE_VIOLENCE,all,Violence,V_48.mp4,REAL_LIFE_VIOLENCE/fights/V_48.mp4,.mp4,3.61,30.0,406,406,h264,108,0.28,659.5,
REAL_LIFE_VIOLENCE,all,Violence,V_480.mp4,REAL_LIFE_VIOLENCE/fights/V_480.mp4,.mp4,4.81,29.97,488,720,h264,144,0.55,966.0,
REAL_LIFE_VIOLENCE,all,Violence,V_481.mp4,REAL_LIFE_VIOLENCE/fights/V_481.mp4,.mp4,4.12,29.97,1280,720,h264,123,1.94,3939.5,
REAL_LIFE_VIOLENCE,all,Violence,V_482.mp4,REAL_LIFE_VIOLENCE/fights/V_482.mp4,.mp4,4.81,29.97,1280,720,h264,144,1.93,3372.5,
REAL_LIFE_VIOLENCE,all,Violence,V_483.mp4,REAL_LIFE_VIOLENCE/fights/V_483.mp4,.mp4,4.81,29.97,428,606,h264,144,0.53,925.0,
REAL_LIFE_VIOLENCE,all,Violence,V_484.mp4,REAL_LIFE_VIOLENCE/fights/V_484.mp4,.mp4,4.91,29.97,428,606,h264,147,0.65,1109.1,
REAL_LIFE_VIOLENCE,all,Violence,V_485.mp4,REAL_LIFE_VIOLENCE/fights/V_485.mp4,.mp4,5.11,29.97,428,606,h264,153,0.71,1165.3,
REAL_LIFE_VIOLENCE,all,Violence,V_486.mp4,REAL_LIFE_VIOLENCE/fights/V_486.mp4,.mp4,5.01,29.97,576,712,h264,150,1.18,1980.3,
REAL_LIFE_VIOLENCE,all,Violence,V_487.mp4,REAL_LIFE_VIOLENCE/fights/V_487.mp4,.mp4,3.71,29.97,576,712,h264,111,0.82,1847.7,
REAL_LIFE_VIOLENCE,all,Violence,V_488.mp4,REAL_LIFE_VIOLENCE/fights/V_488.mp4,.mp4,5.72,29.97,576,712,h264,171,1.22,1794.5,
REAL_LIFE_VIOLENCE,all,Violence,V_489.mp4,REAL_LIFE_VIOLENCE/fights/V_489.mp4,.mp4,4.0,29.97,576,712,h264,120,0.61,1268.5,
REAL_LIFE_VIOLENCE,all,Violence,V_49.mp4,REAL_LIFE_VIOLENCE/fights/V_49.mp4,.mp4,4.02,30.0,406,406,h264,120,0.32,664.8,
REAL_LIFE_VIOLENCE,all,Violence,V_490.mp4,REAL_LIFE_VIOLENCE/fights/V_490.mp4,.mp4,4.71,29.97,576,712,h264,141,0.81,1446.3,
REAL_LIFE_VIOLENCE,all,Violence,V_491.mp4,REAL_LIFE_VIOLENCE/fights/V_491.mp4,.mp4,4.41,29.97,576,712,h264,132,0.81,1531.1,
REAL_LIFE_VIOLENCE,all,Violence,V_492.mp4,REAL_LIFE_VIOLENCE/fights/V_492.mp4,.mp4,5.11,29.97,406,712,h264,153,1.18,1930.9,
REAL_LIFE_VIOLENCE,all,Violence,V_493.mp4,REAL_LIFE_VIOLENCE/fights/V_493.mp4,.mp4,3.62,29.97,406,712,h264,108,0.76,1761.5,
REAL_LIFE_VIOLENCE,all,Violence,V_494.mp4,REAL_LIFE_VIOLENCE/fights/V_494.mp4,.mp4,4.4,29.97,592,712,h264,132,0.96,1836.2,
REAL_LIFE_VIOLENCE,all,Violence,V_495.mp4,REAL_LIFE_VIOLENCE/fights/V_495.mp4,.mp4,4.6,29.97,592,712,h264,138,1.13,2062.6,
REAL_LIFE_VIOLENCE,all,Violence,V_496.mp4,REAL_LIFE_VIOLENCE/fights/V_496.mp4,.mp4,4.8,29.97,424,712,h264,144,0.81,1412.2,
REAL_LIFE_VIOLENCE,all,Violence,V_497.mp4,REAL_LIFE_VIOLENCE/fights/V_497.mp4,.mp4,4.82,29.97,1280,720,h264,144,1.57,2735.4,
REAL_LIFE_VIOLENCE,all,Violence,V_498.mp4,REAL_LIFE_VIOLENCE/fights/V_498.mp4,.mp4,4.62,29.97,424,712,h264,138,0.6,1089.9,
REAL_LIFE_VIOLENCE,all,Violence,V_499.mp4,REAL_LIFE_VIOLENCE/fights/V_499.mp4,.mp4,4.32,29.97,656,712,h264,129,0.98,1896.4,
REAL_LIFE_VIOLENCE,all,Violence,V_5.mp4,REAL_LIFE_VIOLENCE/fights/V_5.mp4,.mp4,5.85,19.48,1920,1080,h264,114,1.78,2548.5,
REAL_LIFE_VIOLENCE,all,Violence,V_50.mp4,REAL_LIFE_VIOLENCE/fights/V_50.mp4,.mp4,4.6,30.0,406,406,h264,138,0.29,530.7,
REAL_LIFE_VIOLENCE,all,Violence,V_500.mp4,REAL_LIFE_VIOLENCE/fights/V_500.mp4,.mp4,4.9,29.97,656,712,h264,147,1.25,2132.6,
REAL_LIFE_VIOLENCE,all,Violence,V_501.mp4,REAL_LIFE_VIOLENCE/fights/V_501.mp4,.mp4,4.52,29.97,656,712,h264,135,1.2,2228.0,
REAL_LIFE_VIOLENCE,all,Violence,V_502.mp4,REAL_LIFE_VIOLENCE/fights/V_502.mp4,.mp4,3.81,29.97,656,530,h264,114,0.43,937.5,
REAL_LIFE_VIOLENCE,all,Violence,V_503.mp4,REAL_LIFE_VIOLENCE/fights/V_503.mp4,.mp4,5.02,29.97,406,720,h264,150,1.02,1705.1,
REAL_LIFE_VIOLENCE,all,Violence,V_504.mp4,REAL_LIFE_VIOLENCE/fights/V_504.mp4,.mp4,5.37,29.97,854,480,h264,161,1.05,1639.4,
REAL_LIFE_VIOLENCE,all,Violence,V_505.mp4,REAL_LIFE_VIOLENCE/fights/V_505.mp4,.mp4,5.12,30.0,406,720,h264,153,0.98,1608.7,
REAL_LIFE_VIOLENCE,all,Violence,V_506.mp4,REAL_LIFE_VIOLENCE/fights/V_506.mp4,.mp4,5.0,25.0,224,224,mpeg4,125,1.34,2246.1,
REAL_LIFE_VIOLENCE,all,Violence,V_507.mp4,REAL_LIFE_VIOLENCE/fights/V_507.mp4,.mp4,4.32,28.73,408,720,h264,124,0.52,1008.9,
REAL_LIFE_VIOLENCE,all,Violence,V_508.mp4,REAL_LIFE_VIOLENCE/fights/V_508.mp4,.mp4,4.63,28.73,408,720,h264,133,0.66,1194.3,
REAL_LIFE_VIOLENCE,all,Violence,V_509.mp4,REAL_LIFE_VIOLENCE/fights/V_509.mp4,.mp4,3.93,28.73,408,720,h264,113,0.63,1349.9,
REAL_LIFE_VIOLENCE,all,Violence,V_51.mp4,REAL_LIFE_VIOLENCE/fights/V_51.mp4,.mp4,5.8,30.0,406,406,h264,174,0.38,556.4,
REAL_LIFE_VIOLENCE,all,Violence,V_510.mp4,REAL_LIFE_VIOLENCE/fights/V_510.mp4,.mp4,4.73,28.73,408,720,h264,136,0.76,1338.9,
REAL_LIFE_VIOLENCE,all,Violence,V_511.mp4,REAL_LIFE_VIOLENCE/fights/V_511.mp4,.mp4,4.9,30.0,406,440,h264,147,0.55,933.4,
REAL_LIFE_VIOLENCE,all,Violence,V_512.mp4,REAL_LIFE_VIOLENCE/fights/V_512.mp4,.mp4,4.02,30.0,406,440,h264,120,0.47,984.9,
REAL_LIFE_VIOLENCE,all,Violence,V_513.mp4,REAL_LIFE_VIOLENCE/fights/V_513.mp4,.mp4,4.82,29.97,640,360,h264,144,0.44,774.0,
REAL_LIFE_VIOLENCE,all,Violence,V_514.mp4,REAL_LIFE_VIOLENCE/fights/V_514.mp4,.mp4,5.12,29.97,640,360,h264,153,0.5,824.6,
REAL_LIFE_VIOLENCE,all,Violence,V_515.mp4,REAL_LIFE_VIOLENCE/fights/V_515.mp4,.mp4,3.82,29.97,206,360,h264,114,0.29,627.9,
REAL_LIFE_VIOLENCE,all,Violence,V_516.mp4,REAL_LIFE_VIOLENCE/fights/V_516.mp4,.mp4,4.12,29.97,206,360,h264,123,0.26,523.5,
REAL_LIFE_VIOLENCE,all,Violence,V_517.mp4,REAL_LIFE_VIOLENCE/fights/V_517.mp4,.mp4,4.6,29.97,206,360,h264,138,0.3,544.7,
REAL_LIFE_VIOLENCE,all,Violence,V_518.mp4,REAL_LIFE_VIOLENCE/fights/V_518.mp4,.mp4,4.6,29.97,640,360,h264,138,0.53,960.4,
REAL_LIFE_VIOLENCE,all,Violence,V_519.mp4,REAL_LIFE_VIOLENCE/fights/V_519.mp4,.mp4,4.11,29.97,640,360,h264,123,0.4,806.7,
REAL_LIFE_VIOLENCE,all,Violence,V_52.mp4,REAL_LIFE_VIOLENCE/fights/V_52.mp4,.mp4,7.02,30.0,406,242,h264,210,0.33,389.7,
REAL_LIFE_VIOLENCE,all,Violence,V_520.mp4,REAL_LIFE_VIOLENCE/fights/V_520.mp4,.mp4,4.5,29.97,452,360,h264,135,0.43,807.8,
REAL_LIFE_VIOLENCE,all,Violence,V_521.mp4,REAL_LIFE_VIOLENCE/fights/V_521.mp4,.mp4,4.0,29.97,452,360,h264,120,0.39,823.4,
REAL_LIFE_VIOLENCE,all,Violence,V_522.mp4,REAL_LIFE_VIOLENCE/fights/V_522.mp4,.mp4,4.6,29.97,452,360,h264,138,0.3,544.7,
REAL_LIFE_VIOLENCE,all,Violence,V_523.mp4,REAL_LIFE_VIOLENCE/fights/V_523.mp4,.mp4,4.61,29.97,206,360,h264,138,0.33,604.1,
REAL_LIFE_VIOLENCE,all,Violence,V_524.mp4,REAL_LIFE_VIOLENCE/fights/V_524.mp4,.mp4,5.01,29.97,406,360,h264,150,0.5,844.6,
REAL_LIFE_VIOLENCE,all,Violence,V_525.mp4,REAL_LIFE_VIOLENCE/fights/V_525.mp4,.mp4,4.61,29.97,640,360,h264,138,0.54,975.7,
REAL_LIFE_VIOLENCE,all,Violence,V_526.mp4,REAL_LIFE_VIOLENCE/fights/V_526.mp4,.mp4,5.0,37.0,224,224,mpeg4,185,2.0,3351.7,
REAL_LIFE_VIOLENCE,all,Violence,V_527.mp4,REAL_LIFE_VIOLENCE/fights/V_527.mp4,.mp4,5.0,37.0,224,224,mpeg4,185,2.04,3423.7,
REAL_LIFE_VIOLENCE,all,Violence,V_528.mp4,REAL_LIFE_VIOLENCE/fights/V_528.mp4,.mp4,5.0,37.0,224,224,mpeg4,185,1.06,1782.1,
REAL_LIFE_VIOLENCE,all,Violence,V_529.mp4,REAL_LIFE_VIOLENCE/fights/V_529.mp4,.mp4,5.0,37.0,224,224,mpeg4,185,1.31,2205.8,
REAL_LIFE_VIOLENCE,all,Violence,V_53.mp4,REAL_LIFE_VIOLENCE/fights/V_53.mp4,.mp4,3.71,30.0,406,406,h264,111,0.28,624.5,
REAL_LIFE_VIOLENCE,all,Violence,V_530.mp4,REAL_LIFE_VIOLENCE/fights/V_530.mp4,.mp4,5.0,37.0,224,224,mpeg4,185,1.76,2958.9,
REAL_LIFE_VIOLENCE,all,Violence,V_531.mp4,REAL_LIFE_VIOLENCE/fights/V_531.mp4,.mp4,5.0,37.0,224,224,mpeg4,185,1.25,2089.2,
REAL_LIFE_VIOLENCE,all,Violence,V_532.mp4,REAL_LIFE_VIOLENCE/fights/V_532.mp4,.mp4,5.0,37.0,224,224,mpeg4,185,0.69,1159.3,
REAL_LIFE_VIOLENCE,all,Violence,V_533.mp4,REAL_LIFE_VIOLENCE/fights/V_533.mp4,.mp4,5.0,37.0,224,224,mpeg4,185,1.37,2304.3,
REAL_LIFE_VIOLENCE,all,Violence,V_534.mp4,REAL_LIFE_VIOLENCE/fights/V_534.mp4,.mp4,5.0,37.0,224,224,mpeg4,185,1.56,2619.2,
REAL_LIFE_VIOLENCE,all,Violence,V_535.mp4,REAL_LIFE_VIOLENCE/fights/V_535.mp4,.mp4,5.0,37.0,224,224,mpeg4,185,1.35,2260.9,
REAL_LIFE_VIOLENCE,all,Violence,V_536.mp4,REAL_LIFE_VIOLENCE/fights/V_536.mp4,.mp4,5.0,37.0,224,224,mpeg4,185,1.03,1731.4,
REAL_LIFE_VIOLENCE,all,Violence,V_537.mp4,REAL_LIFE_VIOLENCE/fights/V_537.mp4,.mp4,5.0,37.0,224,224,mpeg4,185,1.7,2846.8,
REAL_LIFE_VIOLENCE,all,Violence,V_538.mp4,REAL_LIFE_VIOLENCE/fights/V_538.mp4,.mp4,5.0,37.0,224,224,mpeg4,185,2.12,3562.8,
REAL_LIFE_VIOLENCE,all,Violence,V_539.mp4,REAL_LIFE_VIOLENCE/fights/V_539.mp4,.mp4,5.0,37.0,224,224,mpeg4,185,1.39,2327.8,
REAL_LIFE_VIOLENCE,all,Violence,V_54.mp4,REAL_LIFE_VIOLENCE/fights/V_54.mp4,.mp4,5.12,30.0,406,406,h264,153,0.35,567.6,
REAL_LIFE_VIOLENCE,all,Violence,V_540.mp4,REAL_LIFE_VIOLENCE/fights/V_540.mp4,.mp4,5.0,37.0,224,224,mpeg4,185,1.3,2177.4,
REAL_LIFE_VIOLENCE,all,Violence,V_541.mp4,REAL_LIFE_VIOLENCE/fights/V_541.mp4,.mp4,5.0,37.0,224,224,mpeg4,185,1.61,2699.2,
REAL_LIFE_VIOLENCE,all,Violence,V_542.mp4,REAL_LIFE_VIOLENCE/fights/V_542.mp4,.mp4,5.0,37.0,224,224,mpeg4,185,1.23,2058.6,
REAL_LIFE_VIOLENCE,all,Violence,V_543.mp4,REAL_LIFE_VIOLENCE/fights/V_543.mp4,.mp4,5.0,37.0,224,224,mpeg4,185,1.18,1983.4,
REAL_LIFE_VIOLENCE,all,Violence,V_544.mp4,REAL_LIFE_VIOLENCE/fights/V_544.mp4,.mp4,5.0,37.0,224,224,mpeg4,185,0.64,1072.4,
REAL_LIFE_VIOLENCE,all,Violence,V_545.mp4,REAL_LIFE_VIOLENCE/fights/V_545.mp4,.mp4,5.0,37.0,224,224,mpeg4,185,1.16,1943.0,
REAL_LIFE_VIOLENCE,all,Violence,V_546.mp4,REAL_LIFE_VIOLENCE/fights/V_546.mp4,.mp4,5.0,37.0,224,224,mpeg4,185,2.05,3437.0,
REAL_LIFE_VIOLENCE,all,Violence,V_547.mp4,REAL_LIFE_VIOLENCE/fights/V_547.mp4,.mp4,5.0,37.0,224,224,mpeg4,185,2.35,3935.0,
REAL_LIFE_VIOLENCE,all,Violence,V_548.mp4,REAL_LIFE_VIOLENCE/fights/V_548.mp4,.mp4,5.0,37.0,224,224,mpeg4,185,1.75,2942.5,
REAL_LIFE_VIOLENCE,all,Violence,V_549.mp4,REAL_LIFE_VIOLENCE/fights/V_549.mp4,.mp4,5.0,37.0,224,224,mpeg4,185,2.36,3956.6,
REAL_LIFE_VIOLENCE,all,Violence,V_55.mp4,REAL_LIFE_VIOLENCE/fights/V_55.mp4,.mp4,5.22,30.0,162,350,h264,156,0.21,331.6,
REAL_LIFE_VIOLENCE,all,Violence,V_550.mp4,REAL_LIFE_VIOLENCE/fights/V_550.mp4,.mp4,5.0,37.0,224,224,mpeg4,185,0.86,1434.6,
REAL_LIFE_VIOLENCE,all,Violence,V_551.mp4,REAL_LIFE_VIOLENCE/fights/V_551.mp4,.mp4,5.0,37.0,224,224,mpeg4,185,0.69,1162.2,
REAL_LIFE_VIOLENCE,all,Violence,V_552.mp4,REAL_LIFE_VIOLENCE/fights/V_552.mp4,.mp4,5.0,37.0,224,224,mpeg4,185,0.68,1148.2,
REAL_LIFE_VIOLENCE,all,Violence,V_553.mp4,REAL_LIFE_VIOLENCE/fights/V_553.mp4,.mp4,5.0,37.0,224,224,mpeg4,185,1.08,1814.7,
REAL_LIFE_VIOLENCE,all,Violence,V_554.mp4,REAL_LIFE_VIOLENCE/fights/V_554.mp4,.mp4,5.0,37.0,224,224,mpeg4,185,1.09,1828.8,
REAL_LIFE_VIOLENCE,all,Violence,V_555.mp4,REAL_LIFE_VIOLENCE/fights/V_555.mp4,.mp4,5.0,37.0,224,224,mpeg4,185,1.21,2030.9,
REAL_LIFE_VIOLENCE,all,Violence,V_556.mp4,REAL_LIFE_VIOLENCE/fights/V_556.mp4,.mp4,5.0,37.0,224,224,mpeg4,185,0.78,1307.5,
REAL_LIFE_VIOLENCE,all,Violence,V_557.mp4,REAL_LIFE_VIOLENCE/fights/V_557.mp4,.mp4,5.0,37.0,224,224,mpeg4,185,1.27,2132.3,
REAL_LIFE_VIOLENCE,all,Violence,V_558.mp4,REAL_LIFE_VIOLENCE/fights/V_558.mp4,.mp4,5.0,37.0,224,224,mpeg4,185,1.86,3127.5,
REAL_LIFE_VIOLENCE,all,Violence,V_559.mp4,REAL_LIFE_VIOLENCE/fights/V_559.mp4,.mp4,5.0,37.0,224,224,mpeg4,185,1.04,1752.7,
REAL_LIFE_VIOLENCE,all,Violence,V_56.mp4,REAL_LIFE_VIOLENCE/fights/V_56.mp4,.mp4,3.61,30.0,406,514,h264,108,0.43,1008.8,
REAL_LIFE_VIOLENCE,all,Violence,V_560.mp4,REAL_LIFE_VIOLENCE/fights/V_560.mp4,.mp4,5.0,37.0,224,224,mpeg4,185,1.36,2276.4,
REAL_LIFE_VIOLENCE,all,Violence,V_561.mp4,REAL_LIFE_VIOLENCE/fights/V_561.mp4,.mp4,5.0,37.0,224,224,mpeg4,185,1.67,2809.3,
REAL_LIFE_VIOLENCE,all,Violence,V_562.mp4,REAL_LIFE_VIOLENCE/fights/V_562.mp4,.mp4,5.0,37.0,224,224,mpeg4,185,0.84,1413.5,
REAL_LIFE_VIOLENCE,all,Violence,V_563.mp4,REAL_LIFE_VIOLENCE/fights/V_563.mp4,.mp4,5.0,37.0,224,224,mpeg4,185,1.78,2978.2,
REAL_LIFE_VIOLENCE,all,Violence,V_564.mp4,REAL_LIFE_VIOLENCE/fights/V_564.mp4,.mp4,5.0,37.0,224,224,mpeg4,185,1.98,3325.0,
REAL_LIFE_VIOLENCE,all,Violence,V_565.mp4,REAL_LIFE_VIOLENCE/fights/V_565.mp4,.mp4,5.0,37.0,224,224,mpeg4,185,2.31,3883.7,
REAL_LIFE_VIOLENCE,all,Violence,V_566.mp4,REAL_LIFE_VIOLENCE/fights/V_566.mp4,.mp4,5.0,37.0,224,224,mpeg4,185,1.86,3116.6,
REAL_LIFE_VIOLENCE,all,Violence,V_567.mp4,REAL_LIFE_VIOLENCE/fights/V_567.mp4,.mp4,5.0,37.0,224,224,mpeg4,185,2.05,3444.7,
REAL_LIFE_VIOLENCE,all,Violence,V_568.mp4,REAL_LIFE_VIOLENCE/fights/V_568.mp4,.mp4,5.0,37.0,224,224,mpeg4,185,1.61,2700.3,
REAL_LIFE_VIOLENCE,all,Violence,V_569.mp4,REAL_LIFE_VIOLENCE/fights/V_569.mp4,.mp4,5.0,37.0,224,224,mpeg4,185,2.32,3894.9,
REAL_LIFE_VIOLENCE,all,Violence,V_57.mp4,REAL_LIFE_VIOLENCE/fights/V_57.mp4,.mp4,3.02,30.0,406,514,h264,90,0.44,1217.6,
REAL_LIFE_VIOLENCE,all,Violence,V_570.mp4,REAL_LIFE_VIOLENCE/fights/V_570.mp4,.mp4,5.0,37.0,224,224,mpeg4,185,1.38,2318.3,
REAL_LIFE_VIOLENCE,all,Violence,V_571.mp4,REAL_LIFE_VIOLENCE/fights/V_571.mp4,.mp4,5.0,37.0,224,224,mpeg4,185,1.03,1720.3,
REAL_LIFE_VIOLENCE,all,Violence,V_572.mp4,REAL_LIFE_VIOLENCE/fights/V_572.mp4,.mp4,5.0,37.0,224,224,mpeg4,185,1.22,2046.3,
REAL_LIFE_VIOLENCE,all,Violence,V_573.mp4,REAL_LIFE_VIOLENCE/fights/V_573.mp4,.mp4,5.0,37.0,224,224,mpeg4,185,1.11,1862.1,
REAL_LIFE_VIOLENCE,all,Violence,V_574.mp4,REAL_LIFE_VIOLENCE/fights/V_574.mp4,.mp4,5.0,37.0,224,224,mpeg4,185,1.35,2263.2,
REAL_LIFE_VIOLENCE,all,Violence,V_575.mp4,REAL_LIFE_VIOLENCE/fights/V_575.mp4,.mp4,5.0,37.0,224,224,mpeg4,185,1.15,1923.4,
REAL_LIFE_VIOLENCE,all,Violence,V_576.mp4,REAL_LIFE_VIOLENCE/fights/V_576.mp4,.mp4,5.0,37.0,224,224,mpeg4,185,1.41,2357.6,
REAL_LIFE_VIOLENCE,all,Violence,V_577.mp4,REAL_LIFE_VIOLENCE/fights/V_577.mp4,.mp4,5.0,37.0,224,224,mpeg4,185,0.7,1171.9,
REAL_LIFE_VIOLENCE,all,Violence,V_578.mp4,REAL_LIFE_VIOLENCE/fights/V_578.mp4,.mp4,5.0,37.0,224,224,mpeg4,185,0.55,925.0,
REAL_LIFE_VIOLENCE,all,Violence,V_579.mp4,REAL_LIFE_VIOLENCE/fights/V_579.mp4,.mp4,5.0,37.0,224,224,mpeg4,185,1.66,2782.2,
REAL_LIFE_VIOLENCE,all,Violence,V_58.mp4,REAL_LIFE_VIOLENCE/fights/V_58.mp4,.mp4,3.91,30.0,406,404,h264,117,0.45,968.5,
REAL_LIFE_VIOLENCE,all,Violence,V_580.mp4,REAL_LIFE_VIOLENCE/fights/V_580.mp4,.mp4,5.0,37.0,224,224,mpeg4,185,1.9,3191.6,
REAL_LIFE_VIOLENCE,all,Violence,V_581.mp4,REAL_LIFE_VIOLENCE/fights/V_581.mp4,.mp4,5.0,37.0,224,224,mpeg4,185,1.36,2275.1,
REAL_LIFE_VIOLENCE,all,Violence,V_582.mp4,REAL_LIFE_VIOLENCE/fights/V_582.mp4,.mp4,5.0,37.0,224,224,mpeg4,185,1.27,2134.0,
REAL_LIFE_VIOLENCE,all,Violence,V_583.mp4,REAL_LIFE_VIOLENCE/fights/V_583.mp4,.mp4,5.0,37.0,224,224,mpeg4,185,1.86,3119.9,
REAL_LIFE_VIOLENCE,all,Violence,V_584.mp4,REAL_LIFE_VIOLENCE/fights/V_584.mp4,.mp4,5.0,37.0,224,224,mpeg4,185,1.74,2919.7,
REAL_LIFE_VIOLENCE,all,Violence,V_585.mp4,REAL_LIFE_VIOLENCE/fights/V_585.mp4,.mp4,5.0,37.0,224,224,mpeg4,185,1.25,2096.9,
REAL_LIFE_VIOLENCE,all,Violence,V_586.mp4,REAL_LIFE_VIOLENCE/fights/V_586.mp4,.mp4,5.0,37.0,224,224,mpeg4,185,1.47,2468.6,
REAL_LIFE_VIOLENCE,all,Violence,V_587.mp4,REAL_LIFE_VIOLENCE/fights/V_587.mp4,.mp4,5.0,37.0,224,224,mpeg4,185,1.04,1744.5,
REAL_LIFE_VIOLENCE,all,Violence,V_588.mp4,REAL_LIFE_VIOLENCE/fights/V_588.mp4,.mp4,5.0,37.0,224,224,mpeg4,185,1.15,1936.3,
REAL_LIFE_VIOLENCE,all,Violence,V_589.mp4,REAL_LIFE_VIOLENCE/fights/V_589.mp4,.mp4,5.0,37.0,224,224,mpeg4,185,1.19,1998.4,
REAL_LIFE_VIOLENCE,all,Violence,V_59.mp4,REAL_LIFE_VIOLENCE/fights/V_59.mp4,.mp4,5.4,30.0,406,510,h264,162,0.73,1135.0,
REAL_LIFE_VIOLENCE,all,Violence,V_590.mp4,REAL_LIFE_VIOLENCE/fights/V_590.mp4,.mp4,5.0,37.0,224,224,mpeg4,185,1.4,2354.1,
REAL_LIFE_VIOLENCE,all,Violence,V_591.mp4,REAL_LIFE_VIOLENCE/fights/V_591.mp4,.mp4,5.0,37.0,224,224,mpeg4,185,1.81,3035.7,
REAL_LIFE_VIOLENCE,all,Violence,V_592.mp4,REAL_LIFE_VIOLENCE/fights/V_592.mp4,.mp4,5.0,37.0,224,224,mpeg4,185,1.16,1944.0,
REAL_LIFE_VIOLENCE,all,Violence,V_593.mp4,REAL_LIFE_VIOLENCE/fights/V_593.mp4,.mp4,5.0,37.0,224,224,mpeg4,185,1.08,1817.6,
REAL_LIFE_VIOLENCE,all,Violence,V_594.mp4,REAL_LIFE_VIOLENCE/fights/V_594.mp4,.mp4,5.0,37.0,224,224,mpeg4,185,0.77,1283.8,
REAL_LIFE_VIOLENCE,all,Violence,V_595.mp4,REAL_LIFE_VIOLENCE/fights/V_595.mp4,.mp4,5.0,37.0,224,224,mpeg4,185,1.36,2276.4,
REAL_LIFE_VIOLENCE,all,Violence,V_596.mp4,REAL_LIFE_VIOLENCE/fights/V_596.mp4,.mp4,5.0,37.0,224,224,mpeg4,185,1.8,3019.5,
REAL_LIFE_VIOLENCE,all,Violence,V_597.mp4,REAL_LIFE_VIOLENCE/fights/V_597.mp4,.mp4,5.0,37.0,224,224,mpeg4,185,1.61,2707.1,
REAL_LIFE_VIOLENCE,all,Violence,V_598.mp4,REAL_LIFE_VIOLENCE/fights/V_598.mp4,.mp4,5.0,37.0,224,224,mpeg4,185,1.37,2295.6,
REAL_LIFE_VIOLENCE,all,Violence,V_599.mp4,REAL_LIFE_VIOLENCE/fights/V_599.mp4,.mp4,5.0,37.0,224,224,mpeg4,185,1.01,1688.6,
REAL_LIFE_VIOLENCE,all,Violence,V_6.mp4,REAL_LIFE_VIOLENCE/fights/V_6.mp4,.mp4,6.31,22.5,1920,1080,h264,142,1.88,2494.3,
REAL_LIFE_VIOLENCE,all,Violence,V_60.mp4,REAL_LIFE_VIOLENCE/fights/V_60.mp4,.mp4,3.51,30.0,240,320,h264,105,0.26,613.9,
REAL_LIFE_VIOLENCE,all,Violence,V_600.mp4,REAL_LIFE_VIOLENCE/fights/V_600.mp4,.mp4,5.0,37.0,224,224,mpeg4,185,0.78,1300.6,
REAL_LIFE_VIOLENCE,all,Violence,V_601.mp4,REAL_LIFE_VIOLENCE/fights/V_601.mp4,.mp4,5.0,37.0,224,224,mpeg4,185,0.71,1187.9,
REAL_LIFE_VIOLENCE,all,Violence,V_602.mp4,REAL_LIFE_VIOLENCE/fights/V_602.mp4,.mp4,5.0,37.0,224,224,mpeg4,185,0.66,1100.6,
REAL_LIFE_VIOLENCE,all,Violence,V_603.mp4,REAL_LIFE_VIOLENCE/fights/V_603.mp4,.mp4,5.0,37.0,224,224,mpeg4,185,1.16,1950.1,
REAL_LIFE_VIOLENCE,all,Violence,V_604.mp4,REAL_LIFE_VIOLENCE/fights/V_604.mp4,.mp4,5.0,37.0,224,224,mpeg4,185,1.03,1730.5,
REAL_LIFE_VIOLENCE,all,Violence,V_605.mp4,REAL_LIFE_VIOLENCE/fights/V_605.mp4,.mp4,5.0,37.0,224,224,mpeg4,185,1.04,1737.5,
REAL_LIFE_VIOLENCE,all,Violence,V_606.mp4,REAL_LIFE_VIOLENCE/fights/V_606.mp4,.mp4,5.0,37.0,224,224,mpeg4,185,0.77,1293.8,
REAL_LIFE_VIOLENCE,all,Violence,V_607.mp4,REAL_LIFE_VIOLENCE/fights/V_607.mp4,.mp4,5.0,37.0,224,224,mpeg4,185,1.33,2238.7,
REAL_LIFE_VIOLENCE,all,Violence,V_608.mp4,REAL_LIFE_VIOLENCE/fights/V_608.mp4,.mp4,5.0,37.0,224,224,mpeg4,185,1.4,2352.0,
REAL_LIFE_VIOLENCE,all,Violence,V_609.mp4,REAL_LIFE_VIOLENCE/fights/V_609.mp4,.mp4,5.0,37.0,224,224,mpeg4,185,1.92,3215.4,
REAL_LIFE_VIOLENCE,all,Violence,V_61.mp4,REAL_LIFE_VIOLENCE/fights/V_61.mp4,.mp4,3.83,30.0,240,320,h264,114,0.36,794.4,
REAL_LIFE_VIOLENCE,all,Violence,V_610.mp4,REAL_LIFE_VIOLENCE/fights/V_610.mp4,.mp4,5.0,37.0,224,224,mpeg4,185,0.85,1429.6,
REAL_LIFE_VIOLENCE,all,Violence,V_611.mp4,REAL_LIFE_VIOLENCE/fights/V_611.mp4,.mp4,5.0,37.0,224,224,mpeg4,185,1.19,1988.4,
REAL_LIFE_VIOLENCE,all,Violence,V_612.mp4,REAL_LIFE_VIOLENCE/fights/V_612.mp4,.mp4,5.0,37.0,224,224,mpeg4,185,1.12,1873.6,
REAL_LIFE_VIOLENCE,all,Violence,V_613.mp4,REAL_LIFE_VIOLENCE/fights/V_613.mp4,.mp4,5.0,37.0,224,224,mpeg4,185,1.34,2245.2,
REAL_LIFE_VIOLENCE,all,Violence,V_614.mp4,REAL_LIFE_VIOLENCE/fights/V_614.mp4,.mp4,5.0,37.0,224,224,mpeg4,185,1.84,3089.1,
REAL_LIFE_VIOLENCE,all,Violence,V_615.mp4,REAL_LIFE_VIOLENCE/fights/V_615.mp4,.mp4,5.0,37.0,224,224,mpeg4,185,1.7,2848.4,
REAL_LIFE_VIOLENCE,all,Violence,V_616.mp4,REAL_LIFE_VIOLENCE/fights/V_616.mp4,.mp4,5.0,37.0,224,224,mpeg4,185,1.43,2394.1,
REAL_LIFE_VIOLENCE,all,Violence,V_617.mp4,REAL_LIFE_VIOLENCE/fights/V_617.mp4,.mp4,5.0,37.0,224,224,mpeg4,185,1.28,2151.4,
REAL_LIFE_VIOLENCE,all,Violence,V_618.mp4,REAL_LIFE_VIOLENCE/fights/V_618.mp4,.mp4,5.0,37.0,224,224,mpeg4,185,1.13,1900.6,
REAL_LIFE_VIOLENCE,all,Violence,V_619.mp4,REAL_LIFE_VIOLENCE/fights/V_619.mp4,.mp4,5.0,37.0,224,224,mpeg4,185,2.04,3421.5,
REAL_LIFE_VIOLENCE,all,Violence,V_62.mp4,REAL_LIFE_VIOLENCE/fights/V_62.mp4,.mp4,3.84,30.0,240,320,h264,114,0.31,688.0,
REAL_LIFE_VIOLENCE,all,Violence,V_620.mp4,REAL_LIFE_VIOLENCE/fights/V_620.mp4,.mp4,5.0,37.0,224,224,mpeg4,185,2.3,3866.4,
REAL_LIFE_VIOLENCE,all,Violence,V_621.mp4,REAL_LIFE_VIOLENCE/fights/V_621.mp4,.mp4,5.0,37.0,224,224,mpeg4,185,1.41,2373.5,
REAL_LIFE_VIOLENCE,all,Violence,V_622.mp4,REAL_LIFE_VIOLENCE/fights/V_622.mp4,.mp4,5.0,37.0,224,224,mpeg4,185,1.61,2702.4,
REAL_LIFE_VIOLENCE,all,Violence,V_623.mp4,REAL_LIFE_VIOLENCE/fights/V_623.mp4,.mp4,3.72,25.0,492,224,h264,93,0.36,804.4,
REAL_LIFE_VIOLENCE,all,Violence,V_624.mp4,REAL_LIFE_VIOLENCE/fights/V_624.mp4,.mp4,4.32,25.0,492,224,h264,108,0.41,797.4,
REAL_LIFE_VIOLENCE,all,Violence,V_625.mp4,REAL_LIFE_VIOLENCE/fights/V_625.mp4,.mp4,4.0,25.0,492,224,h264,100,0.38,791.9,
REAL_LIFE_VIOLENCE,all,Violence,V_626.mp4,REAL_LIFE_VIOLENCE/fights/V_626.mp4,.mp4,4.8,29.97,640,360,h264,144,1.14,1996.1,
REAL_LIFE_VIOLENCE,all,Violence,V_627.mp4,REAL_LIFE_VIOLENCE/fights/V_627.mp4,.mp4,5.02,29.97,640,360,h264,150,1.29,2156.7,
REAL_LIFE_VIOLENCE,all,Violence,V_628.mp4,REAL_LIFE_VIOLENCE/fights/V_628.mp4,.mp4,5.01,29.97,640,360,h264,150,1.31,2193.5,
REAL_LIFE_VIOLENCE,all,Violence,V_629.mp4,REAL_LIFE_VIOLENCE/fights/V_629.mp4,.mp4,6.02,29.97,406,720,h264,180,1.25,1741.1,
REAL_LIFE_VIOLENCE,all,Violence,V_63.mp4,REAL_LIFE_VIOLENCE/fights/V_63.mp4,.mp4,4.33,30.0,240,320,h264,129,0.29,567.7,
REAL_LIFE_VIOLENCE,all,Violence,V_630.mp4,REAL_LIFE_VIOLENCE/fights/V_630.mp4,.mp4,5.01,29.97,406,720,h264,150,1.06,1778.2,
REAL_LIFE_VIOLENCE,all,Violence,V_631.mp4,REAL_LIFE_VIOLENCE/fights/V_631.mp4,.mp4,5.01,29.97,406,720,h264,150,1.15,1923.6,
REAL_LIFE_VIOLENCE,all,Violence,V_632.mp4,REAL_LIFE_VIOLENCE/fights/V_632.mp4,.mp4,5.01,29.97,406,720,h264,150,0.98,1639.2,
REAL_LIFE_VIOLENCE,all,Violence,V_633.mp4,REAL_LIFE_VIOLENCE/fights/V_633.mp4,.mp4,5.01,29.97,406,720,h264,150,1.11,1861.0,
REAL_LIFE_VIOLENCE,all,Violence,V_634.mp4,REAL_LIFE_VIOLENCE/fights/V_634.mp4,.mp4,5.0,29.97,360,360,h264,150,0.44,734.2,
REAL_LIFE_VIOLENCE,all,Violence,V_635.mp4,REAL_LIFE_VIOLENCE/fights/V_635.mp4,.mp4,5.02,29.97,360,360,h264,150,0.47,789.0,
REAL_LIFE_VIOLENCE,all,Violence,V_636.mp4,REAL_LIFE_VIOLENCE/fights/V_636.mp4,.mp4,5.0,29.97,360,360,h264,150,0.43,723.2,
REAL_LIFE_VIOLENCE,all,Violence,V_637.mp4,REAL_LIFE_VIOLENCE/fights/V_637.mp4,.mp4,5.01,29.97,360,360,h264,150,0.44,738.9,
REAL_LIFE_VIOLENCE,all,Violence,V_638.mp4,REAL_LIFE_VIOLENCE/fights/V_638.mp4,.mp4,5.01,29.97,360,360,h264,150,0.45,755.6,
REAL_LIFE_VIOLENCE,all,Violence,V_639.mp4,REAL_LIFE_VIOLENCE/fights/V_639.mp4,.mp4,5.02,29.97,360,360,h264,150,0.42,703.1,
REAL_LIFE_VIOLENCE,all,Violence,V_64.mp4,REAL_LIFE_VIOLENCE/fights/V_64.mp4,.mp4,3.94,30.0,240,320,h264,117,0.35,735.8,
REAL_LIFE_VIOLENCE,all,Violence,V_640.mp4,REAL_LIFE_VIOLENCE/fights/V_640.mp4,.mp4,5.01,29.97,360,360,h264,150,0.49,815.8,
REAL_LIFE_VIOLENCE,all,Violence,V_641.mp4,REAL_LIFE_VIOLENCE/fights/V_641.mp4,.mp4,5.0,30.0,1920,1080,h264,150,4.45,7462.1,
REAL_LIFE_VIOLENCE,all,Violence,V_642.mp4,REAL_LIFE_VIOLENCE/fights/V_642.mp4,.mp4,5.02,30.0,1920,1080,h264,150,4.47,7467.1,
REAL_LIFE_VIOLENCE,all,Violence,V_643.mp4,REAL_LIFE_VIOLENCE/fights/V_643.mp4,.mp4,5.01,30.0,1920,1080,h264,150,3.98,6659.6,
REAL_LIFE_VIOLENCE,all,Violence,V_644.mp4,REAL_LIFE_VIOLENCE/fights/V_644.mp4,.mp4,5.01,30.0,1920,1080,h264,150,3.98,6659.6,
REAL_LIFE_VIOLENCE,all,Violence,V_645.mp4,REAL_LIFE_VIOLENCE/fights/V_645.mp4,.mp4,5.02,30.0,1920,1080,h264,150,4.37,7307.8,
REAL_LIFE_VIOLENCE,all,Violence,V_646.mp4,REAL_LIFE_VIOLENCE/fights/V_646.mp4,.mp4,5.01,30.0,1920,1080,h264,150,4.56,7638.8,
REAL_LIFE_VIOLENCE,all,Violence,V_647.mp4,REAL_LIFE_VIOLENCE/fights/V_647.mp4,.mp4,5.0,30.0,1920,1080,h264,150,4.77,7993.6,
REAL_LIFE_VIOLENCE,all,Violence,V_648.mp4,REAL_LIFE_VIOLENCE/fights/V_648.mp4,.mp4,5.0,25.0,224,224,mpeg4,125,1.29,2171.0,
REAL_LIFE_VIOLENCE,all,Violence,V_649.mp4,REAL_LIFE_VIOLENCE/fights/V_649.mp4,.mp4,5.0,25.0,224,224,mpeg4,125,0.99,1662.0,
REAL_LIFE_VIOLENCE,all,Violence,V_65.mp4,REAL_LIFE_VIOLENCE/fights/V_65.mp4,.mp4,4.16,30.0,240,320,h264,123,0.39,791.5,
REAL_LIFE_VIOLENCE,all,Violence,V_650.mp4,REAL_LIFE_VIOLENCE/fights/V_650.mp4,.mp4,5.0,25.0,224,224,mpeg4,125,0.71,1185.8,
REAL_LIFE_VIOLENCE,all,Violence,V_651.mp4,REAL_LIFE_VIOLENCE/fights/V_651.mp4,.mp4,5.0,25.0,224,224,mpeg4,125,1.16,1939.4,
REAL_LIFE_VIOLENCE,all,Violence,V_652.mp4,REAL_LIFE_VIOLENCE/fights/V_652.mp4,.mp4,5.0,25.0,224,224,mpeg4,125,1.16,1941.5,
REAL_LIFE_VIOLENCE,all,Violence,V_653.mp4,REAL_LIFE_VIOLENCE/fights/V_653.mp4,.mp4,5.0,25.0,224,224,mpeg4,125,0.95,1589.3,
REAL_LIFE_VIOLENCE,all,Violence,V_654.mp4,REAL_LIFE_VIOLENCE/fights/V_654.mp4,.mp4,5.0,25.0,224,224,mpeg4,125,0.96,1616.4,
REAL_LIFE_VIOLENCE,all,Violence,V_655.mp4,REAL_LIFE_VIOLENCE/fights/V_655.mp4,.mp4,5.0,25.0,224,224,mpeg4,125,0.87,1456.0,
REAL_LIFE_VIOLENCE,all,Violence,V_656.mp4,REAL_LIFE_VIOLENCE/fights/V_656.mp4,.mp4,5.0,25.0,224,224,mpeg4,125,1.08,1817.1,
REAL_LIFE_VIOLENCE,all,Violence,V_657.mp4,REAL_LIFE_VIOLENCE/fights/V_657.mp4,.mp4,5.0,25.0,224,224,mpeg4,125,1.19,1998.0,
REAL_LIFE_VIOLENCE,all,Violence,V_658.mp4,REAL_LIFE_VIOLENCE/fights/V_658.mp4,.mp4,5.0,25.0,224,224,mpeg4,125,0.79,1322.5,
REAL_LIFE_VIOLENCE,all,Violence,V_659.mp4,REAL_LIFE_VIOLENCE/fights/V_659.mp4,.mp4,5.0,25.0,224,224,mpeg4,125,1.29,2156.3,
REAL_LIFE_VIOLENCE,all,Violence,V_66.mp4,REAL_LIFE_VIOLENCE/fights/V_66.mp4,.mp4,3.52,30.0,240,320,h264,105,0.33,789.9,
REAL_LIFE_VIOLENCE,all,Violence,V_660.mp4,REAL_LIFE_VIOLENCE/fights/V_660.mp4,.mp4,5.0,25.0,224,224,mpeg4,125,1.0,1675.7,
REAL_LIFE_VIOLENCE,all,Violence,V_661.mp4,REAL_LIFE_VIOLENCE/fights/V_661.mp4,.mp4,5.0,25.0,224,224,mpeg4,125,0.73,1223.7,
REAL_LIFE_VIOLENCE,all,Violence,V_662.mp4,REAL_LIFE_VIOLENCE/fights/V_662.mp4,.mp4,5.0,25.0,224,224,mpeg4,125,0.8,1334.4,
REAL_LIFE_VIOLENCE,all,Violence,V_663.mp4,REAL_LIFE_VIOLENCE/fights/V_663.mp4,.mp4,5.0,25.0,224,224,mpeg4,125,0.83,1399.4,
REAL_LIFE_VIOLENCE,all,Violence,V_664.mp4,REAL_LIFE_VIOLENCE/fights/V_664.mp4,.mp4,5.0,25.0,224,224,mpeg4,125,0.75,1258.6,
REAL_LIFE_VIOLENCE,all,Violence,V_665.mp4,REAL_LIFE_VIOLENCE/fights/V_665.mp4,.mp4,5.0,25.0,224,224,mpeg4,125,0.86,1436.7,
REAL_LIFE_VIOLENCE,all,Violence,V_666.mp4,REAL_LIFE_VIOLENCE/fights/V_666.mp4,.mp4,5.0,25.0,224,224,mpeg4,125,0.79,1321.2,
REAL_LIFE_VIOLENCE,all,Violence,V_667.mp4,REAL_LIFE_VIOLENCE/fights/V_667.mp4,.mp4,5.0,25.0,224,224,mpeg4,125,0.55,925.3,
REAL_LIFE_VIOLENCE,all,Violence,V_668.mp4,REAL_LIFE_VIOLENCE/fights/V_668.mp4,.mp4,5.0,25.0,224,224,mpeg4,125,0.82,1373.8,
REAL_LIFE_VIOLENCE,all,Violence,V_669.mp4,REAL_LIFE_VIOLENCE/fights/V_669.mp4,.mp4,5.0,25.0,224,224,mpeg4,125,0.84,1415.9,
REAL_LIFE_VIOLENCE,all,Violence,V_67.mp4,REAL_LIFE_VIOLENCE/fights/V_67.mp4,.mp4,3.62,30.0,240,320,h264,108,0.33,764.0,
REAL_LIFE_VIOLENCE,all,Violence,V_670.mp4,REAL_LIFE_VIOLENCE/fights/V_670.mp4,.mp4,5.0,25.0,224,224,mpeg4,125,1.09,1824.2,
REAL_LIFE_VIOLENCE,all,Violence,V_671.mp4,REAL_LIFE_VIOLENCE/fights/V_671.mp4,.mp4,5.0,25.0,224,224,mpeg4,125,0.73,1222.5,
REAL_LIFE_VIOLENCE,all,Violence,V_672.mp4,REAL_LIFE_VIOLENCE/fights/V_672.mp4,.mp4,5.0,25.0,224,224,mpeg4,125,0.88,1474.9,
REAL_LIFE_VIOLENCE,all,Violence,V_673.mp4,REAL_LIFE_VIOLENCE/fights/V_673.mp4,.mp4,5.0,25.0,224,224,mpeg4,125,0.82,1381.8,
REAL_LIFE_VIOLENCE,all,Violence,V_674.mp4,REAL_LIFE_VIOLENCE/fights/V_674.mp4,.mp4,5.0,25.0,224,224,mpeg4,125,0.8,1346.9,
REAL_LIFE_VIOLENCE,all,Violence,V_675.mp4,REAL_LIFE_VIOLENCE/fights/V_675.mp4,.mp4,5.0,25.0,224,224,mpeg4,125,0.85,1433.8,
REAL_LIFE_VIOLENCE,all,Violence,V_676.mp4,REAL_LIFE_VIOLENCE/fights/V_676.mp4,.mp4,5.0,25.0,224,224,mpeg4,125,0.9,1506.6,
REAL_LIFE_VIOLENCE,all,Violence,V_677.mp4,REAL_LIFE_VIOLENCE/fights/V_677.mp4,.mp4,5.03,24.27,804,546,h264,122,0.52,874.6,
REAL_LIFE_VIOLENCE,all,Violence,V_678.mp4,REAL_LIFE_VIOLENCE/fights/V_678.mp4,.mp4,5.0,25.0,224,224,mpeg4,125,1.17,1966.9,
REAL_LIFE_VIOLENCE,all,Violence,V_679.mp4,REAL_LIFE_VIOLENCE/fights/V_679.mp4,.mp4,5.0,25.0,224,224,mpeg4,125,1.17,1970.2,
REAL_LIFE_VIOLENCE,all,Violence,V_68.mp4,REAL_LIFE_VIOLENCE/fights/V_68.mp4,.mp4,4.12,30.0,240,320,h264,123,0.38,773.9,
REAL_LIFE_VIOLENCE,all,Violence,V_680.mp4,REAL_LIFE_VIOLENCE/fights/V_680.mp4,.mp4,5.0,25.0,224,224,mpeg4,125,0.78,1312.0,
REAL_LIFE_VIOLENCE,all,Violence,V_681.mp4,REAL_LIFE_VIOLENCE/fights/V_681.mp4,.mp4,5.0,25.0,224,224,mpeg4,125,0.61,1016.7,
REAL_LIFE_VIOLENCE,all,Violence,V_682.mp4,REAL_LIFE_VIOLENCE/fights/V_682.mp4,.mp4,5.0,25.0,224,224,mpeg4,125,0.72,1214.7,
REAL_LIFE_VIOLENCE,all,Violence,V_683.mp4,REAL_LIFE_VIOLENCE/fights/V_683.mp4,.mp4,5.0,25.0,224,224,mpeg4,125,1.14,1911.1,
REAL_LIFE_VIOLENCE,all,Violence,V_684.mp4,REAL_LIFE_VIOLENCE/fights/V_684.mp4,.mp4,5.0,25.0,224,224,mpeg4,125,1.09,1822.3,
REAL_LIFE_VIOLENCE,all,Violence,V_685.mp4,REAL_LIFE_VIOLENCE/fights/V_685.mp4,.mp4,5.0,25.0,224,224,mpeg4,125,0.93,1558.5,
REAL_LIFE_VIOLENCE,all,Violence,V_686.mp4,REAL_LIFE_VIOLENCE/fights/V_686.mp4,.mp4,5.0,25.0,224,224,mpeg4,125,0.64,1067.1,
REAL_LIFE_VIOLENCE,all,Violence,V_687.mp4,REAL_LIFE_VIOLENCE/fights/V_687.mp4,.mp4,5.0,25.0,224,224,mpeg4,125,0.76,1275.8,
REAL_LIFE_VIOLENCE,all,Violence,V_688.mp4,REAL_LIFE_VIOLENCE/fights/V_688.mp4,.mp4,5.0,25.0,224,224,mpeg4,125,0.6,1009.0,
REAL_LIFE_VIOLENCE,all,Violence,V_689.mp4,REAL_LIFE_VIOLENCE/fights/V_689.mp4,.mp4,5.0,25.0,224,224,mpeg4,125,0.51,863.7,
REAL_LIFE_VIOLENCE,all,Violence,V_69.mp4,REAL_LIFE_VIOLENCE/fights/V_69.mp4,.mp4,3.53,30.0,240,320,h264,105,0.32,751.4,
REAL_LIFE_VIOLENCE,all,Violence,V_690.mp4,REAL_LIFE_VIOLENCE/fights/V_690.mp4,.mp4,5.0,25.0,224,224,mpeg4,125,0.61,1026.0,
REAL_LIFE_VIOLENCE,all,Violence,V_691.mp4,REAL_LIFE_VIOLENCE/fights/V_691.mp4,.mp4,5.0,25.0,224,224,mpeg4,125,0.67,1116.9,
REAL_LIFE_VIOLENCE,all,Violence,V_692.mp4,REAL_LIFE_VIOLENCE/fights/V_692.mp4,.mp4,5.0,25.0,224,224,mpeg4,125,0.84,1412.4,
REAL_LIFE_VIOLENCE,all,Violence,V_693.mp4,REAL_LIFE_VIOLENCE/fights/V_693.mp4,.mp4,5.0,25.0,224,224,mpeg4,125,0.71,1190.8,
REAL_LIFE_VIOLENCE,all,Violence,V_694.mp4,REAL_LIFE_VIOLENCE/fights/V_694.mp4,.mp4,5.0,25.0,224,224,mpeg4,125,0.83,1400.2,
REAL_LIFE_VIOLENCE,all,Violence,V_695.mp4,REAL_LIFE_VIOLENCE/fights/V_695.mp4,.mp4,5.0,25.0,224,224,mpeg4,125,0.99,1667.0,
REAL_LIFE_VIOLENCE,all,Violence,V_696.mp4,REAL_LIFE_VIOLENCE/fights/V_696.mp4,.mp4,5.0,25.0,224,224,mpeg4,125,1.07,1796.4,
REAL_LIFE_VIOLENCE,all,Violence,V_697.mp4,REAL_LIFE_VIOLENCE/fights/V_697.mp4,.mp4,5.0,25.0,224,224,mpeg4,125,0.54,898.2,
REAL_LIFE_VIOLENCE,all,Violence,V_698.mp4,REAL_LIFE_VIOLENCE/fights/V_698.mp4,.mp4,5.0,25.0,224,224,mpeg4,125,0.84,1414.2,
REAL_LIFE_VIOLENCE,all,Violence,V_699.mp4,REAL_LIFE_VIOLENCE/fights/V_699.mp4,.mp4,5.0,25.0,224,224,mpeg4,125,0.86,1444.3,
REAL_LIFE_VIOLENCE,all,Violence,V_7.mp4,REAL_LIFE_VIOLENCE/fights/V_7.mp4,.mp4,4.2,16.67,1920,1080,h264,70,11.39,22732.0,
REAL_LIFE_VIOLENCE,all,Violence,V_70.mp4,REAL_LIFE_VIOLENCE/fights/V_70.mp4,.mp4,4.9,29.97,398,720,h264,147,0.76,1295.0,
REAL_LIFE_VIOLENCE,all,Violence,V_700.mp4,REAL_LIFE_VIOLENCE/fights/V_700.mp4,.mp4,5.0,25.0,224,224,mpeg4,125,0.96,1616.5,
REAL_LIFE_VIOLENCE,all,Violence,V_701.mp4,REAL_LIFE_VIOLENCE/fights/V_701.mp4,.mp4,5.0,25.0,224,224,mpeg4,125,0.98,1639.1,
REAL_LIFE_VIOLENCE,all,Violence,V_702.mp4,REAL_LIFE_VIOLENCE/fights/V_702.mp4,.mp4,5.0,25.0,224,224,mpeg4,125,0.74,1237.8,
REAL_LIFE_VIOLENCE,all,Violence,V_703.mp4,REAL_LIFE_VIOLENCE/fights/V_703.mp4,.mp4,5.0,25.0,224,224,mpeg4,125,0.69,1157.1,
REAL_LIFE_VIOLENCE,all,Violence,V_704.mp4,REAL_LIFE_VIOLENCE/fights/V_704.mp4,.mp4,5.0,25.0,224,224,mpeg4,125,0.63,1055.6,
REAL_LIFE_VIOLENCE,all,Violence,V_705.mp4,REAL_LIFE_VIOLENCE/fights/V_705.mp4,.mp4,5.0,25.0,224,224,mpeg4,125,0.82,1380.3,
REAL_LIFE_VIOLENCE,all,Violence,V_706.mp4,REAL_LIFE_VIOLENCE/fights/V_706.mp4,.mp4,5.0,25.0,224,224,mpeg4,125,0.83,1391.1,
REAL_LIFE_VIOLENCE,all,Violence,V_707.mp4,REAL_LIFE_VIOLENCE/fights/V_707.mp4,.mp4,5.0,25.0,224,224,mpeg4,125,0.58,965.1,
REAL_LIFE_VIOLENCE,all,Violence,V_708.mp4,REAL_LIFE_VIOLENCE/fights/V_708.mp4,.mp4,5.0,25.0,224,224,mpeg4,125,0.61,1022.0,
REAL_LIFE_VIOLENCE,all,Violence,V_709.mp4,REAL_LIFE_VIOLENCE/fights/V_709.mp4,.mp4,5.0,25.0,224,224,mpeg4,125,0.67,1120.0,
REAL_LIFE_VIOLENCE,all,Violence,V_71.mp4,REAL_LIFE_VIOLENCE/fights/V_71.mp4,.mp4,5.01,29.97,1280,720,h264,150,1.22,2033.7,
REAL_LIFE_VIOLENCE,all,Violence,V_710.mp4,REAL_LIFE_VIOLENCE/fights/V_710.mp4,.mp4,5.0,25.0,224,224,mpeg4,125,0.92,1546.5,
REAL_LIFE_VIOLENCE,all,Violence,V_711.mp4,REAL_LIFE_VIOLENCE/fights/V_711.mp4,.mp4,5.0,25.0,224,224,mpeg4,125,0.66,1114.8,
REAL_LIFE_VIOLENCE,all,Violence,V_712.mp4,REAL_LIFE_VIOLENCE/fights/V_712.mp4,.mp4,5.0,25.0,224,224,mpeg4,125,0.7,1180.5,
REAL_LIFE_VIOLENCE,all,Violence,V_713.mp4,REAL_LIFE_VIOLENCE/fights/V_713.mp4,.mp4,5.0,25.0,224,224,mpeg4,125,0.77,1291.9,
REAL_LIFE_VIOLENCE,all,Violence,V_714.mp4,REAL_LIFE_VIOLENCE/fights/V_714.mp4,.mp4,5.0,25.0,224,224,mpeg4,125,0.93,1567.5,
REAL_LIFE_VIOLENCE,all,Violence,V_715.mp4,REAL_LIFE_VIOLENCE/fights/V_715.mp4,.mp4,5.0,25.0,224,224,mpeg4,125,0.9,1505.7,
REAL_LIFE_VIOLENCE,all,Violence,V_716.mp4,REAL_LIFE_VIOLENCE/fights/V_716.mp4,.mp4,5.0,25.0,224,224,mpeg4,125,1.07,1802.8,
REAL_LIFE_VIOLENCE,all,Violence,V_717.mp4,REAL_LIFE_VIOLENCE/fights/V_717.mp4,.mp4,5.0,25.0,224,224,mpeg4,125,0.75,1251.5,
REAL_LIFE_VIOLENCE,all,Violence,V_718.mp4,REAL_LIFE_VIOLENCE/fights/V_718.mp4,.mp4,5.0,25.0,224,224,mpeg4,125,0.44,739.5,
REAL_LIFE_VIOLENCE,all,Violence,V_719.mp4,REAL_LIFE_VIOLENCE/fights/V_719.mp4,.mp4,5.0,25.0,224,224,mpeg4,125,0.53,894.7,
REAL_LIFE_VIOLENCE,all,Violence,V_72.mp4,REAL_LIFE_VIOLENCE/fights/V_72.mp4,.mp4,5.01,29.97,640,360,h264,150,0.45,746.9,
REAL_LIFE_VIOLENCE,all,Violence,V_720.mp4,REAL_LIFE_VIOLENCE/fights/V_720.mp4,.mp4,5.0,23.0,224,224,mpeg4,115,0.42,712.3,
REAL_LIFE_VIOLENCE,all,Violence,V_721.mp4,REAL_LIFE_VIOLENCE/fights/V_721.mp4,.mp4,5.0,23.0,224,224,mpeg4,115,0.35,592.6,
REAL_LIFE_VIOLENCE,all,Violence,V_722.mp4,REAL_LIFE_VIOLENCE/fights/V_722.mp4,.mp4,5.0,23.0,224,224,mpeg4,115,0.38,641.4,
REAL_LIFE_VIOLENCE,all,Violence,V_723.mp4,REAL_LIFE_VIOLENCE/fights/V_723.mp4,.mp4,5.0,23.0,224,224,mpeg4,115,0.65,1092.8,
REAL_LIFE_VIOLENCE,all,Violence,V_724.mp4,REAL_LIFE_VIOLENCE/fights/V_724.mp4,.mp4,5.0,23.0,224,224,mpeg4,115,0.44,736.5,
REAL_LIFE_VIOLENCE,all,Violence,V_725.mp4,REAL_LIFE_VIOLENCE/fights/V_725.mp4,.mp4,5.0,23.0,224,224,mpeg4,115,0.42,699.5,
REAL_LIFE_VIOLENCE,all,Violence,V_726.mp4,REAL_LIFE_VIOLENCE/fights/V_726.mp4,.mp4,5.0,23.0,224,224,mpeg4,115,0.39,658.9,
REAL_LIFE_VIOLENCE,all,Violence,V_727.mp4,REAL_LIFE_VIOLENCE/fights/V_727.mp4,.mp4,5.0,23.0,224,224,mpeg4,115,0.29,493.8,
REAL_LIFE_VIOLENCE,all,Violence,V_728.mp4,REAL_LIFE_VIOLENCE/fights/V_728.mp4,.mp4,5.0,23.0,224,224,mpeg4,115,0.53,894.4,
REAL_LIFE_VIOLENCE,all,Violence,V_729.mp4,REAL_LIFE_VIOLENCE/fights/V_729.mp4,.mp4,5.0,23.0,224,224,mpeg4,115,0.54,904.5,
REAL_LIFE_VIOLENCE,all,Violence,V_73.mp4,REAL_LIFE_VIOLENCE/fights/V_73.mp4,.mp4,5.0,29.97,640,360,h264,150,0.55,926.1,
REAL_LIFE_VIOLENCE,all,Violence,V_730.mp4,REAL_LIFE_VIOLENCE/fights/V_730.mp4,.mp4,5.0,23.0,224,224,mpeg4,115,0.44,734.8,
REAL_LIFE_VIOLENCE,all,Violence,V_731.mp4,REAL_LIFE_VIOLENCE/fights/V_731.mp4,.mp4,5.0,23.0,224,224,mpeg4,115,0.6,1007.4,
REAL_LIFE_VIOLENCE,all,Violence,V_732.mp4,REAL_LIFE_VIOLENCE/fights/V_732.mp4,.mp4,5.0,23.0,224,224,mpeg4,115,0.7,1173.7,
REAL_LIFE_VIOLENCE,all,Violence,V_733.mp4,REAL_LIFE_VIOLENCE/fights/V_733.mp4,.mp4,5.0,23.0,224,224,mpeg4,115,0.61,1023.9,
REAL_LIFE_VIOLENCE,all,Violence,V_734.mp4,REAL_LIFE_VIOLENCE/fights/V_734.mp4,.mp4,5.0,23.0,224,224,mpeg4,115,0.35,580.1,
REAL_LIFE_VIOLENCE,all,Violence,V_735.mp4,REAL_LIFE_VIOLENCE/fights/V_735.mp4,.mp4,5.0,23.0,224,224,mpeg4,115,0.61,1025.9,
REAL_LIFE_VIOLENCE,all,Violence,V_736.mp4,REAL_LIFE_VIOLENCE/fights/V_736.mp4,.mp4,5.0,23.0,224,224,mpeg4,115,0.27,448.6,
REAL_LIFE_VIOLENCE,all,Violence,V_737.mp4,REAL_LIFE_VIOLENCE/fights/V_737.mp4,.mp4,5.0,23.0,224,224,mpeg4,115,0.34,562.9,
REAL_LIFE_VIOLENCE,all,Violence,V_738.mp4,REAL_LIFE_VIOLENCE/fights/V_738.mp4,.mp4,5.0,23.0,224,224,mpeg4,115,0.16,265.5,
REAL_LIFE_VIOLENCE,all,Violence,V_739.mp4,REAL_LIFE_VIOLENCE/fights/V_739.mp4,.mp4,5.0,23.0,224,224,mpeg4,115,0.3,506.2,
REAL_LIFE_VIOLENCE,all,Violence,V_74.mp4,REAL_LIFE_VIOLENCE/fights/V_74.mp4,.mp4,5.11,29.97,640,360,h264,153,0.6,987.6,
REAL_LIFE_VIOLENCE,all,Violence,V_740.mp4,REAL_LIFE_VIOLENCE/fights/V_740.mp4,.mp4,5.0,23.0,224,224,mpeg4,115,0.3,496.8,
REAL_LIFE_VIOLENCE,all,Violence,V_741.mp4,REAL_LIFE_VIOLENCE/fights/V_741.mp4,.mp4,5.0,23.0,224,224,mpeg4,115,0.33,560.8,
REAL_LIFE_VIOLENCE,all,Violence,V_742.mp4,REAL_LIFE_VIOLENCE/fights/V_742.mp4,.mp4,5.0,23.0,224,224,mpeg4,115,0.36,595.7,
REAL_LIFE_VIOLENCE,all,Violence,V_743.mp4,REAL_LIFE_VIOLENCE/fights/V_743.mp4,.mp4,4.71,29.97,640,360,h264,141,0.79,1403.4,
REAL_LIFE_VIOLENCE,all,Violence,V_744.mp4,REAL_LIFE_VIOLENCE/fights/V_744.mp4,.mp4,4.9,29.97,640,360,h264,147,0.82,1406.3,
REAL_LIFE_VIOLENCE,all,Violence,V_745.mp4,REAL_LIFE_VIOLENCE/fights/V_745.mp4,.mp4,5.51,29.97,640,360,h264,165,1.0,1521.8,
REAL_LIFE_VIOLENCE,all,Violence,V_746.mp4,REAL_LIFE_VIOLENCE/fights/V_746.mp4,.mp4,4.82,29.97,640,360,h264,144,0.85,1476.5,
REAL_LIFE_VIOLENCE,all,Violence,V_747.mp4,REAL_LIFE_VIOLENCE/fights/V_747.mp4,.mp4,4.52,29.97,640,360,h264,135,0.72,1343.4,
REAL_LIFE_VIOLENCE,all,Violence,V_748.mp4,REAL_LIFE_VIOLENCE/fights/V_748.mp4,.mp4,5.01,29.97,640,360,h264,150,0.97,1618.2,
REAL_LIFE_VIOLENCE,all,Violence,V_749.mp4,REAL_LIFE_VIOLENCE/fights/V_749.mp4,.mp4,4.62,29.97,1280,720,h264,138,2.08,3777.7,
REAL_LIFE_VIOLENCE,all,Violence,V_75.mp4,REAL_LIFE_VIOLENCE/fights/V_75.mp4,.mp4,5.0,29.97,640,360,h264,150,0.5,837.5,
REAL_LIFE_VIOLENCE,all,Violence,V_750.mp4,REAL_LIFE_VIOLENCE/fights/V_750.mp4,.mp4,4.91,29.97,1280,720,h264,147,2.75,4694.4,
REAL_LIFE_VIOLENCE,all,Violence,V_751.mp4,REAL_LIFE_VIOLENCE/fights/V_751.mp4,.mp4,4.52,29.97,1280,720,h264,135,2.86,5311.5,
REAL_LIFE_VIOLENCE,all,Violence,V_752.mp4,REAL_LIFE_VIOLENCE/fights/V_752.mp4,.mp4,4.21,29.97,1280,720,h264,126,2.3,4578.7,
REAL_LIFE_VIOLENCE,all,Violence,V_753.mp4,REAL_LIFE_VIOLENCE/fights/V_753.mp4,.mp4,4.8,29.97,1280,720,h264,144,2.34,4082.5,
REAL_LIFE_VIOLENCE,all,Violence,V_754.mp4,REAL_LIFE_VIOLENCE/fights/V_754.mp4,.mp4,4.32,29.97,1280,720,h264,129,2.24,4348.8,
REAL_LIFE_VIOLENCE,all,Violence,V_755.mp4,REAL_LIFE_VIOLENCE/fights/V_755.mp4,.mp4,4.21,29.97,1280,720,h264,126,2.05,4091.5,
REAL_LIFE_VIOLENCE,all,Violence,V_756.mp4,REAL_LIFE_VIOLENCE/fights/V_756.mp4,.mp4,4.11,29.97,1280,720,h264,123,1.97,4016.0,
REAL_LIFE_VIOLENCE,all,Violence,V_757.mp4,REAL_LIFE_VIOLENCE/fights/V_757.mp4,.mp4,3.82,29.97,1280,720,h264,114,1.76,3868.2,
REAL_LIFE_VIOLENCE,all,Violence,V_758.mp4,REAL_LIFE_VIOLENCE/fights/V_758.mp4,.mp4,4.4,29.97,1280,720,h264,132,2.14,4076.5,
REAL_LIFE_VIOLENCE,all,Violence,V_759.mp4,REAL_LIFE_VIOLENCE/fights/V_759.mp4,.mp4,3.92,29.97,1280,720,h264,117,2.6,5559.5,
REAL_LIFE_VIOLENCE,all,Violence,V_76.mp4,REAL_LIFE_VIOLENCE/fights/V_76.mp4,.mp4,5.02,29.97,640,360,h264,150,0.5,839.5,
REAL_LIFE_VIOLENCE,all,Violence,V_760.mp4,REAL_LIFE_VIOLENCE/fights/V_760.mp4,.mp4,4.1,29.97,1280,720,h264,123,2.48,5068.7,
REAL_LIFE_VIOLENCE,all,Violence,V_761.mp4,REAL_LIFE_VIOLENCE/fights/V_761.mp4,.mp4,4.2,29.97,1280,720,h264,126,2.68,5356.9,
REAL_LIFE_VIOLENCE,all,Violence,V_762.mp4,REAL_LIFE_VIOLENCE/fights/V_762.mp4,.mp4,3.81,29.97,1280,720,h264,114,2.44,5380.0,
REAL_LIFE_VIOLENCE,all,Violence,V_763.mp4,REAL_LIFE_VIOLENCE/fights/V_763.mp4,.mp4,4.31,29.97,1280,720,h264,129,2.32,4521.0,
REAL_LIFE_VIOLENCE,all,Violence,V_764.mp4,REAL_LIFE_VIOLENCE/fights/V_764.mp4,.mp4,4.1,29.97,1280,720,h264,123,2.15,4398.1,
REAL_LIFE_VIOLENCE,all,Violence,V_765.mp4,REAL_LIFE_VIOLENCE/fights/V_765.mp4,.mp4,4.3,29.97,1280,720,h264,129,2.34,4569.1,
REAL_LIFE_VIOLENCE,all,Violence,V_766.mp4,REAL_LIFE_VIOLENCE/fights/V_766.mp4,.mp4,4.1,29.97,1280,720,h264,123,2.18,4452.8,
REAL_LIFE_VIOLENCE,all,Violence,V_767.mp4,REAL_LIFE_VIOLENCE/fights/V_767.mp4,.mp4,4.31,29.97,1280,720,h264,129,1.85,3600.9,
REAL_LIFE_VIOLENCE,all,Violence,V_768.mp4,REAL_LIFE_VIOLENCE/fights/V_768.mp4,.mp4,5.12,30.0,716,720,h264,153,1.14,1865.6,
REAL_LIFE_VIOLENCE,all,Violence,V_769.mp4,REAL_LIFE_VIOLENCE/fights/V_769.mp4,.mp4,5.9,30.0,716,720,h264,177,1.64,2327.5,
REAL_LIFE_VIOLENCE,all,Violence,V_77.mp4,REAL_LIFE_VIOLENCE/fights/V_77.mp4,.mp4,5.11,29.97,640,360,h264,153,0.55,905.2,
REAL_LIFE_VIOLENCE,all,Violence,V_770.mp4,REAL_LIFE_VIOLENCE/fights/V_770.mp4,.mp4,4.61,30.0,724,720,h264,138,1.15,2083.8,
REAL_LIFE_VIOLENCE,all,Violence,V_771.mp4,REAL_LIFE_VIOLENCE/fights/V_771.mp4,.mp4,5.41,30.0,724,720,h264,162,1.4,2163.0,
REAL_LIFE_VIOLENCE,all,Violence,V_772.mp4,REAL_LIFE_VIOLENCE/fights/V_772.mp4,.mp4,4.01,30.0,724,668,h264,120,0.8,1675.6,
REAL_LIFE_VIOLENCE,all,Violence,V_773.mp4,REAL_LIFE_VIOLENCE/fights/V_773.mp4,.mp4,5.02,30.0,724,668,h264,150,1.07,1791.3,
REAL_LIFE_VIOLENCE,all,Violence,V_774.mp4,REAL_LIFE_VIOLENCE/fights/V_774.mp4,.mp4,4.81,30.0,724,668,h264,144,0.87,1516.3,
REAL_LIFE_VIOLENCE,all,Violence,V_775.mp4,REAL_LIFE_VIOLENCE/fights/V_775.mp4,.mp4,4.81,30.0,724,720,h264,144,1.38,2401.8,
REAL_LIFE_VIOLENCE,all,Violence,V_776.mp4,REAL_LIFE_VIOLENCE/fights/V_776.mp4,.mp4,5.11,30.0,724,720,h264,153,1.54,2528.0,
REAL_LIFE_VIOLENCE,all,Violence,V_777.mp4,REAL_LIFE_VIOLENCE/fights/V_777.mp4,.mp4,4.01,30.0,724,720,h264,120,1.11,2315.0,
REAL_LIFE_VIOLENCE,all,Violence,V_778.mp4,REAL_LIFE_VIOLENCE/fights/V_778.mp4,.mp4,4.8,30.0,406,720,h264,144,1.08,1891.3,
REAL_LIFE_VIOLENCE,all,Violence,V_779.mp4,REAL_LIFE_VIOLENCE/fights/V_779.mp4,.mp4,5.51,30.0,728,720,h264,165,1.41,2150.2,
REAL_LIFE_VIOLENCE,all,Violence,V_78.mp4,REAL_LIFE_VIOLENCE/fights/V_78.mp4,.mp4,5.02,29.97,640,360,h264,150,0.47,777.8,
REAL_LIFE_VIOLENCE,all,Violence,V_780.mp4,REAL_LIFE_VIOLENCE/fights/V_780.mp4,.mp4,4.62,30.0,728,720,h264,138,1.32,2402.2,
REAL_LIFE_VIOLENCE,all,Violence,V_781.mp4,REAL_LIFE_VIOLENCE/fights/V_781.mp4,.mp4,4.92,30.0,716,720,h264,147,1.26,2140.2,
REAL_LIFE_VIOLENCE,all,Violence,V_782.mp4,REAL_LIFE_VIOLENCE/fights/V_782.mp4,.mp4,5.21,30.0,716,720,h264,156,1.14,1840.6,
REAL_LIFE_VIOLENCE,all,Violence,V_783.mp4,REAL_LIFE_VIOLENCE/fights/V_783.mp4,.mp4,4.61,30.0,716,720,h264,138,0.87,1580.1,
REAL_LIFE_VIOLENCE,all,Violence,V_784.mp4,REAL_LIFE_VIOLENCE/fights/V_784.mp4,.mp4,4.42,30.0,650,482,h264,132,0.48,914.1,
REAL_LIFE_VIOLENCE,all,Violence,V_785.mp4,REAL_LIFE_VIOLENCE/fights/V_785.mp4,.mp4,5.4,30.0,650,482,h264,162,0.75,1158.3,
REAL_LIFE_VIOLENCE,all,Violence,V_786.mp4,REAL_LIFE_VIOLENCE/fights/V_786.mp4,.mp4,5.5,30.0,650,504,h264,165,0.72,1103.6,
REAL_LIFE_VIOLENCE,all,Violence,V_787.mp4,REAL_LIFE_VIOLENCE/fights/V_787.mp4,.mp4,5.2,30.0,650,504,h264,156,0.72,1162.9,
REAL_LIFE_VIOLENCE,all,Violence,V_788.mp4,REAL_LIFE_VIOLENCE/fights/V_788.mp4,.mp4,4.41,30.0,716,720,h264,132,1.52,2900.0,
REAL_LIFE_VIOLENCE,all,Violence,V_789.mp4,REAL_LIFE_VIOLENCE/fights/V_789.mp4,.mp4,375.75,30.0,1280,720,h264,11272,30.85,688.8,
REAL_LIFE_VIOLENCE,all,Violence,V_79.mp4,REAL_LIFE_VIOLENCE/fights/V_79.mp4,.mp4,3.62,29.97,640,360,h264,108,0.42,966.6,
REAL_LIFE_VIOLENCE,all,Violence,V_790.mp4,REAL_LIFE_VIOLENCE/fights/V_790.mp4,.mp4,5.6,24.27,394,548,h264,136,0.64,953.5,
REAL_LIFE_VIOLENCE,all,Violence,V_791.mp4,REAL_LIFE_VIOLENCE/fights/V_791.mp4,.mp4,5.03,24.27,402,546,h264,122,0.54,904.6,
REAL_LIFE_VIOLENCE,all,Violence,V_792.mp4,REAL_LIFE_VIOLENCE/fights/V_792.mp4,.mp4,5.03,24.27,400,546,h264,122,0.59,988.9,
REAL_LIFE_VIOLENCE,all,Violence,V_793.mp4,REAL_LIFE_VIOLENCE/fights/V_793.mp4,.mp4,4.12,24.27,400,546,h264,100,0.31,639.4,
REAL_LIFE_VIOLENCE,all,Violence,V_794.mp4,REAL_LIFE_VIOLENCE/fights/V_794.mp4,.mp4,4.41,24.27,1280,546,h264,107,0.68,1286.9,
REAL_LIFE_VIOLENCE,all,Violence,V_795.mp4,REAL_LIFE_VIOLENCE/fights/V_795.mp4,.mp4,5.93,24.27,804,546,h264,144,0.63,893.3,
REAL_LIFE_VIOLENCE,all,Violence,V_796.mp4,REAL_LIFE_VIOLENCE/fights/V_796.mp4,.mp4,4.9,24.27,474,302,h264,119,0.3,516.6,
REAL_LIFE_VIOLENCE,all,Violence,V_797.mp4,REAL_LIFE_VIOLENCE/fights/V_797.mp4,.mp4,5.03,24.27,1280,546,h264,122,0.78,1304.7,
REAL_LIFE_VIOLENCE,all,Violence,V_798.mp4,REAL_LIFE_VIOLENCE/fights/V_798.mp4,.mp4,5.11,24.27,1280,546,h264,124,0.83,1362.3,
REAL_LIFE_VIOLENCE,all,Violence,V_799.mp4,REAL_LIFE_VIOLENCE/fights/V_799.mp4,.mp4,4.82,24.27,804,546,h264,117,0.55,949.1,
REAL_LIFE_VIOLENCE,all,Violence,V_8.mp4,REAL_LIFE_VIOLENCE/fights/V_8.mp4,.mp4,5.35,50.0,1920,1080,h264,85,13.83,21660.5,
REAL_LIFE_VIOLENCE,all,Violence,V_80.mp4,REAL_LIFE_VIOLENCE/fights/V_80.mp4,.mp4,5.11,29.97,640,360,h264,153,0.51,829.2,
REAL_LIFE_VIOLENCE,all,Violence,V_800.mp4,REAL_LIFE_VIOLENCE/fights/V_800.mp4,.mp4,5.1,30.0,406,536,h264,153,0.59,965.1,
REAL_LIFE_VIOLENCE,all,Violence,V_801.mp4,REAL_LIFE_VIOLENCE/fights/V_801.mp4,.mp4,5.02,30.0,416,548,h264,150,0.56,935.1,
REAL_LIFE_VIOLENCE,all,Violence,V_802.mp4,REAL_LIFE_VIOLENCE/fights/V_802.mp4,.mp4,6.11,30.0,406,530,h264,183,0.78,1065.2,
REAL_LIFE_VIOLENCE,all,Violence,V_803.mp4,REAL_LIFE_VIOLENCE/fights/V_803.mp4,.mp4,5.11,30.0,406,530,h264,153,0.71,1163.9,
REAL_LIFE_VIOLENCE,all,Violence,V_804.mp4,REAL_LIFE_VIOLENCE/fights/V_804.mp4,.mp4,4.81,30.0,406,530,h264,144,0.52,907.4,
REAL_LIFE_VIOLENCE,all,Violence,V_805.mp4,REAL_LIFE_VIOLENCE/fights/V_805.mp4,.mp4,5.12,30.0,406,664,h264,153,0.75,1222.8,
REAL_LIFE_VIOLENCE,all,Violence,V_806.mp4,REAL_LIFE_VIOLENCE/fights/V_806.mp4,.mp4,5.11,30.0,406,664,h264,153,0.68,1114.6,
REAL_LIFE_VIOLENCE,all,Violence,V_807.mp4,REAL_LIFE_VIOLENCE/fights/V_807.mp4,.mp4,4.82,30.0,406,614,h264,144,0.53,924.8,
REAL_LIFE_VIOLENCE,all,Violence,V_808.mp4,REAL_LIFE_VIOLENCE/fights/V_808.mp4,.mp4,5.81,30.0,406,614,h264,174,0.72,1035.4,
REAL_LIFE_VIOLENCE,all,Violence,V_809.mp4,REAL_LIFE_VIOLENCE/fights/V_809.mp4,.mp4,5.11,30.0,406,614,h264,153,0.5,815.2,
REAL_LIFE_VIOLENCE,all,Violence,V_81.mp4,REAL_LIFE_VIOLENCE/fights/V_81.mp4,.mp4,5.11,29.97,640,360,h264,153,0.56,921.3,
REAL_LIFE_VIOLENCE,all,Violence,V_810.mp4,REAL_LIFE_VIOLENCE/fights/V_810.mp4,.mp4,5.41,30.0,406,536,h264,162,0.62,958.9,
REAL_LIFE_VIOLENCE,all,Violence,V_811.mp4,REAL_LIFE_VIOLENCE/fights/V_811.mp4,.mp4,4.11,30.0,1070,548,h264,123,0.8,1639.3,
REAL_LIFE_VIOLENCE,all,Violence,V_812.mp4,REAL_LIFE_VIOLENCE/fights/V_812.mp4,.mp4,4.41,30.0,406,536,h264,132,0.26,495.3,
REAL_LIFE_VIOLENCE,all,Violence,V_813.mp4,REAL_LIFE_VIOLENCE/fights/V_813.mp4,.mp4,5.62,30.0,406,536,h264,168,0.49,726.9,
REAL_LIFE_VIOLENCE,all,Violence,V_814.mp4,REAL_LIFE_VIOLENCE/fights/V_814.mp4,.mp4,4.71,30.0,406,536,h264,141,0.49,863.7,
REAL_LIFE_VIOLENCE,all,Violence,V_815.mp4,REAL_LIFE_VIOLENCE/fights/V_815.mp4,.mp4,4.81,30.0,406,536,h264,144,0.6,1054.0,
REAL_LIFE_VIOLENCE,all,Violence,V_816.mp4,REAL_LIFE_VIOLENCE/fights/V_816.mp4,.mp4,4.81,30.0,406,720,h264,144,0.58,1014.9,
REAL_LIFE_VIOLENCE,all,Violence,V_817.mp4,REAL_LIFE_VIOLENCE/fights/V_817.mp4,.mp4,5.61,30.0,406,720,h264,168,0.73,1086.6,
REAL_LIFE_VIOLENCE,all,Violence,V_818.mp4,REAL_LIFE_VIOLENCE/fights/V_818.mp4,.mp4,4.11,30.0,406,530,h264,123,0.32,645.9,
REAL_LIFE_VIOLENCE,all,Violence,V_819.mp4,REAL_LIFE_VIOLENCE/fights/V_819.mp4,.mp4,5.22,30.0,406,700,h264,156,0.7,1130.6,
REAL_LIFE_VIOLENCE,all,Violence,V_82.mp4,REAL_LIFE_VIOLENCE/fights/V_82.mp4,.mp4,5.41,29.97,640,360,h264,162,0.56,872.2,
REAL_LIFE_VIOLENCE,all,Violence,V_820.mp4,REAL_LIFE_VIOLENCE/fights/V_820.mp4,.mp4,4.81,30.0,424,608,h264,144,0.65,1132.4,
REAL_LIFE_VIOLENCE,all,Violence,V_821.mp4,REAL_LIFE_VIOLENCE/fights/V_821.mp4,.mp4,4.82,30.0,424,512,h264,144,0.7,1215.2,
REAL_LIFE_VIOLENCE,all,Violence,V_822.mp4,REAL_LIFE_VIOLENCE/fights/V_822.mp4,.mp4,4.22,30.0,424,512,h264,126,0.66,1304.6,
REAL_LIFE_VIOLENCE,all,Violence,V_823.mp4,REAL_LIFE_VIOLENCE/fights/V_823.mp4,.mp4,4.92,30.0,976,600,h264,147,1.12,1907.2,
REAL_LIFE_VIOLENCE,all,Violence,V_824.mp4,REAL_LIFE_VIOLENCE/fights/V_824.mp4,.mp4,4.91,30.0,976,600,h264,147,0.94,1602.9,
REAL_LIFE_VIOLENCE,all,Violence,V_825.mp4,REAL_LIFE_VIOLENCE/fights/V_825.mp4,.mp4,6.11,30.0,352,600,h264,183,0.69,940.6,
REAL_LIFE_VIOLENCE,all,Violence,V_826.mp4,REAL_LIFE_VIOLENCE/fights/V_826.mp4,.mp4,4.2,30.0,406,600,h264,126,0.55,1108.2,
REAL_LIFE_VIOLENCE,all,Violence,V_827.mp4,REAL_LIFE_VIOLENCE/fights/V_827.mp4,.mp4,4.8,30.0,416,548,h264,144,0.77,1346.2,
REAL_LIFE_VIOLENCE,all,Violence,V_828.mp4,REAL_LIFE_VIOLENCE/fights/V_828.mp4,.mp4,4.7,29.97,608,1080,h264,141,1.63,2899.6,
REAL_LIFE_VIOLENCE,all,Violence,V_829.mp4,REAL_LIFE_VIOLENCE/fights/V_829.mp4,.mp4,5.0,30.0,640,644,h264,150,0.8,1342.2,
REAL_LIFE_VIOLENCE,all,Violence,V_83.mp4,REAL_LIFE_VIOLENCE/fights/V_83.mp4,.mp4,5.11,29.97,640,360,h264,153,0.77,1265.5,
REAL_LIFE_VIOLENCE,all,Violence,V_830.mp4,REAL_LIFE_VIOLENCE/fights/V_830.mp4,.mp4,5.0,30.0,720,720,h264,150,0.93,1552.4,
REAL_LIFE_VIOLENCE,all,Violence,V_831.mp4,REAL_LIFE_VIOLENCE/fights/V_831.mp4,.mp4,5.2,30.0,614,714,h264,156,0.89,1440.8,
REAL_LIFE_VIOLENCE,all,Violence,V_832.mp4,REAL_LIFE_VIOLENCE/fights/V_832.mp4,.mp4,5.0,30.0,728,714,h264,150,1.37,2299.3,
REAL_LIFE_VIOLENCE,all,Violence,V_833.mp4,REAL_LIFE_VIOLENCE/fights/V_833.mp4,.mp4,5.1,30.0,728,714,h264,153,1.04,1712.1,
REAL_LIFE_VIOLENCE,all,Violence,V_834.mp4,REAL_LIFE_VIOLENCE/fights/V_834.mp4,.mp4,5.0,30.0,718,714,h264,150,0.68,1135.1,
REAL_LIFE_VIOLENCE,all,Violence,V_835.mp4,REAL_LIFE_VIOLENCE/fights/V_835.mp4,.mp4,5.0,30.0,526,714,h264,150,0.5,846.8,
REAL_LIFE_VIOLENCE,all,Violence,V_836.mp4,REAL_LIFE_VIOLENCE/fights/V_836.mp4,.mp4,5.0,30.0,822,714,h264,150,1.05,1763.3,
REAL_LIFE_VIOLENCE,all,Violence,V_837.mp4,REAL_LIFE_VIOLENCE/fights/V_837.mp4,.mp4,4.2,30.0,724,714,h264,126,0.82,1628.4,
REAL_LIFE_VIOLENCE,all,Violence,V_838.mp4,REAL_LIFE_VIOLENCE/fights/V_838.mp4,.mp4,5.1,30.0,724,714,h264,153,0.95,1556.9,
REAL_LIFE_VIOLENCE,all,Violence,V_839.mp4,REAL_LIFE_VIOLENCE/fights/V_839.mp4,.mp4,5.0,30.0,834,714,h264,150,1.21,2036.2,
REAL_LIFE_VIOLENCE,all,Violence,V_84.mp4,REAL_LIFE_VIOLENCE/fights/V_84.mp4,.mp4,5.0,29.97,640,360,h264,150,0.33,560.6,
REAL_LIFE_VIOLENCE,all,Violence,V_840.mp4,REAL_LIFE_VIOLENCE/fights/V_840.mp4,.mp4,5.0,30.0,834,714,h264,150,1.02,1710.2,
REAL_LIFE_VIOLENCE,all,Violence,V_841.mp4,REAL_LIFE_VIOLENCE/fights/V_841.mp4,.mp4,5.0,30.0,400,510,h264,150,0.4,671.5,
REAL_LIFE_VIOLENCE,all,Violence,V_842.mp4,REAL_LIFE_VIOLENCE/fights/V_842.mp4,.mp4,4.4,30.0,644,714,h264,132,0.6,1153.0,
REAL_LIFE_VIOLENCE,all,Violence,V_843.mp4,REAL_LIFE_VIOLENCE/fights/V_843.mp4,.mp4,5.0,30.0,644,714,h264,150,0.72,1207.1,
REAL_LIFE_VIOLENCE,all,Violence,V_844.mp4,REAL_LIFE_VIOLENCE/fights/V_844.mp4,.mp4,5.2,30.0,670,692,h264,156,0.46,745.7,
REAL_LIFE_VIOLENCE,all,Violence,V_845.mp4,REAL_LIFE_VIOLENCE/fights/V_845.mp4,.mp4,5.0,30.0,670,692,h264,150,0.62,1037.6,
REAL_LIFE_VIOLENCE,all,Violence,V_846.mp4,REAL_LIFE_VIOLENCE/fights/V_846.mp4,.mp4,5.0,30.0,926,472,h264,150,0.53,890.3,
REAL_LIFE_VIOLENCE,all,Violence,V_847.mp4,REAL_LIFE_VIOLENCE/fights/V_847.mp4,.mp4,4.4,30.0,1280,720,h264,132,0.75,1430.7,
REAL_LIFE_VIOLENCE,all,Violence,V_848.mp4,REAL_LIFE_VIOLENCE/fights/V_848.mp4,.mp4,3.7,30.0,744,714,h264,111,0.73,1651.5,
REAL_LIFE_VIOLENCE,all,Violence,V_849.mp4,REAL_LIFE_VIOLENCE/fights/V_849.mp4,.mp4,4.5,30.0,614,604,h264,135,0.49,905.8,
REAL_LIFE_VIOLENCE,all,Violence,V_85.mp4,REAL_LIFE_VIOLENCE/fights/V_85.mp4,.mp4,5.02,29.97,640,360,h264,150,0.34,569.2,
REAL_LIFE_VIOLENCE,all,Violence,V_850.mp4,REAL_LIFE_VIOLENCE/fights/V_850.mp4,.mp4,5.6,30.0,1280,720,h264,168,1.91,2859.7,
REAL_LIFE_VIOLENCE,all,Violence,V_851.mp4,REAL_LIFE_VIOLENCE/fights/V_851.mp4,.mp4,5.4,30.0,720,720,h264,162,0.99,1541.4,
REAL_LIFE_VIOLENCE,all,Violence,V_852.mp4,REAL_LIFE_VIOLENCE/fights/V_852.mp4,.mp4,3.9,30.0,726,670,h264,117,0.92,1977.5,
REAL_LIFE_VIOLENCE,all,Violence,V_853.mp4,REAL_LIFE_VIOLENCE/fights/V_853.mp4,.mp4,4.6,30.0,726,650,h264,138,0.71,1299.4,
REAL_LIFE_VIOLENCE,all,Violence,V_854.mp4,REAL_LIFE_VIOLENCE/fights/V_854.mp4,.mp4,4.3,30.0,726,650,h264,129,0.78,1522.6,
REAL_LIFE_VIOLENCE,all,Violence,V_855.mp4,REAL_LIFE_VIOLENCE/fights/V_855.mp4,.mp4,4.6,30.0,726,650,h264,138,0.69,1266.8,
REAL_LIFE_VIOLENCE,all,Violence,V_856.mp4,REAL_LIFE_VIOLENCE/fights/V_856.mp4,.mp4,3.9,30.0,726,650,h264,117,0.53,1146.8,
REAL_LIFE_VIOLENCE,all,Violence,V_857.mp4,REAL_LIFE_VIOLENCE/fights/V_857.mp4,.mp4,4.4,30.0,726,620,h264,132,0.82,1563.7,
REAL_LIFE_VIOLENCE,all,Violence,V_858.mp4,REAL_LIFE_VIOLENCE/fights/V_858.mp4,.mp4,4.3,30.0,714,620,h264,129,0.68,1329.8,
REAL_LIFE_VIOLENCE,all,Violence,V_859.mp4,REAL_LIFE_VIOLENCE/fights/V_859.mp4,.mp4,3.9,30.0,714,620,h264,117,0.76,1625.4,
REAL_LIFE_VIOLENCE,all,Violence,V_86.mp4,REAL_LIFE_VIOLENCE/fights/V_86.mp4,.mp4,5.01,29.97,640,360,h264,150,0.32,542.5,
REAL_LIFE_VIOLENCE,all,Violence,V_860.mp4,REAL_LIFE_VIOLENCE/fights/V_860.mp4,.mp4,4.3,30.0,714,620,h264,129,0.64,1247.3,
REAL_LIFE_VIOLENCE,all,Violence,V_861.mp4,REAL_LIFE_VIOLENCE/fights/V_861.mp4,.mp4,4.9,30.0,714,720,h264,147,1.21,2076.8,
REAL_LIFE_VIOLENCE,all,Violence,V_862.mp4,REAL_LIFE_VIOLENCE/fights/V_862.mp4,.mp4,3.9,30.0,714,720,h264,117,0.77,1652.1,
REAL_LIFE_VIOLENCE,all,Violence,V_863.mp4,REAL_LIFE_VIOLENCE/fights/V_863.mp4,.mp4,3.9,30.0,726,670,h264,117,0.87,1861.1,
REAL_LIFE_VIOLENCE,all,Violence,V_864.mp4,REAL_LIFE_VIOLENCE/fights/V_864.mp4,.mp4,4.1,30.0,714,720,h264,123,0.75,1536.7,
REAL_LIFE_VIOLENCE,all,Violence,V_865.mp4,REAL_LIFE_VIOLENCE/fights/V_865.mp4,.mp4,4.5,30.0,726,670,h264,135,1.01,1885.1,
REAL_LIFE_VIOLENCE,all,Violence,V_866.mp4,REAL_LIFE_VIOLENCE/fights/V_866.mp4,.mp4,4.1,30.0,726,670,h264,123,0.88,1808.5,
REAL_LIFE_VIOLENCE,all,Violence,V_867.mp4,REAL_LIFE_VIOLENCE/fights/V_867.mp4,.mp4,3.9,30.0,726,670,h264,117,0.99,2119.2,
REAL_LIFE_VIOLENCE,all,Violence,V_868.mp4,REAL_LIFE_VIOLENCE/fights/V_868.mp4,.mp4,4.3,30.0,726,670,h264,129,0.56,1088.4,
REAL_LIFE_VIOLENCE,all,Violence,V_869.mp4,REAL_LIFE_VIOLENCE/fights/V_869.mp4,.mp4,4.2,30.0,726,670,h264,126,0.52,1040.7,
REAL_LIFE_VIOLENCE,all,Violence,V_87.mp4,REAL_LIFE_VIOLENCE/fights/V_87.mp4,.mp4,4.0,29.97,640,360,h264,120,0.25,520.9,
REAL_LIFE_VIOLENCE,all,Violence,V_870.mp4,REAL_LIFE_VIOLENCE/fights/V_870.mp4,.mp4,3.9,30.0,726,670,h264,117,0.63,1347.9,
REAL_LIFE_VIOLENCE,all,Violence,V_871.mp4,REAL_LIFE_VIOLENCE/fights/V_871.mp4,.mp4,5.2,30.0,726,670,h264,156,0.81,1301.0,
REAL_LIFE_VIOLENCE,all,Violence,V_872.mp4,REAL_LIFE_VIOLENCE/fights/V_872.mp4,.mp4,5.3,30.0,726,670,h264,159,0.92,1449.3,
REAL_LIFE_VIOLENCE,all,Violence,V_873.mp4,REAL_LIFE_VIOLENCE/fights/V_873.mp4,.mp4,5.0,30.0,224,224,mpeg4,150,1.13,1897.9,
REAL_LIFE_VIOLENCE,all,Violence,V_874.mp4,REAL_LIFE_VIOLENCE/fights/V_874.mp4,.mp4,5.0,30.0,224,224,mpeg4,150,1.02,1716.2,
REAL_LIFE_VIOLENCE,all,Violence,V_875.mp4,REAL_LIFE_VIOLENCE/fights/V_875.mp4,.mp4,5.0,30.0,224,224,mpeg4,150,1.17,1968.3,
REAL_LIFE_VIOLENCE,all,Violence,V_876.mp4,REAL_LIFE_VIOLENCE/fights/V_876.mp4,.mp4,5.0,30.0,224,224,mpeg4,150,1.06,1770.6,
REAL_LIFE_VIOLENCE,all,Violence,V_877.mp4,REAL_LIFE_VIOLENCE/fights/V_877.mp4,.mp4,5.0,30.0,224,224,mpeg4,150,1.14,1918.3,
REAL_LIFE_VIOLENCE,all,Violence,V_878.mp4,REAL_LIFE_VIOLENCE/fights/V_878.mp4,.mp4,5.0,30.0,224,224,mpeg4,150,1.14,1916.1,
REAL_LIFE_VIOLENCE,all,Violence,V_879.mp4,REAL_LIFE_VIOLENCE/fights/V_879.mp4,.mp4,5.0,30.0,224,224,mpeg4,150,0.87,1462.2,
REAL_LIFE_VIOLENCE,all,Violence,V_88.mp4,REAL_LIFE_VIOLENCE/fights/V_88.mp4,.mp4,4.62,29.97,640,360,h264,138,0.77,1400.9,
REAL_LIFE_VIOLENCE,all,Violence,V_880.mp4,REAL_LIFE_VIOLENCE/fights/V_880.mp4,.mp4,4.31,30.0,228,296,h264,129,0.27,526.0,
REAL_LIFE_VIOLENCE,all,Violence,V_881.mp4,REAL_LIFE_VIOLENCE/fights/V_881.mp4,.mp4,5.11,30.0,288,296,h264,153,0.37,601.6,
REAL_LIFE_VIOLENCE,all,Violence,V_882.mp4,REAL_LIFE_VIOLENCE/fights/V_882.mp4,.mp4,5.02,30.0,288,296,h264,150,0.3,503.7,
REAL_LIFE_VIOLENCE,all,Violence,V_883.mp4,REAL_LIFE_VIOLENCE/fights/V_883.mp4,.mp4,5.42,30.0,228,296,h264,162,0.33,514.3,
REAL_LIFE_VIOLENCE,all,Violence,V_884.mp4,REAL_LIFE_VIOLENCE/fights/V_884.mp4,.mp4,5.12,30.0,288,296,h264,153,0.34,551.4,
REAL_LIFE_VIOLENCE,all,Violence,V_885.mp4,REAL_LIFE_VIOLENCE/fights/V_885.mp4,.mp4,5.11,30.0,288,296,h264,153,0.35,578.2,
REAL_LIFE_VIOLENCE,all,Violence,V_886.mp4,REAL_LIFE_VIOLENCE/fights/V_886.mp4,.mp4,5.81,29.94,202,360,h264,174,0.36,515.6,
REAL_LIFE_VIOLENCE,all,Violence,V_887.mp4,REAL_LIFE_VIOLENCE/fights/V_887.mp4,.mp4,4.01,30.0,136,240,h264,120,0.18,378.1,
REAL_LIFE_VIOLENCE,all,Violence,V_888.mp4,REAL_LIFE_VIOLENCE/fights/V_888.mp4,.mp4,4.21,30.0,360,360,h264,126,0.41,818.6,
REAL_LIFE_VIOLENCE,all,Violence,V_889.mp4,REAL_LIFE_VIOLENCE/fights/V_889.mp4,.mp4,4.41,30.0,424,360,h264,132,0.37,710.1,
REAL_LIFE_VIOLENCE,all,Violence,V_89.mp4,REAL_LIFE_VIOLENCE/fights/V_89.mp4,.mp4,5.11,29.97,640,360,h264,153,0.88,1454.1,
REAL_LIFE_VIOLENCE,all,Violence,V_890.mp4,REAL_LIFE_VIOLENCE/fights/V_890.mp4,.mp4,4.51,29.47,136,240,h264,133,0.2,376.1,
REAL_LIFE_VIOLENCE,all,Violence,V_891.mp4,REAL_LIFE_VIOLENCE/fights/V_891.mp4,.mp4,4.22,29.47,136,240,h264,124,0.2,389.4,
REAL_LIFE_VIOLENCE,all,Violence,V_892.mp4,REAL_LIFE_VIOLENCE/fights/V_892.mp4,.mp4,4.72,29.47,136,240,h264,139,0.21,381.2,
REAL_LIFE_VIOLENCE,all,Violence,V_893.mp4,REAL_LIFE_VIOLENCE/fights/V_893.mp4,.mp4,3.63,29.47,136,240,h264,107,0.13,301.4,
REAL_LIFE_VIOLENCE,all,Violence,V_894.mp4,REAL_LIFE_VIOLENCE/fights/V_894.mp4,.mp4,4.81,29.0,360,360,h264,139,0.41,711.7,
REAL_LIFE_VIOLENCE,all,Violence,V_895.mp4,REAL_LIFE_VIOLENCE/fights/V_895.mp4,.mp4,4.1,29.0,360,360,h264,119,0.36,743.2,
REAL_LIFE_VIOLENCE,all,Violence,V_896.mp4,REAL_LIFE_VIOLENCE/fights/V_896.mp4,.mp4,4.31,29.0,360,360,h264,125,0.46,889.8,
REAL_LIFE_VIOLENCE,all,Violence,V_897.mp4,REAL_LIFE_VIOLENCE/fights/V_897.mp4,.mp4,4.21,29.0,360,360,h264,122,0.37,729.6,
REAL_LIFE_VIOLENCE,all,Violence,V_898.mp4,REAL_LIFE_VIOLENCE/fights/V_898.mp4,.mp4,4.31,29.97,288,360,h264,129,0.3,585.1,
REAL_LIFE_VIOLENCE,all,Violence,V_899.mp4,REAL_LIFE_VIOLENCE/fights/V_899.mp4,.mp4,5.81,29.97,288,360,h264,174,0.39,558.0,
REAL_LIFE_VIOLENCE,all,Violence,V_9.mp4,REAL_LIFE_VIOLENCE/fights/V_9.mp4,.mp4,7.2,16.67,1920,1080,h264,120,4.83,5628.3,
REAL_LIFE_VIOLENCE,all,Violence,V_90.mp4,REAL_LIFE_VIOLENCE/fights/V_90.mp4,.mp4,5.0,29.97,640,360,h264,150,0.51,848.6,
REAL_LIFE_VIOLENCE,all,Violence,V_900.mp4,REAL_LIFE_VIOLENCE/fights/V_900.mp4,.mp4,4.22,29.97,288,360,h264,126,0.28,547.0,
REAL_LIFE_VIOLENCE,all,Violence,V_901.mp4,REAL_LIFE_VIOLENCE/fights/V_901.mp4,.mp4,5.02,29.97,288,360,h264,150,0.32,531.0,
REAL_LIFE_VIOLENCE,all,Violence,V_902.mp4,REAL_LIFE_VIOLENCE/fights/V_902.mp4,.mp4,6.01,29.97,288,360,h264,180,0.31,437.9,
REAL_LIFE_VIOLENCE,all,Violence,V_903.mp4,REAL_LIFE_VIOLENCE/fights/V_903.mp4,.mp4,4.92,30.0,202,360,h264,147,0.39,670.6,
REAL_LIFE_VIOLENCE,all,Violence,V_904.mp4,REAL_LIFE_VIOLENCE/fights/V_904.mp4,.mp4,5.51,30.0,360,360,h264,165,0.52,795.9,
REAL_LIFE_VIOLENCE,all,Violence,V_905.mp4,REAL_LIFE_VIOLENCE/fights/V_905.mp4,.mp4,4.52,30.0,360,360,h264,135,0.39,728.1,
REAL_LIFE_VIOLENCE,all,Violence,V_906.mp4,REAL_LIFE_VIOLENCE/fights/V_906.mp4,.mp4,4.31,30.0,360,360,h264,129,0.45,870.5,
REAL_LIFE_VIOLENCE,all,Violence,V_907.mp4,REAL_LIFE_VIOLENCE/fights/V_907.mp4,.mp4,5.41,30.0,136,240,h264,162,0.29,443.1,
REAL_LIFE_VIOLENCE,all,Violence,V_908.mp4,REAL_LIFE_VIOLENCE/fights/V_908.mp4,.mp4,4.71,30.0,136,240,h264,141,0.22,398.4,
REAL_LIFE_VIOLENCE,all,Violence,V_909.mp4,REAL_LIFE_VIOLENCE/fights/V_909.mp4,.mp4,3.41,30.0,288,360,h264,102,0.3,740.5,
REAL_LIFE_VIOLENCE,all,Violence,V_91.mp4,REAL_LIFE_VIOLENCE/fights/V_91.mp4,.mp4,5.02,29.97,640,360,h264,150,0.48,806.0,
REAL_LIFE_VIOLENCE,all,Violence,V_910.mp4,REAL_LIFE_VIOLENCE/fights/V_910.mp4,.mp4,4.52,29.0,360,360,h264,131,0.37,688.8,
REAL_LIFE_VIOLENCE,all,Violence,V_911.mp4,REAL_LIFE_VIOLENCE/fights/V_911.mp4,.mp4,4.72,29.0,360,360,h264,137,0.39,684.9,
REAL_LIFE_VIOLENCE,all,Violence,V_912.mp4,REAL_LIFE_VIOLENCE/fights/V_912.mp4,.mp4,4.22,29.0,360,360,h264,122,0.39,768.0,
REAL_LIFE_VIOLENCE,all,Violence,V_913.mp4,REAL_LIFE_VIOLENCE/fights/V_913.mp4,.mp4,4.8,29.97,198,360,h264,144,0.34,585.3,
REAL_LIFE_VIOLENCE,all,Violence,V_914.mp4,REAL_LIFE_VIOLENCE/fights/V_914.mp4,.mp4,5.21,29.97,198,360,h264,156,0.39,619.4,
REAL_LIFE_VIOLENCE,all,Violence,V_915.mp4,REAL_LIFE_VIOLENCE/fights/V_915.mp4,.mp4,4.7,29.97,198,360,h264,141,0.32,571.6,
REAL_LIFE_VIOLENCE,all,Violence,V_916.mp4,REAL_LIFE_VIOLENCE/fights/V_916.mp4,.mp4,5.01,29.97,198,360,h264,150,0.37,612.4,
REAL_LIFE_VIOLENCE,all,Violence,V_917.mp4,REAL_LIFE_VIOLENCE/fights/V_917.mp4,.mp4,4.63,24.16,202,360,h264,112,0.29,524.5,
REAL_LIFE_VIOLENCE,all,Violence,V_918.mp4,REAL_LIFE_VIOLENCE/fights/V_918.mp4,.mp4,4.63,24.16,202,360,h264,112,0.28,507.9,
REAL_LIFE_VIOLENCE,all,Violence,V_919.mp4,REAL_LIFE_VIOLENCE/fights/V_919.mp4,.mp4,4.21,30.0,288,360,h264,126,0.42,837.0,
REAL_LIFE_VIOLENCE,all,Violence,V_92.mp4,REAL_LIFE_VIOLENCE/fights/V_92.mp4,.mp4,5.01,29.97,640,360,h264,150,0.6,1008.3,
REAL_LIFE_VIOLENCE,all,Violence,V_920.mp4,REAL_LIFE_VIOLENCE/fights/V_920.mp4,.mp4,4.63,24.16,202,360,h264,112,0.27,492.5,
REAL_LIFE_VIOLENCE,all,Violence,V_921.mp4,REAL_LIFE_VIOLENCE/fights/V_921.mp4,.mp4,4.43,24.16,202,360,h264,107,0.25,465.7,
REAL_LIFE_VIOLENCE,all,Violence,V_922.mp4,REAL_LIFE_VIOLENCE/fights/V_922.mp4,.mp4,5.34,24.16,202,360,h264,129,0.29,458.0,
REAL_LIFE_VIOLENCE,all,Violence,V_923.mp4,REAL_LIFE_VIOLENCE/fights/V_923.mp4,.mp4,4.92,30.0,424,360,h264,147,0.59,1003.0,
REAL_LIFE_VIOLENCE,all,Violence,V_924.mp4,REAL_LIFE_VIOLENCE/fights/V_924.mp4,.mp4,4.81,30.0,424,360,h264,144,0.54,941.7,
REAL_LIFE_VIOLENCE,all,Violence,V_925.mp4,REAL_LIFE_VIOLENCE/fights/V_925.mp4,.mp4,5.42,30.0,424,360,h264,162,0.56,866.8,
REAL_LIFE_VIOLENCE,all,Violence,V_926.mp4,REAL_LIFE_VIOLENCE/fights/V_926.mp4,.mp4,4.21,30.0,424,360,h264,126,0.38,763.1,
REAL_LIFE_VIOLENCE,all,Violence,V_927.mp4,REAL_LIFE_VIOLENCE/fights/V_927.mp4,.mp4,4.41,30.0,424,360,h264,132,0.35,661.6,
REAL_LIFE_VIOLENCE,all,Violence,V_928.mp4,REAL_LIFE_VIOLENCE/fights/V_928.mp4,.mp4,5.02,30.0,360,360,h264,150,0.49,811.2,
REAL_LIFE_VIOLENCE,all,Violence,V_929.mp4,REAL_LIFE_VIOLENCE/fights/V_929.mp4,.mp4,5.12,29.91,198,360,h264,153,0.32,522.9,
REAL_LIFE_VIOLENCE,all,Violence,V_93.mp4,REAL_LIFE_VIOLENCE/fights/V_93.mp4,.mp4,5.12,29.97,1280,720,h264,153,1.11,1823.8,
REAL_LIFE_VIOLENCE,all,Violence,V_930.mp4,REAL_LIFE_VIOLENCE/fights/V_930.mp4,.mp4,6.32,30.0,640,360,h264,189,0.42,563.5,
REAL_LIFE_VIOLENCE,all,Violence,V_931.mp4,REAL_LIFE_VIOLENCE/fights/V_931.mp4,.mp4,5.42,29.91,198,360,h264,162,0.28,440.1,
REAL_LIFE_VIOLENCE,all,Violence,V_932.mp4,REAL_LIFE_VIOLENCE/fights/V_932.mp4,.mp4,5.1,30.0,288,360,h264,153,0.4,664.3,
REAL_LIFE_VIOLENCE,all,Violence,V_933.mp4,REAL_LIFE_VIOLENCE/fights/V_933.mp4,.mp4,4.92,30.0,288,360,h264,147,0.35,600.2,
REAL_LIFE_VIOLENCE,all,Violence,V_934.mp4,REAL_LIFE_VIOLENCE/fights/V_934.mp4,.mp4,4.52,30.0,288,360,h264,135,0.37,692.9,
REAL_LIFE_VIOLENCE,all,Violence,V_935.mp4,REAL_LIFE_VIOLENCE/fights/V_935.mp4,.mp4,4.13,29.77,360,360,h264,123,0.41,823.4,
REAL_LIFE_VIOLENCE,all,Violence,V_936.mp4,REAL_LIFE_VIOLENCE/fights/V_936.mp4,.mp4,5.11,29.97,360,360,h264,153,0.42,689.9,
REAL_LIFE_VIOLENCE,all,Violence,V_937.mp4,REAL_LIFE_VIOLENCE/fights/V_937.mp4,.mp4,4.71,29.97,360,360,h264,141,0.42,743.2,
REAL_LIFE_VIOLENCE,all,Violence,V_938.mp4,REAL_LIFE_VIOLENCE/fights/V_938.mp4,.mp4,4.62,29.97,360,360,h264,138,0.43,783.2,
REAL_LIFE_VIOLENCE,all,Violence,V_939.mp4,REAL_LIFE_VIOLENCE/fights/V_939.mp4,.mp4,4.31,29.0,202,360,h264,125,0.31,608.6,
REAL_LIFE_VIOLENCE,all,Violence,V_94.mp4,REAL_LIFE_VIOLENCE/fights/V_94.mp4,.mp4,4.02,29.97,640,360,h264,120,0.52,1079.5,
REAL_LIFE_VIOLENCE,all,Violence,V_940.mp4,REAL_LIFE_VIOLENCE/fights/V_940.mp4,.mp4,5.01,29.0,202,360,h264,145,0.32,540.9,
REAL_LIFE_VIOLENCE,all,Violence,V_941.mp4,REAL_LIFE_VIOLENCE/fights/V_941.mp4,.mp4,4.93,29.0,202,360,h264,143,0.28,481.2,
REAL_LIFE_VIOLENCE,all,Violence,V_942.mp4,REAL_LIFE_VIOLENCE/fights/V_942.mp4,.mp4,5.31,29.0,202,360,h264,154,0.27,432.4,
REAL_LIFE_VIOLENCE,all,Violence,V_943.mp4,REAL_LIFE_VIOLENCE/fights/V_943.mp4,.mp4,4.72,29.0,202,360,h264,137,0.34,610.1,
REAL_LIFE_VIOLENCE,all,Violence,V_944.mp4,REAL_LIFE_VIOLENCE/fights/V_944.mp4,.mp4,4.22,29.97,360,360,h264,126,0.43,862.0,
REAL_LIFE_VIOLENCE,all,Violence,V_945.mp4,REAL_LIFE_VIOLENCE/fights/V_945.mp4,.mp4,4.5,29.97,360,360,h264,135,0.58,1084.4,
REAL_LIFE_VIOLENCE,all,Violence,V_946.mp4,REAL_LIFE_VIOLENCE/fights/V_946.mp4,.mp4,4.42,30.0,360,360,h264,132,0.49,939.8,
REAL_LIFE_VIOLENCE,all,Violence,V_947.mp4,REAL_LIFE_VIOLENCE/fights/V_947.mp4,.mp4,4.61,30.0,360,360,h264,138,0.48,882.3,
REAL_LIFE_VIOLENCE,all,Violence,V_948.mp4,REAL_LIFE_VIOLENCE/fights/V_948.mp4,.mp4,4.71,30.0,360,360,h264,141,0.44,780.2,
REAL_LIFE_VIOLENCE,all,Violence,V_949.mp4,REAL_LIFE_VIOLENCE/fights/V_949.mp4,.mp4,4.1,30.0,360,360,h264,123,0.38,770.9,
REAL_LIFE_VIOLENCE,all,Violence,V_95.mp4,REAL_LIFE_VIOLENCE/fights/V_95.mp4,.mp4,4.71,29.97,640,360,h264,141,0.48,856.5,
REAL_LIFE_VIOLENCE,all,Violence,V_950.mp4,REAL_LIFE_VIOLENCE/fights/V_950.mp4,.mp4,4.3,30.0,360,360,h264,129,0.33,647.0,
REAL_LIFE_VIOLENCE,all,Violence,V_951.mp4,REAL_LIFE_VIOLENCE/fights/V_951.mp4,.mp4,4.9,30.0,640,360,h264,147,0.37,624.9,
REAL_LIFE_VIOLENCE,all,Violence,V_952.mp4,REAL_LIFE_VIOLENCE/fights/V_952.mp4,.mp4,4.82,29.91,198,360,h264,144,0.31,539.1,
REAL_LIFE_VIOLENCE,all,Violence,V_953.mp4,REAL_LIFE_VIOLENCE/fights/V_953.mp4,.mp4,6.2,30.0,202,360,h264,186,0.46,628.1,
REAL_LIFE_VIOLENCE,all,Violence,V_954.mp4,REAL_LIFE_VIOLENCE/fights/V_954.mp4,.mp4,5.2,30.0,202,360,h264,156,0.29,471.6,
REAL_LIFE_VIOLENCE,all,Violence,V_955.mp4,REAL_LIFE_VIOLENCE/fights/V_955.mp4,.mp4,6.22,30.0,202,360,h264,186,0.31,419.7,
REAL_LIFE_VIOLENCE,all,Violence,V_956.mp4,REAL_LIFE_VIOLENCE/fights/V_956.mp4,.mp4,5.21,30.0,202,360,h264,156,0.4,636.9,
REAL_LIFE_VIOLENCE,all,Violence,V_957.mp4,REAL_LIFE_VIOLENCE/fights/V_957.mp4,.mp4,5.32,29.97,194,298,h264,159,0.28,434.3,
REAL_LIFE_VIOLENCE,all,Violence,V_958.mp4,REAL_LIFE_VIOLENCE/fights/V_958.mp4,.mp4,4.22,29.97,194,298,h264,126,0.21,424.0,
REAL_LIFE_VIOLENCE,all,Violence,V_959.mp4,REAL_LIFE_VIOLENCE/fights/V_959.mp4,.mp4,4.2,29.97,194,298,h264,126,0.28,559.5,
REAL_LIFE_VIOLENCE,all,Violence,V_96.mp4,REAL_LIFE_VIOLENCE/fights/V_96.mp4,.mp4,5.0,29.97,640,360,h264,150,0.62,1038.1,
REAL_LIFE_VIOLENCE,all,Violence,V_960.mp4,REAL_LIFE_VIOLENCE/fights/V_960.mp4,.mp4,3.8,29.97,194,298,h264,114,0.22,488.4,
REAL_LIFE_VIOLENCE,all,Violence,V_961.mp4,REAL_LIFE_VIOLENCE/fights/V_961.mp4,.mp4,4.51,29.97,194,298,h264,135,0.3,552.9,
REAL_LIFE_VIOLENCE,all,Violence,V_962.mp4,REAL_LIFE_VIOLENCE/fights/V_962.mp4,.mp4,4.71,29.97,194,298,h264,141,0.35,618.6,
REAL_LIFE_VIOLENCE,all,Violence,V_963.mp4,REAL_LIFE_VIOLENCE/fights/V_963.mp4,.mp4,5.02,29.91,198,360,h264,150,0.33,546.1,
REAL_LIFE_VIOLENCE,all,Violence,V_964.mp4,REAL_LIFE_VIOLENCE/fights/V_964.mp4,.mp4,5.01,30.0,292,360,h264,150,0.35,579.6,
REAL_LIFE_VIOLENCE,all,Violence,V_965.mp4,REAL_LIFE_VIOLENCE/fights/V_965.mp4,.mp4,5.02,30.0,406,720,h264,150,0.87,1456.0,
REAL_LIFE_VIOLENCE,all,Violence,V_966.mp4,REAL_LIFE_VIOLENCE/fights/V_966.mp4,.mp4,5.01,30.0,406,720,h264,150,1.12,1875.1,
REAL_LIFE_VIOLENCE,all,Violence,V_967.mp4,REAL_LIFE_VIOLENCE/fights/V_967.mp4,.mp4,5.0,30.0,406,720,h264,150,1.16,1949.2,
REAL_LIFE_VIOLENCE,all,Violence,V_968.mp4,REAL_LIFE_VIOLENCE/fights/V_968.mp4,.mp4,5.12,30.0,406,720,h264,153,1.08,1772.4,
REAL_LIFE_VIOLENCE,all,Violence,V_969.mp4,REAL_LIFE_VIOLENCE/fights/V_969.mp4,.mp4,5.4,30.0,406,720,h264,162,1.13,1758.9,
REAL_LIFE_VIOLENCE,all,Violence,V_97.mp4,REAL_LIFE_VIOLENCE/fights/V_97.mp4,.mp4,5.11,29.97,640,360,h264,153,0.52,858.6,
REAL_LIFE_VIOLENCE,all,Violence,V_970.mp4,REAL_LIFE_VIOLENCE/fights/V_970.mp4,.mp4,5.3,30.0,406,720,h264,159,1.17,1850.1,
REAL_LIFE_VIOLENCE,all,Violence,V_971.mp4,REAL_LIFE_VIOLENCE/fights/V_971.mp4,.mp4,5.22,30.0,406,720,h264,156,1.18,1889.8,
REAL_LIFE_VIOLENCE,all,Violence,V_972.mp4,REAL_LIFE_VIOLENCE/fights/V_972.mp4,.mp4,2.91,30.0,406,720,h264,87,0.66,1914.0,
REAL_LIFE_VIOLENCE,all,Violence,V_973.mp4,REAL_LIFE_VIOLENCE/fights/V_973.mp4,.mp4,5.01,30.0,292,360,h264,150,0.41,686.7,
REAL_LIFE_VIOLENCE,all,Violence,V_974.mp4,REAL_LIFE_VIOLENCE/fights/V_974.mp4,.mp4,5.12,30.0,292,360,h264,153,0.42,681.0,
REAL_LIFE_VIOLENCE,all,Violence,V_975.mp4,REAL_LIFE_VIOLENCE/fights/V_975.mp4,.mp4,5.02,30.0,292,360,h264,150,0.44,728.3,
REAL_LIFE_VIOLENCE,all,Violence,V_976.mp4,REAL_LIFE_VIOLENCE/fights/V_976.mp4,.mp4,5.01,30.0,406,720,h264,150,1.07,1792.5,
REAL_LIFE_VIOLENCE,all,Violence,V_977.mp4,REAL_LIFE_VIOLENCE/fights/V_977.mp4,.mp4,5.01,30.0,292,360,h264,150,0.41,685.3,
REAL_LIFE_VIOLENCE,all,Violence,V_978.mp4,REAL_LIFE_VIOLENCE/fights/V_978.mp4,.mp4,5.01,30.0,292,360,h264,150,0.31,514.5,
REAL_LIFE_VIOLENCE,all,Violence,V_979.mp4,REAL_LIFE_VIOLENCE/fights/V_979.mp4,.mp4,5.02,30.0,292,360,h264,150,0.3,497.4,
REAL_LIFE_VIOLENCE,all,Violence,V_98.mp4,REAL_LIFE_VIOLENCE/fights/V_98.mp4,.mp4,5.0,29.97,640,360,h264,150,0.57,948.5,
REAL_LIFE_VIOLENCE,all,Violence,V_980.mp4,REAL_LIFE_VIOLENCE/fights/V_980.mp4,.mp4,5.01,30.0,292,360,h264,150,0.33,549.9,
REAL_LIFE_VIOLENCE,all,Violence,V_981.mp4,REAL_LIFE_VIOLENCE/fights/V_981.mp4,.mp4,5.01,30.0,292,360,h264,150,0.32,539.7,
REAL_LIFE_VIOLENCE,all,Violence,V_982.mp4,REAL_LIFE_VIOLENCE/fights/V_982.mp4,.mp4,5.02,30.0,292,360,h264,150,0.33,556.9,
REAL_LIFE_VIOLENCE,all,Violence,V_983.mp4,REAL_LIFE_VIOLENCE/fights/V_983.mp4,.mp4,5.01,30.0,292,360,h264,150,0.33,548.8,
REAL_LIFE_VIOLENCE,all,Violence,V_984.mp4,REAL_LIFE_VIOLENCE/fights/V_984.mp4,.mp4,5.02,30.0,292,360,h264,150,0.38,633.7,
REAL_LIFE_VIOLENCE,all,Violence,V_985.mp4,REAL_LIFE_VIOLENCE/fights/V_985.mp4,.mp4,5.01,30.0,292,360,h264,150,0.34,573.8,
REAL_LIFE_VIOLENCE,all,Violence,V_986.mp4,REAL_LIFE_VIOLENCE/fights/V_986.mp4,.mp4,5.21,30.0,406,720,h264,156,1.1,1766.0,
REAL_LIFE_VIOLENCE,all,Violence,V_987.mp4,REAL_LIFE_VIOLENCE/fights/V_987.mp4,.mp4,5.01,30.0,292,360,h264,150,0.41,690.4,
REAL_LIFE_VIOLENCE,all,Violence,V_988.mp4,REAL_LIFE_VIOLENCE/fights/V_988.mp4,.mp4,5.02,30.0,292,360,h264,150,0.4,662.2,
REAL_LIFE_VIOLENCE,all,Violence,V_989.mp4,REAL_LIFE_VIOLENCE/fights/V_989.mp4,.mp4,5.02,30.0,292,360,h264,150,0.4,669.6,
REAL_LIFE_VIOLENCE,all,Violence,V_99.mp4,REAL_LIFE_VIOLENCE/fights/V_99.mp4,.mp4,5.02,29.97,640,360,h264,150,0.61,1019.3,
REAL_LIFE_VIOLENCE,all,Violence,V_990.mp4,REAL_LIFE_VIOLENCE/fights/V_990.mp4,.mp4,5.01,30.0,292,360,h264,150,0.42,709.4,
REAL_LIFE_VIOLENCE,all,Violence,V_991.mp4,REAL_LIFE_VIOLENCE/fights/V_991.mp4,.mp4,5.02,30.0,292,360,h264,150,0.33,543.3,
REAL_LIFE_VIOLENCE,all,Violence,V_992.mp4,REAL_LIFE_VIOLENCE/fights/V_992.mp4,.mp4,5.02,30.0,292,360,h264,150,0.41,679.7,
REAL_LIFE_VIOLENCE,all,Violence,V_993.mp4,REAL_LIFE_VIOLENCE/fights/V_993.mp4,.mp4,5.01,30.0,292,360,h264,150,0.36,601.6,
REAL_LIFE_VIOLENCE,all,Violence,V_994.mp4,REAL_LIFE_VIOLENCE/fights/V_994.mp4,.mp4,5.0,30.0,292,360,h264,150,0.38,639.8,
REAL_LIFE_VIOLENCE,all,Violence,V_995.mp4,REAL_LIFE_VIOLENCE/fights/V_995.mp4,.mp4,5.02,30.0,260,360,h264,150,0.34,563.1,
REAL_LIFE_VIOLENCE,all,Violence,V_996.mp4,REAL_LIFE_VIOLENCE/fights/V_996.mp4,.mp4,5.01,30.0,260,360,h264,150,0.38,634.5,
REAL_LIFE_VIOLENCE,all,Violence,V_997.mp4,REAL_LIFE_VIOLENCE/fights/V_997.mp4,.mp4,5.02,30.0,406,720,h264,150,0.98,1642.2,
REAL_LIFE_VIOLENCE,all,Violence,V_998.mp4,REAL_LIFE_VIOLENCE/fights/V_998.mp4,.mp4,5.01,30.0,260,360,h264,150,0.27,460.4,
REAL_LIFE_VIOLENCE,all,Violence,V_999.mp4,REAL_LIFE_VIOLENCE/fights/V_999.mp4,.mp4,5.0,30.0,260,360,h264,150,0.27,449.9,
REAL_LIFE_VIOLENCE,all,No-Violence,NV_1.mp4,REAL_LIFE_VIOLENCE/noFights/NV_1.mp4,.mp4,2.9,25.0,1920,1080,h264,66,7.61,22011.5,
REAL_LIFE_VIOLENCE,all,No-Violence,NV_10.mp4,REAL_LIFE_VIOLENCE/noFights/NV_10.mp4,.mp4,5.0,30.0,224,224,mpeg4,150,1.1,1842.4,
REAL_LIFE_VIOLENCE,all,No-Violence,NV_100.mp4,REAL_LIFE_VIOLENCE/noFights/NV_100.mp4,.mp4,5.0,30.0,224,224,mpeg4,150,1.52,2541.9,
REAL_LIFE_VIOLENCE,all,No-Violence,NV_1000.mp4,REAL_LIFE_VIOLENCE/noFights/NV_1000.mp4,.mp4,4.34,23.98,1280,720,h264,104,0.5,957.3,
REAL_LIFE_VIOLENCE,all,No-Violence,NV_101.mp4,REAL_LIFE_VIOLENCE/noFights/NV_101.mp4,.mp4,5.0,30.0,224,224,mpeg4,150,0.97,1635.1,
REAL_LIFE_VIOLENCE,all,No-Violence,NV_102.mp4,REAL_LIFE_VIOLENCE/noFights/NV_102.mp4,.mp4,5.0,30.0,224,224,mpeg4,150,0.83,1397.8,
REAL_LIFE_VIOLENCE,all,No-Violence,NV_103.mp4,REAL_LIFE_VIOLENCE/noFights/NV_103.mp4,.mp4,5.0,25.0,224,224,mpeg4,125,0.63,1049.1,
REAL_LIFE_VIOLENCE,all,No-Violence,NV_104.mp4,REAL_LIFE_VIOLENCE/noFights/NV_104.mp4,.mp4,5.0,30.0,224,224,mpeg4,150,1.13,1895.2,
REAL_LIFE_VIOLENCE,all,No-Violence,NV_105.mp4,REAL_LIFE_VIOLENCE/noFights/NV_105.mp4,.mp4,5.0,25.0,224,224,mpeg4,125,0.42,700.7,
REAL_LIFE_VIOLENCE,all,No-Violence,NV_106.mp4,REAL_LIFE_VIOLENCE/noFights/NV_106.mp4,.mp4,5.0,25.0,224,224,mpeg4,125,0.54,899.0,
REAL_LIFE_VIOLENCE,all,No-Violence,NV_107.mp4,REAL_LIFE_VIOLENCE/noFights/NV_107.mp4,.mp4,5.0,25.0,224,224,mpeg4,125,0.53,882.1,
REAL_LIFE_VIOLENCE,all,No-Violence,NV_108.mp4,REAL_LIFE_VIOLENCE/noFights/NV_108.mp4,.mp4,5.0,30.0,224,224,mpeg4,150,1.36,2279.1,
REAL_LIFE_VIOLENCE,all,No-Violence,NV_109.mp4,REAL_LIFE_VIOLENCE/noFights/NV_109.mp4,.mp4,5.0,30.0,224,224,mpeg4,150,0.65,1085.0,
REAL_LIFE_VIOLENCE,all,No-Violence,NV_11.mp4,REAL_LIFE_VIOLENCE/noFights/NV_11.mp4,.mp4,5.52,25.0,1280,720,h264,138,1.58,2406.2,
REAL_LIFE_VIOLENCE,all,No-Violence,NV_110.mp4,REAL_LIFE_VIOLENCE/noFights/NV_110.mp4,.mp4,5.0,25.0,224,224,mpeg4,125,0.55,915.3,
REAL_LIFE_VIOLENCE,all,No-Violence,NV_111.mp4,REAL_LIFE_VIOLENCE/noFights/NV_111.mp4,.mp4,5.0,30.0,224,224,mpeg4,150,0.69,1160.8,
REAL_LIFE_VIOLENCE,all,No-Violence,NV_112.mp4,REAL_LIFE_VIOLENCE/noFights/NV_112.mp4,.mp4,5.0,25.0,224,224,mpeg4,125,0.33,556.4,
REAL_LIFE_VIOLENCE,all,No-Violence,NV_113.mp4,REAL_LIFE_VIOLENCE/noFights/NV_113.mp4,.mp4,5.0,25.0,224,224,mpeg4,125,0.44,742.9,
REAL_LIFE_VIOLENCE,all,No-Violence,NV_114.mp4,REAL_LIFE_VIOLENCE/noFights/NV_114.mp4,.mp4,5.0,25.0,224,224,mpeg4,125,0.57,948.2,
REAL_LIFE_VIOLENCE,all,No-Violence,NV_115.mp4,REAL_LIFE_VIOLENCE/noFights/NV_115.mp4,.mp4,5.0,25.0,224,224,mpeg4,125,0.51,858.0,
REAL_LIFE_VIOLENCE,all,No-Violence,NV_116.mp4,REAL_LIFE_VIOLENCE/noFights/NV_116.mp4,.mp4,5.0,30.0,224,224,mpeg4,150,0.54,899.0,
REAL_LIFE_VIOLENCE,all,No-Violence,NV_117.mp4,REAL_LIFE_VIOLENCE/noFights/NV_117.mp4,.mp4,5.0,30.0,224,224,mpeg4,150,0.5,840.0,
REAL_LIFE_VIOLENCE,all,No-Violence,NV_118.mp4,REAL_LIFE_VIOLENCE/noFights/NV_118.mp4,.mp4,5.0,30.0,224,224,mpeg4,150,1.26,2117.1,
REAL_LIFE_VIOLENCE,all,No-Violence,NV_119.mp4,REAL_LIFE_VIOLENCE/noFights/NV_119.mp4,.mp4,5.0,30.0,224,224,mpeg4,150,1.15,1932.5,
REAL_LIFE_VIOLENCE,all,No-Violence,NV_12.mp4,REAL_LIFE_VIOLENCE/noFights/NV_12.mp4,.mp4,5.52,25.0,1280,720,h264,138,0.78,1185.5,
REAL_LIFE_VIOLENCE,all,No-Violence,NV_120.mp4,REAL_LIFE_VIOLENCE/noFights/NV_120.mp4,.mp4,5.0,30.0,224,224,mpeg4,150,0.43,720.3,
REAL_LIFE_VIOLENCE,all,No-Violence,NV_121.mp4,REAL_LIFE_VIOLENCE/noFights/NV_121.mp4,.mp4,5.0,30.0,224,224,mpeg4,150,0.85,1427.1,
REAL_LIFE_VIOLENCE,all,No-Violence,NV_122.mp4,REAL_LIFE_VIOLENCE/noFights/NV_122.mp4,.mp4,5.0,30.0,224,224,mpeg4,150,1.0,1678.3,
REAL_LIFE_VIOLENCE,all,No-Violence,NV_123.mp4,REAL_LIFE_VIOLENCE/noFights/NV_123.mp4,.mp4,5.0,30.0,224,224,mpeg4,150,0.89,1500.3,
REAL_LIFE_VIOLENCE,all,No-Violence,NV_124.mp4,REAL_LIFE_VIOLENCE/noFights/NV_124.mp4,.mp4,5.0,25.0,224,224,mpeg4,125,0.43,726.9,
REAL_LIFE_VIOLENCE,all,No-Violence,NV_125.mp4,REAL_LIFE_VIOLENCE/noFights/NV_125.mp4,.mp4,5.0,25.0,224,224,mpeg4,125,0.57,948.3,
REAL_LIFE_VIOLENCE,all,No-Violence,NV_126.mp4,REAL_LIFE_VIOLENCE/noFights/NV_126.mp4,.mp4,5.0,30.0,224,224,mpeg4,150,1.01,1695.2,
REAL_LIFE_VIOLENCE,all,No-Violence,NV_127.mp4,REAL_LIFE_VIOLENCE/noFights/NV_127.mp4,.mp4,5.0,30.0,224,224,mpeg4,150,0.54,912.4,
REAL_LIFE_VIOLENCE,all,No-Violence,NV_128.mp4,REAL_LIFE_VIOLENCE/noFights/NV_128.mp4,.mp4,5.0,30.0,224,224,mpeg4,150,0.88,1476.2,
REAL_LIFE_VIOLENCE,all,No-Violence,NV_129.mp4,REAL_LIFE_VIOLENCE/noFights/NV_129.mp4,.mp4,5.0,30.0,224,224,mpeg4,150,0.5,836.1,
REAL_LIFE_VIOLENCE,all,No-Violence,NV_13.mp4,REAL_LIFE_VIOLENCE/noFights/NV_13.mp4,.mp4,6.21,25.0,1280,720,h264,155,1.37,1844.7,
REAL_LIFE_VIOLENCE,all,No-Violence,NV_130.mp4,REAL_LIFE_VIOLENCE/noFights/NV_130.mp4,.mp4,5.0,30.0,224,224,mpeg4,150,1.07,1790.2,
REAL_LIFE_VIOLENCE,all,No-Violence,NV_131.mp4,REAL_LIFE_VIOLENCE/noFights/NV_131.mp4,.mp4,5.0,30.0,224,224,mpeg4,150,0.72,1210.0,
REAL_LIFE_VIOLENCE,all,No-Violence,NV_132.mp4,REAL_LIFE_VIOLENCE/noFights/NV_132.mp4,.mp4,5.0,25.0,224,224,mpeg4,125,0.66,1104.5,
REAL_LIFE_VIOLENCE,all,No-Violence,NV_133.mp4,REAL_LIFE_VIOLENCE/noFights/NV_133.mp4,.mp4,5.0,30.0,224,224,mpeg4,150,1.14,1917.1,
REAL_LIFE_VIOLENCE,all,No-Violence,NV_134.mp4,REAL_LIFE_VIOLENCE/noFights/NV_134.mp4,.mp4,5.0,30.0,224,224,mpeg4,150,0.92,1550.7,
REAL_LIFE_VIOLENCE,all,No-Violence,NV_135.mp4,REAL_LIFE_VIOLENCE/noFights/NV_135.mp4,.mp4,5.0,30.0,224,224,mpeg4,150,0.65,1095.8,
REAL_LIFE_VIOLENCE,all,No-Violence,NV_136.mp4,REAL_LIFE_VIOLENCE/noFights/NV_136.mp4,.mp4,5.0,25.0,224,224,mpeg4,125,0.47,794.9,
REAL_LIFE_VIOLENCE,all,No-Violence,NV_137.mp4,REAL_LIFE_VIOLENCE/noFights/NV_137.mp4,.mp4,4.32,25.0,640,360,h264,108,0.52,1003.0,
REAL_LIFE_VIOLENCE,all,No-Violence,NV_138.mp4,REAL_LIFE_VIOLENCE/noFights/NV_138.mp4,.mp4,3.92,25.0,640,360,h264,98,0.57,1230.1,
REAL_LIFE_VIOLENCE,all,No-Violence,NV_139.mp4,REAL_LIFE_VIOLENCE/noFights/NV_139.mp4,.mp4,4.52,25.0,640,360,h264,113,0.7,1293.2,
REAL_LIFE_VIOLENCE,all,No-Violence,NV_14.mp4,REAL_LIFE_VIOLENCE/noFights/NV_14.mp4,.mp4,4.4,25.0,1280,720,h264,110,2.58,4916.2,
REAL_LIFE_VIOLENCE,all,No-Violence,NV_140.mp4,REAL_LIFE_VIOLENCE/noFights/NV_140.mp4,.mp4,4.6,25.0,640,360,h264,115,0.76,1391.1,
REAL_LIFE_VIOLENCE,all,No-Violence,NV_141.mp4,REAL_LIFE_VIOLENCE/noFights/NV_141.mp4,.mp4,4.22,25.0,640,360,h264,105,0.62,1231.2,
REAL_LIFE_VIOLENCE,all,No-Violence,NV_142.mp4,REAL_LIFE_VIOLENCE/noFights/NV_142.mp4,.mp4,3.81,25.0,640,360,h264,95,0.57,1245.8,
REAL_LIFE_VIOLENCE,all,No-Violence,NV_143.mp4,REAL_LIFE_VIOLENCE/noFights/NV_143.mp4,.mp4,5.0,30.0,224,224,mpeg4,150,0.41,682.0,
REAL_LIFE_VIOLENCE,all,No-Violence,NV_144.mp4,REAL_LIFE_VIOLENCE/noFights/NV_144.mp4,.mp4,4.52,25.0,640,360,h264,113,0.65,1211.1,
REAL_LIFE_VIOLENCE,all,No-Violence,NV_145.mp4,REAL_LIFE_VIOLENCE/noFights/NV_145.mp4,.mp4,5.0,25.0,640,360,h264,125,0.7,1174.5,
REAL_LIFE_VIOLENCE,all,No-Violence,NV_146.mp4,REAL_LIFE_VIOLENCE/noFights/NV_146.mp4,.mp4,5.0,25.0,224,224,mpeg4,125,0.53,891.9,
REAL_LIFE_VIOLENCE,all,No-Violence,NV_147.mp4,REAL_LIFE_VIOLENCE/noFights/NV_147.mp4,.mp4,5.0,25.0,224,224,mpeg4,125,0.21,355.5,
REAL_LIFE_VIOLENCE,all,No-Violence,NV_148.mp4,REAL_LIFE_VIOLENCE/noFights/NV_148.mp4,.mp4,5.0,25.0,224,224,mpeg4,125,0.25,411.3,
REAL_LIFE_VIOLENCE,all,No-Violence,NV_149.mp4,REAL_LIFE_VIOLENCE/noFights/NV_149.mp4,.mp4,5.0,25.0,224,224,mpeg4,125,0.52,873.6,
REAL_LIFE_VIOLENCE,all,No-Violence,NV_15.mp4,REAL_LIFE_VIOLENCE/noFights/NV_15.mp4,.mp4,5.32,25.0,1280,720,h264,133,1.29,2041.2,
REAL_LIFE_VIOLENCE,all,No-Violence,NV_150.mp4,REAL_LIFE_VIOLENCE/noFights/NV_150.mp4,.mp4,5.0,25.0,224,224,mpeg4,125,0.48,812.3,
REAL_LIFE_VIOLENCE,all,No-Violence,NV_151.mp4,REAL_LIFE_VIOLENCE/noFights/NV_151.mp4,.mp4,5.0,25.0,224,224,mpeg4,125,0.32,537.5,
REAL_LIFE_VIOLENCE,all,No-Violence,NV_152.mp4,REAL_LIFE_VIOLENCE/noFights/NV_152.mp4,.mp4,5.0,25.0,224,224,mpeg4,125,0.41,684.6,
REAL_LIFE_VIOLENCE,all,No-Violence,NV_153.mp4,REAL_LIFE_VIOLENCE/noFights/NV_153.mp4,.mp4,5.0,30.0,224,224,mpeg4,150,0.69,1151.7,
REAL_LIFE_VIOLENCE,all,No-Violence,NV_154.mp4,REAL_LIFE_VIOLENCE/noFights/NV_154.mp4,.mp4,5.0,25.0,224,224,mpeg4,125,0.46,774.3,
REAL_LIFE_VIOLENCE,all,No-Violence,NV_155.mp4,REAL_LIFE_VIOLENCE/noFights/NV_155.mp4,.mp4,5.0,25.0,224,224,mpeg4,125,0.48,798.5,
REAL_LIFE_VIOLENCE,all,No-Violence,NV_156.mp4,REAL_LIFE_VIOLENCE/noFights/NV_156.mp4,.mp4,5.0,25.0,224,224,mpeg4,125,0.39,659.1,
REAL_LIFE_VIOLENCE,all,No-Violence,NV_157.mp4,REAL_LIFE_VIOLENCE/noFights/NV_157.mp4,.mp4,5.0,25.0,224,224,mpeg4,125,0.45,757.2,
REAL_LIFE_VIOLENCE,all,No-Violence,NV_158.mp4,REAL_LIFE_VIOLENCE/noFights/NV_158.mp4,.mp4,5.0,25.0,224,224,mpeg4,125,0.25,413.5,
REAL_LIFE_VIOLENCE,all,No-Violence,NV_159.mp4,REAL_LIFE_VIOLENCE/noFights/NV_159.mp4,.mp4,5.0,25.0,224,224,mpeg4,125,0.62,1047.2,
REAL_LIFE_VIOLENCE,all,No-Violence,NV_16.mp4,REAL_LIFE_VIOLENCE/noFights/NV_16.mp4,.mp4,4.62,25.0,1280,720,h264,115,0.95,1722.1,
REAL_LIFE_VIOLENCE,all,No-Violence,NV_160.mp4,REAL_LIFE_VIOLENCE/noFights/NV_160.mp4,.mp4,5.0,25.0,224,224,mpeg4,125,0.95,1590.1,
REAL_LIFE_VIOLENCE,all,No-Violence,NV_161.mp4,REAL_LIFE_VIOLENCE/noFights/NV_161.mp4,.mp4,5.0,25.0,224,224,mpeg4,125,0.76,1272.5,
REAL_LIFE_VIOLENCE,all,No-Violence,NV_162.mp4,REAL_LIFE_VIOLENCE/noFights/NV_162.mp4,.mp4,5.0,25.0,224,224,mpeg4,125,0.59,996.0,
REAL_LIFE_VIOLENCE,all,No-Violence,NV_163.mp4,REAL_LIFE_VIOLENCE/noFights/NV_163.mp4,.mp4,5.0,25.0,224,224,mpeg4,125,0.54,913.5,
REAL_LIFE_VIOLENCE,all,No-Violence,NV_164.mp4,REAL_LIFE_VIOLENCE/noFights/NV_164.mp4,.mp4,5.0,30.0,224,224,mpeg4,150,0.91,1527.6,
REAL_LIFE_VIOLENCE,all,No-Violence,NV_165.mp4,REAL_LIFE_VIOLENCE/noFights/NV_165.mp4,.mp4,5.0,25.0,224,224,mpeg4,125,0.34,567.5,
REAL_LIFE_VIOLENCE,all,No-Violence,NV_166.mp4,REAL_LIFE_VIOLENCE/noFights/NV_166.mp4,.mp4,5.0,25.0,224,224,mpeg4,125,0.41,682.0,
REAL_LIFE_VIOLENCE,all,No-Violence,NV_167.mp4,REAL_LIFE_VIOLENCE/noFights/NV_167.mp4,.mp4,5.0,25.0,224,224,mpeg4,125,0.44,731.9,
REAL_LIFE_VIOLENCE,all,No-Violence,NV_168.mp4,REAL_LIFE_VIOLENCE/noFights/NV_168.mp4,.mp4,5.0,25.0,224,224,mpeg4,125,0.81,1352.9,
REAL_LIFE_VIOLENCE,all,No-Violence,NV_169.mp4,REAL_LIFE_VIOLENCE/noFights/NV_169.mp4,.mp4,5.0,25.0,224,224,mpeg4,125,0.34,564.6,
REAL_LIFE_VIOLENCE,all,No-Violence,NV_17.mp4,REAL_LIFE_VIOLENCE/noFights/NV_17.mp4,.mp4,5.12,25.0,1280,720,h264,128,1.55,2545.1,
REAL_LIFE_VIOLENCE,all,No-Violence,NV_170.mp4,REAL_LIFE_VIOLENCE/noFights/NV_170.mp4,.mp4,5.0,25.0,224,224,mpeg4,125,0.34,574.3,
REAL_LIFE_VIOLENCE,all,No-Violence,NV_171.mp4,REAL_LIFE_VIOLENCE/noFights/NV_171.mp4,.mp4,5.0,25.0,224,224,mpeg4,125,0.44,737.2,
REAL_LIFE_VIOLENCE,all,No-Violence,NV_172.mp4,REAL_LIFE_VIOLENCE/noFights/NV_172.mp4,.mp4,5.0,25.0,224,224,mpeg4,125,0.29,482.1,
REAL_LIFE_VIOLENCE,all,No-Violence,NV_173.mp4,REAL_LIFE_VIOLENCE/noFights/NV_173.mp4,.mp4,5.0,25.0,224,224,mpeg4,125,0.14,236.9,
REAL_LIFE_VIOLENCE,all,No-Violence,NV_174.mp4,REAL_LIFE_VIOLENCE/noFights/NV_174.mp4,.mp4,5.0,30.0,224,224,mpeg4,150,0.95,1588.1,
REAL_LIFE_VIOLENCE,all,No-Violence,NV_175.mp4,REAL_LIFE_VIOLENCE/noFights/NV_175.mp4,.mp4,5.0,25.0,224,224,mpeg4,125,0.29,490.4,
REAL_LIFE_VIOLENCE,all,No-Violence,NV_176.mp4,REAL_LIFE_VIOLENCE/noFights/NV_176.mp4,.mp4,5.0,25.0,224,224,mpeg4,125,0.36,602.2,
REAL_LIFE_VIOLENCE,all,No-Violence,NV_177.mp4,REAL_LIFE_VIOLENCE/noFights/NV_177.mp4,.mp4,5.0,25.0,224,224,mpeg4,125,0.32,534.4,
REAL_LIFE_VIOLENCE,all,No-Violence,NV_178.mp4,REAL_LIFE_VIOLENCE/noFights/NV_178.mp4,.mp4,5.0,25.0,224,224,mpeg4,125,0.41,682.4,
REAL_LIFE_VIOLENCE,all,No-Violence,NV_179.mp4,REAL_LIFE_VIOLENCE/noFights/NV_179.mp4,.mp4,5.0,25.0,224,224,mpeg4,125,0.91,1532.0,
REAL_LIFE_VIOLENCE,all,No-Violence,NV_18.mp4,REAL_LIFE_VIOLENCE/noFights/NV_18.mp4,.mp4,4.81,30.0,1280,720,h264,144,1.5,2616.5,
REAL_LIFE_VIOLENCE,all,No-Violence,NV_180.mp4,REAL_LIFE_VIOLENCE/noFights/NV_180.mp4,.mp4,4.32,25.0,640,360,h264,108,0.71,1377.9,
REAL_LIFE_VIOLENCE,all,No-Violence,NV_181.mp4,REAL_LIFE_VIOLENCE/noFights/NV_181.mp4,.mp4,4.32,25.0,640,360,h264,108,0.58,1126.8,
REAL_LIFE_VIOLENCE,all,No-Violence,NV_182.mp4,REAL_LIFE_VIOLENCE/noFights/NV_182.mp4,.mp4,5.0,25.0,224,224,mpeg4,125,0.38,642.9,
REAL_LIFE_VIOLENCE,all,No-Violence,NV_183.mp4,REAL_LIFE_VIOLENCE/noFights/NV_183.mp4,.mp4,5.0,25.0,224,224,mpeg4,125,0.33,558.1,
REAL_LIFE_VIOLENCE,all,No-Violence,NV_184.mp4,REAL_LIFE_VIOLENCE/noFights/NV_184.mp4,.mp4,5.0,30.0,224,224,mpeg4,150,0.54,905.0,
REAL_LIFE_VIOLENCE,all,No-Violence,NV_185.mp4,REAL_LIFE_VIOLENCE/noFights/NV_185.mp4,.mp4,5.0,25.0,224,224,mpeg4,125,0.67,1129.0,
REAL_LIFE_VIOLENCE,all,No-Violence,NV_186.mp4,REAL_LIFE_VIOLENCE/noFights/NV_186.mp4,.mp4,5.0,25.0,224,224,mpeg4,125,0.66,1115.6,
REAL_LIFE_VIOLENCE,all,No-Violence,NV_187.mp4,REAL_LIFE_VIOLENCE/noFights/NV_187.mp4,.mp4,5.0,25.0,224,224,mpeg4,125,0.57,960.4,
REAL_LIFE_VIOLENCE,all,No-Violence,NV_188.mp4,REAL_LIFE_VIOLENCE/noFights/NV_188.mp4,.mp4,5.0,25.0,224,224,mpeg4,125,0.64,1076.0,
REAL_LIFE_VIOLENCE,all,No-Violence,NV_189.mp4,REAL_LIFE_VIOLENCE/noFights/NV_189.mp4,.mp4,2.0,25.0,224,224,mpeg4,50,0.25,1058.3,
REAL_LIFE_VIOLENCE,all,No-Violence,NV_19.mp4,REAL_LIFE_VIOLENCE/noFights/NV_19.mp4,.mp4,4.81,30.0,1280,720,h264,144,1.5,2616.5,
REAL_LIFE_VIOLENCE,all,No-Violence,NV_190.mp4,REAL_LIFE_VIOLENCE/noFights/NV_190.mp4,.mp4,5.0,25.0,224,224,mpeg4,125,0.84,1408.2,
REAL_LIFE_VIOLENCE,all,No-Violence,NV_191.mp4,REAL_LIFE_VIOLENCE/noFights/NV_191.mp4,.mp4,5.0,25.0,224,224,mpeg4,125,0.86,1438.7,
REAL_LIFE_VIOLENCE,all,No-Violence,NV_192.mp4,REAL_LIFE_VIOLENCE/noFights/NV_192.mp4,.mp4,5.0,25.0,224,224,mpeg4,125,0.82,1367.5,
REAL_LIFE_VIOLENCE,all,No-Violence,NV_193.mp4,REAL_LIFE_VIOLENCE/noFights/NV_193.mp4,.mp4,5.0,25.0,224,224,mpeg4,125,0.44,736.9,
REAL_LIFE_VIOLENCE,all,No-Violence,NV_194.mp4,REAL_LIFE_VIOLENCE/noFights/NV_194.mp4,.mp4,4.76,59.94,1920,1080,h264,95,12.46,21973.7,
REAL_LIFE_VIOLENCE,all,No-Violence,NV_195.mp4,REAL_LIFE_VIOLENCE/noFights/NV_195.mp4,.mp4,5.0,30.0,224,224,mpeg4,150,0.81,1359.7,
REAL_LIFE_VIOLENCE,all,No-Violence,NV_196.mp4,REAL_LIFE_VIOLENCE/noFights/NV_196.mp4,.mp4,5.0,25.0,224,224,mpeg4,125,0.83,1390.7,
REAL_LIFE_VIOLENCE,all,No-Violence,NV_197.mp4,REAL_LIFE_VIOLENCE/noFights/NV_197.mp4,.mp4,5.0,25.0,224,224,mpeg4,125,0.7,1172.3,
REAL_LIFE_VIOLENCE,all,No-Violence,NV_198.mp4,REAL_LIFE_VIOLENCE/noFights/NV_198.mp4,.mp4,5.0,25.0,224,224,mpeg4,125,0.8,1334.3,
REAL_LIFE_VIOLENCE,all,No-Violence,NV_199.mp4,REAL_LIFE_VIOLENCE/noFights/NV_199.mp4,.mp4,5.0,25.0,224,224,mpeg4,125,0.77,1291.2,
REAL_LIFE_VIOLENCE,all,No-Violence,NV_2.mp4,REAL_LIFE_VIOLENCE/noFights/NV_2.mp4,.mp4,5.0,25.0,224,224,mpeg4,125,0.51,848.3,
REAL_LIFE_VIOLENCE,all,No-Violence,NV_20.mp4,REAL_LIFE_VIOLENCE/noFights/NV_20.mp4,.mp4,5.01,30.0,1280,720,h264,150,1.63,2728.3,
REAL_LIFE_VIOLENCE,all,No-Violence,NV_200.mp4,REAL_LIFE_VIOLENCE/noFights/NV_200.mp4,.mp4,5.0,25.0,224,224,mpeg4,125,0.5,833.0,
REAL_LIFE_VIOLENCE,all,No-Violence,NV_201.mp4,REAL_LIFE_VIOLENCE/noFights/NV_201.mp4,.mp4,5.0,25.0,224,224,mpeg4,125,0.43,724.2,
REAL_LIFE_VIOLENCE,all,No-Violence,NV_202.mp4,REAL_LIFE_VIOLENCE/noFights/NV_202.mp4,.mp4,4.52,25.0,640,360,h264,113,0.63,1168.1,
REAL_LIFE_VIOLENCE,all,No-Violence,NV_203.mp4,REAL_LIFE_VIOLENCE/noFights/NV_203.mp4,.mp4,5.0,25.0,224,224,mpeg4,125,0.6,1004.1,
REAL_LIFE_VIOLENCE,all,No-Violence,NV_204.mp4,REAL_LIFE_VIOLENCE/noFights/NV_204.mp4,.mp4,5.0,25.0,224,224,mpeg4,125,0.5,844.4,
REAL_LIFE_VIOLENCE,all,No-Violence,NV_205.mp4,REAL_LIFE_VIOLENCE/noFights/NV_205.mp4,.mp4,4.61,25.0,640,360,h264,115,0.7,1280.3,
REAL_LIFE_VIOLENCE,all,No-Violence,NV_206.mp4,REAL_LIFE_VIOLENCE/noFights/NV_206.mp4,.mp4,5.0,25.0,224,224,mpeg4,125,0.47,783.4,
REAL_LIFE_VIOLENCE,all,No-Violence,NV_207.mp4,REAL_LIFE_VIOLENCE/noFights/NV_207.mp4,.mp4,6.02,25.0,640,360,h264,150,0.61,845.8,
REAL_LIFE_VIOLENCE,all,No-Violence,NV_208.mp4,REAL_LIFE_VIOLENCE/noFights/NV_208.mp4,.mp4,5.0,25.0,224,224,mpeg4,125,0.57,948.0,
REAL_LIFE_VIOLENCE,all,No-Violence,NV_209.mp4,REAL_LIFE_VIOLENCE/noFights/NV_209.mp4,.mp4,5.0,25.0,224,224,mpeg4,125,0.7,1169.8,
REAL_LIFE_VIOLENCE,all,No-Violence,NV_21.mp4,REAL_LIFE_VIOLENCE/noFights/NV_21.mp4,.mp4,4.81,30.0,1280,720,h264,144,1.72,2997.1,
REAL_LIFE_VIOLENCE,all,No-Violence,NV_210.mp4,REAL_LIFE_VIOLENCE/noFights/NV_210.mp4,.mp4,5.0,25.0,224,224,mpeg4,125,0.65,1092.5,
REAL_LIFE_VIOLENCE,all,No-Violence,NV_211.mp4,REAL_LIFE_VIOLENCE/noFights/NV_211.mp4,.mp4,5.0,25.0,224,224,mpeg4,125,0.39,660.9,
REAL_LIFE_VIOLENCE,all,No-Violence,NV_212.mp4,REAL_LIFE_VIOLENCE/noFights/NV_212.mp4,.mp4,5.0,25.0,224,224,mpeg4,125,0.62,1039.5,
REAL_LIFE_VIOLENCE,all,No-Violence,NV_213.mp4,REAL_LIFE_VIOLENCE/noFights/NV_213.mp4,.mp4,5.0,25.0,224,224,mpeg4,125,0.75,1255.9,
REAL_LIFE_VIOLENCE,all,No-Violence,NV_214.mp4,REAL_LIFE_VIOLENCE/noFights/NV_214.mp4,.mp4,5.0,25.0,224,224,mpeg4,125,0.73,1222.4,
REAL_LIFE_VIOLENCE,all,No-Violence,NV_215.mp4,REAL_LIFE_VIOLENCE/noFights/NV_215.mp4,.mp4,5.0,25.0,224,224,mpeg4,125,0.6,1008.2,
REAL_LIFE_VIOLENCE,all,No-Violence,NV_216.mp4,REAL_LIFE_VIOLENCE/noFights/NV_216.mp4,.mp4,4.61,25.0,640,360,h264,115,0.58,1058.4,
REAL_LIFE_VIOLENCE,all,No-Violence,NV_217.mp4,REAL_LIFE_VIOLENCE/noFights/NV_217.mp4,.mp4,5.0,25.0,224,224,mpeg4,125,0.49,821.3,
REAL_LIFE_VIOLENCE,all,No-Violence,NV_218.mp4,REAL_LIFE_VIOLENCE/noFights/NV_218.mp4,.mp4,5.0,25.0,224,224,mpeg4,125,0.56,938.8,
REAL_LIFE_VIOLENCE,all,No-Violence,NV_219.mp4,REAL_LIFE_VIOLENCE/noFights/NV_219.mp4,.mp4,5.0,25.0,224,224,mpeg4,125,0.55,929.9,
REAL_LIFE_VIOLENCE,all,No-Violence,NV_22.mp4,REAL_LIFE_VIOLENCE/noFights/NV_22.mp4,.mp4,4.02,30.0,1280,720,h264,120,1.35,2825.2,
REAL_LIFE_VIOLENCE,all,No-Violence,NV_220.mp4,REAL_LIFE_VIOLENCE/noFights/NV_220.mp4,.mp4,5.0,25.0,224,224,mpeg4,125,0.65,1084.7,
REAL_LIFE_VIOLENCE,all,No-Violence,NV_221.mp4,REAL_LIFE_VIOLENCE/noFights/NV_221.mp4,.mp4,5.0,25.0,224,224,mpeg4,125,0.48,803.7,
REAL_LIFE_VIOLENCE,all,No-Violence,NV_222.mp4,REAL_LIFE_VIOLENCE/noFights/NV_222.mp4,.mp4,5.0,25.0,224,224,mpeg4,125,0.42,705.9,
REAL_LIFE_VIOLENCE,all,No-Violence,NV_223.mp4,REAL_LIFE_VIOLENCE/noFights/NV_223.mp4,.mp4,5.0,25.0,224,224,mpeg4,125,0.33,555.8,
REAL_LIFE_VIOLENCE,all,No-Violence,NV_224.mp4,REAL_LIFE_VIOLENCE/noFights/NV_224.mp4,.mp4,5.0,25.0,224,224,mpeg4,125,0.55,929.8,
REAL_LIFE_VIOLENCE,all,No-Violence,NV_225.mp4,REAL_LIFE_VIOLENCE/noFights/NV_225.mp4,.mp4,5.0,25.0,224,224,mpeg4,125,0.65,1098.0,
REAL_LIFE_VIOLENCE,all,No-Violence,NV_226.mp4,REAL_LIFE_VIOLENCE/noFights/NV_226.mp4,.mp4,5.37,29.97,854,480,h264,161,1.05,1639.4,
REAL_LIFE_VIOLENCE,all,No-Violence,NV_227.mp4,REAL_LIFE_VIOLENCE/noFights/NV_227.mp4,.mp4,5.0,25.0,224,224,mpeg4,125,0.62,1039.4,
REAL_LIFE_VIOLENCE,all,No-Violence,NV_228.mp4,REAL_LIFE_VIOLENCE/noFights/NV_228.mp4,.mp4,5.0,25.0,224,224,mpeg4,125,0.57,958.9,
REAL_LIFE_VIOLENCE,all,No-Violence,NV_229.mp4,REAL_LIFE_VIOLENCE/noFights/NV_229.mp4,.mp4,5.0,25.0,224,224,mpeg4,125,0.48,805.5,
REAL_LIFE_VIOLENCE,all,No-Violence,NV_23.mp4,REAL_LIFE_VIOLENCE/noFights/NV_23.mp4,.mp4,4.42,30.0,1280,720,h264,132,1.87,3555.5,
REAL_LIFE_VIOLENCE,all,No-Violence,NV_230.mp4,REAL_LIFE_VIOLENCE/noFights/NV_230.mp4,.mp4,5.0,25.0,224,224,mpeg4,125,0.75,1265.5,
REAL_LIFE_VIOLENCE,all,No-Violence,NV_231.mp4,REAL_LIFE_VIOLENCE/noFights/NV_231.mp4,.mp4,5.0,25.0,224,224,mpeg4,125,0.58,973.1,
REAL_LIFE_VIOLENCE,all,No-Violence,NV_232.mp4,REAL_LIFE_VIOLENCE/noFights/NV_232.mp4,.mp4,5.0,25.0,224,224,mpeg4,125,0.78,1308.0,
REAL_LIFE_VIOLENCE,all,No-Violence,NV_233.mp4,REAL_LIFE_VIOLENCE/noFights/NV_233.mp4,.mp4,5.0,25.0,224,224,mpeg4,125,0.65,1096.9,
REAL_LIFE_VIOLENCE,all,No-Violence,NV_234.mp4,REAL_LIFE_VIOLENCE/noFights/NV_234.mp4,.mp4,5.0,25.0,224,224,mpeg4,125,0.71,1187.1,
REAL_LIFE_VIOLENCE,all,No-Violence,NV_235.mp4,REAL_LIFE_VIOLENCE/noFights/NV_235.mp4,.mp4,5.0,25.0,224,224,mpeg4,125,0.44,737.1,
REAL_LIFE_VIOLENCE,all,No-Violence,NV_236.mp4,REAL_LIFE_VIOLENCE/noFights/NV_236.mp4,.mp4,5.0,25.0,224,224,mpeg4,125,0.38,629.4,
REAL_LIFE_VIOLENCE,all,No-Violence,NV_237.mp4,REAL_LIFE_VIOLENCE/noFights/NV_237.mp4,.mp4,4.27,29.97,854,480,h264,128,0.78,1530.1,
REAL_LIFE_VIOLENCE,all,No-Violence,NV_238.mp4,REAL_LIFE_VIOLENCE/noFights/NV_238.mp4,.mp4,5.0,25.0,224,224,mpeg4,125,0.34,570.1,
REAL_LIFE_VIOLENCE,all,No-Violence,NV_239.mp4,REAL_LIFE_VIOLENCE/noFights/NV_239.mp4,.mp4,5.0,25.0,224,224,mpeg4,125,0.74,1235.6,
REAL_LIFE_VIOLENCE,all,No-Violence,NV_24.mp4,REAL_LIFE_VIOLENCE/noFights/NV_24.mp4,.mp4,3.72,30.0,1280,720,h264,111,1.19,2693.0,
REAL_LIFE_VIOLENCE,all,No-Violence,NV_240.mp4,REAL_LIFE_VIOLENCE/noFights/NV_240.mp4,.mp4,5.0,25.0,224,224,mpeg4,125,0.58,973.9,
REAL_LIFE_VIOLENCE,all,No-Violence,NV_241.mp4,REAL_LIFE_VIOLENCE/noFights/NV_241.mp4,.mp4,5.0,25.0,224,224,mpeg4,125,0.58,971.3,
REAL_LIFE_VIOLENCE,all,No-Violence,NV_242.mp4,REAL_LIFE_VIOLENCE/noFights/NV_242.mp4,.mp4,5.0,25.0,224,224,mpeg4,125,0.47,787.4,
REAL_LIFE_VIOLENCE,all,No-Violence,NV_243.mp4,REAL_LIFE_VIOLENCE/noFights/NV_243.mp4,.mp4,5.0,25.0,224,224,mpeg4,125,0.57,949.4,
REAL_LIFE_VIOLENCE,all,No-Violence,NV_244.mp4,REAL_LIFE_VIOLENCE/noFights/NV_244.mp4,.mp4,5.0,25.0,224,224,mpeg4,125,0.55,914.5,
REAL_LIFE_VIOLENCE,all,No-Violence,NV_245.mp4,REAL_LIFE_VIOLENCE/noFights/NV_245.mp4,.mp4,5.0,25.0,224,224,mpeg4,125,0.41,690.2,
REAL_LIFE_VIOLENCE,all,No-Violence,NV_246.mp4,REAL_LIFE_VIOLENCE/noFights/NV_246.mp4,.mp4,5.0,25.0,224,224,mpeg4,125,0.37,623.5,
REAL_LIFE_VIOLENCE,all,No-Violence,NV_247.mp4,REAL_LIFE_VIOLENCE/noFights/NV_247.mp4,.mp4,4.5,29.97,854,480,h264,135,0.67,1255.8,
REAL_LIFE_VIOLENCE,all,No-Violence,NV_248.mp4,REAL_LIFE_VIOLENCE/noFights/NV_248.mp4,.mp4,5.0,25.0,224,224,mpeg4,125,0.37,616.5,
REAL_LIFE_VIOLENCE,all,No-Violence,NV_249.mp4,REAL_LIFE_VIOLENCE/noFights/NV_249.mp4,.mp4,5.0,25.0,224,224,mpeg4,125,0.49,829.1,
REAL_LIFE_VIOLENCE,all,No-Violence,NV_25.mp4,REAL_LIFE_VIOLENCE/noFights/NV_25.mp4,.mp4,4.31,30.0,1280,720,h264,129,1.64,3183.0,
REAL_LIFE_VIOLENCE,all,No-Violence,NV_250.mp4,REAL_LIFE_VIOLENCE/noFights/NV_250.mp4,.mp4,5.02,25.0,640,360,h264,125,0.86,1442.9,
REAL_LIFE_VIOLENCE,all,No-Violence,NV_251.mp4,REAL_LIFE_VIOLENCE/noFights/NV_251.mp4,.mp4,5.0,25.0,224,224,mpeg4,125,0.48,813.1,
REAL_LIFE_VIOLENCE,all,No-Violence,NV_252.mp4,REAL_LIFE_VIOLENCE/noFights/NV_252.mp4,.mp4,5.0,25.0,224,224,mpeg4,125,0.36,611.9,
REAL_LIFE_VIOLENCE,all,No-Violence,NV_253.mp4,REAL_LIFE_VIOLENCE/noFights/NV_253.mp4,.mp4,5.0,25.0,224,224,mpeg4,125,0.44,738.6,
REAL_LIFE_VIOLENCE,all,No-Violence,NV_254.mp4,REAL_LIFE_VIOLENCE/noFights/NV_254.mp4,.mp4,5.0,25.0,224,224,mpeg4,125,0.42,703.0,
REAL_LIFE_VIOLENCE,all,No-Violence,NV_255.mp4,REAL_LIFE_VIOLENCE/noFights/NV_255.mp4,.mp4,5.0,25.0,224,224,mpeg4,125,0.43,718.2,
REAL_LIFE_VIOLENCE,all,No-Violence,NV_256.mp4,REAL_LIFE_VIOLENCE/noFights/NV_256.mp4,.mp4,5.0,25.0,224,224,mpeg4,125,0.57,962.1,
REAL_LIFE_VIOLENCE,all,No-Violence,NV_257.mp4,REAL_LIFE_VIOLENCE/noFights/NV_257.mp4,.mp4,5.37,29.97,854,480,h264,161,0.95,1487.0,
REAL_LIFE_VIOLENCE,all,No-Violence,NV_258.mp4,REAL_LIFE_VIOLENCE/noFights/NV_258.mp4,.mp4,5.0,25.0,224,224,mpeg4,125,0.6,999.1,
REAL_LIFE_VIOLENCE,all,No-Violence,NV_259.mp4,REAL_LIFE_VIOLENCE/noFights/NV_259.mp4,.mp4,5.0,25.0,224,224,mpeg4,125,0.33,552.3,
REAL_LIFE_VIOLENCE,all,No-Violence,NV_26.mp4,REAL_LIFE_VIOLENCE/noFights/NV_26.mp4,.mp4,4.31,30.0,1280,720,h264,129,1.64,3183.0,
REAL_LIFE_VIOLENCE,all,No-Violence,NV_260.mp4,REAL_LIFE_VIOLENCE/noFights/NV_260.mp4,.mp4,5.0,25.0,224,224,mpeg4,125,0.53,895.8,
REAL_LIFE_VIOLENCE,all,No-Violence,NV_261.mp4,REAL_LIFE_VIOLENCE/noFights/NV_261.mp4,.mp4,5.0,25.0,224,224,mpeg4,125,0.43,726.8,
REAL_LIFE_VIOLENCE,all,No-Violence,NV_262.mp4,REAL_LIFE_VIOLENCE/noFights/NV_262.mp4,.mp4,5.0,25.0,224,224,mpeg4,125,0.38,634.6,
REAL_LIFE_VIOLENCE,all,No-Violence,NV_263.mp4,REAL_LIFE_VIOLENCE/noFights/NV_263.mp4,.mp4,5.0,25.0,224,224,mpeg4,125,0.42,703.0,
REAL_LIFE_VIOLENCE,all,No-Violence,NV_264.mp4,REAL_LIFE_VIOLENCE/noFights/NV_264.mp4,.mp4,5.0,25.0,224,224,mpeg4,125,0.46,763.7,
REAL_LIFE_VIOLENCE,all,No-Violence,NV_265.mp4,REAL_LIFE_VIOLENCE/noFights/NV_265.mp4,.mp4,5.0,25.0,224,224,mpeg4,125,0.37,624.2,
REAL_LIFE_VIOLENCE,all,No-Violence,NV_266.mp4,REAL_LIFE_VIOLENCE/noFights/NV_266.mp4,.mp4,5.0,25.0,224,224,mpeg4,125,0.39,659.5,
REAL_LIFE_VIOLENCE,all,No-Violence,NV_267.mp4,REAL_LIFE_VIOLENCE/noFights/NV_267.mp4,.mp4,5.0,25.0,224,224,mpeg4,125,0.43,725.5,
REAL_LIFE_VIOLENCE,all,No-Violence,NV_268.mp4,REAL_LIFE_VIOLENCE/noFights/NV_268.mp4,.mp4,3.72,25.0,1280,720,h264,93,0.97,2190.2,
REAL_LIFE_VIOLENCE,all,No-Violence,NV_269.mp4,REAL_LIFE_VIOLENCE/noFights/NV_269.mp4,.mp4,4.32,25.0,1280,720,h264,108,2.03,3941.0,
REAL_LIFE_VIOLENCE,all,No-Violence,NV_27.mp4,REAL_LIFE_VIOLENCE/noFights/NV_27.mp4,.mp4,5.01,30.0,1280,720,h264,150,1.63,2728.3,
REAL_LIFE_VIOLENCE,all,No-Violence,NV_270.mp4,REAL_LIFE_VIOLENCE/noFights/NV_270.mp4,.mp4,4.21,25.0,1280,720,h264,105,1.18,2360.4,
REAL_LIFE_VIOLENCE,all,No-Violence,NV_271.mp4,REAL_LIFE_VIOLENCE/noFights/NV_271.mp4,.mp4,4.22,25.0,1280,720,h264,105,1.15,2284.6,
REAL_LIFE_VIOLENCE,all,No-Violence,NV_272.mp4,REAL_LIFE_VIOLENCE/noFights/NV_272.mp4,.mp4,3.81,25.0,1280,720,h264,95,1.16,2549.2,
REAL_LIFE_VIOLENCE,all,No-Violence,NV_273.mp4,REAL_LIFE_VIOLENCE/noFights/NV_273.mp4,.mp4,5.52,25.0,1280,720,h264,138,1.53,2330.8,
REAL_LIFE_VIOLENCE,all,No-Violence,NV_274.mp4,REAL_LIFE_VIOLENCE/noFights/NV_274.mp4,.mp4,4.32,25.0,1280,720,h264,108,1.58,3068.1,
REAL_LIFE_VIOLENCE,all,No-Violence,NV_275.mp4,REAL_LIFE_VIOLENCE/noFights/NV_275.mp4,.mp4,4.32,25.0,1280,720,h264,108,1.28,2491.2,
REAL_LIFE_VIOLENCE,all,No-Violence,NV_276.mp4,REAL_LIFE_VIOLENCE/noFights/NV_276.mp4,.mp4,5.01,25.0,1280,720,h264,125,1.12,1869.7,
REAL_LIFE_VIOLENCE,all,No-Violence,NV_277.mp4,REAL_LIFE_VIOLENCE/noFights/NV_277.mp4,.mp4,3.61,25.0,1280,720,h264,90,1.37,3180.0,
REAL_LIFE_VIOLENCE,all,No-Violence,NV_278.mp4,REAL_LIFE_VIOLENCE/noFights/NV_278.mp4,.mp4,4.22,25.0,1280,720,h264,105,0.94,1874.2,
REAL_LIFE_VIOLENCE,all,No-Violence,NV_279.mp4,REAL_LIFE_VIOLENCE/noFights/NV_279.mp4,.mp4,4.22,25.0,1280,720,h264,105,1.08,2137.1,
REAL_LIFE_VIOLENCE,all,No-Violence,NV_28.mp4,REAL_LIFE_VIOLENCE/noFights/NV_28.mp4,.mp4,4.02,30.0,1280,720,h264,120,1.01,2113.7,
REAL_LIFE_VIOLENCE,all,No-Violence,NV_280.mp4,REAL_LIFE_VIOLENCE/noFights/NV_280.mp4,.mp4,5.0,30.0,224,224,mpeg4,150,0.96,1616.1,
REAL_LIFE_VIOLENCE,all,No-Violence,NV_281.mp4,REAL_LIFE_VIOLENCE/noFights/NV_281.mp4,.mp4,5.0,25.0,1280,720,h264,125,0.82,1377.0,
REAL_LIFE_VIOLENCE,all,No-Violence,NV_282.mp4,REAL_LIFE_VIOLENCE/noFights/NV_282.mp4,.mp4,4.01,25.0,1280,720,h264,100,1.14,2383.6,
REAL_LIFE_VIOLENCE,all,No-Violence,NV_283.mp4,REAL_LIFE_VIOLENCE/noFights/NV_283.mp4,.mp4,3.72,25.0,1280,720,h264,93,0.85,1915.6,
REAL_LIFE_VIOLENCE,all,No-Violence,NV_284.mp4,REAL_LIFE_VIOLENCE/noFights/NV_284.mp4,.mp4,4.21,25.0,1280,720,h264,105,1.39,2775.1,
REAL_LIFE_VIOLENCE,all,No-Violence,NV_285.mp4,REAL_LIFE_VIOLENCE/noFights/NV_285.mp4,.mp4,4.41,25.0,1280,720,h264,110,1.06,2011.8,
REAL_LIFE_VIOLENCE,all,No-Violence,NV_286.mp4,REAL_LIFE_VIOLENCE/noFights/NV_286.mp4,.mp4,6.52,25.0,1280,720,h264,163,1.61,2076.5,
REAL_LIFE_VIOLENCE,all,No-Violence,NV_287.mp4,REAL_LIFE_VIOLENCE/noFights/NV_287.mp4,.mp4,4.41,25.0,1280,720,h264,110,1.18,2240.3,
REAL_LIFE_VIOLENCE,all,No-Violence,NV_288.mp4,REAL_LIFE_VIOLENCE/noFights/NV_288.mp4,.mp4,5.32,25.0,1280,720,h264,133,1.05,1652.7,
REAL_LIFE_VIOLENCE,all,No-Violence,NV_289.mp4,REAL_LIFE_VIOLENCE/noFights/NV_289.mp4,.mp4,4.32,25.0,1280,720,h264,108,0.97,1883.2,
REAL_LIFE_VIOLENCE,all,No-Violence,NV_29.mp4,REAL_LIFE_VIOLENCE/noFights/NV_29.mp4,.mp4,4.1,30.0,1280,720,h264,123,1.1,2252.7,
REAL_LIFE_VIOLENCE,all,No-Violence,NV_290.mp4,REAL_LIFE_VIOLENCE/noFights/NV_290.mp4,.mp4,4.32,25.0,1280,720,h264,108,1.0,1943.1,
REAL_LIFE_VIOLENCE,all,No-Violence,NV_291.mp4,REAL_LIFE_VIOLENCE/noFights/NV_291.mp4,.mp4,4.72,25.0,1280,720,h264,118,0.76,1342.2,
REAL_LIFE_VIOLENCE,all,No-Violence,NV_292.mp4,REAL_LIFE_VIOLENCE/noFights/NV_292.mp4,.mp4,4.32,25.0,1280,720,h264,108,1.35,2622.7,
REAL_LIFE_VIOLENCE,all,No-Violence,NV_293.mp4,REAL_LIFE_VIOLENCE/noFights/NV_293.mp4,.mp4,5.62,25.0,1280,720,h264,140,1.89,2816.4,
REAL_LIFE_VIOLENCE,all,No-Violence,NV_294.mp4,REAL_LIFE_VIOLENCE/noFights/NV_294.mp4,.mp4,5.22,25.0,1280,720,h264,130,1.17,1881.1,
REAL_LIFE_VIOLENCE,all,No-Violence,NV_295.mp4,REAL_LIFE_VIOLENCE/noFights/NV_295.mp4,.mp4,4.41,29.97,1280,720,h264,132,2.62,4977.1,
REAL_LIFE_VIOLENCE,all,No-Violence,NV_296.mp4,REAL_LIFE_VIOLENCE/noFights/NV_296.mp4,.mp4,4.12,29.97,1280,720,h264,123,2.13,4333.0,
REAL_LIFE_VIOLENCE,all,No-Violence,NV_297.mp4,REAL_LIFE_VIOLENCE/noFights/NV_297.mp4,.mp4,3.81,29.97,1280,720,h264,114,1.94,4282.1,
REAL_LIFE_VIOLENCE,all,No-Violence,NV_298.mp4,REAL_LIFE_VIOLENCE/noFights/NV_298.mp4,.mp4,3.81,29.97,1280,720,h264,114,1.94,4282.1,
REAL_LIFE_VIOLENCE,all,No-Violence,NV_299.mp4,REAL_LIFE_VIOLENCE/noFights/NV_299.mp4,.mp4,4.52,29.97,1280,720,h264,135,2.48,4597.4,
REAL_LIFE_VIOLENCE,all,No-Violence,NV_3.mp4,REAL_LIFE_VIOLENCE/noFights/NV_3.mp4,.mp4,5.12,25.0,1280,720,h264,128,0.87,1428.2,
REAL_LIFE_VIOLENCE,all,No-Violence,NV_30.mp4,REAL_LIFE_VIOLENCE/noFights/NV_30.mp4,.mp4,4.41,30.0,1280,720,h264,132,1.44,2732.4,
REAL_LIFE_VIOLENCE,all,No-Violence,NV_300.mp4,REAL_LIFE_VIOLENCE/noFights/NV_300.mp4,.mp4,5.31,30.0,640,360,h264,159,0.48,759.1,
REAL_LIFE_VIOLENCE,all,No-Violence,NV_301.mp4,REAL_LIFE_VIOLENCE/noFights/NV_301.mp4,.mp4,5.81,30.0,640,360,h264,174,0.43,625.6,
REAL_LIFE_VIOLENCE,all,No-Violence,NV_302.mp4,REAL_LIFE_VIOLENCE/noFights/NV_302.mp4,.mp4,4.22,25.0,1280,720,h264,105,0.91,1802.0,
REAL_LIFE_VIOLENCE,all,No-Violence,NV_303.mp4,REAL_LIFE_VIOLENCE/noFights/NV_303.mp4,.mp4,5.01,30.0,640,360,h264,150,0.39,655.8,
REAL_LIFE_VIOLENCE,all,No-Violence,NV_304.mp4,REAL_LIFE_VIOLENCE/noFights/NV_304.mp4,.mp4,4.31,30.0,640,360,h264,129,0.34,668.7,
REAL_LIFE_VIOLENCE,all,No-Violence,NV_305.mp4,REAL_LIFE_VIOLENCE/noFights/NV_305.mp4,.mp4,5.61,30.0,640,360,h264,168,0.59,878.3,
REAL_LIFE_VIOLENCE,all,No-Violence,NV_306.mp4,REAL_LIFE_VIOLENCE/noFights/NV_306.mp4,.mp4,4.8,29.97,1280,720,h264,144,0.87,1525.0,
REAL_LIFE_VIOLENCE,all,No-Violence,NV_307.mp4,REAL_LIFE_VIOLENCE/noFights/NV_307.mp4,.mp4,4.5,29.97,1280,720,h264,135,0.65,1217.4,
REAL_LIFE_VIOLENCE,all,No-Violence,NV_308.mp4,REAL_LIFE_VIOLENCE/noFights/NV_308.mp4,.mp4,4.72,29.97,1280,720,h264,141,0.97,1715.5,
REAL_LIFE_VIOLENCE,all,No-Violence,NV_309.mp4,REAL_LIFE_VIOLENCE/noFights/NV_309.mp4,.mp4,3.82,29.97,1280,720,h264,114,0.88,1924.8,
REAL_LIFE_VIOLENCE,all,No-Violence,NV_31.mp4,REAL_LIFE_VIOLENCE/noFights/NV_31.mp4,.mp4,4.12,30.0,1280,720,h264,123,1.28,2607.0,
REAL_LIFE_VIOLENCE,all,No-Violence,NV_310.mp4,REAL_LIFE_VIOLENCE/noFights/NV_310.mp4,.mp4,3.91,29.97,640,360,h264,117,0.27,569.3,
REAL_LIFE_VIOLENCE,all,No-Violence,NV_311.mp4,REAL_LIFE_VIOLENCE/noFights/NV_311.mp4,.mp4,5.01,29.97,640,360,h264,150,0.25,425.1,
REAL_LIFE_VIOLENCE,all,No-Violence,NV_312.mp4,REAL_LIFE_VIOLENCE/noFights/NV_312.mp4,.mp4,4.32,25.0,1280,720,h264,108,0.65,1265.4,
REAL_LIFE_VIOLENCE,all,No-Violence,NV_313.mp4,REAL_LIFE_VIOLENCE/noFights/NV_313.mp4,.mp4,4.32,29.97,640,360,h264,129,0.26,501.8,
REAL_LIFE_VIOLENCE,all,No-Violence,NV_314.mp4,REAL_LIFE_VIOLENCE/noFights/NV_314.mp4,.mp4,4.32,29.97,640,360,h264,129,0.28,549.0,
REAL_LIFE_VIOLENCE,all,No-Violence,NV_315.mp4,REAL_LIFE_VIOLENCE/noFights/NV_315.mp4,.mp4,4.31,29.97,640,360,h264,129,0.35,687.8,
REAL_LIFE_VIOLENCE,all,No-Violence,NV_316.mp4,REAL_LIFE_VIOLENCE/noFights/NV_316.mp4,.mp4,4.62,25.0,1280,720,h264,115,1.61,2929.9,
REAL_LIFE_VIOLENCE,all,No-Violence,NV_317.mp4,REAL_LIFE_VIOLENCE/noFights/NV_317.mp4,.mp4,4.41,25.0,1280,720,h264,110,1.44,2749.4,
REAL_LIFE_VIOLENCE,all,No-Violence,NV_318.mp4,REAL_LIFE_VIOLENCE/noFights/NV_318.mp4,.mp4,4.12,25.0,1280,720,h264,103,1.23,2501.7,
REAL_LIFE_VIOLENCE,all,No-Violence,NV_319.mp4,REAL_LIFE_VIOLENCE/noFights/NV_319.mp4,.mp4,5.52,25.0,1280,720,h264,138,1.7,2583.1,
REAL_LIFE_VIOLENCE,all,No-Violence,NV_32.mp4,REAL_LIFE_VIOLENCE/noFights/NV_32.mp4,.mp4,4.21,30.0,1280,720,h264,126,2.0,3988.9,
REAL_LIFE_VIOLENCE,all,No-Violence,NV_320.mp4,REAL_LIFE_VIOLENCE/noFights/NV_320.mp4,.mp4,5.01,25.0,1280,720,h264,125,1.72,2886.2,
REAL_LIFE_VIOLENCE,all,No-Violence,NV_321.mp4,REAL_LIFE_VIOLENCE/noFights/NV_321.mp4,.mp4,3.72,25.0,1280,720,h264,93,1.04,2347.2,
REAL_LIFE_VIOLENCE,all,No-Violence,NV_322.mp4,REAL_LIFE_VIOLENCE/noFights/NV_322.mp4,.mp4,5.21,23.98,1280,720,h264,125,1.54,2480.8,
REAL_LIFE_VIOLENCE,all,No-Violence,NV_323.mp4,REAL_LIFE_VIOLENCE/noFights/NV_323.mp4,.mp4,5.21,23.98,1280,720,h264,125,1.28,2053.9,
REAL_LIFE_VIOLENCE,all,No-Violence,NV_324.mp4,REAL_LIFE_VIOLENCE/noFights/NV_324.mp4,.mp4,5.13,23.98,1280,720,h264,123,1.1,1794.0,
REAL_LIFE_VIOLENCE,all,No-Violence,NV_325.mp4,REAL_LIFE_VIOLENCE/noFights/NV_325.mp4,.mp4,5.0,23.98,1280,720,h264,120,1.17,1954.5,
REAL_LIFE_VIOLENCE,all,No-Violence,NV_326.mp4,REAL_LIFE_VIOLENCE/noFights/NV_326.mp4,.mp4,4.92,23.98,1280,720,h264,118,1.2,2047.7,
REAL_LIFE_VIOLENCE,all,No-Violence,NV_327.mp4,REAL_LIFE_VIOLENCE/noFights/NV_327.mp4,.mp4,5.0,30.0,224,224,mpeg4,150,0.59,991.8,
REAL_LIFE_VIOLENCE,all,No-Violence,NV_328.mp4,REAL_LIFE_VIOLENCE/noFights/NV_328.mp4,.mp4,5.0,30.0,224,224,mpeg4,150,0.83,1396.4,
REAL_LIFE_VIOLENCE,all,No-Violence,NV_329.mp4,REAL_LIFE_VIOLENCE/noFights/NV_329.mp4,.mp4,5.0,25.0,224,224,mpeg4,125,0.71,1196.7,
REAL_LIFE_VIOLENCE,all,No-Violence,NV_33.mp4,REAL_LIFE_VIOLENCE/noFights/NV_33.mp4,.mp4,5.32,25.0,640,360,h264,133,0.78,1227.6,
REAL_LIFE_VIOLENCE,all,No-Violence,NV_330.mp4,REAL_LIFE_VIOLENCE/noFights/NV_330.mp4,.mp4,5.0,30.0,224,224,mpeg4,150,0.68,1147.6,
REAL_LIFE_VIOLENCE,all,No-Violence,NV_331.mp4,REAL_LIFE_VIOLENCE/noFights/NV_331.mp4,.mp4,5.0,30.0,224,224,mpeg4,150,0.71,1187.9,
REAL_LIFE_VIOLENCE,all,No-Violence,NV_332.mp4,REAL_LIFE_VIOLENCE/noFights/NV_332.mp4,.mp4,5.0,30.0,224,224,mpeg4,150,0.66,1109.1,
REAL_LIFE_VIOLENCE,all,No-Violence,NV_333.mp4,REAL_LIFE_VIOLENCE/noFights/NV_333.mp4,.mp4,5.0,30.0,224,224,mpeg4,150,1.36,2280.9,
REAL_LIFE_VIOLENCE,all,No-Violence,NV_334.mp4,REAL_LIFE_VIOLENCE/noFights/NV_334.mp4,.mp4,3.4,25.0,1280,720,h264,85,1.06,2606.0,
REAL_LIFE_VIOLENCE,all,No-Violence,NV_335.mp4,REAL_LIFE_VIOLENCE/noFights/NV_335.mp4,.mp4,4.41,25.0,1280,720,h264,110,0.71,1350.7,
REAL_LIFE_VIOLENCE,all,No-Violence,NV_336.mp4,REAL_LIFE_VIOLENCE/noFights/NV_336.mp4,.mp4,3.62,29.97,1280,720,h264,108,0.79,1827.0,
REAL_LIFE_VIOLENCE,all,No-Violence,NV_337.mp4,REAL_LIFE_VIOLENCE/noFights/NV_337.mp4,.mp4,4.41,25.0,640,360,h264,110,0.43,814.7,
REAL_LIFE_VIOLENCE,all,No-Violence,NV_338.mp4,REAL_LIFE_VIOLENCE/noFights/NV_338.mp4,.mp4,6.01,29.97,640,360,h264,180,0.36,504.6,
REAL_LIFE_VIOLENCE,all,No-Violence,NV_339.mp4,REAL_LIFE_VIOLENCE/noFights/NV_339.mp4,.mp4,4.81,25.0,640,360,h264,120,0.55,961.8,
REAL_LIFE_VIOLENCE,all,No-Violence,NV_34.mp4,REAL_LIFE_VIOLENCE/noFights/NV_34.mp4,.mp4,5.32,25.0,640,360,h264,133,0.84,1323.0,
REAL_LIFE_VIOLENCE,all,No-Violence,NV_340.mp4,REAL_LIFE_VIOLENCE/noFights/NV_340.mp4,.mp4,4.11,29.97,640,360,h264,123,0.65,1330.1,
REAL_LIFE_VIOLENCE,all,No-Violence,NV_341.mp4,REAL_LIFE_VIOLENCE/noFights/NV_341.mp4,.mp4,4.41,29.97,640,360,h264,132,0.27,504.1,
REAL_LIFE_VIOLENCE,all,No-Violence,NV_342.mp4,REAL_LIFE_VIOLENCE/noFights/NV_342.mp4,.mp4,4.51,29.97,640,360,h264,135,0.3,550.1,
REAL_LIFE_VIOLENCE,all,No-Violence,NV_343.mp4,REAL_LIFE_VIOLENCE/noFights/NV_343.mp4,.mp4,3.7,29.97,640,360,h264,111,0.23,524.5,
REAL_LIFE_VIOLENCE,all,No-Violence,NV_344.mp4,REAL_LIFE_VIOLENCE/noFights/NV_344.mp4,.mp4,4.72,29.97,640,360,h264,141,0.33,591.4,
REAL_LIFE_VIOLENCE,all,No-Violence,NV_345.mp4,REAL_LIFE_VIOLENCE/noFights/NV_345.mp4,.mp4,4.5,29.97,640,360,h264,135,0.51,958.2,
REAL_LIFE_VIOLENCE,all,No-Violence,NV_346.mp4,REAL_LIFE_VIOLENCE/noFights/NV_346.mp4,.mp4,5.11,29.97,640,360,h264,153,0.28,461.7,
REAL_LIFE_VIOLENCE,all,No-Violence,NV_347.mp4,REAL_LIFE_VIOLENCE/noFights/NV_347.mp4,.mp4,4.42,29.97,640,360,h264,132,0.22,408.9,
REAL_LIFE_VIOLENCE,all,No-Violence,NV_348.mp4,REAL_LIFE_VIOLENCE/noFights/NV_348.mp4,.mp4,4.11,29.97,640,360,h264,123,0.41,845.8,
REAL_LIFE_VIOLENCE,all,No-Violence,NV_349.mp4,REAL_LIFE_VIOLENCE/noFights/NV_349.mp4,.mp4,4.9,29.97,640,360,h264,147,0.62,1053.9,
REAL_LIFE_VIOLENCE,all,No-Violence,NV_35.mp4,REAL_LIFE_VIOLENCE/noFights/NV_35.mp4,.mp4,4.1,30.0,640,360,h264,123,0.43,875.1,
REAL_LIFE_VIOLENCE,all,No-Violence,NV_350.mp4,REAL_LIFE_VIOLENCE/noFights/NV_350.mp4,.mp4,5.31,29.97,640,360,h264,159,0.46,728.1,
REAL_LIFE_VIOLENCE,all,No-Violence,NV_351.mp4,REAL_LIFE_VIOLENCE/noFights/NV_351.mp4,.mp4,6.81,29.97,640,360,h264,204,0.45,559.6,
REAL_LIFE_VIOLENCE,all,No-Violence,NV_352.mp4,REAL_LIFE_VIOLENCE/noFights/NV_352.mp4,.mp4,3.82,29.97,640,360,h264,114,0.18,393.9,
REAL_LIFE_VIOLENCE,all,No-Violence,NV_353.mp4,REAL_LIFE_VIOLENCE/noFights/NV_353.mp4,.mp4,4.25,30.0,1920,1080,h264,119,10.94,21610.5,
REAL_LIFE_VIOLENCE,all,No-Violence,NV_354.mp4,REAL_LIFE_VIOLENCE/noFights/NV_354.mp4,.mp4,2.92,12.5,1920,1080,h264,36,8.02,23030.1,
REAL_LIFE_VIOLENCE,all,No-Violence,NV_355.mp4,REAL_LIFE_VIOLENCE/noFights/NV_355.mp4,.mp4,3.8,90000.0,1920,1080,h264,73,10.25,22632.6,
REAL_LIFE_VIOLENCE,all,No-Violence,NV_356.mp4,REAL_LIFE_VIOLENCE/noFights/NV_356.mp4,.mp4,4.25,25.0,1920,1080,h264,104,11.12,21974.2,
REAL_LIFE_VIOLENCE,all,No-Violence,NV_357.mp4,REAL_LIFE_VIOLENCE/noFights/NV_357.mp4,.mp4,2.77,90000.0,1920,1080,h264,70,7.88,23824.4,
REAL_LIFE_VIOLENCE,all,No-Violence,NV_358.mp4,REAL_LIFE_VIOLENCE/noFights/NV_358.mp4,.mp4,4.05,90000.0,1920,1080,h264,78,10.76,22263.7,
REAL_LIFE_VIOLENCE,all,No-Violence,NV_359.mp4,REAL_LIFE_VIOLENCE/noFights/NV_359.mp4,.mp4,3.54,25.0,1920,1080,h264,86,9.54,22595.2,
REAL_LIFE_VIOLENCE,all,No-Violence,NV_36.mp4,REAL_LIFE_VIOLENCE/noFights/NV_36.mp4,.mp4,4.5,30.0,640,360,h264,135,0.35,654.6,
REAL_LIFE_VIOLENCE,all,No-Violence,NV_360.mp4,REAL_LIFE_VIOLENCE/noFights/NV_360.mp4,.mp4,7.32,90000.0,1920,1080,h264,133,18.94,21710.2,
REAL_LIFE_VIOLENCE,all,No-Violence,NV_361.mp4,REAL_LIFE_VIOLENCE/noFights/NV_361.mp4,.mp4,6.02,16.67,1920,1080,h264,124,15.57,21710.3,
REAL_LIFE_VIOLENCE,all,No-Violence,NV_362.mp4,REAL_LIFE_VIOLENCE/noFights/NV_362.mp4,.mp4,4.8,90000.0,1920,1080,h264,77,12.74,22272.1,
REAL_LIFE_VIOLENCE,all,No-Violence,NV_363.mp4,REAL_LIFE_VIOLENCE/noFights/NV_363.mp4,.mp4,10.26,12.5,1920,1080,h264,128,25.81,21101.3,
REAL_LIFE_VIOLENCE,all,No-Violence,NV_364.mp4,REAL_LIFE_VIOLENCE/noFights/NV_364.mp4,.mp4,5.0,11.0,224,224,mpeg4,55,0.12,209.6,
REAL_LIFE_VIOLENCE,all,No-Violence,NV_365.mp4,REAL_LIFE_VIOLENCE/noFights/NV_365.mp4,.mp4,5.0,11.0,224,224,mpeg4,55,0.29,480.0,
REAL_LIFE_VIOLENCE,all,No-Violence,NV_366.mp4,REAL_LIFE_VIOLENCE/noFights/NV_366.mp4,.mp4,5.0,11.0,224,224,mpeg4,55,0.09,150.0,
REAL_LIFE_VIOLENCE,all,No-Violence,NV_367.mp4,REAL_LIFE_VIOLENCE/noFights/NV_367.mp4,.mp4,5.0,11.0,224,224,mpeg4,55,0.34,574.2,
REAL_LIFE_VIOLENCE,all,No-Violence,NV_368.mp4,REAL_LIFE_VIOLENCE/noFights/NV_368.mp4,.mp4,5.0,11.0,224,224,mpeg4,55,0.21,349.7,
REAL_LIFE_VIOLENCE,all,No-Violence,NV_369.mp4,REAL_LIFE_VIOLENCE/noFights/NV_369.mp4,.mp4,5.0,11.0,224,224,mpeg4,55,0.25,413.2,
REAL_LIFE_VIOLENCE,all,No-Violence,NV_37.mp4,REAL_LIFE_VIOLENCE/noFights/NV_37.mp4,.mp4,4.82,25.0,640,360,h264,120,0.74,1292.3,
REAL_LIFE_VIOLENCE,all,No-Violence,NV_370.mp4,REAL_LIFE_VIOLENCE/noFights/NV_370.mp4,.mp4,5.0,11.0,224,224,mpeg4,55,0.25,421.0,
REAL_LIFE_VIOLENCE,all,No-Violence,NV_371.mp4,REAL_LIFE_VIOLENCE/noFights/NV_371.mp4,.mp4,5.0,11.0,224,224,mpeg4,55,0.22,368.3,
REAL_LIFE_VIOLENCE,all,No-Violence,NV_372.mp4,REAL_LIFE_VIOLENCE/noFights/NV_372.mp4,.mp4,5.0,11.0,224,224,mpeg4,55,0.21,347.5,
REAL_LIFE_VIOLENCE,all,No-Violence,NV_373.mp4,REAL_LIFE_VIOLENCE/noFights/NV_373.mp4,.mp4,5.0,11.0,224,224,mpeg4,55,0.15,246.3,
REAL_LIFE_VIOLENCE,all,No-Violence,NV_374.mp4,REAL_LIFE_VIOLENCE/noFights/NV_374.mp4,.mp4,5.0,11.0,224,224,mpeg4,55,0.14,236.2,
REAL_LIFE_VIOLENCE,all,No-Violence,NV_375.mp4,REAL_LIFE_VIOLENCE/noFights/NV_375.mp4,.mp4,5.0,11.0,224,224,mpeg4,55,0.13,224.2,
REAL_LIFE_VIOLENCE,all,No-Violence,NV_376.mp4,REAL_LIFE_VIOLENCE/noFights/NV_376.mp4,.mp4,5.0,11.0,224,224,mpeg4,55,0.16,275.4,
REAL_LIFE_VIOLENCE,all,No-Violence,NV_377.mp4,REAL_LIFE_VIOLENCE/noFights/NV_377.mp4,.mp4,5.0,11.0,224,224,mpeg4,55,0.13,222.6,
REAL_LIFE_VIOLENCE,all,No-Violence,NV_378.mp4,REAL_LIFE_VIOLENCE/noFights/NV_378.mp4,.mp4,5.0,11.0,224,224,mpeg4,55,0.11,188.1,
REAL_LIFE_VIOLENCE,all,No-Violence,NV_379.mp4,REAL_LIFE_VIOLENCE/noFights/NV_379.mp4,.mp4,5.0,11.0,224,224,mpeg4,55,0.12,202.4,
REAL_LIFE_VIOLENCE,all,No-Violence,NV_38.mp4,REAL_LIFE_VIOLENCE/noFights/NV_38.mp4,.mp4,4.41,30.0,640,360,h264,132,0.49,932.1,
REAL_LIFE_VIOLENCE,all,No-Violence,NV_380.mp4,REAL_LIFE_VIOLENCE/noFights/NV_380.mp4,.mp4,5.0,11.0,224,224,mpeg4,55,0.1,171.4,
REAL_LIFE_VIOLENCE,all,No-Violence,NV_381.mp4,REAL_LIFE_VIOLENCE/noFights/NV_381.mp4,.mp4,5.0,11.0,224,224,mpeg4,55,0.19,317.7,
REAL_LIFE_VIOLENCE,all,No-Violence,NV_382.mp4,REAL_LIFE_VIOLENCE/noFights/NV_382.mp4,.mp4,5.0,11.0,224,224,mpeg4,55,0.17,292.9,
REAL_LIFE_VIOLENCE,all,No-Violence,NV_383.mp4,REAL_LIFE_VIOLENCE/noFights/NV_383.mp4,.mp4,5.0,11.0,224,224,mpeg4,55,0.14,239.6,
REAL_LIFE_VIOLENCE,all,No-Violence,NV_384.mp4,REAL_LIFE_VIOLENCE/noFights/NV_384.mp4,.mp4,5.0,11.0,224,224,mpeg4,55,0.13,218.0,
REAL_LIFE_VIOLENCE,all,No-Violence,NV_385.mp4,REAL_LIFE_VIOLENCE/noFights/NV_385.mp4,.mp4,5.0,11.0,224,224,mpeg4,55,0.23,393.6,
REAL_LIFE_VIOLENCE,all,No-Violence,NV_386.mp4,REAL_LIFE_VIOLENCE/noFights/NV_386.mp4,.mp4,5.0,11.0,224,224,mpeg4,55,0.14,228.6,
REAL_LIFE_VIOLENCE,all,No-Violence,NV_387.mp4,REAL_LIFE_VIOLENCE/noFights/NV_387.mp4,.mp4,5.0,11.0,224,224,mpeg4,55,0.08,139.4,
REAL_LIFE_VIOLENCE,all,No-Violence,NV_388.mp4,REAL_LIFE_VIOLENCE/noFights/NV_388.mp4,.mp4,5.0,11.0,224,224,mpeg4,55,0.18,305.7,
REAL_LIFE_VIOLENCE,all,No-Violence,NV_389.mp4,REAL_LIFE_VIOLENCE/noFights/NV_389.mp4,.mp4,5.0,11.0,224,224,mpeg4,55,0.2,338.3,
REAL_LIFE_VIOLENCE,all,No-Violence,NV_39.mp4,REAL_LIFE_VIOLENCE/noFights/NV_39.mp4,.mp4,4.61,25.0,640,360,h264,115,0.7,1268.2,
REAL_LIFE_VIOLENCE,all,No-Violence,NV_390.mp4,REAL_LIFE_VIOLENCE/noFights/NV_390.mp4,.mp4,5.0,11.0,224,224,mpeg4,55,0.19,320.2,
REAL_LIFE_VIOLENCE,all,No-Violence,NV_391.mp4,REAL_LIFE_VIOLENCE/noFights/NV_391.mp4,.mp4,5.0,11.0,224,224,mpeg4,55,0.2,339.9,
REAL_LIFE_VIOLENCE,all,No-Violence,NV_392.mp4,REAL_LIFE_VIOLENCE/noFights/NV_392.mp4,.mp4,5.0,11.0,224,224,mpeg4,55,0.1,174.8,
REAL_LIFE_VIOLENCE,all,No-Violence,NV_393.mp4,REAL_LIFE_VIOLENCE/noFights/NV_393.mp4,.mp4,5.0,11.0,224,224,mpeg4,55,0.1,165.1,
REAL_LIFE_VIOLENCE,all,No-Violence,NV_394.mp4,REAL_LIFE_VIOLENCE/noFights/NV_394.mp4,.mp4,5.0,11.0,224,224,mpeg4,55,0.19,317.2,
REAL_LIFE_VIOLENCE,all,No-Violence,NV_395.mp4,REAL_LIFE_VIOLENCE/noFights/NV_395.mp4,.mp4,5.0,11.0,224,224,mpeg4,55,0.17,287.1,
REAL_LIFE_VIOLENCE,all,No-Violence,NV_396.mp4,REAL_LIFE_VIOLENCE/noFights/NV_396.mp4,.mp4,5.0,11.0,224,224,mpeg4,55,0.19,326.1,
REAL_LIFE_VIOLENCE,all,No-Violence,NV_397.mp4,REAL_LIFE_VIOLENCE/noFights/NV_397.mp4,.mp4,5.0,11.0,224,224,mpeg4,55,0.18,300.7,
REAL_LIFE_VIOLENCE,all,No-Violence,NV_398.mp4,REAL_LIFE_VIOLENCE/noFights/NV_398.mp4,.mp4,5.0,11.0,224,224,mpeg4,55,0.22,375.1,
REAL_LIFE_VIOLENCE,all,No-Violence,NV_399.mp4,REAL_LIFE_VIOLENCE/noFights/NV_399.mp4,.mp4,5.0,11.0,224,224,mpeg4,55,0.21,354.3,
REAL_LIFE_VIOLENCE,all,No-Violence,NV_4.mp4,REAL_LIFE_VIOLENCE/noFights/NV_4.mp4,.mp4,4.92,25.0,1280,720,h264,123,1.4,2381.7,
REAL_LIFE_VIOLENCE,all,No-Violence,NV_40.mp4,REAL_LIFE_VIOLENCE/noFights/NV_40.mp4,.mp4,5.32,25.0,640,360,h264,133,0.89,1397.4,
REAL_LIFE_VIOLENCE,all,No-Violence,NV_400.mp4,REAL_LIFE_VIOLENCE/noFights/NV_400.mp4,.mp4,5.0,11.0,224,224,mpeg4,55,0.21,358.7,
REAL_LIFE_VIOLENCE,all,No-Violence,NV_401.mp4,REAL_LIFE_VIOLENCE/noFights/NV_401.mp4,.mp4,5.0,11.0,224,224,mpeg4,55,0.19,316.0,
REAL_LIFE_VIOLENCE,all,No-Violence,NV_402.mp4,REAL_LIFE_VIOLENCE/noFights/NV_402.mp4,.mp4,5.0,11.0,224,224,mpeg4,55,0.22,373.8,
REAL_LIFE_VIOLENCE,all,No-Violence,NV_403.mp4,REAL_LIFE_VIOLENCE/noFights/NV_403.mp4,.mp4,5.0,11.0,224,224,mpeg4,55,0.48,809.4,
REAL_LIFE_VIOLENCE,all,No-Violence,NV_404.mp4,REAL_LIFE_VIOLENCE/noFights/NV_404.mp4,.mp4,5.0,11.0,224,224,mpeg4,55,0.34,572.8,
REAL_LIFE_VIOLENCE,all,No-Violence,NV_405.mp4,REAL_LIFE_VIOLENCE/noFights/NV_405.mp4,.mp4,5.0,11.0,224,224,mpeg4,55,0.21,344.9,
REAL_LIFE_VIOLENCE,all,No-Violence,NV_406.mp4,REAL_LIFE_VIOLENCE/noFights/NV_406.mp4,.mp4,5.0,11.0,224,224,mpeg4,55,0.22,366.3,
REAL_LIFE_VIOLENCE,all,No-Violence,NV_407.mp4,REAL_LIFE_VIOLENCE/noFights/NV_407.mp4,.mp4,5.0,11.0,224,224,mpeg4,55,0.35,584.6,
REAL_LIFE_VIOLENCE,all,No-Violence,NV_408.mp4,REAL_LIFE_VIOLENCE/noFights/NV_408.mp4,.mp4,5.0,11.0,224,224,mpeg4,55,0.44,736.6,
REAL_LIFE_VIOLENCE,all,No-Violence,NV_409.mp4,REAL_LIFE_VIOLENCE/noFights/NV_409.mp4,.mp4,5.0,11.0,224,224,mpeg4,55,0.3,503.8,
REAL_LIFE_VIOLENCE,all,No-Violence,NV_41.mp4,REAL_LIFE_VIOLENCE/noFights/NV_41.mp4,.mp4,4.92,25.0,640,360,h264,123,0.81,1378.2,
REAL_LIFE_VIOLENCE,all,No-Violence,NV_410.mp4,REAL_LIFE_VIOLENCE/noFights/NV_410.mp4,.mp4,5.0,11.0,224,224,mpeg4,55,0.26,439.7,
REAL_LIFE_VIOLENCE,all,No-Violence,NV_411.mp4,REAL_LIFE_VIOLENCE/noFights/NV_411.mp4,.mp4,5.0,11.0,224,224,mpeg4,55,0.37,612.6,
REAL_LIFE_VIOLENCE,all,No-Violence,NV_412.mp4,REAL_LIFE_VIOLENCE/noFights/NV_412.mp4,.mp4,5.0,11.0,224,224,mpeg4,55,0.26,441.2,
REAL_LIFE_VIOLENCE,all,No-Violence,NV_413.mp4,REAL_LIFE_VIOLENCE/noFights/NV_413.mp4,.mp4,5.0,11.0,224,224,mpeg4,55,0.17,278.7,
REAL_LIFE_VIOLENCE,all,No-Violence,NV_414.mp4,REAL_LIFE_VIOLENCE/noFights/NV_414.mp4,.mp4,5.0,11.0,224,224,mpeg4,55,0.18,308.3,
REAL_LIFE_VIOLENCE,all,No-Violence,NV_415.mp4,REAL_LIFE_VIOLENCE/noFights/NV_415.mp4,.mp4,5.0,11.0,224,224,mpeg4,55,0.09,147.2,
REAL_LIFE_VIOLENCE,all,No-Violence,NV_416.mp4,REAL_LIFE_VIOLENCE/noFights/NV_416.mp4,.mp4,5.0,11.0,224,224,mpeg4,55,0.12,198.2,
REAL_LIFE_VIOLENCE,all,No-Violence,NV_417.mp4,REAL_LIFE_VIOLENCE/noFights/NV_417.mp4,.mp4,5.0,11.0,224,224,mpeg4,55,0.21,348.8,
REAL_LIFE_VIOLENCE,all,No-Violence,NV_418.mp4,REAL_LIFE_VIOLENCE/noFights/NV_418.mp4,.mp4,5.0,11.0,224,224,mpeg4,55,0.14,241.9,
REAL_LIFE_VIOLENCE,all,No-Violence,NV_419.mp4,REAL_LIFE_VIOLENCE/noFights/NV_419.mp4,.mp4,5.0,11.0,224,224,mpeg4,55,0.19,320.1,
REAL_LIFE_VIOLENCE,all,No-Violence,NV_42.mp4,REAL_LIFE_VIOLENCE/noFights/NV_42.mp4,.mp4,3.52,30.0,640,360,h264,105,0.36,856.8,
REAL_LIFE_VIOLENCE,all,No-Violence,NV_420.mp4,REAL_LIFE_VIOLENCE/noFights/NV_420.mp4,.mp4,5.0,11.0,224,224,mpeg4,55,0.17,285.0,
REAL_LIFE_VIOLENCE,all,No-Violence,NV_421.mp4,REAL_LIFE_VIOLENCE/noFights/NV_421.mp4,.mp4,5.0,11.0,224,224,mpeg4,55,0.08,136.5,
REAL_LIFE_VIOLENCE,all,No-Violence,NV_422.mp4,REAL_LIFE_VIOLENCE/noFights/NV_422.mp4,.mp4,5.0,11.0,224,224,mpeg4,55,0.11,190.7,
REAL_LIFE_VIOLENCE,all,No-Violence,NV_423.mp4,REAL_LIFE_VIOLENCE/noFights/NV_423.mp4,.mp4,5.0,11.0,224,224,mpeg4,55,0.11,177.7,
REAL_LIFE_VIOLENCE,all,No-Violence,NV_424.mp4,REAL_LIFE_VIOLENCE/noFights/NV_424.mp4,.mp4,5.0,11.0,224,224,mpeg4,55,0.16,273.8,
REAL_LIFE_VIOLENCE,all,No-Violence,NV_425.mp4,REAL_LIFE_VIOLENCE/noFights/NV_425.mp4,.mp4,5.0,11.0,224,224,mpeg4,55,0.19,323.3,
REAL_LIFE_VIOLENCE,all,No-Violence,NV_426.mp4,REAL_LIFE_VIOLENCE/noFights/NV_426.mp4,.mp4,5.0,11.0,224,224,mpeg4,55,0.17,287.4,
REAL_LIFE_VIOLENCE,all,No-Violence,NV_427.mp4,REAL_LIFE_VIOLENCE/noFights/NV_427.mp4,.mp4,5.0,11.0,224,224,mpeg4,55,0.16,271.0,
REAL_LIFE_VIOLENCE,all,No-Violence,NV_428.mp4,REAL_LIFE_VIOLENCE/noFights/NV_428.mp4,.mp4,5.0,11.0,224,224,mpeg4,55,0.15,256.8,
REAL_LIFE_VIOLENCE,all,No-Violence,NV_429.mp4,REAL_LIFE_VIOLENCE/noFights/NV_429.mp4,.mp4,5.0,11.0,224,224,mpeg4,55,0.25,411.7,
REAL_LIFE_VIOLENCE,all,No-Violence,NV_43.mp4,REAL_LIFE_VIOLENCE/noFights/NV_43.mp4,.mp4,4.72,25.0,640,360,h264,118,0.59,1044.8,
REAL_LIFE_VIOLENCE,all,No-Violence,NV_430.mp4,REAL_LIFE_VIOLENCE/noFights/NV_430.mp4,.mp4,5.0,11.0,224,224,mpeg4,55,0.21,346.1,
REAL_LIFE_VIOLENCE,all,No-Violence,NV_431.mp4,REAL_LIFE_VIOLENCE/noFights/NV_431.mp4,.mp4,5.0,11.0,224,224,mpeg4,55,0.23,389.0,
REAL_LIFE_VIOLENCE,all,No-Violence,NV_432.mp4,REAL_LIFE_VIOLENCE/noFights/NV_432.mp4,.mp4,5.0,11.0,224,224,mpeg4,55,0.28,463.5,
REAL_LIFE_VIOLENCE,all,No-Violence,NV_433.mp4,REAL_LIFE_VIOLENCE/noFights/NV_433.mp4,.mp4,5.0,11.0,224,224,mpeg4,55,0.17,289.3,
REAL_LIFE_VIOLENCE,all,No-Violence,NV_434.mp4,REAL_LIFE_VIOLENCE/noFights/NV_434.mp4,.mp4,5.0,11.0,224,224,mpeg4,55,0.18,298.5,
REAL_LIFE_VIOLENCE,all,No-Violence,NV_435.mp4,REAL_LIFE_VIOLENCE/noFights/NV_435.mp4,.mp4,5.0,11.0,224,224,mpeg4,55,0.17,283.3,
REAL_LIFE_VIOLENCE,all,No-Violence,NV_436.mp4,REAL_LIFE_VIOLENCE/noFights/NV_436.mp4,.mp4,5.0,11.0,224,224,mpeg4,55,0.27,455.5,
REAL_LIFE_VIOLENCE,all,No-Violence,NV_437.mp4,REAL_LIFE_VIOLENCE/noFights/NV_437.mp4,.mp4,5.0,11.0,224,224,mpeg4,55,0.29,489.0,
REAL_LIFE_VIOLENCE,all,No-Violence,NV_438.mp4,REAL_LIFE_VIOLENCE/noFights/NV_438.mp4,.mp4,5.0,11.0,224,224,mpeg4,55,0.18,309.4,
REAL_LIFE_VIOLENCE,all,No-Violence,NV_439.mp4,REAL_LIFE_VIOLENCE/noFights/NV_439.mp4,.mp4,5.0,11.0,224,224,mpeg4,55,0.15,246.6,
REAL_LIFE_VIOLENCE,all,No-Violence,NV_44.mp4,REAL_LIFE_VIOLENCE/noFights/NV_44.mp4,.mp4,5.32,25.0,640,360,h264,133,0.81,1279.8,
REAL_LIFE_VIOLENCE,all,No-Violence,NV_440.mp4,REAL_LIFE_VIOLENCE/noFights/NV_440.mp4,.mp4,5.0,11.0,224,224,mpeg4,55,0.14,230.4,
REAL_LIFE_VIOLENCE,all,No-Violence,NV_441.mp4,REAL_LIFE_VIOLENCE/noFights/NV_441.mp4,.mp4,5.0,11.0,224,224,mpeg4,55,0.19,315.7,
REAL_LIFE_VIOLENCE,all,No-Violence,NV_442.mp4,REAL_LIFE_VIOLENCE/noFights/NV_442.mp4,.mp4,5.0,11.0,224,224,mpeg4,55,0.16,269.6,
REAL_LIFE_VIOLENCE,all,No-Violence,NV_443.mp4,REAL_LIFE_VIOLENCE/noFights/NV_443.mp4,.mp4,5.0,11.0,224,224,mpeg4,55,0.19,324.6,
REAL_LIFE_VIOLENCE,all,No-Violence,NV_444.mp4,REAL_LIFE_VIOLENCE/noFights/NV_444.mp4,.mp4,5.0,11.0,224,224,mpeg4,55,0.07,117.5,
REAL_LIFE_VIOLENCE,all,No-Violence,NV_445.mp4,REAL_LIFE_VIOLENCE/noFights/NV_445.mp4,.mp4,5.0,11.0,224,224,mpeg4,55,0.09,158.0,
REAL_LIFE_VIOLENCE,all,No-Violence,NV_446.mp4,REAL_LIFE_VIOLENCE/noFights/NV_446.mp4,.mp4,5.0,11.0,224,224,mpeg4,55,0.24,399.4,
REAL_LIFE_VIOLENCE,all,No-Violence,NV_447.mp4,REAL_LIFE_VIOLENCE/noFights/NV_447.mp4,.mp4,5.0,11.0,224,224,mpeg4,55,0.19,327.1,
REAL_LIFE_VIOLENCE,all,No-Violence,NV_448.mp4,REAL_LIFE_VIOLENCE/noFights/NV_448.mp4,.mp4,5.0,11.0,224,224,mpeg4,55,0.16,264.6,
REAL_LIFE_VIOLENCE,all,No-Violence,NV_449.mp4,REAL_LIFE_VIOLENCE/noFights/NV_449.mp4,.mp4,5.0,11.0,224,224,mpeg4,55,0.27,457.0,
REAL_LIFE_VIOLENCE,all,No-Violence,NV_45.mp4,REAL_LIFE_VIOLENCE/noFights/NV_45.mp4,.mp4,4.3,29.97,640,360,h264,129,0.38,744.4,
REAL_LIFE_VIOLENCE,all,No-Violence,NV_450.mp4,REAL_LIFE_VIOLENCE/noFights/NV_450.mp4,.mp4,5.0,11.0,224,224,mpeg4,55,0.3,503.2,
REAL_LIFE_VIOLENCE,all,No-Violence,NV_451.mp4,REAL_LIFE_VIOLENCE/noFights/NV_451.mp4,.mp4,5.0,11.0,224,224,mpeg4,55,0.33,545.7,
REAL_LIFE_VIOLENCE,all,No-Violence,NV_452.mp4,REAL_LIFE_VIOLENCE/noFights/NV_452.mp4,.mp4,5.0,11.0,224,224,mpeg4,55,0.31,518.2,
REAL_LIFE_VIOLENCE,all,No-Violence,NV_453.mp4,REAL_LIFE_VIOLENCE/noFights/NV_453.mp4,.mp4,5.0,11.0,224,224,mpeg4,55,0.18,302.6,
REAL_LIFE_VIOLENCE,all,No-Violence,NV_454.mp4,REAL_LIFE_VIOLENCE/noFights/NV_454.mp4,.mp4,5.0,23.0,224,224,mpeg4,115,0.23,388.6,
REAL_LIFE_VIOLENCE,all,No-Violence,NV_455.mp4,REAL_LIFE_VIOLENCE/noFights/NV_455.mp4,.mp4,5.0,23.0,224,224,mpeg4,115,0.49,818.7,
REAL_LIFE_VIOLENCE,all,No-Violence,NV_456.mp4,REAL_LIFE_VIOLENCE/noFights/NV_456.mp4,.mp4,5.0,29.0,224,224,mpeg4,145,0.41,691.9,
REAL_LIFE_VIOLENCE,all,No-Violence,NV_457.mp4,REAL_LIFE_VIOLENCE/noFights/NV_457.mp4,.mp4,5.0,29.0,224,224,mpeg4,145,0.44,731.2,
REAL_LIFE_VIOLENCE,all,No-Violence,NV_458.mp4,REAL_LIFE_VIOLENCE/noFights/NV_458.mp4,.mp4,5.0,29.0,224,224,mpeg4,145,0.46,767.6,
REAL_LIFE_VIOLENCE,all,No-Violence,NV_459.mp4,REAL_LIFE_VIOLENCE/noFights/NV_459.mp4,.mp4,5.0,29.0,224,224,mpeg4,145,0.52,880.0,
REAL_LIFE_VIOLENCE,all,No-Violence,NV_46.mp4,REAL_LIFE_VIOLENCE/noFights/NV_46.mp4,.mp4,5.0,30.0,224,224,mpeg4,150,0.65,1090.5,
REAL_LIFE_VIOLENCE,all,No-Violence,NV_460.mp4,REAL_LIFE_VIOLENCE/noFights/NV_460.mp4,.mp4,5.0,29.0,224,224,mpeg4,145,0.48,804.9,
REAL_LIFE_VIOLENCE,all,No-Violence,NV_461.mp4,REAL_LIFE_VIOLENCE/noFights/NV_461.mp4,.mp4,5.0,23.0,224,224,mpeg4,115,0.42,697.8,
REAL_LIFE_VIOLENCE,all,No-Violence,NV_462.mp4,REAL_LIFE_VIOLENCE/noFights/NV_462.mp4,.mp4,5.0,23.0,224,224,mpeg4,115,0.2,332.4,
REAL_LIFE_VIOLENCE,all,No-Violence,NV_463.mp4,REAL_LIFE_VIOLENCE/noFights/NV_463.mp4,.mp4,5.0,23.0,224,224,mpeg4,115,0.47,790.3,
REAL_LIFE_VIOLENCE,all,No-Violence,NV_464.mp4,REAL_LIFE_VIOLENCE/noFights/NV_464.mp4,.mp4,5.0,23.0,224,224,mpeg4,115,0.45,747.0,
REAL_LIFE_VIOLENCE,all,No-Violence,NV_465.mp4,REAL_LIFE_VIOLENCE/noFights/NV_465.mp4,.mp4,5.0,23.0,224,224,mpeg4,115,0.53,896.6,
REAL_LIFE_VIOLENCE,all,No-Violence,NV_466.mp4,REAL_LIFE_VIOLENCE/noFights/NV_466.mp4,.mp4,5.0,23.0,224,224,mpeg4,115,0.37,624.9,
REAL_LIFE_VIOLENCE,all,No-Violence,NV_467.mp4,REAL_LIFE_VIOLENCE/noFights/NV_467.mp4,.mp4,5.0,23.0,224,224,mpeg4,115,0.36,602.8,
REAL_LIFE_VIOLENCE,all,No-Violence,NV_468.mp4,REAL_LIFE_VIOLENCE/noFights/NV_468.mp4,.mp4,5.0,23.0,224,224,mpeg4,115,0.24,409.0,
REAL_LIFE_VIOLENCE,all,No-Violence,NV_469.mp4,REAL_LIFE_VIOLENCE/noFights/NV_469.mp4,.mp4,5.0,23.0,224,224,mpeg4,115,0.45,754.6,
REAL_LIFE_VIOLENCE,all,No-Violence,NV_47.mp4,REAL_LIFE_VIOLENCE/noFights/NV_47.mp4,.mp4,5.0,30.0,224,224,mpeg4,150,0.49,827.4,
REAL_LIFE_VIOLENCE,all,No-Violence,NV_470.mp4,REAL_LIFE_VIOLENCE/noFights/NV_470.mp4,.mp4,5.0,23.0,224,224,mpeg4,115,0.4,669.9,
REAL_LIFE_VIOLENCE,all,No-Violence,NV_471.mp4,REAL_LIFE_VIOLENCE/noFights/NV_471.mp4,.mp4,5.0,23.0,224,224,mpeg4,115,0.6,1009.8,
REAL_LIFE_VIOLENCE,all,No-Violence,NV_472.mp4,REAL_LIFE_VIOLENCE/noFights/NV_472.mp4,.mp4,5.0,23.0,224,224,mpeg4,115,0.36,598.9,
REAL_LIFE_VIOLENCE,all,No-Violence,NV_473.mp4,REAL_LIFE_VIOLENCE/noFights/NV_473.mp4,.mp4,5.0,23.0,224,224,mpeg4,115,0.42,701.0,
REAL_LIFE_VIOLENCE,all,No-Violence,NV_474.mp4,REAL_LIFE_VIOLENCE/noFights/NV_474.mp4,.mp4,5.0,23.0,224,224,mpeg4,115,0.35,593.7,
REAL_LIFE_VIOLENCE,all,No-Violence,NV_475.mp4,REAL_LIFE_VIOLENCE/noFights/NV_475.mp4,.mp4,5.0,23.0,224,224,mpeg4,115,0.41,686.0,
REAL_LIFE_VIOLENCE,all,No-Violence,NV_476.mp4,REAL_LIFE_VIOLENCE/noFights/NV_476.mp4,.mp4,5.0,23.0,224,224,mpeg4,115,0.45,751.1,
REAL_LIFE_VIOLENCE,all,No-Violence,NV_477.mp4,REAL_LIFE_VIOLENCE/noFights/NV_477.mp4,.mp4,5.0,23.0,224,224,mpeg4,115,0.3,507.7,
REAL_LIFE_VIOLENCE,all,No-Violence,NV_478.mp4,REAL_LIFE_VIOLENCE/noFights/NV_478.mp4,.mp4,5.0,23.0,224,224,mpeg4,115,0.37,622.8,
REAL_LIFE_VIOLENCE,all,No-Violence,NV_479.mp4,REAL_LIFE_VIOLENCE/noFights/NV_479.mp4,.mp4,5.0,23.0,224,224,mpeg4,115,0.31,512.5,
REAL_LIFE_VIOLENCE,all,No-Violence,NV_48.mp4,REAL_LIFE_VIOLENCE/noFights/NV_48.mp4,.mp4,5.0,30.0,224,224,mpeg4,150,0.95,1599.4,
REAL_LIFE_VIOLENCE,all,No-Violence,NV_480.mp4,REAL_LIFE_VIOLENCE/noFights/NV_480.mp4,.mp4,5.0,23.0,224,224,mpeg4,115,0.28,476.5,
REAL_LIFE_VIOLENCE,all,No-Violence,NV_481.mp4,REAL_LIFE_VIOLENCE/noFights/NV_481.mp4,.mp4,5.0,23.0,224,224,mpeg4,115,0.22,362.2,
REAL_LIFE_VIOLENCE,all,No-Violence,NV_482.mp4,REAL_LIFE_VIOLENCE/noFights/NV_482.mp4,.mp4,5.0,23.0,224,224,mpeg4,115,0.12,195.8,
REAL_LIFE_VIOLENCE,all,No-Violence,NV_483.mp4,REAL_LIFE_VIOLENCE/noFights/NV_483.mp4,.mp4,5.0,23.0,224,224,mpeg4,115,0.31,525.0,
REAL_LIFE_VIOLENCE,all,No-Violence,NV_484.mp4,REAL_LIFE_VIOLENCE/noFights/NV_484.mp4,.mp4,5.0,23.0,224,224,mpeg4,115,0.39,650.2,
REAL_LIFE_VIOLENCE,all,No-Violence,NV_485.mp4,REAL_LIFE_VIOLENCE/noFights/NV_485.mp4,.mp4,5.0,23.0,224,224,mpeg4,115,0.42,705.9,
REAL_LIFE_VIOLENCE,all,No-Violence,NV_486.mp4,REAL_LIFE_VIOLENCE/noFights/NV_486.mp4,.mp4,5.0,23.0,224,224,mpeg4,115,0.39,648.9,
REAL_LIFE_VIOLENCE,all,No-Violence,NV_487.mp4,REAL_LIFE_VIOLENCE/noFights/NV_487.mp4,.mp4,5.0,23.0,224,224,mpeg4,115,0.32,539.7,
REAL_LIFE_VIOLENCE,all,No-Violence,NV_488.mp4,REAL_LIFE_VIOLENCE/noFights/NV_488.mp4,.mp4,5.0,23.0,224,224,mpeg4,115,0.32,543.8,
REAL_LIFE_VIOLENCE,all,No-Violence,NV_489.mp4,REAL_LIFE_VIOLENCE/noFights/NV_489.mp4,.mp4,5.0,23.0,224,224,mpeg4,115,0.45,759.9,
REAL_LIFE_VIOLENCE,all,No-Violence,NV_49.mp4,REAL_LIFE_VIOLENCE/noFights/NV_49.mp4,.mp4,5.0,30.0,224,224,mpeg4,150,0.88,1478.8,
REAL_LIFE_VIOLENCE,all,No-Violence,NV_490.mp4,REAL_LIFE_VIOLENCE/noFights/NV_490.mp4,.mp4,5.0,23.0,224,224,mpeg4,115,0.35,590.1,
REAL_LIFE_VIOLENCE,all,No-Violence,NV_491.mp4,REAL_LIFE_VIOLENCE/noFights/NV_491.mp4,.mp4,5.0,23.0,224,224,mpeg4,115,0.32,541.3,
REAL_LIFE_VIOLENCE,all,No-Violence,NV_492.mp4,REAL_LIFE_VIOLENCE/noFights/NV_492.mp4,.mp4,5.0,23.0,224,224,mpeg4,115,0.21,354.2,
REAL_LIFE_VIOLENCE,all,No-Violence,NV_493.mp4,REAL_LIFE_VIOLENCE/noFights/NV_493.mp4,.mp4,5.0,23.0,224,224,mpeg4,115,0.18,297.2,
REAL_LIFE_VIOLENCE,all,No-Violence,NV_494.mp4,REAL_LIFE_VIOLENCE/noFights/NV_494.mp4,.mp4,5.0,23.0,224,224,mpeg4,115,0.17,281.3,
REAL_LIFE_VIOLENCE,all,No-Violence,NV_495.mp4,REAL_LIFE_VIOLENCE/noFights/NV_495.mp4,.mp4,5.0,23.0,224,224,mpeg4,115,0.25,425.2,
REAL_LIFE_VIOLENCE,all,No-Violence,NV_496.mp4,REAL_LIFE_VIOLENCE/noFights/NV_496.mp4,.mp4,5.0,23.0,224,224,mpeg4,115,0.37,624.6,
REAL_LIFE_VIOLENCE,all,No-Violence,NV_497.mp4,REAL_LIFE_VIOLENCE/noFights/NV_497.mp4,.mp4,5.0,23.0,224,224,mpeg4,115,0.27,449.7,
REAL_LIFE_VIOLENCE,all,No-Violence,NV_498.mp4,REAL_LIFE_VIOLENCE/noFights/NV_498.mp4,.mp4,5.0,23.0,224,224,mpeg4,115,0.33,554.5,
REAL_LIFE_VIOLENCE,all,No-Violence,NV_499.mp4,REAL_LIFE_VIOLENCE/noFights/NV_499.mp4,.mp4,5.0,23.0,224,224,mpeg4,115,0.35,587.5,
REAL_LIFE_VIOLENCE,all,No-Violence,NV_5.mp4,REAL_LIFE_VIOLENCE/noFights/NV_5.mp4,.mp4,4.92,25.0,1280,720,h264,123,1.4,2381.7,
REAL_LIFE_VIOLENCE,all,No-Violence,NV_50.mp4,REAL_LIFE_VIOLENCE/noFights/NV_50.mp4,.mp4,5.0,30.0,224,224,mpeg4,150,0.76,1267.1,
REAL_LIFE_VIOLENCE,all,No-Violence,NV_500.mp4,REAL_LIFE_VIOLENCE/noFights/NV_500.mp4,.mp4,5.0,23.0,224,224,mpeg4,115,0.25,424.5,
REAL_LIFE_VIOLENCE,all,No-Violence,NV_501.mp4,REAL_LIFE_VIOLENCE/noFights/NV_501.mp4,.mp4,5.0,29.0,224,224,mpeg4,145,0.48,808.7,
REAL_LIFE_VIOLENCE,all,No-Violence,NV_502.mp4,REAL_LIFE_VIOLENCE/noFights/NV_502.mp4,.mp4,5.0,29.0,224,224,mpeg4,145,0.48,809.5,
REAL_LIFE_VIOLENCE,all,No-Violence,NV_503.mp4,REAL_LIFE_VIOLENCE/noFights/NV_503.mp4,.mp4,5.0,29.0,224,224,mpeg4,145,0.41,686.6,
REAL_LIFE_VIOLENCE,all,No-Violence,NV_504.mp4,REAL_LIFE_VIOLENCE/noFights/NV_504.mp4,.mp4,5.0,29.0,224,224,mpeg4,145,0.42,703.9,
REAL_LIFE_VIOLENCE,all,No-Violence,NV_505.mp4,REAL_LIFE_VIOLENCE/noFights/NV_505.mp4,.mp4,5.0,23.0,224,224,mpeg4,115,0.37,627.0,
REAL_LIFE_VIOLENCE,all,No-Violence,NV_506.mp4,REAL_LIFE_VIOLENCE/noFights/NV_506.mp4,.mp4,5.0,29.0,224,224,mpeg4,145,0.34,565.8,
REAL_LIFE_VIOLENCE,all,No-Violence,NV_507.mp4,REAL_LIFE_VIOLENCE/noFights/NV_507.mp4,.mp4,5.0,29.0,224,224,mpeg4,145,0.35,590.9,
REAL_LIFE_VIOLENCE,all,No-Violence,NV_508.mp4,REAL_LIFE_VIOLENCE/noFights/NV_508.mp4,.mp4,5.0,29.0,224,224,mpeg4,145,0.53,881.2,
REAL_LIFE_VIOLENCE,all,No-Violence,NV_509.mp4,REAL_LIFE_VIOLENCE/noFights/NV_509.mp4,.mp4,5.0,29.0,224,224,mpeg4,145,0.59,993.6,
REAL_LIFE_VIOLENCE,all,No-Violence,NV_51.mp4,REAL_LIFE_VIOLENCE/noFights/NV_51.mp4,.mp4,5.0,25.0,224,224,mpeg4,125,0.54,912.3,
REAL_LIFE_VIOLENCE,all,No-Violence,NV_510.mp4,REAL_LIFE_VIOLENCE/noFights/NV_510.mp4,.mp4,5.0,29.0,224,224,mpeg4,145,0.34,562.2,
REAL_LIFE_VIOLENCE,all,No-Violence,NV_511.mp4,REAL_LIFE_VIOLENCE/noFights/NV_511.mp4,.mp4,5.0,29.0,224,224,mpeg4,145,0.27,458.9,
REAL_LIFE_VIOLENCE,all,No-Violence,NV_512.mp4,REAL_LIFE_VIOLENCE/noFights/NV_512.mp4,.mp4,5.0,29.0,224,224,mpeg4,145,0.35,590.5,
REAL_LIFE_VIOLENCE,all,No-Violence,NV_513.mp4,REAL_LIFE_VIOLENCE/noFights/NV_513.mp4,.mp4,5.0,29.0,224,224,mpeg4,145,0.4,664.8,
REAL_LIFE_VIOLENCE,all,No-Violence,NV_514.mp4,REAL_LIFE_VIOLENCE/noFights/NV_514.mp4,.mp4,5.0,29.0,224,224,mpeg4,145,0.41,684.3,
REAL_LIFE_VIOLENCE,all,No-Violence,NV_515.mp4,REAL_LIFE_VIOLENCE/noFights/NV_515.mp4,.mp4,5.0,29.0,224,224,mpeg4,145,0.39,652.5,
REAL_LIFE_VIOLENCE,all,No-Violence,NV_516.mp4,REAL_LIFE_VIOLENCE/noFights/NV_516.mp4,.mp4,5.0,29.0,224,224,mpeg4,145,0.37,622.1,
REAL_LIFE_VIOLENCE,all,No-Violence,NV_517.mp4,REAL_LIFE_VIOLENCE/noFights/NV_517.mp4,.mp4,5.0,29.0,224,224,mpeg4,145,0.56,938.4,
REAL_LIFE_VIOLENCE,all,No-Violence,NV_518.mp4,REAL_LIFE_VIOLENCE/noFights/NV_518.mp4,.mp4,5.0,29.0,224,224,mpeg4,145,0.5,840.8,
REAL_LIFE_VIOLENCE,all,No-Violence,NV_519.mp4,REAL_LIFE_VIOLENCE/noFights/NV_519.mp4,.mp4,5.0,23.0,224,224,mpeg4,115,0.33,553.3,
REAL_LIFE_VIOLENCE,all,No-Violence,NV_52.mp4,REAL_LIFE_VIOLENCE/noFights/NV_52.mp4,.mp4,5.0,30.0,224,224,mpeg4,150,0.88,1470.5,
REAL_LIFE_VIOLENCE,all,No-Violence,NV_520.mp4,REAL_LIFE_VIOLENCE/noFights/NV_520.mp4,.mp4,5.0,29.0,224,224,mpeg4,145,0.44,730.0,
REAL_LIFE_VIOLENCE,all,No-Violence,NV_521.mp4,REAL_LIFE_VIOLENCE/noFights/NV_521.mp4,.mp4,5.0,29.0,224,224,mpeg4,145,0.54,906.8,
REAL_LIFE_VIOLENCE,all,No-Violence,NV_522.mp4,REAL_LIFE_VIOLENCE/noFights/NV_522.mp4,.mp4,5.0,29.0,224,224,mpeg4,145,0.44,732.0,
REAL_LIFE_VIOLENCE,all,No-Violence,NV_523.mp4,REAL_LIFE_VIOLENCE/noFights/NV_523.mp4,.mp4,5.0,29.0,224,224,mpeg4,145,0.47,796.6,
REAL_LIFE_VIOLENCE,all,No-Violence,NV_524.mp4,REAL_LIFE_VIOLENCE/noFights/NV_524.mp4,.mp4,5.0,29.0,224,224,mpeg4,145,0.57,960.1,
REAL_LIFE_VIOLENCE,all,No-Violence,NV_525.mp4,REAL_LIFE_VIOLENCE/noFights/NV_525.mp4,.mp4,5.0,29.0,224,224,mpeg4,145,0.58,967.8,
REAL_LIFE_VIOLENCE,all,No-Violence,NV_526.mp4,REAL_LIFE_VIOLENCE/noFights/NV_526.mp4,.mp4,5.0,29.0,224,224,mpeg4,145,0.69,1153.8,
REAL_LIFE_VIOLENCE,all,No-Violence,NV_527.mp4,REAL_LIFE_VIOLENCE/noFights/NV_527.mp4,.mp4,5.0,29.0,224,224,mpeg4,145,0.43,714.6,
REAL_LIFE_VIOLENCE,all,No-Violence,NV_528.mp4,REAL_LIFE_VIOLENCE/noFights/NV_528.mp4,.mp4,5.0,29.0,224,224,mpeg4,145,0.4,673.3,
REAL_LIFE_VIOLENCE,all,No-Violence,NV_529.mp4,REAL_LIFE_VIOLENCE/noFights/NV_529.mp4,.mp4,5.0,29.0,224,224,mpeg4,145,0.26,443.2,
REAL_LIFE_VIOLENCE,all,No-Violence,NV_53.mp4,REAL_LIFE_VIOLENCE/noFights/NV_53.mp4,.mp4,5.0,30.0,224,224,mpeg4,150,0.7,1170.5,
REAL_LIFE_VIOLENCE,all,No-Violence,NV_530.mp4,REAL_LIFE_VIOLENCE/noFights/NV_530.mp4,.mp4,5.0,23.0,224,224,mpeg4,115,0.62,1042.0,
REAL_LIFE_VIOLENCE,all,No-Violence,NV_531.mp4,REAL_LIFE_VIOLENCE/noFights/NV_531.mp4,.mp4,5.0,29.0,224,224,mpeg4,145,0.35,589.6,
REAL_LIFE_VIOLENCE,all,No-Violence,NV_532.mp4,REAL_LIFE_VIOLENCE/noFights/NV_532.mp4,.mp4,5.0,29.0,224,224,mpeg4,145,0.34,576.3,
REAL_LIFE_VIOLENCE,all,No-Violence,NV_533.mp4,REAL_LIFE_VIOLENCE/noFights/NV_533.mp4,.mp4,5.0,29.0,224,224,mpeg4,145,0.37,618.4,
REAL_LIFE_VIOLENCE,all,No-Violence,NV_534.mp4,REAL_LIFE_VIOLENCE/noFights/NV_534.mp4,.mp4,5.0,29.0,224,224,mpeg4,145,0.45,749.6,
REAL_LIFE_VIOLENCE,all,No-Violence,NV_535.mp4,REAL_LIFE_VIOLENCE/noFights/NV_535.mp4,.mp4,5.0,29.0,224,224,mpeg4,145,0.41,683.9,
REAL_LIFE_VIOLENCE,all,No-Violence,NV_536.mp4,REAL_LIFE_VIOLENCE/noFights/NV_536.mp4,.mp4,5.0,29.0,224,224,mpeg4,145,0.38,634.3,
REAL_LIFE_VIOLENCE,all,No-Violence,NV_537.mp4,REAL_LIFE_VIOLENCE/noFights/NV_537.mp4,.mp4,5.0,29.0,224,224,mpeg4,145,0.4,671.4,
REAL_LIFE_VIOLENCE,all,No-Violence,NV_538.mp4,REAL_LIFE_VIOLENCE/noFights/NV_538.mp4,.mp4,5.0,23.0,224,224,mpeg4,115,0.4,667.2,
REAL_LIFE_VIOLENCE,all,No-Violence,NV_539.mp4,REAL_LIFE_VIOLENCE/noFights/NV_539.mp4,.mp4,5.0,23.0,224,224,mpeg4,115,0.38,641.5,
REAL_LIFE_VIOLENCE,all,No-Violence,NV_54.mp4,REAL_LIFE_VIOLENCE/noFights/NV_54.mp4,.mp4,5.0,30.0,224,224,mpeg4,150,0.82,1379.8,
REAL_LIFE_VIOLENCE,all,No-Violence,NV_540.mp4,REAL_LIFE_VIOLENCE/noFights/NV_540.mp4,.mp4,5.0,29.0,224,224,mpeg4,145,0.7,1182.4,
REAL_LIFE_VIOLENCE,all,No-Violence,NV_541.mp4,REAL_LIFE_VIOLENCE/noFights/NV_541.mp4,.mp4,5.0,29.0,224,224,mpeg4,145,0.49,822.2,
REAL_LIFE_VIOLENCE,all,No-Violence,NV_542.mp4,REAL_LIFE_VIOLENCE/noFights/NV_542.mp4,.mp4,5.0,25.0,224,224,mpeg4,125,0.88,1480.6,
REAL_LIFE_VIOLENCE,all,No-Violence,NV_543.mp4,REAL_LIFE_VIOLENCE/noFights/NV_543.mp4,.mp4,5.0,25.0,224,224,mpeg4,125,0.95,1589.2,
REAL_LIFE_VIOLENCE,all,No-Violence,NV_544.mp4,REAL_LIFE_VIOLENCE/noFights/NV_544.mp4,.mp4,5.0,25.0,224,224,mpeg4,125,0.98,1644.8,
REAL_LIFE_VIOLENCE,all,No-Violence,NV_545.mp4,REAL_LIFE_VIOLENCE/noFights/NV_545.mp4,.mp4,5.0,25.0,224,224,mpeg4,125,1.07,1798.4,
REAL_LIFE_VIOLENCE,all,No-Violence,NV_546.mp4,REAL_LIFE_VIOLENCE/noFights/NV_546.mp4,.mp4,5.0,25.0,224,224,mpeg4,125,0.91,1532.8,
REAL_LIFE_VIOLENCE,all,No-Violence,NV_547.mp4,REAL_LIFE_VIOLENCE/noFights/NV_547.mp4,.mp4,5.0,25.0,224,224,mpeg4,125,0.49,820.0,
REAL_LIFE_VIOLENCE,all,No-Violence,NV_548.mp4,REAL_LIFE_VIOLENCE/noFights/NV_548.mp4,.mp4,5.0,25.0,224,224,mpeg4,125,0.63,1056.5,
REAL_LIFE_VIOLENCE,all,No-Violence,NV_549.mp4,REAL_LIFE_VIOLENCE/noFights/NV_549.mp4,.mp4,5.0,25.0,224,224,mpeg4,125,0.41,694.4,
REAL_LIFE_VIOLENCE,all,No-Violence,NV_55.mp4,REAL_LIFE_VIOLENCE/noFights/NV_55.mp4,.mp4,5.0,30.0,224,224,mpeg4,150,0.8,1334.0,
REAL_LIFE_VIOLENCE,all,No-Violence,NV_550.mp4,REAL_LIFE_VIOLENCE/noFights/NV_550.mp4,.mp4,5.0,25.0,224,224,mpeg4,125,0.34,564.5,
REAL_LIFE_VIOLENCE,all,No-Violence,NV_551.mp4,REAL_LIFE_VIOLENCE/noFights/NV_551.mp4,.mp4,5.0,25.0,224,224,mpeg4,125,0.31,519.5,
REAL_LIFE_VIOLENCE,all,No-Violence,NV_552.mp4,REAL_LIFE_VIOLENCE/noFights/NV_552.mp4,.mp4,5.0,25.0,224,224,mpeg4,125,0.3,503.9,
REAL_LIFE_VIOLENCE,all,No-Violence,NV_553.mp4,REAL_LIFE_VIOLENCE/noFights/NV_553.mp4,.mp4,5.0,25.0,224,224,mpeg4,125,0.61,1016.5,
REAL_LIFE_VIOLENCE,all,No-Violence,NV_554.mp4,REAL_LIFE_VIOLENCE/noFights/NV_554.mp4,.mp4,5.0,25.0,224,224,mpeg4,125,0.63,1053.1,
REAL_LIFE_VIOLENCE,all,No-Violence,NV_555.mp4,REAL_LIFE_VIOLENCE/noFights/NV_555.mp4,.mp4,5.0,25.0,224,224,mpeg4,125,0.37,614.8,
REAL_LIFE_VIOLENCE,all,No-Violence,NV_556.mp4,REAL_LIFE_VIOLENCE/noFights/NV_556.mp4,.mp4,5.0,25.0,224,224,mpeg4,125,0.51,856.3,
REAL_LIFE_VIOLENCE,all,No-Violence,NV_557.mp4,REAL_LIFE_VIOLENCE/noFights/NV_557.mp4,.mp4,5.0,25.0,224,224,mpeg4,125,0.89,1490.6,
REAL_LIFE_VIOLENCE,all,No-Violence,NV_558.mp4,REAL_LIFE_VIOLENCE/noFights/NV_558.mp4,.mp4,5.0,25.0,224,224,mpeg4,125,0.7,1172.2,
REAL_LIFE_VIOLENCE,all,No-Violence,NV_559.mp4,REAL_LIFE_VIOLENCE/noFights/NV_559.mp4,.mp4,5.0,25.0,224,224,mpeg4,125,0.58,974.0,
REAL_LIFE_VIOLENCE,all,No-Violence,NV_56.mp4,REAL_LIFE_VIOLENCE/noFights/NV_56.mp4,.mp4,5.0,30.0,224,224,mpeg4,150,1.12,1876.9,
REAL_LIFE_VIOLENCE,all,No-Violence,NV_560.mp4,REAL_LIFE_VIOLENCE/noFights/NV_560.mp4,.mp4,5.0,25.0,224,224,mpeg4,125,0.6,1013.3,
REAL_LIFE_VIOLENCE,all,No-Violence,NV_561.mp4,REAL_LIFE_VIOLENCE/noFights/NV_561.mp4,.mp4,5.0,25.0,224,224,mpeg4,125,0.28,470.1,
REAL_LIFE_VIOLENCE,all,No-Violence,NV_562.mp4,REAL_LIFE_VIOLENCE/noFights/NV_562.mp4,.mp4,5.0,25.0,224,224,mpeg4,125,0.62,1046.3,
REAL_LIFE_VIOLENCE,all,No-Violence,NV_563.mp4,REAL_LIFE_VIOLENCE/noFights/NV_563.mp4,.mp4,5.0,25.0,224,224,mpeg4,125,0.38,631.0,
REAL_LIFE_VIOLENCE,all,No-Violence,NV_564.mp4,REAL_LIFE_VIOLENCE/noFights/NV_564.mp4,.mp4,5.0,25.0,224,224,mpeg4,125,0.58,971.7,
REAL_LIFE_VIOLENCE,all,No-Violence,NV_565.mp4,REAL_LIFE_VIOLENCE/noFights/NV_565.mp4,.mp4,5.0,25.0,224,224,mpeg4,125,0.8,1343.7,
REAL_LIFE_VIOLENCE,all,No-Violence,NV_566.mp4,REAL_LIFE_VIOLENCE/noFights/NV_566.mp4,.mp4,5.0,25.0,224,224,mpeg4,125,0.44,741.4,
REAL_LIFE_VIOLENCE,all,No-Violence,NV_567.mp4,REAL_LIFE_VIOLENCE/noFights/NV_567.mp4,.mp4,5.0,25.0,224,224,mpeg4,125,0.45,750.5,
REAL_LIFE_VIOLENCE,all,No-Violence,NV_568.mp4,REAL_LIFE_VIOLENCE/noFights/NV_568.mp4,.mp4,5.0,25.0,224,224,mpeg4,125,0.97,1621.2,
REAL_LIFE_VIOLENCE,all,No-Violence,NV_569.mp4,REAL_LIFE_VIOLENCE/noFights/NV_569.mp4,.mp4,5.0,25.0,224,224,mpeg4,125,0.84,1411.0,
REAL_LIFE_VIOLENCE,all,No-Violence,NV_57.mp4,REAL_LIFE_VIOLENCE/noFights/NV_57.mp4,.mp4,5.0,30.0,224,224,mpeg4,150,0.89,1492.8,
REAL_LIFE_VIOLENCE,all,No-Violence,NV_570.mp4,REAL_LIFE_VIOLENCE/noFights/NV_570.mp4,.mp4,5.0,25.0,224,224,mpeg4,125,0.6,1005.2,
REAL_LIFE_VIOLENCE,all,No-Violence,NV_571.mp4,REAL_LIFE_VIOLENCE/noFights/NV_571.mp4,.mp4,5.0,25.0,224,224,mpeg4,125,0.58,974.8,
REAL_LIFE_VIOLENCE,all,No-Violence,NV_572.mp4,REAL_LIFE_VIOLENCE/noFights/NV_572.mp4,.mp4,5.0,25.0,224,224,mpeg4,125,0.61,1017.6,
REAL_LIFE_VIOLENCE,all,No-Violence,NV_573.mp4,REAL_LIFE_VIOLENCE/noFights/NV_573.mp4,.mp4,5.0,25.0,224,224,mpeg4,125,0.64,1076.5,
REAL_LIFE_VIOLENCE,all,No-Violence,NV_574.mp4,REAL_LIFE_VIOLENCE/noFights/NV_574.mp4,.mp4,5.0,25.0,224,224,mpeg4,125,0.54,911.4,
REAL_LIFE_VIOLENCE,all,No-Violence,NV_575.mp4,REAL_LIFE_VIOLENCE/noFights/NV_575.mp4,.mp4,5.0,25.0,224,224,mpeg4,125,0.41,686.8,
REAL_LIFE_VIOLENCE,all,No-Violence,NV_576.mp4,REAL_LIFE_VIOLENCE/noFights/NV_576.mp4,.mp4,5.0,25.0,224,224,mpeg4,125,0.48,813.1,
REAL_LIFE_VIOLENCE,all,No-Violence,NV_577.mp4,REAL_LIFE_VIOLENCE/noFights/NV_577.mp4,.mp4,5.0,23.0,224,224,mpeg4,115,0.28,467.3,
REAL_LIFE_VIOLENCE,all,No-Violence,NV_578.mp4,REAL_LIFE_VIOLENCE/noFights/NV_578.mp4,.mp4,5.0,23.0,224,224,mpeg4,115,0.23,388.4,
REAL_LIFE_VIOLENCE,all,No-Violence,NV_579.mp4,REAL_LIFE_VIOLENCE/noFights/NV_579.mp4,.mp4,5.0,23.0,224,224,mpeg4,115,0.12,203.3,
REAL_LIFE_VIOLENCE,all,No-Violence,NV_58.mp4,REAL_LIFE_VIOLENCE/noFights/NV_58.mp4,.mp4,5.0,30.0,224,224,mpeg4,150,0.54,902.2,
REAL_LIFE_VIOLENCE,all,No-Violence,NV_580.mp4,REAL_LIFE_VIOLENCE/noFights/NV_580.mp4,.mp4,5.0,23.0,224,224,mpeg4,115,0.17,288.5,
REAL_LIFE_VIOLENCE,all,No-Violence,NV_581.mp4,REAL_LIFE_VIOLENCE/noFights/NV_581.mp4,.mp4,5.0,23.0,224,224,mpeg4,115,0.25,416.1,
REAL_LIFE_VIOLENCE,all,No-Violence,NV_582.mp4,REAL_LIFE_VIOLENCE/noFights/NV_582.mp4,.mp4,5.0,23.0,224,224,mpeg4,115,0.41,690.8,
REAL_LIFE_VIOLENCE,all,No-Violence,NV_583.mp4,REAL_LIFE_VIOLENCE/noFights/NV_583.mp4,.mp4,5.0,23.0,224,224,mpeg4,115,0.23,380.3,
REAL_LIFE_VIOLENCE,all,No-Violence,NV_584.mp4,REAL_LIFE_VIOLENCE/noFights/NV_584.mp4,.mp4,5.0,23.0,224,224,mpeg4,115,0.28,462.5,
REAL_LIFE_VIOLENCE,all,No-Violence,NV_585.mp4,REAL_LIFE_VIOLENCE/noFights/NV_585.mp4,.mp4,5.0,23.0,224,224,mpeg4,115,0.28,473.0,
REAL_LIFE_VIOLENCE,all,No-Violence,NV_586.mp4,REAL_LIFE_VIOLENCE/noFights/NV_586.mp4,.mp4,5.0,23.0,224,224,mpeg4,115,0.23,382.9,
REAL_LIFE_VIOLENCE,all,No-Violence,NV_587.mp4,REAL_LIFE_VIOLENCE/noFights/NV_587.mp4,.mp4,5.0,23.0,224,224,mpeg4,115,0.34,577.6,
REAL_LIFE_VIOLENCE,all,No-Violence,NV_588.mp4,REAL_LIFE_VIOLENCE/noFights/NV_588.mp4,.mp4,5.0,23.0,224,224,mpeg4,115,0.27,445.7,
REAL_LIFE_VIOLENCE,all,No-Violence,NV_589.mp4,REAL_LIFE_VIOLENCE/noFights/NV_589.mp4,.mp4,5.0,23.0,224,224,mpeg4,115,0.27,456.7,
REAL_LIFE_VIOLENCE,all,No-Violence,NV_59.mp4,REAL_LIFE_VIOLENCE/noFights/NV_59.mp4,.mp4,5.0,30.0,224,224,mpeg4,150,0.97,1624.4,
REAL_LIFE_VIOLENCE,all,No-Violence,NV_590.mp4,REAL_LIFE_VIOLENCE/noFights/NV_590.mp4,.mp4,5.0,30.0,224,224,mpeg4,150,1.15,1921.0,
REAL_LIFE_VIOLENCE,all,No-Violence,NV_591.mp4,REAL_LIFE_VIOLENCE/noFights/NV_591.mp4,.mp4,5.0,30.0,224,224,mpeg4,150,0.96,1610.6,
REAL_LIFE_VIOLENCE,all,No-Violence,NV_592.mp4,REAL_LIFE_VIOLENCE/noFights/NV_592.mp4,.mp4,5.0,30.0,224,224,mpeg4,150,0.83,1388.4,
REAL_LIFE_VIOLENCE,all,No-Violence,NV_593.mp4,REAL_LIFE_VIOLENCE/noFights/NV_593.mp4,.mp4,5.0,21.0,224,224,mpeg4,105,0.57,953.4,
REAL_LIFE_VIOLENCE,all,No-Violence,NV_594.mp4,REAL_LIFE_VIOLENCE/noFights/NV_594.mp4,.mp4,5.0,21.0,224,224,mpeg4,105,0.39,662.6,
REAL_LIFE_VIOLENCE,all,No-Violence,NV_595.mp4,REAL_LIFE_VIOLENCE/noFights/NV_595.mp4,.mp4,5.0,21.0,224,224,mpeg4,105,0.62,1038.8,
REAL_LIFE_VIOLENCE,all,No-Violence,NV_596.mp4,REAL_LIFE_VIOLENCE/noFights/NV_596.mp4,.mp4,5.0,21.0,224,224,mpeg4,105,0.48,797.6,
REAL_LIFE_VIOLENCE,all,No-Violence,NV_597.mp4,REAL_LIFE_VIOLENCE/noFights/NV_597.mp4,.mp4,5.0,21.0,224,224,mpeg4,105,0.42,707.4,
REAL_LIFE_VIOLENCE,all,No-Violence,NV_598.mp4,REAL_LIFE_VIOLENCE/noFights/NV_598.mp4,.mp4,5.0,21.0,224,224,mpeg4,105,0.45,754.1,
REAL_LIFE_VIOLENCE,all,No-Violence,NV_599.mp4,REAL_LIFE_VIOLENCE/noFights/NV_599.mp4,.mp4,5.0,21.0,224,224,mpeg4,105,0.81,1352.1,
REAL_LIFE_VIOLENCE,all,No-Violence,NV_6.mp4,REAL_LIFE_VIOLENCE/noFights/NV_6.mp4,.mp4,4.12,25.0,1280,720,h264,103,1.29,2630.4,
REAL_LIFE_VIOLENCE,all,No-Violence,NV_60.mp4,REAL_LIFE_VIOLENCE/noFights/NV_60.mp4,.mp4,5.0,30.0,224,224,mpeg4,150,0.91,1534.2,
REAL_LIFE_VIOLENCE,all,No-Violence,NV_600.mp4,REAL_LIFE_VIOLENCE/noFights/NV_600.mp4,.mp4,3.0,21.0,224,224,mpeg4,63,0.37,1048.4,
REAL_LIFE_VIOLENCE,all,No-Violence,NV_601.mp4,REAL_LIFE_VIOLENCE/noFights/NV_601.mp4,.mp4,5.0,21.0,224,224,mpeg4,105,1.08,1816.6,
REAL_LIFE_VIOLENCE,all,No-Violence,NV_602.avi,REAL_LIFE_VIOLENCE/noFights/NV_602.avi,.avi,5.0,25.0,224,224,mpeg4,125,0.61,1031.3,
REAL_LIFE_VIOLENCE,all,No-Violence,NV_603.mp4,REAL_LIFE_VIOLENCE/noFights/NV_603.mp4,.mp4,5.0,21.0,224,224,mpeg4,105,0.52,866.6,
REAL_LIFE_VIOLENCE,all,No-Violence,NV_604.mp4,REAL_LIFE_VIOLENCE/noFights/NV_604.mp4,.mp4,5.0,21.0,224,224,mpeg4,105,0.55,929.0,
REAL_LIFE_VIOLENCE,all,No-Violence,NV_605.mp4,REAL_LIFE_VIOLENCE/noFights/NV_605.mp4,.mp4,5.0,21.0,224,224,mpeg4,105,0.46,764.4,
REAL_LIFE_VIOLENCE,all,No-Violence,NV_606.mp4,REAL_LIFE_VIOLENCE/noFights/NV_606.mp4,.mp4,5.0,21.0,224,224,mpeg4,105,1.32,2222.1,
REAL_LIFE_VIOLENCE,all,No-Violence,NV_607.mp4,REAL_LIFE_VIOLENCE/noFights/NV_607.mp4,.mp4,5.0,21.0,224,224,mpeg4,105,0.54,908.8,
REAL_LIFE_VIOLENCE,all,No-Violence,NV_608.mp4,REAL_LIFE_VIOLENCE/noFights/NV_608.mp4,.mp4,5.0,21.0,224,224,mpeg4,105,0.41,682.6,
REAL_LIFE_VIOLENCE,all,No-Violence,NV_609.mp4,REAL_LIFE_VIOLENCE/noFights/NV_609.mp4,.mp4,5.0,21.0,224,224,mpeg4,105,1.3,2178.2,
REAL_LIFE_VIOLENCE,all,No-Violence,NV_61.mp4,REAL_LIFE_VIOLENCE/noFights/NV_61.mp4,.mp4,5.0,30.0,224,224,mpeg4,150,1.22,2050.4,
REAL_LIFE_VIOLENCE,all,No-Violence,NV_610.mp4,REAL_LIFE_VIOLENCE/noFights/NV_610.mp4,.mp4,5.0,21.0,224,224,mpeg4,105,0.47,785.4,
REAL_LIFE_VIOLENCE,all,No-Violence,NV_611.mp4,REAL_LIFE_VIOLENCE/noFights/NV_611.mp4,.mp4,5.0,21.0,224,224,mpeg4,105,0.53,889.8,
REAL_LIFE_VIOLENCE,all,No-Violence,NV_612.mp4,REAL_LIFE_VIOLENCE/noFights/NV_612.mp4,.mp4,5.0,21.0,224,224,mpeg4,105,0.44,744.2,
REAL_LIFE_VIOLENCE,all,No-Violence,NV_613.mp4,REAL_LIFE_VIOLENCE/noFights/NV_613.mp4,.mp4,5.0,21.0,224,224,mpeg4,105,0.85,1429.7,
REAL_LIFE_VIOLENCE,all,No-Violence,NV_614.mp4,REAL_LIFE_VIOLENCE/noFights/NV_614.mp4,.mp4,5.0,21.0,224,224,mpeg4,105,0.48,808.6,
REAL_LIFE_VIOLENCE,all,No-Violence,NV_615.mp4,REAL_LIFE_VIOLENCE/noFights/NV_615.mp4,.mp4,5.0,21.0,224,224,mpeg4,105,0.46,766.1,
REAL_LIFE_VIOLENCE,all,No-Violence,NV_616.mp4,REAL_LIFE_VIOLENCE/noFights/NV_616.mp4,.mp4,5.0,21.0,224,224,mpeg4,105,0.59,986.8,
REAL_LIFE_VIOLENCE,all,No-Violence,NV_617.mp4,REAL_LIFE_VIOLENCE/noFights/NV_617.mp4,.mp4,5.0,21.0,224,224,mpeg4,105,0.36,597.7,
REAL_LIFE_VIOLENCE,all,No-Violence,NV_618.mp4,REAL_LIFE_VIOLENCE/noFights/NV_618.mp4,.mp4,5.0,21.0,224,224,mpeg4,105,1.21,2034.4,
REAL_LIFE_VIOLENCE,all,No-Violence,NV_619.mp4,REAL_LIFE_VIOLENCE/noFights/NV_619.mp4,.mp4,5.0,21.0,224,224,mpeg4,105,0.84,1411.3,
REAL_LIFE_VIOLENCE,all,No-Violence,NV_62.mp4,REAL_LIFE_VIOLENCE/noFights/NV_62.mp4,.mp4,5.0,25.0,224,224,mpeg4,125,0.5,837.1,
REAL_LIFE_VIOLENCE,all,No-Violence,NV_620.mp4,REAL_LIFE_VIOLENCE/noFights/NV_620.mp4,.mp4,5.0,29.0,224,224,mpeg4,145,0.15,245.9,
REAL_LIFE_VIOLENCE,all,No-Violence,NV_621.mp4,REAL_LIFE_VIOLENCE/noFights/NV_621.mp4,.mp4,5.0,29.0,224,224,mpeg4,145,0.12,209.5,
REAL_LIFE_VIOLENCE,all,No-Violence,NV_622.mp4,REAL_LIFE_VIOLENCE/noFights/NV_622.mp4,.mp4,5.0,29.0,224,224,mpeg4,145,0.15,244.0,
REAL_LIFE_VIOLENCE,all,No-Violence,NV_623.mp4,REAL_LIFE_VIOLENCE/noFights/NV_623.mp4,.mp4,5.0,29.0,224,224,mpeg4,145,0.14,228.0,
REAL_LIFE_VIOLENCE,all,No-Violence,NV_624.mp4,REAL_LIFE_VIOLENCE/noFights/NV_624.mp4,.mp4,5.0,29.0,224,224,mpeg4,145,0.12,207.0,
REAL_LIFE_VIOLENCE,all,No-Violence,NV_625.mp4,REAL_LIFE_VIOLENCE/noFights/NV_625.mp4,.mp4,5.0,29.0,224,224,mpeg4,145,0.14,237.6,
REAL_LIFE_VIOLENCE,all,No-Violence,NV_626.mp4,REAL_LIFE_VIOLENCE/noFights/NV_626.mp4,.mp4,5.0,29.0,224,224,mpeg4,145,0.12,201.0,
REAL_LIFE_VIOLENCE,all,No-Violence,NV_627.mp4,REAL_LIFE_VIOLENCE/noFights/NV_627.mp4,.mp4,5.0,29.0,224,224,mpeg4,145,0.11,180.2,
REAL_LIFE_VIOLENCE,all,No-Violence,NV_628.mp4,REAL_LIFE_VIOLENCE/noFights/NV_628.mp4,.mp4,5.0,29.0,224,224,mpeg4,145,0.16,272.1,
REAL_LIFE_VIOLENCE,all,No-Violence,NV_629.mp4,REAL_LIFE_VIOLENCE/noFights/NV_629.mp4,.mp4,5.0,29.0,224,224,mpeg4,145,0.12,197.8,
REAL_LIFE_VIOLENCE,all,No-Violence,NV_63.mp4,REAL_LIFE_VIOLENCE/noFights/NV_63.mp4,.mp4,3.52,25.0,640,360,h264,88,0.77,1828.8,
REAL_LIFE_VIOLENCE,all,No-Violence,NV_630.mp4,REAL_LIFE_VIOLENCE/noFights/NV_630.mp4,.mp4,5.0,29.0,224,224,mpeg4,145,0.18,304.9,
REAL_LIFE_VIOLENCE,all,No-Violence,NV_631.mp4,REAL_LIFE_VIOLENCE/noFights/NV_631.mp4,.mp4,5.0,29.0,224,224,mpeg4,145,0.14,234.5,
REAL_LIFE_VIOLENCE,all,No-Violence,NV_632.mp4,REAL_LIFE_VIOLENCE/noFights/NV_632.mp4,.mp4,5.0,29.0,224,224,mpeg4,145,0.13,212.5,
REAL_LIFE_VIOLENCE,all,No-Violence,NV_633.mp4,REAL_LIFE_VIOLENCE/noFights/NV_633.mp4,.mp4,5.0,29.0,224,224,mpeg4,145,0.08,136.3,
REAL_LIFE_VIOLENCE,all,No-Violence,NV_634.mp4,REAL_LIFE_VIOLENCE/noFights/NV_634.mp4,.mp4,5.0,29.0,224,224,mpeg4,145,0.16,271.2,
REAL_LIFE_VIOLENCE,all,No-Violence,NV_635.mp4,REAL_LIFE_VIOLENCE/noFights/NV_635.mp4,.mp4,5.0,29.0,224,224,mpeg4,145,0.19,319.9,
REAL_LIFE_VIOLENCE,all,No-Violence,NV_636.mp4,REAL_LIFE_VIOLENCE/noFights/NV_636.mp4,.mp4,5.0,29.0,224,224,mpeg4,145,0.19,324.4,
REAL_LIFE_VIOLENCE,all,No-Violence,NV_637.mp4,REAL_LIFE_VIOLENCE/noFights/NV_637.mp4,.mp4,5.0,29.0,224,224,mpeg4,145,0.12,197.7,
REAL_LIFE_VIOLENCE,all,No-Violence,NV_638.mp4,REAL_LIFE_VIOLENCE/noFights/NV_638.mp4,.mp4,5.0,29.0,224,224,mpeg4,145,0.2,342.0,
REAL_LIFE_VIOLENCE,all,No-Violence,NV_639.mp4,REAL_LIFE_VIOLENCE/noFights/NV_639.mp4,.mp4,5.0,29.0,224,224,mpeg4,145,0.11,180.6,
REAL_LIFE_VIOLENCE,all,No-Violence,NV_64.mp4,REAL_LIFE_VIOLENCE/noFights/NV_64.mp4,.mp4,5.0,30.0,224,224,mpeg4,150,0.81,1355.2,
REAL_LIFE_VIOLENCE,all,No-Violence,NV_640.mp4,REAL_LIFE_VIOLENCE/noFights/NV_640.mp4,.mp4,5.0,29.0,224,224,mpeg4,145,0.1,161.4,
REAL_LIFE_VIOLENCE,all,No-Violence,NV_641.mp4,REAL_LIFE_VIOLENCE/noFights/NV_641.mp4,.mp4,5.0,29.0,224,224,mpeg4,145,0.12,202.7,
REAL_LIFE_VIOLENCE,all,No-Violence,NV_642.mp4,REAL_LIFE_VIOLENCE/noFights/NV_642.mp4,.mp4,5.0,29.0,224,224,mpeg4,145,0.11,179.0,
REAL_LIFE_VIOLENCE,all,No-Violence,NV_643.mp4,REAL_LIFE_VIOLENCE/noFights/NV_643.mp4,.mp4,5.0,29.0,224,224,mpeg4,145,0.17,283.9,
REAL_LIFE_VIOLENCE,all,No-Violence,NV_644.mp4,REAL_LIFE_VIOLENCE/noFights/NV_644.mp4,.mp4,5.0,29.0,224,224,mpeg4,145,0.15,246.2,
REAL_LIFE_VIOLENCE,all,No-Violence,NV_645.mp4,REAL_LIFE_VIOLENCE/noFights/NV_645.mp4,.mp4,5.0,29.0,224,224,mpeg4,145,0.17,283.5,
REAL_LIFE_VIOLENCE,all,No-Violence,NV_646.mp4,REAL_LIFE_VIOLENCE/noFights/NV_646.mp4,.mp4,5.0,29.0,224,224,mpeg4,145,0.17,285.1,
REAL_LIFE_VIOLENCE,all,No-Violence,NV_647.mp4,REAL_LIFE_VIOLENCE/noFights/NV_647.mp4,.mp4,5.0,29.0,224,224,mpeg4,145,0.21,360.1,
REAL_LIFE_VIOLENCE,all,No-Violence,NV_648.mp4,REAL_LIFE_VIOLENCE/noFights/NV_648.mp4,.mp4,5.0,29.0,224,224,mpeg4,145,0.45,754.4,
REAL_LIFE_VIOLENCE,all,No-Violence,NV_649.mp4,REAL_LIFE_VIOLENCE/noFights/NV_649.mp4,.mp4,5.0,29.0,224,224,mpeg4,145,0.27,447.2,
REAL_LIFE_VIOLENCE,all,No-Violence,NV_65.mp4,REAL_LIFE_VIOLENCE/noFights/NV_65.mp4,.mp4,5.0,30.0,224,224,mpeg4,150,0.89,1499.4,
REAL_LIFE_VIOLENCE,all,No-Violence,NV_650.mp4,REAL_LIFE_VIOLENCE/noFights/NV_650.mp4,.mp4,5.0,29.0,224,224,mpeg4,145,0.31,524.6,
REAL_LIFE_VIOLENCE,all,No-Violence,NV_651.mp4,REAL_LIFE_VIOLENCE/noFights/NV_651.mp4,.mp4,5.0,29.0,224,224,mpeg4,145,0.3,506.7,
REAL_LIFE_VIOLENCE,all,No-Violence,NV_652.mp4,REAL_LIFE_VIOLENCE/noFights/NV_652.mp4,.mp4,5.0,29.0,224,224,mpeg4,145,0.32,544.9,
REAL_LIFE_VIOLENCE,all,No-Violence,NV_653.mp4,REAL_LIFE_VIOLENCE/noFights/NV_653.mp4,.mp4,5.0,29.0,224,224,mpeg4,145,0.08,135.5,
REAL_LIFE_VIOLENCE,all,No-Violence,NV_654.mp4,REAL_LIFE_VIOLENCE/noFights/NV_654.mp4,.mp4,5.0,29.0,224,224,mpeg4,145,0.13,226.4,
REAL_LIFE_VIOLENCE,all,No-Violence,NV_655.mp4,REAL_LIFE_VIOLENCE/noFights/NV_655.mp4,.mp4,5.0,29.0,224,224,mpeg4,145,0.09,155.6,
REAL_LIFE_VIOLENCE,all,No-Violence,NV_656.mp4,REAL_LIFE_VIOLENCE/noFights/NV_656.mp4,.mp4,5.0,29.0,224,224,mpeg4,145,0.2,327.4,
REAL_LIFE_VIOLENCE,all,No-Violence,NV_657.mp4,REAL_LIFE_VIOLENCE/noFights/NV_657.mp4,.mp4,5.0,29.0,224,224,mpeg4,145,0.23,393.7,
REAL_LIFE_VIOLENCE,all,No-Violence,NV_658.mp4,REAL_LIFE_VIOLENCE/noFights/NV_658.mp4,.mp4,5.0,29.0,224,224,mpeg4,145,0.13,214.8,
REAL_LIFE_VIOLENCE,all,No-Violence,NV_659.mp4,REAL_LIFE_VIOLENCE/noFights/NV_659.mp4,.mp4,5.0,29.0,224,224,mpeg4,145,0.18,293.8,
REAL_LIFE_VIOLENCE,all,No-Violence,NV_66.mp4,REAL_LIFE_VIOLENCE/noFights/NV_66.mp4,.mp4,5.0,30.0,224,224,mpeg4,150,0.87,1461.0,
REAL_LIFE_VIOLENCE,all,No-Violence,NV_660.mp4,REAL_LIFE_VIOLENCE/noFights/NV_660.mp4,.mp4,5.0,29.0,224,224,mpeg4,145,0.18,303.7,
REAL_LIFE_VIOLENCE,all,No-Violence,NV_661.mp4,REAL_LIFE_VIOLENCE/noFights/NV_661.mp4,.mp4,5.0,29.0,224,224,mpeg4,145,0.18,299.1,
REAL_LIFE_VIOLENCE,all,No-Violence,NV_662.mp4,REAL_LIFE_VIOLENCE/noFights/NV_662.mp4,.mp4,5.0,29.0,224,224,mpeg4,145,0.16,267.4,
REAL_LIFE_VIOLENCE,all,No-Violence,NV_663.mp4,REAL_LIFE_VIOLENCE/noFights/NV_663.mp4,.mp4,5.0,29.0,224,224,mpeg4,145,0.22,373.5,
REAL_LIFE_VIOLENCE,all,No-Violence,NV_664.mp4,REAL_LIFE_VIOLENCE/noFights/NV_664.mp4,.mp4,5.0,29.0,224,224,mpeg4,145,0.32,540.5,
REAL_LIFE_VIOLENCE,all,No-Violence,NV_665.mp4,REAL_LIFE_VIOLENCE/noFights/NV_665.mp4,.mp4,5.0,24.0,224,224,mpeg4,120,0.35,594.5,
REAL_LIFE_VIOLENCE,all,No-Violence,NV_666.mp4,REAL_LIFE_VIOLENCE/noFights/NV_666.mp4,.mp4,5.0,24.0,224,224,mpeg4,120,0.96,1613.1,
REAL_LIFE_VIOLENCE,all,No-Violence,NV_667.mp4,REAL_LIFE_VIOLENCE/noFights/NV_667.mp4,.mp4,5.0,24.0,224,224,mpeg4,120,0.32,537.9,
REAL_LIFE_VIOLENCE,all,No-Violence,NV_668.mp4,REAL_LIFE_VIOLENCE/noFights/NV_668.mp4,.mp4,5.0,24.0,224,224,mpeg4,120,1.28,2144.9,
REAL_LIFE_VIOLENCE,all,No-Violence,NV_669.mp4,REAL_LIFE_VIOLENCE/noFights/NV_669.mp4,.mp4,5.0,24.0,224,224,mpeg4,120,0.74,1245.2,
REAL_LIFE_VIOLENCE,all,No-Violence,NV_67.mp4,REAL_LIFE_VIOLENCE/noFights/NV_67.mp4,.mp4,5.0,30.0,224,224,mpeg4,150,0.94,1584.5,
REAL_LIFE_VIOLENCE,all,No-Violence,NV_670.mp4,REAL_LIFE_VIOLENCE/noFights/NV_670.mp4,.mp4,5.0,24.0,224,224,mpeg4,120,0.46,769.5,
REAL_LIFE_VIOLENCE,all,No-Violence,NV_671.mp4,REAL_LIFE_VIOLENCE/noFights/NV_671.mp4,.mp4,5.0,24.0,224,224,mpeg4,120,0.89,1491.0,
REAL_LIFE_VIOLENCE,all,No-Violence,NV_672.mp4,REAL_LIFE_VIOLENCE/noFights/NV_672.mp4,.mp4,5.0,24.0,224,224,mpeg4,120,0.43,714.4,
REAL_LIFE_VIOLENCE,all,No-Violence,NV_673.mp4,REAL_LIFE_VIOLENCE/noFights/NV_673.mp4,.mp4,5.0,24.0,224,224,mpeg4,120,0.87,1460.8,
REAL_LIFE_VIOLENCE,all,No-Violence,NV_674.mp4,REAL_LIFE_VIOLENCE/noFights/NV_674.mp4,.mp4,5.0,24.0,224,224,mpeg4,120,0.41,693.5,
REAL_LIFE_VIOLENCE,all,No-Violence,NV_675.mp4,REAL_LIFE_VIOLENCE/noFights/NV_675.mp4,.mp4,5.0,24.0,224,224,mpeg4,120,0.7,1182.6,
REAL_LIFE_VIOLENCE,all,No-Violence,NV_676.mp4,REAL_LIFE_VIOLENCE/noFights/NV_676.mp4,.mp4,5.0,24.0,224,224,mpeg4,120,0.82,1377.3,
REAL_LIFE_VIOLENCE,all,No-Violence,NV_677.mp4,REAL_LIFE_VIOLENCE/noFights/NV_677.mp4,.mp4,5.0,24.0,224,224,mpeg4,120,0.98,1636.9,
REAL_LIFE_VIOLENCE,all,No-Violence,NV_678.mp4,REAL_LIFE_VIOLENCE/noFights/NV_678.mp4,.mp4,5.0,24.0,224,224,mpeg4,120,0.78,1306.9,
REAL_LIFE_VIOLENCE,all,No-Violence,NV_679.mp4,REAL_LIFE_VIOLENCE/noFights/NV_679.mp4,.mp4,5.0,24.0,224,224,mpeg4,120,0.42,708.3,
REAL_LIFE_VIOLENCE,all,No-Violence,NV_68.mp4,REAL_LIFE_VIOLENCE/noFights/NV_68.mp4,.mp4,5.0,30.0,224,224,mpeg4,150,0.37,617.9,
REAL_LIFE_VIOLENCE,all,No-Violence,NV_680.mp4,REAL_LIFE_VIOLENCE/noFights/NV_680.mp4,.mp4,5.0,24.0,224,224,mpeg4,120,1.21,2037.3,
REAL_LIFE_VIOLENCE,all,No-Violence,NV_681.mp4,REAL_LIFE_VIOLENCE/noFights/NV_681.mp4,.mp4,5.0,24.0,224,224,mpeg4,120,0.46,775.9,
REAL_LIFE_VIOLENCE,all,No-Violence,NV_682.mp4,REAL_LIFE_VIOLENCE/noFights/NV_682.mp4,.mp4,5.0,24.0,224,224,mpeg4,120,0.42,707.5,
REAL_LIFE_VIOLENCE,all,No-Violence,NV_683.mp4,REAL_LIFE_VIOLENCE/noFights/NV_683.mp4,.mp4,5.0,25.0,224,224,mpeg4,125,0.37,617.1,
REAL_LIFE_VIOLENCE,all,No-Violence,NV_684.mp4,REAL_LIFE_VIOLENCE/noFights/NV_684.mp4,.mp4,5.0,25.0,224,224,mpeg4,125,0.33,561.1,
REAL_LIFE_VIOLENCE,all,No-Violence,NV_685.mp4,REAL_LIFE_VIOLENCE/noFights/NV_685.mp4,.mp4,5.0,25.0,224,224,mpeg4,125,0.59,990.5,
REAL_LIFE_VIOLENCE,all,No-Violence,NV_686.mp4,REAL_LIFE_VIOLENCE/noFights/NV_686.mp4,.mp4,5.0,25.0,224,224,mpeg4,125,0.68,1134.0,
REAL_LIFE_VIOLENCE,all,No-Violence,NV_687.mp4,REAL_LIFE_VIOLENCE/noFights/NV_687.mp4,.mp4,3.81,30.0,228,360,h264,114,0.31,683.4,
REAL_LIFE_VIOLENCE,all,No-Violence,NV_688.mp4,REAL_LIFE_VIOLENCE/noFights/NV_688.mp4,.mp4,5.0,25.0,224,224,mpeg4,125,0.72,1214.1,
REAL_LIFE_VIOLENCE,all,No-Violence,NV_689.mp4,REAL_LIFE_VIOLENCE/noFights/NV_689.mp4,.mp4,5.0,25.0,224,224,mpeg4,125,0.83,1393.7,
REAL_LIFE_VIOLENCE,all,No-Violence,NV_69.mp4,REAL_LIFE_VIOLENCE/noFights/NV_69.mp4,.mp4,5.0,30.0,224,224,mpeg4,150,0.82,1383.7,
REAL_LIFE_VIOLENCE,all,No-Violence,NV_690.mp4,REAL_LIFE_VIOLENCE/noFights/NV_690.mp4,.mp4,5.0,25.0,224,224,mpeg4,125,0.75,1252.8,
REAL_LIFE_VIOLENCE,all,No-Violence,NV_691.mp4,REAL_LIFE_VIOLENCE/noFights/NV_691.mp4,.mp4,5.0,25.0,224,224,mpeg4,125,0.66,1109.1,
REAL_LIFE_VIOLENCE,all,No-Violence,NV_692.mp4,REAL_LIFE_VIOLENCE/noFights/NV_692.mp4,.mp4,5.0,25.0,224,224,mpeg4,125,0.7,1176.7,
REAL_LIFE_VIOLENCE,all,No-Violence,NV_693.mp4,REAL_LIFE_VIOLENCE/noFights/NV_693.mp4,.mp4,5.0,25.0,224,224,mpeg4,125,0.88,1482.0,
REAL_LIFE_VIOLENCE,all,No-Violence,NV_694.mp4,REAL_LIFE_VIOLENCE/noFights/NV_694.mp4,.mp4,5.0,25.0,224,224,mpeg4,125,0.76,1273.2,
REAL_LIFE_VIOLENCE,all,No-Violence,NV_695.mp4,REAL_LIFE_VIOLENCE/noFights/NV_695.mp4,.mp4,5.0,25.0,224,224,mpeg4,125,0.87,1462.2,
REAL_LIFE_VIOLENCE,all,No-Violence,NV_696.mp4,REAL_LIFE_VIOLENCE/noFights/NV_696.mp4,.mp4,5.0,25.0,224,224,mpeg4,125,0.94,1572.4,
REAL_LIFE_VIOLENCE,all,No-Violence,NV_697.mp4,REAL_LIFE_VIOLENCE/noFights/NV_697.mp4,.mp4,5.0,25.0,224,224,mpeg4,125,1.22,2045.4,
REAL_LIFE_VIOLENCE,all,No-Violence,NV_698.mp4,REAL_LIFE_VIOLENCE/noFights/NV_698.mp4,.mp4,5.0,25.0,224,224,mpeg4,125,0.88,1474.8,
REAL_LIFE_VIOLENCE,all,No-Violence,NV_699.mp4,REAL_LIFE_VIOLENCE/noFights/NV_699.mp4,.mp4,5.0,25.0,224,224,mpeg4,125,0.93,1560.1,
REAL_LIFE_VIOLENCE,all,No-Violence,NV_7.mp4,REAL_LIFE_VIOLENCE/noFights/NV_7.mp4,.mp4,3.81,25.0,1280,720,h264,95,1.97,4333.1,
REAL_LIFE_VIOLENCE,all,No-Violence,NV_70.mp4,REAL_LIFE_VIOLENCE/noFights/NV_70.mp4,.mp4,5.0,30.0,224,224,mpeg4,150,0.49,821.2,
REAL_LIFE_VIOLENCE,all,No-Violence,NV_700.mp4,REAL_LIFE_VIOLENCE/noFights/NV_700.mp4,.mp4,5.0,25.0,224,224,mpeg4,125,0.89,1495.1,
REAL_LIFE_VIOLENCE,all,No-Violence,NV_701.mp4,REAL_LIFE_VIOLENCE/noFights/NV_701.mp4,.mp4,5.0,25.0,224,224,mpeg4,125,1.17,1954.6,
REAL_LIFE_VIOLENCE,all,No-Violence,NV_702.mp4,REAL_LIFE_VIOLENCE/noFights/NV_702.mp4,.mp4,5.0,25.0,224,224,mpeg4,125,1.01,1700.1,
REAL_LIFE_VIOLENCE,all,No-Violence,NV_703.mp4,REAL_LIFE_VIOLENCE/noFights/NV_703.mp4,.mp4,5.0,25.0,224,224,mpeg4,125,0.72,1214.5,
REAL_LIFE_VIOLENCE,all,No-Violence,NV_704.mp4,REAL_LIFE_VIOLENCE/noFights/NV_704.mp4,.mp4,5.0,25.0,224,224,mpeg4,125,0.72,1211.0,
REAL_LIFE_VIOLENCE,all,No-Violence,NV_705.mp4,REAL_LIFE_VIOLENCE/noFights/NV_705.mp4,.mp4,5.0,25.0,224,224,mpeg4,125,0.45,750.3,
REAL_LIFE_VIOLENCE,all,No-Violence,NV_706.mp4,REAL_LIFE_VIOLENCE/noFights/NV_706.mp4,.mp4,5.0,25.0,224,224,mpeg4,125,0.49,826.5,
REAL_LIFE_VIOLENCE,all,No-Violence,NV_707.mp4,REAL_LIFE_VIOLENCE/noFights/NV_707.mp4,.mp4,5.0,25.0,224,224,mpeg4,125,1.2,2019.9,
REAL_LIFE_VIOLENCE,all,No-Violence,NV_708.mp4,REAL_LIFE_VIOLENCE/noFights/NV_708.mp4,.mp4,5.0,25.0,224,224,mpeg4,125,0.79,1333.4,
REAL_LIFE_VIOLENCE,all,No-Violence,NV_709.mp4,REAL_LIFE_VIOLENCE/noFights/NV_709.mp4,.mp4,5.0,25.0,224,224,mpeg4,125,0.97,1631.2,
REAL_LIFE_VIOLENCE,all,No-Violence,NV_71.mp4,REAL_LIFE_VIOLENCE/noFights/NV_71.mp4,.mp4,5.0,30.0,224,224,mpeg4,150,0.76,1272.5,
REAL_LIFE_VIOLENCE,all,No-Violence,NV_710.mp4,REAL_LIFE_VIOLENCE/noFights/NV_710.mp4,.mp4,5.0,25.0,224,224,mpeg4,125,0.94,1578.3,
REAL_LIFE_VIOLENCE,all,No-Violence,NV_711.mp4,REAL_LIFE_VIOLENCE/noFights/NV_711.mp4,.mp4,5.0,25.0,224,224,mpeg4,125,0.79,1319.3,
REAL_LIFE_VIOLENCE,all,No-Violence,NV_712.mp4,REAL_LIFE_VIOLENCE/noFights/NV_712.mp4,.mp4,5.0,25.0,224,224,mpeg4,125,0.81,1353.4,
REAL_LIFE_VIOLENCE,all,No-Violence,NV_713.mp4,REAL_LIFE_VIOLENCE/noFights/NV_713.mp4,.mp4,5.0,25.0,224,224,mpeg4,125,0.41,683.1,
REAL_LIFE_VIOLENCE,all,No-Violence,NV_714.mp4,REAL_LIFE_VIOLENCE/noFights/NV_714.mp4,.mp4,5.0,25.0,224,224,mpeg4,125,1.15,1930.1,
REAL_LIFE_VIOLENCE,all,No-Violence,NV_715.mp4,REAL_LIFE_VIOLENCE/noFights/NV_715.mp4,.mp4,5.0,25.0,224,224,mpeg4,125,1.53,2562.4,
REAL_LIFE_VIOLENCE,all,No-Violence,NV_716.mp4,REAL_LIFE_VIOLENCE/noFights/NV_716.mp4,.mp4,5.0,25.0,224,224,mpeg4,125,1.53,2562.8,
REAL_LIFE_VIOLENCE,all,No-Violence,NV_717.mp4,REAL_LIFE_VIOLENCE/noFights/NV_717.mp4,.mp4,5.0,25.0,224,224,mpeg4,125,1.51,2536.1,
REAL_LIFE_VIOLENCE,all,No-Violence,NV_718.mp4,REAL_LIFE_VIOLENCE/noFights/NV_718.mp4,.mp4,5.0,25.0,224,224,mpeg4,125,1.37,2301.0,
REAL_LIFE_VIOLENCE,all,No-Violence,NV_719.mp4,REAL_LIFE_VIOLENCE/noFights/NV_719.mp4,.mp4,5.0,25.0,224,224,mpeg4,125,1.45,2432.0,
REAL_LIFE_VIOLENCE,all,No-Violence,NV_72.mp4,REAL_LIFE_VIOLENCE/noFights/NV_72.mp4,.mp4,5.0,30.0,224,224,mpeg4,150,0.66,1105.0,
REAL_LIFE_VIOLENCE,all,No-Violence,NV_720.mp4,REAL_LIFE_VIOLENCE/noFights/NV_720.mp4,.mp4,5.0,25.0,224,224,mpeg4,125,1.34,2247.3,
REAL_LIFE_VIOLENCE,all,No-Violence,NV_721.mp4,REAL_LIFE_VIOLENCE/noFights/NV_721.mp4,.mp4,5.0,25.0,224,224,mpeg4,125,1.59,2663.1,
REAL_LIFE_VIOLENCE,all,No-Violence,NV_722.mp4,REAL_LIFE_VIOLENCE/noFights/NV_722.mp4,.mp4,5.0,25.0,224,224,mpeg4,125,1.33,2234.2,
REAL_LIFE_VIOLENCE,all,No-Violence,NV_723.mp4,REAL_LIFE_VIOLENCE/noFights/NV_723.mp4,.mp4,5.0,25.0,224,224,mpeg4,125,1.44,2413.5,
REAL_LIFE_VIOLENCE,all,No-Violence,NV_724.mp4,REAL_LIFE_VIOLENCE/noFights/NV_724.mp4,.mp4,5.92,25.0,640,360,h264,148,0.75,1057.7,
REAL_LIFE_VIOLENCE,all,No-Violence,NV_725.mp4,REAL_LIFE_VIOLENCE/noFights/NV_725.mp4,.mp4,4.8,25.0,640,360,h264,120,0.61,1070.3,
REAL_LIFE_VIOLENCE,all,No-Violence,NV_726.mp4,REAL_LIFE_VIOLENCE/noFights/NV_726.mp4,.mp4,5.0,25.0,640,360,h264,125,0.61,1019.8,
REAL_LIFE_VIOLENCE,all,No-Violence,NV_727.mp4,REAL_LIFE_VIOLENCE/noFights/NV_727.mp4,.mp4,5.41,25.0,640,360,h264,135,0.7,1093.6,
REAL_LIFE_VIOLENCE,all,No-Violence,NV_728.mp4,REAL_LIFE_VIOLENCE/noFights/NV_728.mp4,.mp4,5.32,25.0,640,360,h264,133,0.7,1099.9,
REAL_LIFE_VIOLENCE,all,No-Violence,NV_729.mp4,REAL_LIFE_VIOLENCE/noFights/NV_729.mp4,.mp4,5.41,25.0,640,360,h264,135,0.73,1137.7,
REAL_LIFE_VIOLENCE,all,No-Violence,NV_73.mp4,REAL_LIFE_VIOLENCE/noFights/NV_73.mp4,.mp4,5.0,25.0,224,224,mpeg4,125,0.51,857.9,
REAL_LIFE_VIOLENCE,all,No-Violence,NV_730.mp4,REAL_LIFE_VIOLENCE/noFights/NV_730.mp4,.mp4,5.8,30.0,368,272,h264,174,0.27,387.7,
REAL_LIFE_VIOLENCE,all,No-Violence,NV_731.mp4,REAL_LIFE_VIOLENCE/noFights/NV_731.mp4,.mp4,5.91,30.0,368,272,h264,177,0.26,373.6,
REAL_LIFE_VIOLENCE,all,No-Violence,NV_732.mp4,REAL_LIFE_VIOLENCE/noFights/NV_732.mp4,.mp4,6.7,30.0,368,272,h264,201,0.3,381.4,
REAL_LIFE_VIOLENCE,all,No-Violence,NV_733.mp4,REAL_LIFE_VIOLENCE/noFights/NV_733.mp4,.mp4,6.02,30.0,368,272,h264,180,0.27,382.1,
REAL_LIFE_VIOLENCE,all,No-Violence,NV_734.mp4,REAL_LIFE_VIOLENCE/noFights/NV_734.mp4,.mp4,5.22,30.0,368,272,h264,156,0.24,383.2,
REAL_LIFE_VIOLENCE,all,No-Violence,NV_735.mp4,REAL_LIFE_VIOLENCE/noFights/NV_735.mp4,.mp4,5.72,30.0,368,272,h264,171,0.27,391.5,
REAL_LIFE_VIOLENCE,all,No-Violence,NV_736.mp4,REAL_LIFE_VIOLENCE/noFights/NV_736.mp4,.mp4,6.2,30.0,368,272,h264,186,0.3,400.7,
REAL_LIFE_VIOLENCE,all,No-Violence,NV_737.mp4,REAL_LIFE_VIOLENCE/noFights/NV_737.mp4,.mp4,4.92,30.0,368,272,h264,147,0.22,370.8,
REAL_LIFE_VIOLENCE,all,No-Violence,NV_738.mp4,REAL_LIFE_VIOLENCE/noFights/NV_738.mp4,.mp4,5.11,29.97,854,480,h264,153,0.44,727.5,
REAL_LIFE_VIOLENCE,all,No-Violence,NV_739.mp4,REAL_LIFE_VIOLENCE/noFights/NV_739.mp4,.mp4,5.27,29.97,854,480,h264,158,0.72,1141.7,
REAL_LIFE_VIOLENCE,all,No-Violence,NV_74.mp4,REAL_LIFE_VIOLENCE/noFights/NV_74.mp4,.mp4,5.0,30.0,224,224,mpeg4,150,0.43,719.5,
REAL_LIFE_VIOLENCE,all,No-Violence,NV_740.mp4,REAL_LIFE_VIOLENCE/noFights/NV_740.mp4,.mp4,4.67,29.97,854,480,h264,140,0.32,569.3,
REAL_LIFE_VIOLENCE,all,No-Violence,NV_741.mp4,REAL_LIFE_VIOLENCE/noFights/NV_741.mp4,.mp4,4.6,29.97,854,480,h264,138,0.29,531.7,
REAL_LIFE_VIOLENCE,all,No-Violence,NV_742.mp4,REAL_LIFE_VIOLENCE/noFights/NV_742.mp4,.mp4,5.47,29.97,854,480,h264,164,0.3,453.0,
REAL_LIFE_VIOLENCE,all,No-Violence,NV_743.mp4,REAL_LIFE_VIOLENCE/noFights/NV_743.mp4,.mp4,4.67,29.97,854,480,h264,140,0.25,456.1,
REAL_LIFE_VIOLENCE,all,No-Violence,NV_744.mp4,REAL_LIFE_VIOLENCE/noFights/NV_744.mp4,.mp4,5.21,29.97,854,480,h264,156,0.39,620.6,
REAL_LIFE_VIOLENCE,all,No-Violence,NV_745.mp4,REAL_LIFE_VIOLENCE/noFights/NV_745.mp4,.mp4,4.47,29.97,854,480,h264,134,0.28,534.6,
REAL_LIFE_VIOLENCE,all,No-Violence,NV_746.mp4,REAL_LIFE_VIOLENCE/noFights/NV_746.mp4,.mp4,4.8,29.97,854,480,h264,144,0.3,525.7,
REAL_LIFE_VIOLENCE,all,No-Violence,NV_747.mp4,REAL_LIFE_VIOLENCE/noFights/NV_747.mp4,.mp4,4.9,29.97,854,480,h264,147,0.35,603.0,
REAL_LIFE_VIOLENCE,all,No-Violence,NV_748.mp4,REAL_LIFE_VIOLENCE/noFights/NV_748.mp4,.mp4,4.6,29.97,854,480,h264,138,0.15,269.1,
REAL_LIFE_VIOLENCE,all,No-Violence,NV_749.mp4,REAL_LIFE_VIOLENCE/noFights/NV_749.mp4,.mp4,4.57,29.97,854,480,h264,137,0.35,643.0,
REAL_LIFE_VIOLENCE,all,No-Violence,NV_75.mp4,REAL_LIFE_VIOLENCE/noFights/NV_75.mp4,.mp4,5.0,30.0,224,224,mpeg4,150,0.75,1250.9,
REAL_LIFE_VIOLENCE,all,No-Violence,NV_750.mp4,REAL_LIFE_VIOLENCE/noFights/NV_750.mp4,.mp4,5.0,25.0,224,224,mpeg4,125,0.33,554.3,
REAL_LIFE_VIOLENCE,all,No-Violence,NV_751.mp4,REAL_LIFE_VIOLENCE/noFights/NV_751.mp4,.mp4,5.0,25.0,224,224,mpeg4,125,0.34,574.7,
REAL_LIFE_VIOLENCE,all,No-Violence,NV_752.mp4,REAL_LIFE_VIOLENCE/noFights/NV_752.mp4,.mp4,5.0,25.0,224,224,mpeg4,125,0.36,598.9,
REAL_LIFE_VIOLENCE,all,No-Violence,NV_753.mp4,REAL_LIFE_VIOLENCE/noFights/NV_753.mp4,.mp4,5.0,25.0,224,224,mpeg4,125,0.35,590.2,
REAL_LIFE_VIOLENCE,all,No-Violence,NV_754.mp4,REAL_LIFE_VIOLENCE/noFights/NV_754.mp4,.mp4,5.0,25.0,224,224,mpeg4,125,0.24,405.5,
REAL_LIFE_VIOLENCE,all,No-Violence,NV_755.mp4,REAL_LIFE_VIOLENCE/noFights/NV_755.mp4,.mp4,5.0,25.0,224,224,mpeg4,125,0.27,460.5,
REAL_LIFE_VIOLENCE,all,No-Violence,NV_756.mp4,REAL_LIFE_VIOLENCE/noFights/NV_756.mp4,.mp4,5.0,25.0,224,224,mpeg4,125,0.29,483.7,
REAL_LIFE_VIOLENCE,all,No-Violence,NV_757.mp4,REAL_LIFE_VIOLENCE/noFights/NV_757.mp4,.mp4,5.0,25.0,224,224,mpeg4,125,0.32,533.7,
REAL_LIFE_VIOLENCE,all,No-Violence,NV_758.mp4,REAL_LIFE_VIOLENCE/noFights/NV_758.mp4,.mp4,5.0,25.0,224,224,mpeg4,125,0.33,559.9,
REAL_LIFE_VIOLENCE,all,No-Violence,NV_759.mp4,REAL_LIFE_VIOLENCE/noFights/NV_759.mp4,.mp4,5.0,25.0,224,224,mpeg4,125,0.36,595.9,
REAL_LIFE_VIOLENCE,all,No-Violence,NV_76.mp4,REAL_LIFE_VIOLENCE/noFights/NV_76.mp4,.mp4,5.0,30.0,224,224,mpeg4,150,0.53,890.1,
REAL_LIFE_VIOLENCE,all,No-Violence,NV_760.mp4,REAL_LIFE_VIOLENCE/noFights/NV_760.mp4,.mp4,5.0,25.0,224,224,mpeg4,125,0.36,600.5,
REAL_LIFE_VIOLENCE,all,No-Violence,NV_761.mp4,REAL_LIFE_VIOLENCE/noFights/NV_761.mp4,.mp4,6.61,29.97,1280,720,h264,198,2.9,3673.9,
REAL_LIFE_VIOLENCE,all,No-Violence,NV_762.mp4,REAL_LIFE_VIOLENCE/noFights/NV_762.mp4,.mp4,5.0,23.0,224,224,mpeg4,115,1.37,2301.0,
REAL_LIFE_VIOLENCE,all,No-Violence,NV_763.mp4,REAL_LIFE_VIOLENCE/noFights/NV_763.mp4,.mp4,5.0,23.0,224,224,mpeg4,115,1.33,2226.9,
REAL_LIFE_VIOLENCE,all,No-Violence,NV_764.mp4,REAL_LIFE_VIOLENCE/noFights/NV_764.mp4,.mp4,5.0,23.0,224,224,mpeg4,115,1.29,2164.2,
REAL_LIFE_VIOLENCE,all,No-Violence,NV_765.mp4,REAL_LIFE_VIOLENCE/noFights/NV_765.mp4,.mp4,5.0,23.0,224,224,mpeg4,115,1.33,2227.4,
REAL_LIFE_VIOLENCE,all,No-Violence,NV_766.mp4,REAL_LIFE_VIOLENCE/noFights/NV_766.mp4,.mp4,5.0,23.0,224,224,mpeg4,115,1.22,2040.1,
REAL_LIFE_VIOLENCE,all,No-Violence,NV_767.mp4,REAL_LIFE_VIOLENCE/noFights/NV_767.mp4,.mp4,5.0,23.0,224,224,mpeg4,115,0.95,1592.1,
REAL_LIFE_VIOLENCE,all,No-Violence,NV_768.mp4,REAL_LIFE_VIOLENCE/noFights/NV_768.mp4,.mp4,5.0,23.0,224,224,mpeg4,115,1.01,1687.8,
REAL_LIFE_VIOLENCE,all,No-Violence,NV_769.mp4,REAL_LIFE_VIOLENCE/noFights/NV_769.mp4,.mp4,5.0,23.0,224,224,mpeg4,115,0.79,1326.7,
REAL_LIFE_VIOLENCE,all,No-Violence,NV_77.mp4,REAL_LIFE_VIOLENCE/noFights/NV_77.mp4,.mp4,5.0,30.0,224,224,mpeg4,150,1.01,1698.6,
REAL_LIFE_VIOLENCE,all,No-Violence,NV_770.mp4,REAL_LIFE_VIOLENCE/noFights/NV_770.mp4,.mp4,5.0,23.0,224,224,mpeg4,115,0.96,1609.5,
REAL_LIFE_VIOLENCE,all,No-Violence,NV_771.mp4,REAL_LIFE_VIOLENCE/noFights/NV_771.mp4,.mp4,5.0,23.0,224,224,mpeg4,115,1.16,1947.6,
REAL_LIFE_VIOLENCE,all,No-Violence,NV_772.mp4,REAL_LIFE_VIOLENCE/noFights/NV_772.mp4,.mp4,5.0,23.0,224,224,mpeg4,115,0.73,1225.8,
REAL_LIFE_VIOLENCE,all,No-Violence,NV_773.mp4,REAL_LIFE_VIOLENCE/noFights/NV_773.mp4,.mp4,5.0,23.0,224,224,mpeg4,115,1.1,1844.6,
REAL_LIFE_VIOLENCE,all,No-Violence,NV_774.mp4,REAL_LIFE_VIOLENCE/noFights/NV_774.mp4,.mp4,5.0,23.0,224,224,mpeg4,115,1.4,2356.6,
REAL_LIFE_VIOLENCE,all,No-Violence,NV_775.mp4,REAL_LIFE_VIOLENCE/noFights/NV_775.mp4,.mp4,5.0,23.0,224,224,mpeg4,115,0.79,1325.7,
REAL_LIFE_VIOLENCE,all,No-Violence,NV_776.mp4,REAL_LIFE_VIOLENCE/noFights/NV_776.mp4,.mp4,5.0,23.0,224,224,mpeg4,115,0.82,1376.1,
REAL_LIFE_VIOLENCE,all,No-Violence,NV_777.mp4,REAL_LIFE_VIOLENCE/noFights/NV_777.mp4,.mp4,5.0,23.0,224,224,mpeg4,115,1.11,1857.5,
REAL_LIFE_VIOLENCE,all,No-Violence,NV_778.mp4,REAL_LIFE_VIOLENCE/noFights/NV_778.mp4,.mp4,5.0,23.0,224,224,mpeg4,115,1.16,1938.3,
REAL_LIFE_VIOLENCE,all,No-Violence,NV_779.mp4,REAL_LIFE_VIOLENCE/noFights/NV_779.mp4,.mp4,5.0,23.0,224,224,mpeg4,115,1.04,1737.8,
REAL_LIFE_VIOLENCE,all,No-Violence,NV_78.mp4,REAL_LIFE_VIOLENCE/noFights/NV_78.mp4,.mp4,5.0,30.0,224,224,mpeg4,150,0.82,1368.6,
REAL_LIFE_VIOLENCE,all,No-Violence,NV_780.mp4,REAL_LIFE_VIOLENCE/noFights/NV_780.mp4,.mp4,5.0,23.0,224,224,mpeg4,115,1.23,2069.6,
REAL_LIFE_VIOLENCE,all,No-Violence,NV_781.mp4,REAL_LIFE_VIOLENCE/noFights/NV_781.mp4,.mp4,5.0,23.0,224,224,mpeg4,115,1.23,2070.1,
REAL_LIFE_VIOLENCE,all,No-Violence,NV_782.mp4,REAL_LIFE_VIOLENCE/noFights/NV_782.mp4,.mp4,5.0,23.0,224,224,mpeg4,115,1.36,2287.5,
REAL_LIFE_VIOLENCE,all,No-Violence,NV_783.mp4,REAL_LIFE_VIOLENCE/noFights/NV_783.mp4,.mp4,5.0,23.0,224,224,mpeg4,115,1.01,1688.0,
REAL_LIFE_VIOLENCE,all,No-Violence,NV_784.mp4,REAL_LIFE_VIOLENCE/noFights/NV_784.mp4,.mp4,5.0,23.0,224,224,mpeg4,115,1.02,1719.1,
REAL_LIFE_VIOLENCE,all,No-Violence,NV_785.mp4,REAL_LIFE_VIOLENCE/noFights/NV_785.mp4,.mp4,5.0,23.0,224,224,mpeg4,115,0.86,1439.7,
REAL_LIFE_VIOLENCE,all,No-Violence,NV_786.mp4,REAL_LIFE_VIOLENCE/noFights/NV_786.mp4,.mp4,5.0,23.0,224,224,mpeg4,115,1.17,1959.6,
REAL_LIFE_VIOLENCE,all,No-Violence,NV_787.mp4,REAL_LIFE_VIOLENCE/noFights/NV_787.mp4,.mp4,5.0,23.0,224,224,mpeg4,115,1.12,1885.8,
REAL_LIFE_VIOLENCE,all,No-Violence,NV_788.mp4,REAL_LIFE_VIOLENCE/noFights/NV_788.mp4,.mp4,5.0,23.0,224,224,mpeg4,115,1.12,1872.3,
REAL_LIFE_VIOLENCE,all,No-Violence,NV_789.mp4,REAL_LIFE_VIOLENCE/noFights/NV_789.mp4,.mp4,5.0,23.0,224,224,mpeg4,115,0.9,1509.3,
REAL_LIFE_VIOLENCE,all,No-Violence,NV_79.mp4,REAL_LIFE_VIOLENCE/noFights/NV_79.mp4,.mp4,5.0,25.0,224,224,mpeg4,125,0.24,400.7,
REAL_LIFE_VIOLENCE,all,No-Violence,NV_790.mp4,REAL_LIFE_VIOLENCE/noFights/NV_790.mp4,.mp4,5.0,23.0,224,224,mpeg4,115,0.91,1521.5,
REAL_LIFE_VIOLENCE,all,No-Violence,NV_791.mp4,REAL_LIFE_VIOLENCE/noFights/NV_791.mp4,.mp4,5.0,23.0,224,224,mpeg4,115,1.1,1852.7,
REAL_LIFE_VIOLENCE,all,No-Violence,NV_792.mp4,REAL_LIFE_VIOLENCE/noFights/NV_792.mp4,.mp4,5.0,23.0,224,224,mpeg4,115,1.29,2157.2,
REAL_LIFE_VIOLENCE,all,No-Violence,NV_793.mp4,REAL_LIFE_VIOLENCE/noFights/NV_793.mp4,.mp4,5.0,23.0,224,224,mpeg4,115,0.75,1264.2,
REAL_LIFE_VIOLENCE,all,No-Violence,NV_794.mp4,REAL_LIFE_VIOLENCE/noFights/NV_794.mp4,.mp4,5.0,23.0,224,224,mpeg4,115,0.66,1114.2,
REAL_LIFE_VIOLENCE,all,No-Violence,NV_795.mp4,REAL_LIFE_VIOLENCE/noFights/NV_795.mp4,.mp4,5.0,23.0,224,224,mpeg4,115,0.75,1260.3,
REAL_LIFE_VIOLENCE,all,No-Violence,NV_796.mp4,REAL_LIFE_VIOLENCE/noFights/NV_796.mp4,.mp4,5.0,23.0,224,224,mpeg4,115,1.14,1917.1,
REAL_LIFE_VIOLENCE,all,No-Violence,NV_797.mp4,REAL_LIFE_VIOLENCE/noFights/NV_797.mp4,.mp4,5.0,23.0,224,224,mpeg4,115,1.27,2131.5,
REAL_LIFE_VIOLENCE,all,No-Violence,NV_798.mp4,REAL_LIFE_VIOLENCE/noFights/NV_798.mp4,.mp4,5.0,23.0,224,224,mpeg4,115,1.24,2088.3,
REAL_LIFE_VIOLENCE,all,No-Violence,NV_799.mp4,REAL_LIFE_VIOLENCE/noFights/NV_799.mp4,.mp4,5.0,23.0,224,224,mpeg4,115,1.07,1800.9,
REAL_LIFE_VIOLENCE,all,No-Violence,NV_8.mp4,REAL_LIFE_VIOLENCE/noFights/NV_8.mp4,.mp4,5.12,25.0,1280,720,h264,128,1.24,2032.7,
REAL_LIFE_VIOLENCE,all,No-Violence,NV_80.mp4,REAL_LIFE_VIOLENCE/noFights/NV_80.mp4,.mp4,5.0,25.0,224,224,mpeg4,125,0.53,881.3,
REAL_LIFE_VIOLENCE,all,No-Violence,NV_800.mp4,REAL_LIFE_VIOLENCE/noFights/NV_800.mp4,.mp4,5.0,23.0,224,224,mpeg4,115,1.14,1916.4,
REAL_LIFE_VIOLENCE,all,No-Violence,NV_801.mp4,REAL_LIFE_VIOLENCE/noFights/NV_801.mp4,.mp4,5.0,23.0,224,224,mpeg4,115,1.47,2462.6,
REAL_LIFE_VIOLENCE,all,No-Violence,NV_802.mp4,REAL_LIFE_VIOLENCE/noFights/NV_802.mp4,.mp4,5.0,23.0,224,224,mpeg4,115,0.91,1520.0,
REAL_LIFE_VIOLENCE,all,No-Violence,NV_803.mp4,REAL_LIFE_VIOLENCE/noFights/NV_803.mp4,.mp4,5.0,23.0,224,224,mpeg4,115,0.82,1372.4,
REAL_LIFE_VIOLENCE,all,No-Violence,NV_804.mp4,REAL_LIFE_VIOLENCE/noFights/NV_804.mp4,.mp4,5.0,23.0,224,224,mpeg4,115,1.18,1974.2,
REAL_LIFE_VIOLENCE,all,No-Violence,NV_805.mp4,REAL_LIFE_VIOLENCE/noFights/NV_805.mp4,.mp4,5.0,23.0,224,224,mpeg4,115,1.2,2015.1,
REAL_LIFE_VIOLENCE,all,No-Violence,NV_806.mp4,REAL_LIFE_VIOLENCE/noFights/NV_806.mp4,.mp4,5.0,23.0,224,224,mpeg4,115,0.84,1409.8,
REAL_LIFE_VIOLENCE,all,No-Violence,NV_807.mp4,REAL_LIFE_VIOLENCE/noFights/NV_807.mp4,.mp4,5.0,23.0,224,224,mpeg4,115,1.27,2130.7,
REAL_LIFE_VIOLENCE,all,No-Violence,NV_808.mp4,REAL_LIFE_VIOLENCE/noFights/NV_808.mp4,.mp4,5.0,23.0,224,224,mpeg4,115,0.79,1320.6,
REAL_LIFE_VIOLENCE,all,No-Violence,NV_809.mp4,REAL_LIFE_VIOLENCE/noFights/NV_809.mp4,.mp4,5.0,23.0,224,224,mpeg4,115,0.33,549.9,
REAL_LIFE_VIOLENCE,all,No-Violence,NV_81.mp4,REAL_LIFE_VIOLENCE/noFights/NV_81.mp4,.mp4,3.81,25.0,640,360,h264,95,0.62,1358.7,
REAL_LIFE_VIOLENCE,all,No-Violence,NV_810.mp4,REAL_LIFE_VIOLENCE/noFights/NV_810.mp4,.mp4,5.0,23.0,224,224,mpeg4,115,0.34,569.6,
REAL_LIFE_VIOLENCE,all,No-Violence,NV_811.mp4,REAL_LIFE_VIOLENCE/noFights/NV_811.mp4,.mp4,5.0,23.0,224,224,mpeg4,115,1.19,1990.8,
REAL_LIFE_VIOLENCE,all,No-Violence,NV_812.mp4,REAL_LIFE_VIOLENCE/noFights/NV_812.mp4,.mp4,5.0,23.0,224,224,mpeg4,115,1.26,2107.6,
REAL_LIFE_VIOLENCE,all,No-Violence,NV_813.mp4,REAL_LIFE_VIOLENCE/noFights/NV_813.mp4,.mp4,5.0,23.0,224,224,mpeg4,115,1.09,1827.9,
REAL_LIFE_VIOLENCE,all,No-Violence,NV_814.mp4,REAL_LIFE_VIOLENCE/noFights/NV_814.mp4,.mp4,5.0,23.0,224,224,mpeg4,115,1.08,1807.4,
REAL_LIFE_VIOLENCE,all,No-Violence,NV_815.mp4,REAL_LIFE_VIOLENCE/noFights/NV_815.mp4,.mp4,5.0,23.0,224,224,mpeg4,115,0.94,1574.4,
REAL_LIFE_VIOLENCE,all,No-Violence,NV_816.mp4,REAL_LIFE_VIOLENCE/noFights/NV_816.mp4,.mp4,5.0,23.0,224,224,mpeg4,115,1.25,2100.8,
REAL_LIFE_VIOLENCE,all,No-Violence,NV_817.mp4,REAL_LIFE_VIOLENCE/noFights/NV_817.mp4,.mp4,5.0,23.0,224,224,mpeg4,115,1.45,2432.5,
REAL_LIFE_VIOLENCE,all,No-Violence,NV_818.mp4,REAL_LIFE_VIOLENCE/noFights/NV_818.mp4,.mp4,5.0,23.0,224,224,mpeg4,115,1.25,2089.6,
REAL_LIFE_VIOLENCE,all,No-Violence,NV_819.mp4,REAL_LIFE_VIOLENCE/noFights/NV_819.mp4,.mp4,5.0,23.0,224,224,mpeg4,115,0.77,1286.9,
REAL_LIFE_VIOLENCE,all,No-Violence,NV_82.mp4,REAL_LIFE_VIOLENCE/noFights/NV_82.mp4,.mp4,4.12,25.0,640,360,h264,103,0.67,1358.2,
REAL_LIFE_VIOLENCE,all,No-Violence,NV_820.mp4,REAL_LIFE_VIOLENCE/noFights/NV_820.mp4,.mp4,5.0,23.0,224,224,mpeg4,115,1.01,1701.2,
REAL_LIFE_VIOLENCE,all,No-Violence,NV_821.mp4,REAL_LIFE_VIOLENCE/noFights/NV_821.mp4,.mp4,5.0,23.0,224,224,mpeg4,115,0.94,1572.8,
REAL_LIFE_VIOLENCE,all,No-Violence,NV_822.mp4,REAL_LIFE_VIOLENCE/noFights/NV_822.mp4,.mp4,5.0,23.0,224,224,mpeg4,115,1.14,1906.7,
REAL_LIFE_VIOLENCE,all,No-Violence,NV_823.mp4,REAL_LIFE_VIOLENCE/noFights/NV_823.mp4,.mp4,4.81,29.97,1280,720,h264,144,2.12,3693.1,
REAL_LIFE_VIOLENCE,all,No-Violence,NV_824.mp4,REAL_LIFE_VIOLENCE/noFights/NV_824.mp4,.mp4,4.9,29.97,1280,720,h264,147,2.27,3882.6,
REAL_LIFE_VIOLENCE,all,No-Violence,NV_825.mp4,REAL_LIFE_VIOLENCE/noFights/NV_825.mp4,.mp4,5.52,25.0,854,480,h264,138,0.74,1117.0,
REAL_LIFE_VIOLENCE,all,No-Violence,NV_826.mp4,REAL_LIFE_VIOLENCE/noFights/NV_826.mp4,.mp4,5.48,25.0,854,480,h264,137,1.28,1965.9,
REAL_LIFE_VIOLENCE,all,No-Violence,NV_827.mp4,REAL_LIFE_VIOLENCE/noFights/NV_827.mp4,.mp4,5.4,25.0,854,480,h264,135,1.1,1713.3,
REAL_LIFE_VIOLENCE,all,No-Violence,NV_828.mp4,REAL_LIFE_VIOLENCE/noFights/NV_828.mp4,.mp4,5.52,25.0,854,480,h264,138,0.88,1334.0,
REAL_LIFE_VIOLENCE,all,No-Violence,NV_829.mp4,REAL_LIFE_VIOLENCE/noFights/NV_829.mp4,.mp4,4.52,25.0,854,480,h264,113,0.78,1454.7,
REAL_LIFE_VIOLENCE,all,No-Violence,NV_83.mp4,REAL_LIFE_VIOLENCE/noFights/NV_83.mp4,.mp4,3.81,25.0,640,360,h264,95,0.57,1252.7,
REAL_LIFE_VIOLENCE,all,No-Violence,NV_830.mp4,REAL_LIFE_VIOLENCE/noFights/NV_830.mp4,.mp4,4.52,25.0,854,480,h264,113,0.75,1383.3,
REAL_LIFE_VIOLENCE,all,No-Violence,NV_831.mp4,REAL_LIFE_VIOLENCE/noFights/NV_831.mp4,.mp4,5.4,25.0,854,480,h264,135,0.83,1288.0,
REAL_LIFE_VIOLENCE,all,No-Violence,NV_832.mp4,REAL_LIFE_VIOLENCE/noFights/NV_832.mp4,.mp4,5.36,25.0,854,480,h264,134,0.71,1111.5,
REAL_LIFE_VIOLENCE,all,No-Violence,NV_833.mp4,REAL_LIFE_VIOLENCE/noFights/NV_833.mp4,.mp4,5.36,25.0,854,480,h264,134,0.74,1152.7,
REAL_LIFE_VIOLENCE,all,No-Violence,NV_834.mp4,REAL_LIFE_VIOLENCE/noFights/NV_834.mp4,.mp4,4.92,25.0,854,480,h264,123,0.77,1311.2,
REAL_LIFE_VIOLENCE,all,No-Violence,NV_835.mp4,REAL_LIFE_VIOLENCE/noFights/NV_835.mp4,.mp4,5.56,25.0,854,480,h264,139,0.7,1059.1,
REAL_LIFE_VIOLENCE,all,No-Violence,NV_836.mp4,REAL_LIFE_VIOLENCE/noFights/NV_836.mp4,.mp4,6.16,25.0,854,480,h264,154,0.85,1161.8,
REAL_LIFE_VIOLENCE,all,No-Violence,NV_837.mp4,REAL_LIFE_VIOLENCE/noFights/NV_837.mp4,.mp4,5.08,25.0,854,480,h264,127,0.62,1022.3,
REAL_LIFE_VIOLENCE,all,No-Violence,NV_838.mp4,REAL_LIFE_VIOLENCE/noFights/NV_838.mp4,.mp4,4.36,25.0,854,480,h264,109,0.6,1154.4,
REAL_LIFE_VIOLENCE,all,No-Violence,NV_839.mp4,REAL_LIFE_VIOLENCE/noFights/NV_839.mp4,.mp4,6.48,25.0,854,480,h264,162,0.67,864.8,
REAL_LIFE_VIOLENCE,all,No-Violence,NV_84.mp4,REAL_LIFE_VIOLENCE/noFights/NV_84.mp4,.mp4,4.0,25.0,640,360,h264,100,0.52,1093.8,
REAL_LIFE_VIOLENCE,all,No-Violence,NV_840.mp4,REAL_LIFE_VIOLENCE/noFights/NV_840.mp4,.mp4,4.52,25.0,854,480,h264,113,0.61,1130.9,
REAL_LIFE_VIOLENCE,all,No-Violence,NV_841.mp4,REAL_LIFE_VIOLENCE/noFights/NV_841.mp4,.mp4,4.52,25.0,854,480,h264,113,0.49,912.4,
REAL_LIFE_VIOLENCE,all,No-Violence,NV_842.mp4,REAL_LIFE_VIOLENCE/noFights/NV_842.mp4,.mp4,5.48,25.0,854,480,h264,137,0.91,1392.1,
REAL_LIFE_VIOLENCE,all,No-Violence,NV_843.mp4,REAL_LIFE_VIOLENCE/noFights/NV_843.mp4,.mp4,4.6,25.0,1280,720,h264,115,1.65,3008.9,
REAL_LIFE_VIOLENCE,all,No-Violence,NV_844.mp4,REAL_LIFE_VIOLENCE/noFights/NV_844.mp4,.mp4,5.48,25.0,1280,720,h264,137,3.57,5466.1,
REAL_LIFE_VIOLENCE,all,No-Violence,NV_845.mp4,REAL_LIFE_VIOLENCE/noFights/NV_845.mp4,.mp4,4.52,25.0,1280,720,h264,113,1.42,2627.9,
REAL_LIFE_VIOLENCE,all,No-Violence,NV_846.mp4,REAL_LIFE_VIOLENCE/noFights/NV_846.mp4,.mp4,4.2,25.0,1280,720,h264,105,2.15,4293.6,
REAL_LIFE_VIOLENCE,all,No-Violence,NV_847.mp4,REAL_LIFE_VIOLENCE/noFights/NV_847.mp4,.mp4,4.52,25.0,1280,720,h264,113,0.68,1268.3,
REAL_LIFE_VIOLENCE,all,No-Violence,NV_848.mp4,REAL_LIFE_VIOLENCE/noFights/NV_848.mp4,.mp4,4.12,25.0,1280,720,h264,103,0.93,1890.3,
REAL_LIFE_VIOLENCE,all,No-Violence,NV_849.mp4,REAL_LIFE_VIOLENCE/noFights/NV_849.mp4,.mp4,4.4,25.0,1280,720,h264,110,0.78,1481.4,
REAL_LIFE_VIOLENCE,all,No-Violence,NV_85.mp4,REAL_LIFE_VIOLENCE/noFights/NV_85.mp4,.mp4,3.81,25.0,640,360,h264,95,0.63,1386.7,
REAL_LIFE_VIOLENCE,all,No-Violence,NV_850.mp4,REAL_LIFE_VIOLENCE/noFights/NV_850.mp4,.mp4,4.96,25.0,1280,720,h264,124,0.88,1492.4,
REAL_LIFE_VIOLENCE,all,No-Violence,NV_851.mp4,REAL_LIFE_VIOLENCE/noFights/NV_851.mp4,.mp4,5.28,25.0,1280,720,h264,132,1.26,2007.5,
REAL_LIFE_VIOLENCE,all,No-Violence,NV_852.mp4,REAL_LIFE_VIOLENCE/noFights/NV_852.mp4,.mp4,3.48,25.0,1280,720,h264,87,0.95,2299.6,
REAL_LIFE_VIOLENCE,all,No-Violence,NV_853.mp4,REAL_LIFE_VIOLENCE/noFights/NV_853.mp4,.mp4,3.48,25.0,1280,720,h264,87,0.95,2299.6,
REAL_LIFE_VIOLENCE,all,No-Violence,NV_854.mp4,REAL_LIFE_VIOLENCE/noFights/NV_854.mp4,.mp4,4.52,25.0,1280,720,h264,113,1.94,3607.9,
REAL_LIFE_VIOLENCE,all,No-Violence,NV_855.mp4,REAL_LIFE_VIOLENCE/noFights/NV_855.mp4,.mp4,4.48,25.0,1280,720,h264,112,1.51,2827.1,
REAL_LIFE_VIOLENCE,all,No-Violence,NV_856.mp4,REAL_LIFE_VIOLENCE/noFights/NV_856.mp4,.mp4,4.56,25.0,1280,720,h264,114,1.26,2308.9,
REAL_LIFE_VIOLENCE,all,No-Violence,NV_857.mp4,REAL_LIFE_VIOLENCE/noFights/NV_857.mp4,.mp4,4.28,25.0,1280,720,h264,107,1.01,1975.2,
REAL_LIFE_VIOLENCE,all,No-Violence,NV_858.mp4,REAL_LIFE_VIOLENCE/noFights/NV_858.mp4,.mp4,4.92,25.0,1280,720,h264,123,1.28,2184.2,
REAL_LIFE_VIOLENCE,all,No-Violence,NV_859.mp4,REAL_LIFE_VIOLENCE/noFights/NV_859.mp4,.mp4,4.28,25.0,1280,720,h264,107,1.21,2365.2,
REAL_LIFE_VIOLENCE,all,No-Violence,NV_86.mp4,REAL_LIFE_VIOLENCE/noFights/NV_86.mp4,.mp4,4.31,29.97,640,360,h264,129,0.44,852.7,
REAL_LIFE_VIOLENCE,all,No-Violence,NV_860.mp4,REAL_LIFE_VIOLENCE/noFights/NV_860.mp4,.mp4,5.2,25.0,1280,720,h264,130,1.14,1831.7,
REAL_LIFE_VIOLENCE,all,No-Violence,NV_861.mp4,REAL_LIFE_VIOLENCE/noFights/NV_861.mp4,.mp4,4.4,25.0,1280,720,h264,110,0.8,1519.3,
REAL_LIFE_VIOLENCE,all,No-Violence,NV_862.mp4,REAL_LIFE_VIOLENCE/noFights/NV_862.mp4,.mp4,4.96,25.0,1280,720,h264,124,1.16,1955.9,
REAL_LIFE_VIOLENCE,all,No-Violence,NV_863.avi,REAL_LIFE_VIOLENCE/noFights/NV_863.avi,.avi,5.0,25.0,224,224,mpeg4,125,1.19,2001.1,
REAL_LIFE_VIOLENCE,all,No-Violence,NV_864.avi,REAL_LIFE_VIOLENCE/noFights/NV_864.avi,.avi,5.0,25.0,224,224,mpeg4,125,0.49,815.3,
REAL_LIFE_VIOLENCE,all,No-Violence,NV_865.avi,REAL_LIFE_VIOLENCE/noFights/NV_865.avi,.avi,5.0,25.0,224,224,mpeg4,125,1.05,1768.8,
REAL_LIFE_VIOLENCE,all,No-Violence,NV_866.avi,REAL_LIFE_VIOLENCE/noFights/NV_866.avi,.avi,5.0,25.0,224,224,mpeg4,125,0.38,629.4,
REAL_LIFE_VIOLENCE,all,No-Violence,NV_867.avi,REAL_LIFE_VIOLENCE/noFights/NV_867.avi,.avi,5.0,25.0,224,224,mpeg4,125,0.21,344.8,
REAL_LIFE_VIOLENCE,all,No-Violence,NV_868.avi,REAL_LIFE_VIOLENCE/noFights/NV_868.avi,.avi,5.0,25.0,224,224,mpeg4,125,0.28,471.8,
REAL_LIFE_VIOLENCE,all,No-Violence,NV_869.avi,REAL_LIFE_VIOLENCE/noFights/NV_869.avi,.avi,5.0,25.0,224,224,mpeg4,125,0.35,592.6,
REAL_LIFE_VIOLENCE,all,No-Violence,NV_87.mp4,REAL_LIFE_VIOLENCE/noFights/NV_87.mp4,.mp4,4.2,29.97,640,360,h264,126,0.42,830.5,
REAL_LIFE_VIOLENCE,all,No-Violence,NV_870.avi,REAL_LIFE_VIOLENCE/noFights/NV_870.avi,.avi,5.0,25.0,224,224,mpeg4,125,0.47,791.4,
REAL_LIFE_VIOLENCE,all,No-Violence,NV_871.avi,REAL_LIFE_VIOLENCE/noFights/NV_871.avi,.avi,5.0,25.0,224,224,mpeg4,125,0.37,618.3,
REAL_LIFE_VIOLENCE,all,No-Violence,NV_872.avi,REAL_LIFE_VIOLENCE/noFights/NV_872.avi,.avi,5.0,25.0,224,224,mpeg4,125,0.38,644.9,
REAL_LIFE_VIOLENCE,all,No-Violence,NV_873.avi,REAL_LIFE_VIOLENCE/noFights/NV_873.avi,.avi,5.0,25.0,224,224,mpeg4,125,0.37,625.1,
REAL_LIFE_VIOLENCE,all,No-Violence,NV_874.avi,REAL_LIFE_VIOLENCE/noFights/NV_874.avi,.avi,5.0,25.0,224,224,mpeg4,125,0.48,803.2,
REAL_LIFE_VIOLENCE,all,No-Violence,NV_875.avi,REAL_LIFE_VIOLENCE/noFights/NV_875.avi,.avi,5.0,25.0,224,224,mpeg4,125,0.36,609.1,
REAL_LIFE_VIOLENCE,all,No-Violence,NV_876.avi,REAL_LIFE_VIOLENCE/noFights/NV_876.avi,.avi,5.0,25.0,224,224,mpeg4,125,0.27,459.5,
REAL_LIFE_VIOLENCE,all,No-Violence,NV_877.avi,REAL_LIFE_VIOLENCE/noFights/NV_877.avi,.avi,5.0,25.0,224,224,mpeg4,125,0.66,1111.8,
REAL_LIFE_VIOLENCE,all,No-Violence,NV_878.avi,REAL_LIFE_VIOLENCE/noFights/NV_878.avi,.avi,5.0,25.0,224,224,mpeg4,125,1.2,2008.8,
REAL_LIFE_VIOLENCE,all,No-Violence,NV_879.avi,REAL_LIFE_VIOLENCE/noFights/NV_879.avi,.avi,5.0,25.0,224,224,mpeg4,125,0.84,1409.7,
REAL_LIFE_VIOLENCE,all,No-Violence,NV_88.mp4,REAL_LIFE_VIOLENCE/noFights/NV_88.mp4,.mp4,4.51,29.97,640,360,h264,135,0.43,801.4,
REAL_LIFE_VIOLENCE,all,No-Violence,NV_880.avi,REAL_LIFE_VIOLENCE/noFights/NV_880.avi,.avi,5.0,25.0,224,224,mpeg4,125,0.47,784.5,
REAL_LIFE_VIOLENCE,all,No-Violence,NV_881.avi,REAL_LIFE_VIOLENCE/noFights/NV_881.avi,.avi,5.0,25.0,224,224,mpeg4,125,0.39,657.2,
REAL_LIFE_VIOLENCE,all,No-Violence,NV_882.avi,REAL_LIFE_VIOLENCE/noFights/NV_882.avi,.avi,5.0,25.0,224,224,mpeg4,125,0.9,1511.2,
REAL_LIFE_VIOLENCE,all,No-Violence,NV_883.avi,REAL_LIFE_VIOLENCE/noFights/NV_883.avi,.avi,5.0,25.0,224,224,mpeg4,125,0.68,1137.9,
REAL_LIFE_VIOLENCE,all,No-Violence,NV_884.avi,REAL_LIFE_VIOLENCE/noFights/NV_884.avi,.avi,5.0,25.0,224,224,mpeg4,125,0.88,1483.7,
REAL_LIFE_VIOLENCE,all,No-Violence,NV_885.avi,REAL_LIFE_VIOLENCE/noFights/NV_885.avi,.avi,5.0,25.0,224,224,mpeg4,125,0.66,1107.8,
REAL_LIFE_VIOLENCE,all,No-Violence,NV_886.avi,REAL_LIFE_VIOLENCE/noFights/NV_886.avi,.avi,5.0,25.0,224,224,mpeg4,125,0.69,1156.1,
REAL_LIFE_VIOLENCE,all,No-Violence,NV_887.avi,REAL_LIFE_VIOLENCE/noFights/NV_887.avi,.avi,5.0,25.0,224,224,mpeg4,125,0.93,1554.0,
REAL_LIFE_VIOLENCE,all,No-Violence,NV_888.avi,REAL_LIFE_VIOLENCE/noFights/NV_888.avi,.avi,5.0,25.0,224,224,mpeg4,125,0.81,1362.5,
REAL_LIFE_VIOLENCE,all,No-Violence,NV_889.avi,REAL_LIFE_VIOLENCE/noFights/NV_889.avi,.avi,5.0,25.0,224,224,mpeg4,125,1.15,1934.7,
REAL_LIFE_VIOLENCE,all,No-Violence,NV_89.mp4,REAL_LIFE_VIOLENCE/noFights/NV_89.mp4,.mp4,4.62,29.97,640,360,h264,138,0.43,788.8,
REAL_LIFE_VIOLENCE,all,No-Violence,NV_890.avi,REAL_LIFE_VIOLENCE/noFights/NV_890.avi,.avi,5.0,30.0,224,224,mpeg4,150,0.7,1181.8,
REAL_LIFE_VIOLENCE,all,No-Violence,NV_891.avi,REAL_LIFE_VIOLENCE/noFights/NV_891.avi,.avi,5.0,30.0,224,224,mpeg4,150,0.79,1322.2,
REAL_LIFE_VIOLENCE,all,No-Violence,NV_892.avi,REAL_LIFE_VIOLENCE/noFights/NV_892.avi,.avi,5.0,30.0,224,224,mpeg4,150,0.79,1326.1,
REAL_LIFE_VIOLENCE,all,No-Violence,NV_893.avi,REAL_LIFE_VIOLENCE/noFights/NV_893.avi,.avi,5.0,30.0,224,224,mpeg4,150,0.78,1308.4,
REAL_LIFE_VIOLENCE,all,No-Violence,NV_894.avi,REAL_LIFE_VIOLENCE/noFights/NV_894.avi,.avi,5.0,30.0,224,224,mpeg4,150,0.92,1539.2,
REAL_LIFE_VIOLENCE,all,No-Violence,NV_895.avi,REAL_LIFE_VIOLENCE/noFights/NV_895.avi,.avi,5.0,30.0,224,224,mpeg4,150,0.8,1346.8,
REAL_LIFE_VIOLENCE,all,No-Violence,NV_896.avi,REAL_LIFE_VIOLENCE/noFights/NV_896.avi,.avi,5.0,30.0,224,224,mpeg4,150,0.92,1546.9,
REAL_LIFE_VIOLENCE,all,No-Violence,NV_897.avi,REAL_LIFE_VIOLENCE/noFights/NV_897.avi,.avi,5.0,30.0,224,224,mpeg4,150,1.0,1683.2,
REAL_LIFE_VIOLENCE,all,No-Violence,NV_898.avi,REAL_LIFE_VIOLENCE/noFights/NV_898.avi,.avi,5.0,30.0,224,224,mpeg4,150,1.04,1736.6,
REAL_LIFE_VIOLENCE,all,No-Violence,NV_899.avi,REAL_LIFE_VIOLENCE/noFights/NV_899.avi,.avi,5.0,30.0,224,224,mpeg4,150,0.79,1320.5,
REAL_LIFE_VIOLENCE,all,No-Violence,NV_9.mp4,REAL_LIFE_VIOLENCE/noFights/NV_9.mp4,.mp4,4.92,25.0,1280,720,h264,123,0.72,1221.4,
REAL_LIFE_VIOLENCE,all,No-Violence,NV_90.mp4,REAL_LIFE_VIOLENCE/noFights/NV_90.mp4,.mp4,4.62,29.97,640,360,h264,138,0.46,837.2,
REAL_LIFE_VIOLENCE,all,No-Violence,NV_900.avi,REAL_LIFE_VIOLENCE/noFights/NV_900.avi,.avi,5.0,30.0,224,224,mpeg4,150,0.9,1516.1,
REAL_LIFE_VIOLENCE,all,No-Violence,NV_901.avi,REAL_LIFE_VIOLENCE/noFights/NV_901.avi,.avi,5.0,30.0,224,224,mpeg4,150,0.79,1330.3,
REAL_LIFE_VIOLENCE,all,No-Violence,NV_902.avi,REAL_LIFE_VIOLENCE/noFights/NV_902.avi,.avi,5.0,30.0,224,224,mpeg4,150,0.5,833.2,
REAL_LIFE_VIOLENCE,all,No-Violence,NV_903.avi,REAL_LIFE_VIOLENCE/noFights/NV_903.avi,.avi,5.0,30.0,224,224,mpeg4,150,0.73,1217.6,
REAL_LIFE_VIOLENCE,all,No-Violence,NV_904.avi,REAL_LIFE_VIOLENCE/noFights/NV_904.avi,.avi,5.0,30.0,224,224,mpeg4,150,0.72,1213.5,
REAL_LIFE_VIOLENCE,all,No-Violence,NV_905.avi,REAL_LIFE_VIOLENCE/noFights/NV_905.avi,.avi,5.0,30.0,224,224,mpeg4,150,0.77,1296.3,
REAL_LIFE_VIOLENCE,all,No-Violence,NV_906.avi,REAL_LIFE_VIOLENCE/noFights/NV_906.avi,.avi,5.0,30.0,224,224,mpeg4,150,0.71,1196.7,
REAL_LIFE_VIOLENCE,all,No-Violence,NV_907.avi,REAL_LIFE_VIOLENCE/noFights/NV_907.avi,.avi,5.0,30.0,224,224,mpeg4,150,0.62,1035.1,
REAL_LIFE_VIOLENCE,all,No-Violence,NV_908.avi,REAL_LIFE_VIOLENCE/noFights/NV_908.avi,.avi,5.0,30.0,224,224,mpeg4,150,0.41,695.0,
REAL_LIFE_VIOLENCE,all,No-Violence,NV_909.avi,REAL_LIFE_VIOLENCE/noFights/NV_909.avi,.avi,5.0,30.0,224,224,mpeg4,150,0.85,1420.2,
REAL_LIFE_VIOLENCE,all,No-Violence,NV_91.mp4,REAL_LIFE_VIOLENCE/noFights/NV_91.mp4,.mp4,4.32,25.0,640,360,h264,108,0.41,799.4,
REAL_LIFE_VIOLENCE,all,No-Violence,NV_910.avi,REAL_LIFE_VIOLENCE/noFights/NV_910.avi,.avi,5.0,30.0,224,224,mpeg4,150,0.81,1360.3,
REAL_LIFE_VIOLENCE,all,No-Violence,NV_911.mp4,REAL_LIFE_VIOLENCE/noFights/NV_911.mp4,.mp4,5.0,29.0,224,224,mpeg4,145,0.29,480.6,
REAL_LIFE_VIOLENCE,all,No-Violence,NV_912.mp4,REAL_LIFE_VIOLENCE/noFights/NV_912.mp4,.mp4,5.0,29.0,224,224,mpeg4,145,0.35,585.4,
REAL_LIFE_VIOLENCE,all,No-Violence,NV_913.mp4,REAL_LIFE_VIOLENCE/noFights/NV_913.mp4,.mp4,5.0,29.0,224,224,mpeg4,145,0.34,575.2,
REAL_LIFE_VIOLENCE,all,No-Violence,NV_914.mp4,REAL_LIFE_VIOLENCE/noFights/NV_914.mp4,.mp4,5.0,29.0,224,224,mpeg4,145,0.4,674.0,
REAL_LIFE_VIOLENCE,all,No-Violence,NV_915.mp4,REAL_LIFE_VIOLENCE/noFights/NV_915.mp4,.mp4,5.0,29.0,224,224,mpeg4,145,0.33,560.9,
REAL_LIFE_VIOLENCE,all,No-Violence,NV_916.mp4,REAL_LIFE_VIOLENCE/noFights/NV_916.mp4,.mp4,5.0,29.0,224,224,mpeg4,145,1.06,1784.3,
REAL_LIFE_VIOLENCE,all,No-Violence,NV_917.mp4,REAL_LIFE_VIOLENCE/noFights/NV_917.mp4,.mp4,5.0,29.0,224,224,mpeg4,145,0.43,729.3,
REAL_LIFE_VIOLENCE,all,No-Violence,NV_918.mp4,REAL_LIFE_VIOLENCE/noFights/NV_918.mp4,.mp4,5.0,29.0,224,224,mpeg4,145,0.38,632.4,
REAL_LIFE_VIOLENCE,all,No-Violence,NV_919.mp4,REAL_LIFE_VIOLENCE/noFights/NV_919.mp4,.mp4,5.0,29.0,224,224,mpeg4,145,0.71,1190.1,
REAL_LIFE_VIOLENCE,all,No-Violence,NV_92.mp4,REAL_LIFE_VIOLENCE/noFights/NV_92.mp4,.mp4,5.32,25.0,640,360,h264,133,0.74,1162.7,
REAL_LIFE_VIOLENCE,all,No-Violence,NV_920.mp4,REAL_LIFE_VIOLENCE/noFights/NV_920.mp4,.mp4,5.0,29.0,224,224,mpeg4,145,0.65,1084.5,
REAL_LIFE_VIOLENCE,all,No-Violence,NV_921.mp4,REAL_LIFE_VIOLENCE/noFights/NV_921.mp4,.mp4,5.0,29.0,224,224,mpeg4,145,0.68,1136.9,
REAL_LIFE_VIOLENCE,all,No-Violence,NV_922.mp4,REAL_LIFE_VIOLENCE/noFights/NV_922.mp4,.mp4,5.0,29.0,224,224,mpeg4,145,0.63,1051.6,
REAL_LIFE_VIOLENCE,all,No-Violence,NV_923.mp4,REAL_LIFE_VIOLENCE/noFights/NV_923.mp4,.mp4,5.0,29.0,224,224,mpeg4,145,1.01,1688.0,
REAL_LIFE_VIOLENCE,all,No-Violence,NV_924.mp4,REAL_LIFE_VIOLENCE/noFights/NV_924.mp4,.mp4,5.0,29.0,224,224,mpeg4,145,0.49,820.2,
REAL_LIFE_VIOLENCE,all,No-Violence,NV_925.mp4,REAL_LIFE_VIOLENCE/noFights/NV_925.mp4,.mp4,5.0,29.0,224,224,mpeg4,145,0.72,1202.0,
REAL_LIFE_VIOLENCE,all,No-Violence,NV_926.mp4,REAL_LIFE_VIOLENCE/noFights/NV_926.mp4,.mp4,5.0,29.0,224,224,mpeg4,145,0.76,1276.4,
REAL_LIFE_VIOLENCE,all,No-Violence,NV_927.mp4,REAL_LIFE_VIOLENCE/noFights/NV_927.mp4,.mp4,5.0,29.0,224,224,mpeg4,145,1.07,1803.1,
REAL_LIFE_VIOLENCE,all,No-Violence,NV_928.mp4,REAL_LIFE_VIOLENCE/noFights/NV_928.mp4,.mp4,5.0,29.0,224,224,mpeg4,145,1.03,1721.0,
REAL_LIFE_VIOLENCE,all,No-Violence,NV_929.mp4,REAL_LIFE_VIOLENCE/noFights/NV_929.mp4,.mp4,5.0,29.0,224,224,mpeg4,145,1.1,1845.0,
REAL_LIFE_VIOLENCE,all,No-Violence,NV_93.mp4,REAL_LIFE_VIOLENCE/noFights/NV_93.mp4,.mp4,4.32,25.0,640,360,h264,108,0.44,858.6,
REAL_LIFE_VIOLENCE,all,No-Violence,NV_930.mp4,REAL_LIFE_VIOLENCE/noFights/NV_930.mp4,.mp4,5.0,29.0,224,224,mpeg4,145,0.75,1254.5,
REAL_LIFE_VIOLENCE,all,No-Violence,NV_931.mp4,REAL_LIFE_VIOLENCE/noFights/NV_931.mp4,.mp4,5.0,29.0,224,224,mpeg4,145,0.73,1219.5,
REAL_LIFE_VIOLENCE,all,No-Violence,NV_932.mp4,REAL_LIFE_VIOLENCE/noFights/NV_932.mp4,.mp4,5.0,29.0,224,224,mpeg4,145,1.35,2260.3,
REAL_LIFE_VIOLENCE,all,No-Violence,NV_933.mp4,REAL_LIFE_VIOLENCE/noFights/NV_933.mp4,.mp4,5.0,29.0,224,224,mpeg4,145,0.94,1569.9,
REAL_LIFE_VIOLENCE,all,No-Violence,NV_934.mp4,REAL_LIFE_VIOLENCE/noFights/NV_934.mp4,.mp4,5.0,29.0,224,224,mpeg4,145,1.4,2351.1,
REAL_LIFE_VIOLENCE,all,No-Violence,NV_935.mp4,REAL_LIFE_VIOLENCE/noFights/NV_935.mp4,.mp4,5.0,29.0,224,224,mpeg4,145,1.03,1730.4,
REAL_LIFE_VIOLENCE,all,No-Violence,NV_936.mp4,REAL_LIFE_VIOLENCE/noFights/NV_936.mp4,.mp4,5.0,29.0,224,224,mpeg4,145,0.5,837.9,
REAL_LIFE_VIOLENCE,all,No-Violence,NV_937.mp4,REAL_LIFE_VIOLENCE/noFights/NV_937.mp4,.mp4,5.0,29.0,224,224,mpeg4,145,0.3,501.1,
REAL_LIFE_VIOLENCE,all,No-Violence,NV_938.mp4,REAL_LIFE_VIOLENCE/noFights/NV_938.mp4,.mp4,5.0,29.0,224,224,mpeg4,145,0.27,458.0,
REAL_LIFE_VIOLENCE,all,No-Violence,NV_939.mp4,REAL_LIFE_VIOLENCE/noFights/NV_939.mp4,.mp4,5.0,29.0,224,224,mpeg4,145,0.24,403.1,
REAL_LIFE_VIOLENCE,all,No-Violence,NV_94.mp4,REAL_LIFE_VIOLENCE/noFights/NV_94.mp4,.mp4,4.0,25.0,640,360,h264,100,0.37,772.1,
REAL_LIFE_VIOLENCE,all,No-Violence,NV_940.mp4,REAL_LIFE_VIOLENCE/noFights/NV_940.mp4,.mp4,1.0,29.0,224,224,mpeg4,29,0.05,422.9,
REAL_LIFE_VIOLENCE,all,No-Violence,NV_941.mp4,REAL_LIFE_VIOLENCE/noFights/NV_941.mp4,.mp4,5.0,29.0,224,224,mpeg4,145,1.11,1869.4,
REAL_LIFE_VIOLENCE,all,No-Violence,NV_942.mp4,REAL_LIFE_VIOLENCE/noFights/NV_942.mp4,.mp4,5.0,29.0,224,224,mpeg4,145,1.23,2060.3,
REAL_LIFE_VIOLENCE,all,No-Violence,NV_943.mp4,REAL_LIFE_VIOLENCE/noFights/NV_943.mp4,.mp4,5.0,29.0,224,224,mpeg4,145,0.9,1505.2,
REAL_LIFE_VIOLENCE,all,No-Violence,NV_944.mp4,REAL_LIFE_VIOLENCE/noFights/NV_944.mp4,.mp4,5.0,29.0,224,224,mpeg4,145,0.73,1223.7,
REAL_LIFE_VIOLENCE,all,No-Violence,NV_945.mp4,REAL_LIFE_VIOLENCE/noFights/NV_945.mp4,.mp4,5.0,29.0,224,224,mpeg4,145,0.97,1635.5,
REAL_LIFE_VIOLENCE,all,No-Violence,NV_946.mp4,REAL_LIFE_VIOLENCE/noFights/NV_946.mp4,.mp4,5.0,29.0,224,224,mpeg4,145,0.93,1553.2,
REAL_LIFE_VIOLENCE,all,No-Violence,NV_947.mp4,REAL_LIFE_VIOLENCE/noFights/NV_947.mp4,.mp4,5.0,29.0,224,224,mpeg4,145,0.94,1576.7,
REAL_LIFE_VIOLENCE,all,No-Violence,NV_948.mp4,REAL_LIFE_VIOLENCE/noFights/NV_948.mp4,.mp4,5.0,29.0,224,224,mpeg4,145,1.15,1934.3,
REAL_LIFE_VIOLENCE,all,No-Violence,NV_949.mp4,REAL_LIFE_VIOLENCE/noFights/NV_949.mp4,.mp4,5.0,29.0,224,224,mpeg4,145,1.03,1734.7,
REAL_LIFE_VIOLENCE,all,No-Violence,NV_95.mp4,REAL_LIFE_VIOLENCE/noFights/NV_95.mp4,.mp4,4.81,25.0,640,360,h264,120,0.43,746.3,
REAL_LIFE_VIOLENCE,all,No-Violence,NV_950.mp4,REAL_LIFE_VIOLENCE/noFights/NV_950.mp4,.mp4,5.0,29.0,224,224,mpeg4,145,0.88,1476.1,
REAL_LIFE_VIOLENCE,all,No-Violence,NV_951.mp4,REAL_LIFE_VIOLENCE/noFights/NV_951.mp4,.mp4,5.0,29.0,224,224,mpeg4,145,1.19,1997.3,
REAL_LIFE_VIOLENCE,all,No-Violence,NV_952.mp4,REAL_LIFE_VIOLENCE/noFights/NV_952.mp4,.mp4,5.0,29.0,224,224,mpeg4,145,0.28,467.2,
REAL_LIFE_VIOLENCE,all,No-Violence,NV_953.mp4,REAL_LIFE_VIOLENCE/noFights/NV_953.mp4,.mp4,5.0,29.0,224,224,mpeg4,145,0.95,1594.8,
REAL_LIFE_VIOLENCE,all,No-Violence,NV_954.mp4,REAL_LIFE_VIOLENCE/noFights/NV_954.mp4,.mp4,5.0,29.0,224,224,mpeg4,145,0.75,1265.0,
REAL_LIFE_VIOLENCE,all,No-Violence,NV_955.mp4,REAL_LIFE_VIOLENCE/noFights/NV_955.mp4,.mp4,5.0,29.0,224,224,mpeg4,145,0.76,1277.0,
REAL_LIFE_VIOLENCE,all,No-Violence,NV_956.mp4,REAL_LIFE_VIOLENCE/noFights/NV_956.mp4,.mp4,5.0,29.0,224,224,mpeg4,145,0.8,1342.2,
REAL_LIFE_VIOLENCE,all,No-Violence,NV_957.mp4,REAL_LIFE_VIOLENCE/noFights/NV_957.mp4,.mp4,5.0,29.0,224,224,mpeg4,145,0.54,909.2,
REAL_LIFE_VIOLENCE,all,No-Violence,NV_958.mp4,REAL_LIFE_VIOLENCE/noFights/NV_958.mp4,.mp4,5.0,29.0,224,224,mpeg4,145,0.53,882.8,
REAL_LIFE_VIOLENCE,all,No-Violence,NV_959.mp4,REAL_LIFE_VIOLENCE/noFights/NV_959.mp4,.mp4,5.0,29.0,224,224,mpeg4,145,0.63,1054.9,
REAL_LIFE_VIOLENCE,all,No-Violence,NV_96.mp4,REAL_LIFE_VIOLENCE/noFights/NV_96.mp4,.mp4,5.71,29.97,854,480,h264,171,0.92,1359.3,
REAL_LIFE_VIOLENCE,all,No-Violence,NV_960.mp4,REAL_LIFE_VIOLENCE/noFights/NV_960.mp4,.mp4,5.0,29.0,224,224,mpeg4,145,0.83,1388.3,
REAL_LIFE_VIOLENCE,all,No-Violence,NV_961.mp4,REAL_LIFE_VIOLENCE/noFights/NV_961.mp4,.mp4,5.0,29.0,224,224,mpeg4,145,0.87,1456.5,
REAL_LIFE_VIOLENCE,all,No-Violence,NV_962.mp4,REAL_LIFE_VIOLENCE/noFights/NV_962.mp4,.mp4,5.0,29.0,224,224,mpeg4,145,0.77,1300.0,
REAL_LIFE_VIOLENCE,all,No-Violence,NV_963.mp4,REAL_LIFE_VIOLENCE/noFights/NV_963.mp4,.mp4,5.0,29.0,224,224,mpeg4,145,0.99,1655.1,
REAL_LIFE_VIOLENCE,all,No-Violence,NV_964.mp4,REAL_LIFE_VIOLENCE/noFights/NV_964.mp4,.mp4,5.0,29.0,224,224,mpeg4,145,1.17,1957.8,
REAL_LIFE_VIOLENCE,all,No-Violence,NV_965.mp4,REAL_LIFE_VIOLENCE/noFights/NV_965.mp4,.mp4,5.0,29.0,224,224,mpeg4,145,1.13,1898.4,
REAL_LIFE_VIOLENCE,all,No-Violence,NV_966.mp4,REAL_LIFE_VIOLENCE/noFights/NV_966.mp4,.mp4,5.0,29.0,224,224,mpeg4,145,1.06,1772.1,
REAL_LIFE_VIOLENCE,all,No-Violence,NV_967.mp4,REAL_LIFE_VIOLENCE/noFights/NV_967.mp4,.mp4,5.0,29.0,224,224,mpeg4,145,0.73,1230.8,
REAL_LIFE_VIOLENCE,all,No-Violence,NV_968.mp4,REAL_LIFE_VIOLENCE/noFights/NV_968.mp4,.mp4,5.0,29.0,224,224,mpeg4,145,0.92,1551.7,
REAL_LIFE_VIOLENCE,all,No-Violence,NV_969.mp4,REAL_LIFE_VIOLENCE/noFights/NV_969.mp4,.mp4,5.0,29.0,224,224,mpeg4,145,1.3,2183.3,
REAL_LIFE_VIOLENCE,all,No-Violence,NV_97.mp4,REAL_LIFE_VIOLENCE/noFights/NV_97.mp4,.mp4,3.52,25.0,640,360,h264,88,0.5,1186.8,
REAL_LIFE_VIOLENCE,all,No-Violence,NV_970.mp4,REAL_LIFE_VIOLENCE/noFights/NV_970.mp4,.mp4,5.0,29.0,224,224,mpeg4,145,0.98,1649.8,
REAL_LIFE_VIOLENCE,all,No-Violence,NV_971.mp4,REAL_LIFE_VIOLENCE/noFights/NV_971.mp4,.mp4,5.0,29.0,224,224,mpeg4,145,1.07,1795.6,
REAL_LIFE_VIOLENCE,all,No-Violence,NV_972.mp4,REAL_LIFE_VIOLENCE/noFights/NV_972.mp4,.mp4,5.0,29.0,224,224,mpeg4,145,1.14,1906.5,
REAL_LIFE_VIOLENCE,all,No-Violence,NV_973.mp4,REAL_LIFE_VIOLENCE/noFights/NV_973.mp4,.mp4,5.0,29.0,224,224,mpeg4,145,1.11,1870.4,
REAL_LIFE_VIOLENCE,all,No-Violence,NV_974.mp4,REAL_LIFE_VIOLENCE/noFights/NV_974.mp4,.mp4,5.0,29.0,224,224,mpeg4,145,1.61,2701.9,
REAL_LIFE_VIOLENCE,all,No-Violence,NV_975.mp4,REAL_LIFE_VIOLENCE/noFights/NV_975.mp4,.mp4,5.0,29.0,224,224,mpeg4,145,0.86,1436.3,
REAL_LIFE_VIOLENCE,all,No-Violence,NV_976.mp4,REAL_LIFE_VIOLENCE/noFights/NV_976.mp4,.mp4,5.0,29.0,224,224,mpeg4,145,1.15,1932.2,
REAL_LIFE_VIOLENCE,all,No-Violence,NV_977.mp4,REAL_LIFE_VIOLENCE/noFights/NV_977.mp4,.mp4,5.0,29.0,224,224,mpeg4,145,0.83,1386.4,
REAL_LIFE_VIOLENCE,all,No-Violence,NV_978.mp4,REAL_LIFE_VIOLENCE/noFights/NV_978.mp4,.mp4,5.0,29.0,224,224,mpeg4,145,0.66,1113.2,
REAL_LIFE_VIOLENCE,all,No-Violence,NV_979.mp4,REAL_LIFE_VIOLENCE/noFights/NV_979.mp4,.mp4,5.0,29.0,224,224,mpeg4,145,0.69,1152.3,
REAL_LIFE_VIOLENCE,all,No-Violence,NV_98.mp4,REAL_LIFE_VIOLENCE/noFights/NV_98.mp4,.mp4,3.8,25.0,640,360,h264,95,0.47,1036.8,
REAL_LIFE_VIOLENCE,all,No-Violence,NV_980.mp4,REAL_LIFE_VIOLENCE/noFights/NV_980.mp4,.mp4,5.0,29.0,224,224,mpeg4,145,0.72,1208.2,
REAL_LIFE_VIOLENCE,all,No-Violence,NV_981.mp4,REAL_LIFE_VIOLENCE/noFights/NV_981.mp4,.mp4,5.0,29.0,224,224,mpeg4,145,0.67,1131.0,
REAL_LIFE_VIOLENCE,all,No-Violence,NV_982.mp4,REAL_LIFE_VIOLENCE/noFights/NV_982.mp4,.mp4,5.0,29.0,224,224,mpeg4,145,0.94,1579.4,
REAL_LIFE_VIOLENCE,all,No-Violence,NV_983.mp4,REAL_LIFE_VIOLENCE/noFights/NV_983.mp4,.mp4,5.0,29.0,224,224,mpeg4,145,0.35,583.5,
REAL_LIFE_VIOLENCE,all,No-Violence,NV_984.mp4,REAL_LIFE_VIOLENCE/noFights/NV_984.mp4,.mp4,5.0,29.0,224,224,mpeg4,145,0.39,660.4,
REAL_LIFE_VIOLENCE,all,No-Violence,NV_985.mp4,REAL_LIFE_VIOLENCE/noFights/NV_985.mp4,.mp4,5.0,29.0,224,224,mpeg4,145,0.62,1038.1,
REAL_LIFE_VIOLENCE,all,No-Violence,NV_986.mp4,REAL_LIFE_VIOLENCE/noFights/NV_986.mp4,.mp4,5.0,29.0,224,224,mpeg4,145,0.67,1119.1,
REAL_LIFE_VIOLENCE,all,No-Violence,NV_987.mp4,REAL_LIFE_VIOLENCE/noFights/NV_987.mp4,.mp4,5.0,29.0,224,224,mpeg4,145,0.52,865.4,
REAL_LIFE_VIOLENCE,all,No-Violence,NV_988.mp4,REAL_LIFE_VIOLENCE/noFights/NV_988.mp4,.mp4,5.0,29.0,224,224,mpeg4,145,0.49,821.4,
REAL_LIFE_VIOLENCE,all,No-Violence,NV_989.mp4,REAL_LIFE_VIOLENCE/noFights/NV_989.mp4,.mp4,6.09,23.98,1280,720,h264,146,1.4,1922.3,
REAL_LIFE_VIOLENCE,all,No-Violence,NV_99.mp4,REAL_LIFE_VIOLENCE/noFights/NV_99.mp4,.mp4,5.52,25.0,640,360,h264,138,0.52,789.9,
REAL_LIFE_VIOLENCE,all,No-Violence,NV_990.mp4,REAL_LIFE_VIOLENCE/noFights/NV_990.mp4,.mp4,5.42,23.98,1280,720,h264,130,1.11,1722.5,
REAL_LIFE_VIOLENCE,all,No-Violence,NV_991.mp4,REAL_LIFE_VIOLENCE/noFights/NV_991.mp4,.mp4,5.34,23.98,1280,720,h264,128,0.68,1075.6,
REAL_LIFE_VIOLENCE,all,No-Violence,NV_992.mp4,REAL_LIFE_VIOLENCE/noFights/NV_992.mp4,.mp4,179.91,30.0,1280,720,h264,5397,4.04,188.6,
REAL_LIFE_VIOLENCE,all,No-Violence,NV_993.mp4,REAL_LIFE_VIOLENCE/noFights/NV_993.mp4,.mp4,4.52,30.0,1280,720,h264,135,0.26,478.6,
REAL_LIFE_VIOLENCE,all,No-Violence,NV_994.mp4,REAL_LIFE_VIOLENCE/noFights/NV_994.mp4,.mp4,4.02,30.0,1280,720,h264,120,0.22,469.3,
REAL_LIFE_VIOLENCE,all,No-Violence,NV_995.mp4,REAL_LIFE_VIOLENCE/noFights/NV_995.mp4,.mp4,5.34,23.98,1280,720,h264,128,0.65,1023.1,
REAL_LIFE_VIOLENCE,all,No-Violence,NV_996.mp4,REAL_LIFE_VIOLENCE/noFights/NV_996.mp4,.mp4,6.42,23.98,1280,720,h264,154,0.86,1121.8,
REAL_LIFE_VIOLENCE,all,No-Violence,NV_997.mp4,REAL_LIFE_VIOLENCE/noFights/NV_997.mp4,.mp4,6.34,23.98,1280,720,h264,152,0.83,1095.8,
REAL_LIFE_VIOLENCE,all,No-Violence,NV_998.mp4,REAL_LIFE_VIOLENCE/noFights/NV_998.mp4,.mp4,6.42,23.98,1280,720,h264,154,0.92,1196.6,
REAL_LIFE_VIOLENCE,all,No-Violence,NV_999.mp4,REAL_LIFE_VIOLENCE/noFights/NV_999.mp4,.mp4,7.02,23.98,1280,720,h264,168,1.09,1302.2,
fight_detection_cctv,all,Violence,fi001.mp4,fight_detection_cctv/fights/fi001.mp4,.mp4,2.12,25.0,480,360,h264,53,0.15,575.5,
fight_detection_cctv,all,Violence,fi002.mp4,fight_detection_cctv/fights/fi002.mp4,.mp4,2.52,25.0,480,360,h264,63,0.12,402.5,
fight_detection_cctv,all,Violence,fi003.mp4,fight_detection_cctv/fights/fi003.mp4,.mp4,2.4,25.0,480,360,h264,60,0.21,719.7,
fight_detection_cctv,all,Violence,fi004.mp4,fight_detection_cctv/fights/fi004.mp4,.mp4,3.12,25.0,480,360,h264,78,0.25,677.2,
fight_detection_cctv,all,Violence,fi005.mp4,fight_detection_cctv/fights/fi005.mp4,.mp4,2.9,20.0,640,360,h264,58,0.26,747.4,
fight_detection_cctv,all,Violence,fi006.mp4,fight_detection_cctv/fights/fi006.mp4,.mp4,2.41,20.0,640,360,h264,48,0.26,914.1,
fight_detection_cctv,all,Violence,fi007.mp4,fight_detection_cctv/fights/fi007.mp4,.mp4,2.21,20.0,640,360,h264,44,0.21,790.3,
fight_detection_cctv,all,Violence,fi008.mp4,fight_detection_cctv/fights/fi008.mp4,.mp4,2.21,20.0,640,360,h264,44,0.2,757.2,
fight_detection_cctv,all,Violence,fi009.mp4,fight_detection_cctv/fights/fi009.mp4,.mp4,2.86,20.0,640,360,h264,57,0.25,736.1,
fight_detection_cctv,all,Violence,fi010.mp4,fight_detection_cctv/fights/fi010.mp4,.mp4,3.42,20.0,640,360,h264,68,0.34,822.6,
fight_detection_cctv,all,Violence,fi011.mp4,fight_detection_cctv/fights/fi011.mp4,.mp4,2.92,20.0,640,360,h264,58,0.28,813.8,
fight_detection_cctv,all,Violence,fi012.mp4,fight_detection_cctv/fights/fi012.mp4,.mp4,3.25,20.0,640,360,h264,65,0.27,699.1,
fight_detection_cctv,all,Violence,fi013.mp4,fight_detection_cctv/fights/fi013.mp4,.mp4,2.0,29.97,640,360,h264,60,0.12,511.3,
fight_detection_cctv,all,Violence,fi014.mp4,fight_detection_cctv/fights/fi014.mp4,.mp4,2.1,29.97,640,360,h264,63,0.1,414.8,
fight_detection_cctv,all,Violence,fi015.mp4,fight_detection_cctv/fights/fi015.mp4,.mp4,2.2,30.0,640,360,h264,66,0.34,1284.3,
fight_detection_cctv,all,Violence,fi016.mp4,fight_detection_cctv/fights/fi016.mp4,.mp4,2.2,30.0,640,360,h264,66,0.33,1257.9,
fight_detection_cctv,all,Violence,fi017.mp4,fight_detection_cctv/fights/fi017.mp4,.mp4,2.22,30.0,640,360,h264,66,0.3,1117.6,
fight_detection_cctv,all,Violence,fi018.mp4,fight_detection_cctv/fights/fi018.mp4,.mp4,2.01,30.0,480,360,h264,60,0.14,604.9,
fight_detection_cctv,all,Violence,fi019.mp4,fight_detection_cctv/fights/fi019.mp4,.mp4,1.7,25.0,626,360,h264,42,0.19,938.0,
fight_detection_cctv,all,Violence,fi020.mp4,fight_detection_cctv/fights/fi020.mp4,.mp4,2.01,25.0,626,360,h264,50,0.29,1207.7,
fight_detection_cctv,all,Violence,fi021.mp4,fight_detection_cctv/fights/fi021.mp4,.mp4,2.01,25.0,626,360,h264,50,0.32,1355.0,
fight_detection_cctv,all,Violence,fi022.mp4,fight_detection_cctv/fights/fi022.mp4,.mp4,2.01,25.0,626,360,h264,50,0.29,1212.9,
fight_detection_cctv,all,Violence,fi023.mp4,fight_detection_cctv/fights/fi023.mp4,.mp4,2.02,25.0,626,360,h264,50,0.29,1216.5,
fight_detection_cctv,all,Violence,fi024.mp4,fight_detection_cctv/fights/fi024.mp4,.mp4,2.01,25.0,626,360,h264,50,0.33,1364.5,
fight_detection_cctv,all,Violence,fi025.mp4,fight_detection_cctv/fights/fi025.mp4,.mp4,2.02,25.0,626,360,h264,50,0.27,1133.7,
fight_detection_cctv,all,Violence,fi026.mp4,fight_detection_cctv/fights/fi026.mp4,.mp4,2.28,29.97,480,360,h264,68,0.14,513.1,
fight_detection_cctv,all,Violence,fi027.mp4,fight_detection_cctv/fights/fi027.mp4,.mp4,2.02,29.97,480,360,h264,60,0.18,741.6,
fight_detection_cctv,all,Violence,fi028.mp4,fight_detection_cctv/fights/fi028.mp4,.mp4,1.72,29.97,480,360,h264,51,0.1,497.0,
fight_detection_cctv,all,Violence,fi029.mp4,fight_detection_cctv/fights/fi029.mp4,.mp4,2.39,29.97,480,360,h264,71,0.14,481.6,
fight_detection_cctv,all,Violence,fi030.mp4,fight_detection_cctv/fights/fi030.mp4,.mp4,2.1,29.97,480,360,h264,63,0.2,792.9,
fight_detection_cctv,all,Violence,fi031.mp4,fight_detection_cctv/fights/fi031.mp4,.mp4,2.07,23.98,640,360,h264,49,0.1,387.6,
fight_detection_cctv,all,Violence,fi032.mp4,fight_detection_cctv/fights/fi032.mp4,.mp4,2.02,23.98,640,360,h264,48,0.13,554.4,
fight_detection_cctv,all,Violence,fi033.mp4,fight_detection_cctv/fights/fi033.mp4,.mp4,2.32,23.98,640,360,h264,55,0.11,393.4,
fight_detection_cctv,all,Violence,fi034.mp4,fight_detection_cctv/fights/fi034.mp4,.mp4,1.65,23.98,640,360,h264,39,0.08,386.8,
fight_detection_cctv,all,Violence,fi035.mp4,fight_detection_cctv/fights/fi035.mp4,.mp4,1.97,23.98,640,360,h264,47,0.09,368.0,
fight_detection_cctv,all,Violence,fi036.mp4,fight_detection_cctv/fights/fi036.mp4,.mp4,2.0,23.98,640,360,h264,48,0.13,546.2,
fight_detection_cctv,all,Violence,fi037.mp4,fight_detection_cctv/fights/fi037.mp4,.mp4,3.32,23.98,640,360,h264,79,0.16,401.1,
fight_detection_cctv,all,Violence,fi038.mp4,fight_detection_cctv/fights/fi038.mp4,.mp4,2.13,23.98,640,360,h264,51,0.13,522.8,
fight_detection_cctv,all,Violence,fi039.mp4,fight_detection_cctv/fights/fi039.mp4,.mp4,1.92,23.98,640,360,h264,46,0.13,558.1,
fight_detection_cctv,all,Violence,fi040.mp4,fight_detection_cctv/fights/fi040.mp4,.mp4,2.01,23.98,640,360,h264,48,0.13,528.2,
fight_detection_cctv,all,Violence,fi041.mp4,fight_detection_cctv/fights/fi041.mp4,.mp4,2.02,23.98,640,360,h264,48,0.14,584.7,
fight_detection_cctv,all,Violence,fi042.mp4,fight_detection_cctv/fights/fi042.mp4,.mp4,2.01,23.98,640,360,h264,48,0.21,858.7,
fight_detection_cctv,all,Violence,fi043.mp4,fight_detection_cctv/fights/fi043.mp4,.mp4,2.01,21.0,1280,702,h264,42,0.47,1973.6,
fight_detection_cctv,all,Violence,fi044.mp4,fight_detection_cctv/fights/fi044.mp4,.mp4,2.01,29.97,640,360,h264,60,0.1,406.9,
fight_detection_cctv,all,Violence,fi045.mp4,fight_detection_cctv/fights/fi045.mp4,.mp4,2.01,29.97,640,360,h264,60,0.1,416.7,
fight_detection_cctv,all,Violence,fi046.mp4,fight_detection_cctv/fights/fi046.mp4,.mp4,2.01,29.97,640,360,h264,60,0.1,420.3,
fight_detection_cctv,all,Violence,fi047.mp4,fight_detection_cctv/fights/fi047.mp4,.mp4,2.41,29.97,640,360,h264,72,0.15,514.6,
fight_detection_cctv,all,Violence,fi048.mp4,fight_detection_cctv/fights/fi048.mp4,.mp4,2.01,29.97,640,360,h264,60,0.14,584.7,
fight_detection_cctv,all,Violence,fi049.mp4,fight_detection_cctv/fights/fi049.mp4,.mp4,1.95,29.97,640,360,h264,58,0.11,472.3,
fight_detection_cctv,all,Violence,fi050.mp4,fight_detection_cctv/fights/fi050.mp4,.mp4,1.95,29.97,640,360,h264,58,0.11,477.8,
fight_detection_cctv,all,Violence,fi051.mp4,fight_detection_cctv/fights/fi051.mp4,.mp4,2.5,30.0,1280,720,h264,75,0.41,1380.7,
fight_detection_cctv,all,Violence,fi052.mp4,fight_detection_cctv/fights/fi052.mp4,.mp4,2.01,30.0,1280,720,h264,60,0.35,1468.6,
fight_detection_cctv,all,Violence,fi053.mp4,fight_detection_cctv/fights/fi053.mp4,.mp4,2.02,30.0,1280,720,h264,60,0.35,1437.5,
fight_detection_cctv,all,Violence,fi054.mp4,fight_detection_cctv/fights/fi054.mp4,.mp4,2.02,30.0,1280,720,h264,60,0.39,1624.2,
fight_detection_cctv,all,Violence,fi055.mp4,fight_detection_cctv/fights/fi055.mp4,.mp4,2.02,30.0,1280,720,h264,60,0.38,1597.4,
fight_detection_cctv,all,Violence,fi056.mp4,fight_detection_cctv/fights/fi056.mp4,.mp4,2.5,30.0,1280,720,h264,75,1.09,3656.9,
fight_detection_cctv,all,Violence,fi057.mp4,fight_detection_cctv/fights/fi057.mp4,.mp4,2.02,30.0,1280,720,h264,60,0.94,3907.9,
fight_detection_cctv,all,Violence,fi058.mp4,fight_detection_cctv/fights/fi058.mp4,.mp4,2.01,30.0,1280,720,h264,60,0.85,3542.4,
fight_detection_cctv,all,Violence,fi059.mp4,fight_detection_cctv/fights/fi059.mp4,.mp4,3.9,29.97,480,360,h264,116,0.21,449.7,
fight_detection_cctv,all,Violence,fi060.mp4,fight_detection_cctv/fights/fi060.mp4,.mp4,3.16,29.97,480,360,h264,94,0.17,452.8,
fight_detection_cctv,all,Violence,fi061.mp4,fight_detection_cctv/fights/fi061.mp4,.mp4,4.39,29.97,480,360,h264,131,0.24,464.0,
fight_detection_cctv,all,Violence,fi062.mp4,fight_detection_cctv/fights/fi062.mp4,.mp4,3.9,29.97,480,360,h264,116,0.21,449.3,
fight_detection_cctv,all,Violence,fi063.mp4,fight_detection_cctv/fights/fi063.mp4,.mp4,4.76,29.97,480,360,h264,142,0.25,448.1,
fight_detection_cctv,all,Violence,fi064.mp4,fight_detection_cctv/fights/fi064.mp4,.mp4,3.48,29.97,480,360,h264,104,0.19,447.1,
fight_detection_cctv,all,Violence,fi065.mp4,fight_detection_cctv/fights/fi065.mp4,.mp4,2.02,25.0,450,360,h264,50,0.12,501.4,
fight_detection_cctv,all,Violence,fi066.mp4,fight_detection_cctv/fights/fi066.mp4,.mp4,1.92,25.0,450,360,h264,48,0.11,470.2,
fight_detection_cctv,all,Violence,fi067.mp4,fight_detection_cctv/fights/fi067.mp4,.mp4,2.01,25.0,450,360,h264,50,0.12,482.3,
fight_detection_cctv,all,Violence,fi068.mp4,fight_detection_cctv/fights/fi068.mp4,.mp4,3.6,29.97,1280,720,h264,107,0.25,591.8,
fight_detection_cctv,all,Violence,fi069.mp4,fight_detection_cctv/fights/fi069.mp4,.mp4,3.6,29.97,1280,720,h264,107,0.25,593.1,
fight_detection_cctv,all,Violence,fi070.mp4,fight_detection_cctv/fights/fi070.mp4,.mp4,2.65,29.97,1280,720,h264,79,0.2,623.9,
fight_detection_cctv,all,Violence,fi071.mp4,fight_detection_cctv/fights/fi071.mp4,.mp4,3.46,29.97,1280,720,h264,103,0.22,543.7,
fight_detection_cctv,all,Violence,fi072.mp4,fight_detection_cctv/fights/fi072.mp4,.mp4,3.04,29.97,1280,720,h264,91,0.2,549.2,
fight_detection_cctv,all,Violence,fi073.mp4,fight_detection_cctv/fights/fi073.mp4,.mp4,2.95,29.97,640,360,h264,88,0.16,454.5,
fight_detection_cctv,all,Violence,fi074.mp4,fight_detection_cctv/fights/fi074.mp4,.mp4,2.46,29.97,640,360,h264,73,0.13,433.6,
fight_detection_cctv,all,Violence,fi075.mp4,fight_detection_cctv/fights/fi075.mp4,.mp4,3.13,30.0,586,480,h264,94,0.07,183.6,
fight_detection_cctv,all,Violence,fi076.mp4,fight_detection_cctv/fights/fi076.mp4,.mp4,3.1,30.0,586,480,h264,93,0.07,198.0,
fight_detection_cctv,all,Violence,fi077.mp4,fight_detection_cctv/fights/fi077.mp4,.mp4,2.8,29.97,1920,1080,h264,84,0.32,947.7,
fight_detection_cctv,all,Violence,fi078.mp4,fight_detection_cctv/fights/fi078.mp4,.mp4,2.62,29.97,640,360,h264,78,0.13,429.9,
fight_detection_cctv,all,Violence,fi079.mp4,fight_detection_cctv/fights/fi079.mp4,.mp4,2.39,29.97,640,360,h264,71,0.12,435.9,
fight_detection_cctv,all,Violence,fi080.mp4,fight_detection_cctv/fights/fi080.mp4,.mp4,2.04,29.97,640,360,h264,61,0.11,447.3,
fight_detection_cctv,all,Violence,fi081.mp4,fight_detection_cctv/fights/fi081.mp4,.mp4,2.04,29.97,640,360,h264,61,0.11,468.0,
fight_detection_cctv,all,Violence,fi082.mp4,fight_detection_cctv/fights/fi082.mp4,.mp4,2.12,25.0,426,240,h264,53,0.13,520.1,
fight_detection_cctv,all,Violence,fi083.mp4,fight_detection_cctv/fights/fi083.mp4,.mp4,1.92,25.0,426,240,h264,48,0.12,543.2,
fight_detection_cctv,all,Violence,fi084.mp4,fight_detection_cctv/fights/fi084.mp4,.mp4,2.91,29.97,640,360,h264,87,0.2,580.7,
fight_detection_cctv,all,Violence,fi085.mp4,fight_detection_cctv/fights/fi085.mp4,.mp4,2.75,12.0,640,360,h264,33,0.15,455.7,
fight_detection_cctv,all,Violence,fi086.mp4,fight_detection_cctv/fights/fi086.mp4,.mp4,2.17,12.0,640,360,h264,26,0.12,473.7,
fight_detection_cctv,all,Violence,fi087.mp4,fight_detection_cctv/fights/fi087.mp4,.mp4,1.92,12.0,640,360,h264,23,0.11,471.5,
fight_detection_cctv,all,Violence,fi088.mp4,fight_detection_cctv/fights/fi088.mp4,.mp4,2.02,12.0,640,360,h264,24,0.11,449.6,
fight_detection_cctv,all,Violence,fi089.mp4,fight_detection_cctv/fights/fi089.mp4,.mp4,2.1,29.97,848,480,h264,63,0.3,1194.3,
fight_detection_cctv,all,Violence,fi090.mp4,fight_detection_cctv/fights/fi090.mp4,.mp4,1.87,29.97,1920,1080,h264,56,0.91,4075.5,
fight_detection_cctv,all,Violence,fi091.mp4,fight_detection_cctv/fights/fi091.mp4,.mp4,2.2,29.97,1920,1080,h264,66,1.15,4367.0,
fight_detection_cctv,all,Violence,fi092.mp4,fight_detection_cctv/fights/fi092.mp4,.mp4,2.0,29.97,1920,1080,h264,60,1.2,5025.8,
fight_detection_cctv,all,Violence,fi093.mp4,fight_detection_cctv/fights/fi093.mp4,.mp4,2.12,25.0,512,288,h264,53,0.22,865.5,
fight_detection_cctv,all,Violence,fi094.mp4,fight_detection_cctv/fights/fi094.mp4,.mp4,2.0,25.0,512,288,h264,50,0.16,661.9,
fight_detection_cctv,all,Violence,fi095.mp4,fight_detection_cctv/fights/fi095.mp4,.mp4,2.01,25.0,512,288,h264,50,0.14,580.2,
fight_detection_cctv,all,Violence,fi096.mp4,fight_detection_cctv/fights/fi096.mp4,.mp4,2.0,29.97,1920,1080,h264,60,1.11,4656.4,
fight_detection_cctv,all,Violence,fi097.mp4,fight_detection_cctv/fights/fi097.mp4,.mp4,2.0,29.97,1920,1080,h264,60,1.17,4888.5,
fight_detection_cctv,all,Violence,fi098.mp4,fight_detection_cctv/fights/fi098.mp4,.mp4,2.07,29.97,1920,1080,h264,62,1.17,4724.9,
fight_detection_cctv,all,Violence,fi099.mp4,fight_detection_cctv/fights/fi099.mp4,.mp4,2.01,29.97,640,314,h264,60,0.1,419.0,
fight_detection_cctv,all,Violence,fi100.mp4,fight_detection_cctv/fights/fi100.mp4,.mp4,2.01,29.97,640,314,h264,60,0.11,446.9,
fight_detection_cctv,all,Violence,fi101.mp4,fight_detection_cctv/fights/fi101.mp4,.mp4,2.01,29.97,640,314,h264,60,0.1,428.4,
fight_detection_cctv,all,Violence,fi102.mp4,fight_detection_cctv/fights/fi102.mp4,.mp4,2.01,29.97,640,314,h264,60,0.14,592.0,
fight_detection_cctv,all,Violence,fi103.mp4,fight_detection_cctv/fights/fi103.mp4,.mp4,2.11,29.97,640,314,h264,63,0.14,562.3,
fight_detection_cctv,all,Violence,fi104.mp4,fight_detection_cctv/fights/fi104.mp4,.mp4,2.02,29.97,640,314,h264,60,0.16,668.5,
fight_detection_cctv,all,Violence,fi105.mp4,fight_detection_cctv/fights/fi105.mp4,.mp4,2.01,30.0,640,360,h264,60,0.17,706.6,
fight_detection_cctv,all,Violence,fi106.mp4,fight_detection_cctv/fights/fi106.mp4,.mp4,2.01,30.0,640,360,h264,60,0.16,674.7,
fight_detection_cctv,all,Violence,fi107.mp4,fight_detection_cctv/fights/fi107.mp4,.mp4,2.12,30.0,640,360,h264,63,0.12,488.2,
fight_detection_cctv,all,Violence,fi108.mp4,fight_detection_cctv/fights/fi108.mp4,.mp4,2.0,30.0,640,360,h264,60,0.17,699.7,
fight_detection_cctv,all,Violence,fi109.mp4,fight_detection_cctv/fights/fi109.mp4,.mp4,2.03,26.56,640,352,h264,54,0.29,1185.5,
fight_detection_cctv,all,Violence,fi110.mp4,fight_detection_cctv/fights/fi110.mp4,.mp4,2.01,25.0,640,360,h264,50,0.27,1122.8,
fight_detection_cctv,all,Violence,fi111.mp4,fight_detection_cctv/fights/fi111.mp4,.mp4,2.02,25.0,640,360,h264,50,0.25,1048.4,
fight_detection_cctv,all,Violence,fi112.mp4,fight_detection_cctv/fights/fi112.mp4,.mp4,2.0,25.0,640,360,h264,50,0.24,1002.6,
fight_detection_cctv,all,Violence,fi113.mp4,fight_detection_cctv/fights/fi113.mp4,.mp4,2.07,15.01,400,216,h264,31,0.11,432.9,
fight_detection_cctv,all,Violence,fi114.mp4,fight_detection_cctv/fights/fi114.mp4,.mp4,2.07,15.01,400,216,h264,31,0.11,457.4,
fight_detection_cctv,all,Violence,fi115.mp4,fight_detection_cctv/fights/fi115.mp4,.mp4,2.01,25.0,480,360,h264,50,0.16,652.7,
fight_detection_cctv,all,Violence,fi116.mp4,fight_detection_cctv/fights/fi116.mp4,.mp4,2.01,25.0,480,360,h264,50,0.14,598.2,
fight_detection_cctv,all,Violence,fi117.mp4,fight_detection_cctv/fights/fi117.mp4,.mp4,2.2,25.0,480,360,h264,55,0.19,737.6,
fight_detection_cctv,all,Violence,fi118.mp4,fight_detection_cctv/fights/fi118.mp4,.mp4,2.12,25.0,480,360,h264,53,0.17,676.4,
fight_detection_cctv,all,Violence,fi119.mp4,fight_detection_cctv/fights/fi119.mp4,.mp4,2.02,25.0,480,360,h264,50,0.16,654.4,
fight_detection_cctv,all,Violence,fi120.mp4,fight_detection_cctv/fights/fi120.mp4,.mp4,2.01,25.0,480,360,h264,50,0.15,610.6,
fight_detection_cctv,all,Violence,fi121.mp4,fight_detection_cctv/fights/fi121.mp4,.mp4,2.01,25.0,480,360,h264,50,0.18,763.2,
fight_detection_cctv,all,Violence,fi122.mp4,fight_detection_cctv/fights/fi122.mp4,.mp4,2.08,25.0,854,480,h264,52,0.36,1440.2,
fight_detection_cctv,all,Violence,fi123.mp4,fight_detection_cctv/fights/fi123.mp4,.mp4,2.0,25.0,854,480,h264,50,0.34,1429.8,
fight_detection_cctv,all,Violence,fi124.mp4,fight_detection_cctv/fights/fi124.mp4,.mp4,2.01,29.97,636,360,h264,60,0.27,1131.4,
fight_detection_cctv,all,Violence,fi125.mp4,fight_detection_cctv/fights/fi125.mp4,.mp4,2.01,29.97,636,360,h264,60,0.22,905.5,
fight_detection_cctv,all,Violence,fi126.mp4,fight_detection_cctv/fights/fi126.mp4,.mp4,2.01,29.97,636,360,h264,60,0.23,941.1,
fight_detection_cctv,all,Violence,fi127.mp4,fight_detection_cctv/fights/fi127.mp4,.mp4,2.01,29.97,636,360,h264,60,0.25,1041.5,
fight_detection_cctv,all,Violence,fi128.mp4,fight_detection_cctv/fights/fi128.mp4,.mp4,2.02,30.0,480,360,h264,60,0.16,650.4,
fight_detection_cctv,all,Violence,fi129.mp4,fight_detection_cctv/fights/fi129.mp4,.mp4,2.02,30.0,480,360,h264,60,0.16,659.7,
fight_detection_cctv,all,Violence,fi130.mp4,fight_detection_cctv/fights/fi130.mp4,.mp4,2.02,30.0,480,360,h264,60,0.16,675.1,
fight_detection_cctv,all,Violence,fi131.mp4,fight_detection_cctv/fights/fi131.mp4,.mp4,1.91,29.97,480,360,h264,57,0.18,796.6,
fight_detection_cctv,all,Violence,fi132.mp4,fight_detection_cctv/fights/fi132.mp4,.mp4,1.9,29.97,480,360,h264,57,0.18,800.6,
fight_detection_cctv,all,Violence,fi133.mp4,fight_detection_cctv/fights/fi133.mp4,.mp4,2.01,10.0,640,360,h264,20,0.14,602.3,
fight_detection_cctv,all,Violence,fi134.mp4,fight_detection_cctv/fights/fi134.mp4,.mp4,2.02,10.0,640,360,h264,20,0.18,739.7,
fight_detection_cctv,all,Violence,fi135.mp4,fight_detection_cctv/fights/fi135.mp4,.mp4,2.01,10.0,640,360,h264,20,0.12,512.0,
fight_detection_cctv,all,Violence,fi136.mp4,fight_detection_cctv/fights/fi136.mp4,.mp4,2.02,10.0,640,360,h264,20,0.17,706.6,
fight_detection_cctv,all,Violence,fi137.mp4,fight_detection_cctv/fights/fi137.mp4,.mp4,2.01,23.98,640,360,h264,48,0.21,861.1,
fight_detection_cctv,all,Violence,fi138.mp4,fight_detection_cctv/fights/fi138.mp4,.mp4,2.0,23.98,640,360,h264,48,0.22,917.3,
fight_detection_cctv,all,Violence,fi139.mp4,fight_detection_cctv/fights/fi139.mp4,.mp4,2.02,23.98,640,360,h264,48,0.23,965.8,
fight_detection_cctv,all,Violence,fi140.mp4,fight_detection_cctv/fights/fi140.mp4,.mp4,2.0,29.97,1280,720,h264,60,0.86,3594.9,
fight_detection_cctv,all,Violence,fi141.mp4,fight_detection_cctv/fights/fi141.mp4,.mp4,2.02,29.97,1280,720,h264,60,0.81,3378.6,
fight_detection_cctv,all,Violence,fi142.mp4,fight_detection_cctv/fights/fi142.mp4,.mp4,2.02,30.0,640,360,h264,60,0.19,770.4,
fight_detection_cctv,all,Violence,fi143.mp4,fight_detection_cctv/fights/fi143.mp4,.mp4,2.0,30.0,640,360,h264,60,0.21,894.7,
fight_detection_cctv,all,Violence,fi144.mp4,fight_detection_cctv/fights/fi144.mp4,.mp4,2.02,29.97,1280,720,h264,60,1.25,5195.1,
fight_detection_cctv,all,Violence,fi145.mp4,fight_detection_cctv/fights/fi145.mp4,.mp4,2.0,29.97,1280,720,h264,60,0.39,1636.3,
fight_detection_cctv,all,Violence,fi146.mp4,fight_detection_cctv/fights/fi146.mp4,.mp4,2.01,29.97,1280,720,h264,60,0.48,2007.8,
fight_detection_cctv,all,Violence,fi147.mp4,fight_detection_cctv/fights/fi147.mp4,.mp4,2.0,29.97,1280,720,h264,60,0.41,1731.6,
fight_detection_cctv,all,Violence,fi148.mp4,fight_detection_cctv/fights/fi148.mp4,.mp4,2.02,29.97,1280,720,h264,60,0.35,1462.6,
fight_detection_cctv,all,Violence,fi149.mp4,fight_detection_cctv/fights/fi149.mp4,.mp4,1.02,29.97,1280,720,h264,30,0.21,1735.9,
fight_detection_cctv,all,Violence,fi150.mp4,fight_detection_cctv/fights/fi150.mp4,.mp4,2.02,25.0,352,240,h264,50,0.07,301.7,
fight_detection_cctv,all,No-Violence,nofi001.mp4,fight_detection_cctv/noFights/nofi001.mp4,.mp4,3.12,25.0,480,360,h264,78,0.18,472.5,
fight_detection_cctv,all,No-Violence,nofi002.mp4,fight_detection_cctv/noFights/nofi002.mp4,.mp4,3.41,25.0,480,360,h264,85,0.15,364.2,
fight_detection_cctv,all,No-Violence,nofi003.mp4,fight_detection_cctv/noFights/nofi003.mp4,.mp4,2.41,25.0,480,360,h264,60,0.14,484.7,
fight_detection_cctv,all,No-Violence,nofi004.mp4,fight_detection_cctv/noFights/nofi004.mp4,.mp4,2.02,25.0,426,240,h264,50,0.09,387.8,
fight_detection_cctv,all,No-Violence,nofi005.mp4,fight_detection_cctv/noFights/nofi005.mp4,.mp4,2.02,25.0,426,240,h264,50,0.09,372.2,
fight_detection_cctv,all,No-Violence,nofi006.mp4,fight_detection_cctv/noFights/nofi006.mp4,.mp4,2.11,29.97,640,360,h264,63,0.15,602.8,
fight_detection_cctv,all,No-Violence,nofi007.mp4,fight_detection_cctv/noFights/nofi007.mp4,.mp4,2.83,12.0,640,360,h264,34,0.12,355.7,
fight_detection_cctv,all,No-Violence,nofi008.mp4,fight_detection_cctv/noFights/nofi008.mp4,.mp4,2.83,12.0,640,360,h264,34,0.18,542.3,
fight_detection_cctv,all,No-Violence,nofi009.mp4,fight_detection_cctv/noFights/nofi009.mp4,.mp4,2.0,29.97,848,480,h264,60,0.26,1101.9,
fight_detection_cctv,all,No-Violence,nofi010.mp4,fight_detection_cctv/noFights/nofi010.mp4,.mp4,2.1,29.97,1920,1080,h264,63,1.6,6403.9,
fight_detection_cctv,all,No-Violence,nofi011.mp4,fight_detection_cctv/noFights/nofi011.mp4,.mp4,1.97,29.97,1920,1080,h264,59,1.27,5428.9,
fight_detection_cctv,all,No-Violence,nofi012.mp4,fight_detection_cctv/noFights/nofi012.mp4,.mp4,2.01,25.0,512,288,h264,50,0.15,621.2,
fight_detection_cctv,all,No-Violence,nofi013.mp4,fight_detection_cctv/noFights/nofi013.mp4,.mp4,2.02,25.0,512,288,h264,50,0.15,626.8,
fight_detection_cctv,all,No-Violence,nofi014.mp4,fight_detection_cctv/noFights/nofi014.mp4,.mp4,2.77,29.97,1920,1080,h264,83,1.35,4092.5,
fight_detection_cctv,all,No-Violence,nofi015.mp4,fight_detection_cctv/noFights/nofi015.mp4,.mp4,2.7,29.97,1920,1080,h264,81,1.59,4948.9,
fight_detection_cctv,all,No-Violence,nofi016.mp4,fight_detection_cctv/noFights/nofi016.mp4,.mp4,2.21,30.0,640,360,h264,66,0.27,1017.1,
fight_detection_cctv,all,No-Violence,nofi017.mp4,fight_detection_cctv/noFights/nofi017.mp4,.mp4,2.11,30.0,640,360,h264,63,0.29,1143.1,
fight_detection_cctv,all,No-Violence,nofi018.mp4,fight_detection_cctv/noFights/nofi018.mp4,.mp4,2.32,29.97,640,360,h264,69,0.13,455.5,
fight_detection_cctv,all,No-Violence,nofi019.mp4,fight_detection_cctv/noFights/nofi019.mp4,.mp4,2.01,29.97,640,314,h264,60,0.11,479.7,
fight_detection_cctv,all,No-Violence,nofi020.mp4,fight_detection_cctv/noFights/nofi020.mp4,.mp4,2.02,29.97,640,314,h264,60,0.1,421.8,
fight_detection_cctv,all,No-Violence,nofi021.mp4,fight_detection_cctv/noFights/nofi021.mp4,.mp4,2.52,29.97,640,314,h264,75,0.16,538.9,
fight_detection_cctv,all,No-Violence,nofi022.mp4,fight_detection_cctv/noFights/nofi022.mp4,.mp4,2.01,29.97,640,360,h264,60,0.1,421.0,
fight_detection_cctv,all,No-Violence,nofi023.mp4,fight_detection_cctv/noFights/nofi023.mp4,.mp4,2.1,29.97,640,360,h264,63,0.1,409.2,
fight_detection_cctv,all,No-Violence,nofi024.mp4,fight_detection_cctv/noFights/nofi024.mp4,.mp4,2.01,29.97,640,360,h264,60,0.12,516.0,
fight_detection_cctv,all,No-Violence,nofi025.mp4,fight_detection_cctv/noFights/nofi025.mp4,.mp4,2.12,29.97,640,360,h264,63,0.16,633.1,
fight_detection_cctv,all,No-Violence,nofi026.mp4,fight_detection_cctv/noFights/nofi026.mp4,.mp4,2.01,30.0,640,360,h264,60,0.18,742.4,
fight_detection_cctv,all,No-Violence,nofi027.mp4,fight_detection_cctv/noFights/nofi027.mp4,.mp4,2.01,30.0,640,360,h264,60,0.11,462.6,
fight_detection_cctv,all,No-Violence,nofi028.mp4,fight_detection_cctv/noFights/nofi028.mp4,.mp4,2.03,26.56,640,352,h264,54,0.23,961.4,
fight_detection_cctv,all,No-Violence,nofi029.mp4,fight_detection_cctv/noFights/nofi029.mp4,.mp4,2.02,23.98,640,360,h264,48,0.13,529.5,
fight_detection_cctv,all,No-Violence,nofi030.mp4,fight_detection_cctv/noFights/nofi030.mp4,.mp4,2.01,23.98,640,360,h264,48,0.13,561.9,
fight_detection_cctv,all,No-Violence,nofi031.mp4,fight_detection_cctv/noFights/nofi031.mp4,.mp4,2.0,23.98,640,360,h264,48,0.14,567.3,
fight_detection_cctv,all,No-Violence,nofi032.mp4,fight_detection_cctv/noFights/nofi032.mp4,.mp4,2.02,23.98,640,360,h264,48,0.14,593.3,
fight_detection_cctv,all,No-Violence,nofi033.mp4,fight_detection_cctv/noFights/nofi033.mp4,.mp4,2.01,23.98,640,360,h264,48,0.1,404.7,
fight_detection_cctv,all,No-Violence,nofi034.mp4,fight_detection_cctv/noFights/nofi034.mp4,.mp4,2.02,25.0,640,360,h264,50,0.16,644.7,
fight_detection_cctv,all,No-Violence,nofi035.mp4,fight_detection_cctv/noFights/nofi035.mp4,.mp4,2.02,25.0,640,360,h264,50,0.26,1068.7,
fight_detection_cctv,all,No-Violence,nofi036.mp4,fight_detection_cctv/noFights/nofi036.mp4,.mp4,2.01,25.0,640,360,h264,50,0.23,947.2,
fight_detection_cctv,all,No-Violence,nofi037.mp4,fight_detection_cctv/noFights/nofi037.mp4,.mp4,2.11,30.0,1280,720,h264,63,0.64,2546.6,
fight_detection_cctv,all,No-Violence,nofi038.mp4,fight_detection_cctv/noFights/nofi038.mp4,.mp4,2.0,30.0,1280,720,h264,60,0.79,3300.6,
fight_detection_cctv,all,No-Violence,nofi039.mp4,fight_detection_cctv/noFights/nofi039.mp4,.mp4,2.12,30.0,1280,720,h264,63,0.28,1100.6,
fight_detection_cctv,all,No-Violence,nofi040.mp4,fight_detection_cctv/noFights/nofi040.mp4,.mp4,2.01,30.0,1280,720,h264,60,0.27,1139.7,
fight_detection_cctv,all,No-Violence,nofi041.mp4,fight_detection_cctv/noFights/nofi041.mp4,.mp4,2.02,30.0,1280,720,h264,60,0.31,1290.1,
fight_detection_cctv,all,No-Violence,nofi042.mp4,fight_detection_cctv/noFights/nofi042.mp4,.mp4,2.0,30.0,1280,720,h264,60,0.25,1038.5,
fight_detection_cctv,all,No-Violence,nofi043.mp4,fight_detection_cctv/noFights/nofi043.mp4,.mp4,1.92,30.0,480,360,h264,57,0.14,623.9,
fight_detection_cctv,all,No-Violence,nofi044.mp4,fight_detection_cctv/noFights/nofi044.mp4,.mp4,2.12,30.0,480,360,h264,63,0.15,606.0,
fight_detection_cctv,all,No-Violence,nofi045.mp4,fight_detection_cctv/noFights/nofi045.mp4,.mp4,2.01,25.0,626,360,h264,50,0.21,878.3,
fight_detection_cctv,all,No-Violence,nofi046.mp4,fight_detection_cctv/noFights/nofi046.mp4,.mp4,2.0,25.0,626,360,h264,50,0.25,1064.2,
fight_detection_cctv,all,No-Violence,nofi047.mp4,fight_detection_cctv/noFights/nofi047.mp4,.mp4,2.02,25.0,626,360,h264,50,0.28,1153.5,
fight_detection_cctv,all,No-Violence,nofi048.mp4,fight_detection_cctv/noFights/nofi048.mp4,.mp4,2.02,25.0,626,360,h264,50,0.34,1389.7,
fight_detection_cctv,all,No-Violence,nofi049.mp4,fight_detection_cctv/noFights/nofi049.mp4,.mp4,2.07,15.01,400,216,h264,31,0.11,451.2,
fight_detection_cctv,all,No-Violence,nofi050.mp4,fight_detection_cctv/noFights/nofi050.mp4,.mp4,2.0,25.0,480,360,h264,50,0.14,591.5,
fight_detection_cctv,all,No-Violence,nofi051.mp4,fight_detection_cctv/noFights/nofi051.mp4,.mp4,2.12,25.0,480,360,h264,53,0.12,469.7,
fight_detection_cctv,all,No-Violence,nofi052.mp4,fight_detection_cctv/noFights/nofi052.mp4,.mp4,2.12,25.0,480,360,h264,53,0.14,546.7,
fight_detection_cctv,all,No-Violence,nofi053.mp4,fight_detection_cctv/noFights/nofi053.mp4,.mp4,2.0,25.0,1280,720,h264,50,0.72,3001.6,
fight_detection_cctv,all,No-Violence,nofi054.mp4,fight_detection_cctv/noFights/nofi054.mp4,.mp4,2.01,25.0,1280,720,h264,50,0.71,2962.6,
fight_detection_cctv,all,No-Violence,nofi055.mp4,fight_detection_cctv/noFights/nofi055.mp4,.mp4,1.96,25.0,854,480,h264,49,0.35,1504.1,
fight_detection_cctv,all,No-Violence,nofi056.mp4,fight_detection_cctv/noFights/nofi056.mp4,.mp4,2.0,25.0,854,480,h264,50,0.32,1324.9,
fight_detection_cctv,all,No-Violence,nofi057.mp4,fight_detection_cctv/noFights/nofi057.mp4,.mp4,2.01,29.97,480,360,h264,60,0.15,646.9,
fight_detection_cctv,all,No-Violence,nofi058.mp4,fight_detection_cctv/noFights/nofi058.mp4,.mp4,2.02,29.97,480,360,h264,60,0.11,461.6,
fight_detection_cctv,all,No-Violence,nofi059.mp4,fight_detection_cctv/noFights/nofi059.mp4,.mp4,2.01,29.97,480,360,h264,60,0.17,694.7,
fight_detection_cctv,all,No-Violence,nofi060.mp4,fight_detection_cctv/noFights/nofi060.mp4,.mp4,2.0,29.97,480,360,h264,58,0.11,466.4,
fight_detection_cctv,all,No-Violence,nofi061.mp4,fight_detection_cctv/noFights/nofi061.mp4,.mp4,2.01,29.97,636,360,h264,60,0.28,1150.7,
fight_detection_cctv,all,No-Violence,nofi062.mp4,fight_detection_cctv/noFights/nofi062.mp4,.mp4,2.0,20.0,704,480,h264,40,0.83,3484.7,
fight_detection_cctv,all,No-Violence,nofi063.mp4,fight_detection_cctv/noFights/nofi063.mp4,.mp4,2.0,20.0,704,480,h264,40,0.82,3427.1,
fight_detection_cctv,all,No-Violence,nofi064.mp4,fight_detection_cctv/noFights/nofi064.mp4,.mp4,2.0,20.0,704,480,h264,40,0.83,3470.0,
fight_detection_cctv,all,No-Violence,nofi065.mp4,fight_detection_cctv/noFights/nofi065.mp4,.mp4,2.0,20.0,704,480,h264,40,0.82,3454.6,
fight_detection_cctv,all,No-Violence,nofi066.mp4,fight_detection_cctv/noFights/nofi066.mp4,.mp4,2.0,20.0,704,480,h264,40,0.83,3477.1,
fight_detection_cctv,all,No-Violence,nofi067.mp4,fight_detection_cctv/noFights/nofi067.mp4,.mp4,2.0,20.0,704,480,h264,40,0.84,3518.8,
fight_detection_cctv,all,No-Violence,nofi068.mp4,fight_detection_cctv/noFights/nofi068.mp4,.mp4,2.0,20.0,704,480,h264,40,0.83,3467.2,
fight_detection_cctv,all,No-Violence,nofi069.mp4,fight_detection_cctv/noFights/nofi069.mp4,.mp4,2.0,20.0,704,480,h264,40,0.64,2663.9,
fight_detection_cctv,all,No-Violence,nofi070.mp4,fight_detection_cctv/noFights/nofi070.mp4,.mp4,2.1,20.0,704,480,h264,42,0.67,2661.8,
fight_detection_cctv,all,No-Violence,nofi071.mp4,fight_detection_cctv/noFights/nofi071.mp4,.mp4,2.0,20.0,704,480,h264,40,0.63,2636.4,
fight_detection_cctv,all,No-Violence,nofi072.mp4,fight_detection_cctv/noFights/nofi072.mp4,.mp4,2.0,20.0,704,480,h264,40,0.63,2654.2,
fight_detection_cctv,all,No-Violence,nofi073.mp4,fight_detection_cctv/noFights/nofi073.mp4,.mp4,2.1,20.0,704,480,h264,42,0.67,2666.7,
fight_detection_cctv,all,No-Violence,nofi074.mp4,fight_detection_cctv/noFights/nofi074.mp4,.mp4,2.0,20.0,704,480,h264,40,0.63,2644.7,
fight_detection_cctv,all,No-Violence,nofi075.mp4,fight_detection_cctv/noFights/nofi075.mp4,.mp4,2.0,20.0,704,480,h264,40,0.62,2583.7,
fight_detection_cctv,all,No-Violence,nofi076.mp4,fight_detection_cctv/noFights/nofi076.mp4,.mp4,2.0,20.0,704,480,h264,40,0.59,2479.6,
fight_detection_cctv,all,No-Violence,nofi077.mp4,fight_detection_cctv/noFights/nofi077.mp4,.mp4,2.1,29.97,320,240,h264,63,0.09,341.0,
fight_detection_cctv,all,No-Violence,nofi078.mp4,fight_detection_cctv/noFights/nofi078.mp4,.mp4,1.9,29.97,320,240,h264,57,0.08,350.0,
fight_detection_cctv,all,No-Violence,nofi079.mp4,fight_detection_cctv/noFights/nofi079.mp4,.mp4,2.0,29.97,320,240,h264,60,0.08,327.5,
fight_detection_cctv,all,No-Violence,nofi080.mp4,fight_detection_cctv/noFights/nofi080.mp4,.mp4,2.0,29.97,320,240,h264,60,0.1,412.8,
fight_detection_cctv,all,No-Violence,nofi081.mp4,fight_detection_cctv/noFights/nofi081.mp4,.mp4,2.0,29.97,320,240,h264,60,0.1,402.7,
fight_detection_cctv,all,No-Violence,nofi082.mp4,fight_detection_cctv/noFights/nofi082.mp4,.mp4,2.5,29.97,320,240,h264,75,0.16,537.2,
fight_detection_cctv,all,No-Violence,nofi083.mp4,fight_detection_cctv/noFights/nofi083.mp4,.mp4,2.0,29.97,320,240,h264,60,0.12,482.0,
fight_detection_cctv,all,No-Violence,nofi084.mp4,fight_detection_cctv/noFights/nofi084.mp4,.mp4,2.0,18.0,320,240,h264,36,0.05,194.7,
fight_detection_cctv,all,No-Violence,nofi085.mp4,fight_detection_cctv/noFights/nofi085.mp4,.mp4,2.11,18.0,320,240,h264,38,0.05,187.0,
fight_detection_cctv,all,No-Violence,nofi086.mp4,fight_detection_cctv/noFights/nofi086.mp4,.mp4,2.0,18.0,320,240,h264,36,0.07,283.5,
fight_detection_cctv,all,No-Violence,nofi087.mp4,fight_detection_cctv/noFights/nofi087.mp4,.mp4,2.0,18.0,320,240,h264,36,0.06,261.2,
fight_detection_cctv,all,No-Violence,nofi088.mp4,fight_detection_cctv/noFights/nofi088.mp4,.mp4,2.0,18.0,320,240,h264,36,0.03,142.0,
fight_detection_cctv,all,No-Violence,nofi089.mp4,fight_detection_cctv/noFights/nofi089.mp4,.mp4,2.0,18.0,320,240,h264,36,0.04,183.3,
fight_detection_cctv,all,No-Violence,nofi090.mp4,fight_detection_cctv/noFights/nofi090.mp4,.mp4,2.0,18.0,320,240,h264,36,0.03,129.6,
fight_detection_cctv,all,No-Violence,nofi091.mp4,fight_detection_cctv/noFights/nofi091.mp4,.mp4,2.11,18.0,320,240,h264,38,0.05,180.6,
fight_detection_cctv,all,No-Violence,nofi092.mp4,fight_detection_cctv/noFights/nofi092.mp4,.mp4,2.02,29.97,636,360,h264,60,0.23,965.6,
fight_detection_cctv,all,No-Violence,nofi093.mp4,fight_detection_cctv/noFights/nofi093.mp4,.mp4,2.21,30.0,480,360,h264,66,0.12,452.5,
fight_detection_cctv,all,No-Violence,nofi094.mp4,fight_detection_cctv/noFights/nofi094.mp4,.mp4,2.01,30.0,480,360,h264,60,0.17,713.4,
fight_detection_cctv,all,No-Violence,nofi095.mp4,fight_detection_cctv/noFights/nofi095.mp4,.mp4,2.31,30.0,480,360,h264,69,0.16,584.3,
fight_detection_cctv,all,No-Violence,nofi096.mp4,fight_detection_cctv/noFights/nofi096.mp4,.mp4,2.01,25.0,450,360,h264,50,0.11,443.2,
fight_detection_cctv,all,No-Violence,nofi097.mp4,fight_detection_cctv/noFights/nofi097.mp4,.mp4,2.01,25.0,450,360,h264,50,0.1,436.9,
fight_detection_cctv,all,No-Violence,nofi098.mp4,fight_detection_cctv/noFights/nofi098.mp4,.mp4,2.01,25.0,450,360,h264,50,0.12,482.2,
fight_detection_cctv,all,No-Violence,nofi099.mp4,fight_detection_cctv/noFights/nofi099.mp4,.mp4,2.0,29.97,480,360,h264,60,0.13,558.2,
fight_detection_cctv,all,No-Violence,nofi100.mp4,fight_detection_cctv/noFights/nofi100.mp4,.mp4,2.01,29.97,480,360,h264,60,0.13,546.3,
fight_detection_cctv,all,No-Violence,nofi101.mp4,fight_detection_cctv/noFights/nofi101.mp4,.mp4,2.01,29.97,480,360,h264,60,0.12,498.3,
fight_detection_cctv,all,No-Violence,nofi102.mp4,fight_detection_cctv/noFights/nofi102.mp4,.mp4,2.01,10.0,640,360,h264,20,0.22,914.7,
fight_detection_cctv,all,No-Violence,nofi103.mp4,fight_detection_cctv/noFights/nofi103.mp4,.mp4,2.01,10.0,640,360,h264,20,0.18,764.7,
fight_detection_cctv,all,No-Violence,nofi104.mp4,fight_detection_cctv/noFights/nofi104.mp4,.mp4,2.02,10.0,640,360,h264,20,0.16,644.2,
fight_detection_cctv,all,No-Violence,nofi105.mp4,fight_detection_cctv/noFights/nofi105.mp4,.mp4,2.01,23.98,640,360,h264,48,0.23,950.7,
fight_detection_cctv,all,No-Violence,nofi106.mp4,fight_detection_cctv/noFights/nofi106.mp4,.mp4,2.01,29.97,1280,720,h264,60,0.84,3508.8,
fight_detection_cctv,all,No-Violence,nofi107.mp4,fight_detection_cctv/noFights/nofi107.mp4,.mp4,2.01,29.97,1280,720,h264,60,0.89,3719.3,
fight_detection_cctv,all,No-Violence,nofi108.mp4,fight_detection_cctv/noFights/nofi108.mp4,.mp4,2.02,30.0,640,360,h264,60,0.17,696.1,
fight_detection_cctv,all,No-Violence,nofi109.mp4,fight_detection_cctv/noFights/nofi109.mp4,.mp4,2.01,29.97,1280,720,h264,60,0.32,1343.6,
fight_detection_cctv,all,No-Violence,nofi110.mp4,fight_detection_cctv/noFights/nofi110.mp4,.mp4,2.0,29.97,1280,720,h264,60,0.62,2594.8,
fight_detection_cctv,all,No-Violence,nofi111.mp4,fight_detection_cctv/noFights/nofi111.mp4,.mp4,2.02,29.97,1280,720,h264,60,0.29,1196.8,
fight_detection_cctv,all,No-Violence,nofi112.mp4,fight_detection_cctv/noFights/nofi112.mp4,.mp4,2.01,29.97,1280,720,h264,60,0.54,2261.8,
fight_detection_cctv,all,No-Violence,nofi113.mp4,fight_detection_cctv/noFights/nofi113.mp4,.mp4,2.01,29.97,1280,720,h264,60,0.32,1333.6,
fight_detection_cctv,all,No-Violence,nofi114.mp4,fight_detection_cctv/noFights/nofi114.mp4,.mp4,2.01,29.97,1280,720,h264,60,0.3,1262.6,
fight_detection_cctv,all,No-Violence,nofi115.mp4,fight_detection_cctv/noFights/nofi115.mp4,.mp4,2.02,29.97,1280,720,h264,60,0.38,1566.5,
fight_detection_cctv,all,No-Violence,nofi116.mp4,fight_detection_cctv/noFights/nofi116.mp4,.mp4,2.0,29.97,1280,720,h264,60,0.34,1409.6,
fight_detection_cctv,all,No-Violence,nofi117.mp4,fight_detection_cctv/noFights/nofi117.mp4,.mp4,2.0,29.97,1280,720,h264,60,0.29,1229.4,
fight_detection_cctv,all,No-Violence,nofi118.mp4,fight_detection_cctv/noFights/nofi118.mp4,.mp4,2.02,29.97,1280,720,h264,60,0.24,986.3,
fight_detection_cctv,all,No-Violence,nofi119.mp4,fight_detection_cctv/noFights/nofi119.mp4,.mp4,2.01,29.97,1280,720,h264,60,0.29,1202.1,
fight_detection_cctv,all,No-Violence,nofi120.mp4,fight_detection_cctv/noFights/nofi120.mp4,.mp4,2.02,29.97,1280,720,h264,60,0.28,1175.0,
fight_detection_cctv,all,No-Violence,nofi121.mp4,fight_detection_cctv/noFights/nofi121.mp4,.mp4,2.0,29.97,1280,720,h264,60,0.36,1492.9,
fight_detection_cctv,all,No-Violence,nofi122.mp4,fight_detection_cctv/noFights/nofi122.mp4,.mp4,2.01,29.97,1280,720,h264,60,0.43,1792.3,
fight_detection_cctv,all,No-Violence,nofi123.mp4,fight_detection_cctv/noFights/nofi123.mp4,.mp4,2.02,29.97,1280,720,h264,60,0.26,1083.9,
fight_detection_cctv,all,No-Violence,nofi124.mp4,fight_detection_cctv/noFights/nofi124.mp4,.mp4,2.01,29.97,1280,720,h264,60,0.29,1223.1,
fight_detection_cctv,all,No-Violence,nofi125.mp4,fight_detection_cctv/noFights/nofi125.mp4,.mp4,2.02,29.97,1280,720,h264,60,0.6,2471.8,
fight_detection_cctv,all,No-Violence,nofi126.mp4,fight_detection_cctv/noFights/nofi126.mp4,.mp4,2.0,29.97,1280,720,h264,60,0.37,1571.1,
fight_detection_cctv,all,No-Violence,nofi127.mp4,fight_detection_cctv/noFights/nofi127.mp4,.mp4,2.01,29.97,1280,720,h264,60,0.21,879.1,
fight_detection_cctv,all,No-Violence,nofi128.mp4,fight_detection_cctv/noFights/nofi128.mp4,.mp4,2.01,29.97,1280,720,h264,60,0.3,1264.7,
fight_detection_cctv,all,No-Violence,nofi129.mp4,fight_detection_cctv/noFights/nofi129.mp4,.mp4,2.01,29.97,1280,720,h264,60,0.35,1460.8,
fight_detection_cctv,all,No-Violence,nofi130.mp4,fight_detection_cctv/noFights/nofi130.mp4,.mp4,2.01,29.97,1280,720,h264,60,0.38,1599.3,
fight_detection_cctv,all,No-Violence,nofi131.mp4,fight_detection_cctv/noFights/nofi131.mp4,.mp4,2.01,29.97,1280,720,h264,60,0.3,1248.2,
fight_detection_cctv,all,No-Violence,nofi132.mp4,fight_detection_cctv/noFights/nofi132.mp4,.mp4,2.0,29.97,1280,720,h264,60,0.36,1503.1,
fight_detection_cctv,all,No-Violence,nofi133.mp4,fight_detection_cctv/noFights/nofi133.mp4,.mp4,2.0,29.97,1280,720,h264,60,0.3,1260.2,
fight_detection_cctv,all,No-Violence,nofi134.mp4,fight_detection_cctv/noFights/nofi134.mp4,.mp4,2.01,29.97,1280,720,h264,60,0.32,1313.9,
fight_detection_cctv,all,No-Violence,nofi135.mp4,fight_detection_cctv/noFights/nofi135.mp4,.mp4,2.01,29.97,1280,720,h264,60,0.29,1195.8,
fight_detection_cctv,all,No-Violence,nofi136.mp4,fight_detection_cctv/noFights/nofi136.mp4,.mp4,2.02,29.97,1280,720,h264,60,0.24,1014.1,
fight_detection_cctv,all,No-Violence,nofi137.mp4,fight_detection_cctv/noFights/nofi137.mp4,.mp4,2.01,29.97,1280,720,h264,60,0.58,2431.9,
fight_detection_cctv,all,No-Violence,nofi138.mp4,fight_detection_cctv/noFights/nofi138.mp4,.mp4,2.01,29.97,1280,720,h264,60,0.34,1410.7,
fight_detection_cctv,all,No-Violence,nofi139.mp4,fight_detection_cctv/noFights/nofi139.mp4,.mp4,2.02,29.97,1280,720,h264,60,0.39,1609.2,
fight_detection_cctv,all,No-Violence,nofi140.mp4,fight_detection_cctv/noFights/nofi140.mp4,.mp4,2.0,29.97,1280,720,h264,60,0.26,1076.8,
fight_detection_cctv,all,No-Violence,nofi141.mp4,fight_detection_cctv/noFights/nofi141.mp4,.mp4,2.0,29.97,1280,720,h264,60,0.31,1297.8,
fight_detection_cctv,all,No-Violence,nofi142.mp4,fight_detection_cctv/noFights/nofi142.mp4,.mp4,2.0,29.97,1280,720,h264,60,0.34,1425.1,
fight_detection_cctv,all,No-Violence,nofi143.mp4,fight_detection_cctv/noFights/nofi143.mp4,.mp4,2.01,29.97,1280,720,h264,60,0.34,1441.3,
fight_detection_cctv,all,No-Violence,nofi144.mp4,fight_detection_cctv/noFights/nofi144.mp4,.mp4,2.0,29.97,1280,720,h264,60,0.24,991.3,
fight_detection_cctv,all,No-Violence,nofi145.mp4,fight_detection_cctv/noFights/nofi145.mp4,.mp4,2.01,29.97,1280,720,h264,60,0.25,1026.5,
fight_detection_cctv,all,No-Violence,nofi146.mp4,fight_detection_cctv/noFights/nofi146.mp4,.mp4,2.0,29.97,1280,720,h264,60,0.32,1340.2,
fight_detection_cctv,all,No-Violence,nofi147.mp4,fight_detection_cctv/noFights/nofi147.mp4,.mp4,2.0,29.97,640,360,h264,60,0.1,404.1,
fight_detection_cctv,all,No-Violence,nofi148.mp4,fight_detection_cctv/noFights/nofi148.mp4,.mp4,2.01,29.97,480,360,h264,60,0.1,410.5,
fight_detection_cctv,all,No-Violence,nofi149.mp4,fight_detection_cctv/noFights/nofi149.mp4,.mp4,2.01,29.97,480,360,h264,60,0.12,484.9,
fight_detection_cctv,all,No-Violence,nofi150.mp4,fight_detection_cctv/noFights/nofi150.mp4,.mp4,2.01,20.0,640,360,h264,40,0.17,724.8,
